t,p0,p1,p2,p3,p4,E,H,Omega,max_abs_im
0,1.0000000000e0,2.5000000000e-1,0.0000000000e0,0.0000000000e0,0.0000000000e0,6.250000000000000e-1,5.237489660971841e-1,1.0000000000e0,0
0.946970,5.8637454999e-1,4.3886484621e-1,1.7514099365e-1,4.5424763242e-2,4.1948467912e-3,6.249999999451172e-1,5.237489661360800e-1,4.5625777297e0,7.642e-1
1.893939,2.1979650116e-1,3.0433753597e-1,3.5877852131e-1,2.4624402434e-1,1.2084341318e-1,6.249999979800862e-1,5.237489678036120e-1,2.6936567159e1,4.248e-1
2.840909,1.0295109746e-1,1.1991384880e-1,1.3714254341e-1,4.3439411436e-1,4.5559837023e-1,6.249999871217475e-1,5.237489578858139e-1,7.3605646642e1,5.473e-1
3.787879,6.7901448786e-2,1.7223311218e-2,2.1757449477e-1,4.7886821998e-1,4.6843248435e-1,6.249999795524626e-1,5.237489494194154e-1,7.7092134341e1,3.716e-1
4.734848,5.6100244056e-2,5.2601635200e-3,5.5759222393e-1,4.0884607903e-1,2.2220122812e-1,6.249999693290651e-1,5.237489321648715e-1,4.6024139969e1,4.454e-1
5.681818,4.8942977207e-2,3.3563015272e-2,8.5582245409e-1,2.5173347257e-1,5.9937995872e-2,6.249999575060220e-1,5.237489064163043e-1,2.2665711746e1,5.918e-1
6.628788,4.2219614272e-2,2.7588396357e-1,4.1537230800e-1,3.9940474042e-1,1.1711927144e-1,6.249999488473643e-1,5.237488932280072e-1,3.1668074636e1,5.809e-1
7.575758,8.2049827854e-2,8.3607203325e-1,2.4552267934e-1,1.6981101279e-2,6.9374256123e-2,6.249999489225764e-1,5.237488814105141e-1,1.3100650440e1,8.836e-1
8.522727,1.8620438781e-1,1.5919534555e-1,2.3289194194e-1,3.3727212522e-1,3.3443609475e-1,6.249999476376753e-1,5.237488818204108e-1,5.5875156556e1,5.345e-1
9.469697,2.2136745779e-1,1.1721007057e-1,1.3853343616e-1,6.4968625658e-1,1.2320265365e-1,6.249999373752749e-1,5.237488846670753e-1,3.8013271237e1,4.018e-1
10.416667,2.1696224283e-1,6.2641859492e-1,2.0465544843e-1,8.8129357564e-2,1.1383422441e-1,6.249999340793657e-1,5.237488547528153e-1,2.0389482065e1,7.872e-1
11.363636,3.6187387418e-1,5.0519297314e-1,2.0906229357e-1,1.0012388750e-1,7.3746840664e-2,6.249999345250908e-1,5.237488544418052e-1,1.5507381237e1,4.485e-1
12.310606,4.5346323714e-1,2.9215318148e-1,1.5170539509e-1,2.5292976714e-2,3.2738507805e-1,6.249999342361845e-1,5.237488537404057e-1,4.4739346387e1,4.715e-1
13.257576,3.3431295240e-1,5.7616932271e-1,2.1427359992e-1,3.4054458488e-2,9.1189534725e-2,6.249999341196593e-1,5.237488531060167e-1,1.5795687037e1,4.976e-1
14.204545,3.0199902299e-1,2.9711761487e-1,4.3335774329e-1,1.0398448726e-1,1.1354099823e-1,6.249999333178589e-1,5.237488525525935e-1,2.2072848053e1,4.591e-1
15.151515,2.2665920931e-1,3.4632348822e-1,6.4805090166e-2,2.0444233521e-1,4.0776973738e-1,6.249999301443701e-1,5.237488495763127e-1,6.0061098414e1,5.796e-1
16.098485,1.8821143076e-1,5.2647293766e-2,4.3936692941e-1,3.1640682216e-1,2.5336737252e-1,6.249999243097116e-1,5.237488450453869e-1,4.6270377730e1,5.785e-1
17.045455,1.5855158582e-1,3.8999251176e-2,4.1796806551e-1,3.8392905670e-1,2.5055186087e-1,6.249999100378659e-1,5.237488259920650e-1,4.7857386825e1,4.377e-1
17.992424,9.1291641926e-2,2.2551520952e-1,1.3259135442e-1,3.2554383196e-1,4.7505777475e-1,6.249999062869158e-1,5.237488104253281e-1,7.2782204866e1,5.071e-1
18.939394,7.4522037781e-2,1.1360302545e-1,2.1867066181e-1,3.6217294855e-1,4.8103110544e-1,6.249998895183003e-1,5.237487835062976e-1,7.5175348214e1,5.288e-1
19.886364,7.9306536195e-2,1.7632687576e-1,3.2849828963e-2,3.2125642035e-1,6.4026008828e-1,6.249998747704202e-1,5.237487524461724e-1,9.2888602402e1,7.718e-1
20.833333,1.0454034302e-1,7.7567778798e-2,5.2350840497e-1,3.0824065655e-1,2.3614253748e-1,6.249998604118387e-1,5.237487373317662e-1,4.4485418776e1,7.149e-1
21.780303,1.4835100764e-1,1.0780493368e-1,6.7886887989e-2,4.5296683611e-1,4.7299003260e-1,6.249998490096600e-1,5.237487156714968e-1,7.5870543404e1,6.570e-1
22.727273,1.9779536929e-1,5.7176775911e-2,1.7712825989e-1,5.7145915409e-1,2.4644010755e-1,6.249998333690839e-1,5.237487001945011e-1,5.1461304014e1,6.342e-1
23.674242,2.3673222584e-1,8.8487143950e-3,2.6332296749e-1,6.4803094016e-1,9.3064793380e-2,6.249998206308671e-1,5.237486848609479e-1,3.4891930919e1,4.915e-1
24.621212,2.0538359749e-1,3.3663583727e-2,1.2084198021e-1,7.5216210012e-1,1.3794835223e-1,6.249998068882019e-1,5.237486710886262e-1,4.2863331097e1,2.903e-1
25.568182,1.3902164153e-1,1.2604507288e-1,1.3948673577e-2,7.3051828141e-1,2.4046590967e-1,6.249997895331907e-1,5.237486361473359e-1,5.4589411799e1,4.880e-1
26.515152,9.1699850121e-2,7.6968733497e-2,4.8803611757e-1,4.6189079674e-1,1.3140404858e-1,6.249997732505173e-1,5.237485907049330e-1,3.5704300046e1,4.118e-1
27.462121,5.1937714944e-2,3.0495053764e-1,1.7582173607e-1,3.9209602493e-1,3.2519351417e-1,6.249997638771594e-1,5.237485659158196e-1,5.6214286433e1,5.336e-1
28.409091,7.2151323393e-2,5.6705438300e-2,2.6418919815e-1,3.3353578913e-1,5.2341777299e-1,6.249997609792239e-1,5.237485536727605e-1,7.9933620318e1,4.561e-1
29.356061,1.0780398537e-1,8.1532118047e-2,8.5299113659e-1,1.7987616413e-1,2.7796089447e-2,6.249997467896931e-1,5.237485330841284e-1,1.6354832023e1,3.948e-1
30.303030,1.8392845185e-1,2.3610609855e-1,1.2998697902e-2,3.7408442589e-1,4.4288180920e-1,6.249997416960993e-1,5.237485213091811e-1,6.9327739213e1,6.077e-1
31.250000,2.7200929570e-1,2.3006083307e-2,5.1534084357e-1,3.5462111491e-1,8.5022127577e-2,6.249997325346559e-1,5.237485114665399e-1,2.6535451570e1,5.160e-1
32.196970,2.0659331678e-1,9.9083666969e-2,2.9434828948e-2,4.8355744794e-1,4.3133018622e-1,6.249997234281841e-1,5.237484957313755e-1,7.1221044794e1,4.758e-1
33.143939,1.0148015716e-1,1.5986554594e-1,1.9819058467e-2,5.3102155466e-1,4.3781309883e-1,6.249997075224569e-1,5.237484714134080e-1,7.3561790037e1,4.563e-1
34.090909,5.2732278762e-2,8.1058601014e-2,6.9917748572e-1,3.0014087836e-1,1.1689013985e-1,6.249996918568521e-1,5.237484435103771e-1,3.0348349236e1,5.724e-1
35.037879,3.7078403690e-2,3.2348795409e-1,2.0049437422e-2,3.2756479683e-1,5.4181877709e-1,6.249996845644641e-1,5.237484207720405e-1,8.0660787576e1,5.897e-1
35.984848,4.0268972549e-2,3.4134481997e-2,6.1891119709e-1,2.1386476353e-1,3.4281993495e-1,6.249996750559047e-1,5.237484089763828e-1,5.5764317133e1,7.590e-1
36.931818,5.0333805239e-2,2.7165728621e-2,9.0312599034e-1,1.6839637230e-1,1.0097742308e-1,6.249996597914519e-1,5.237483842680852e-1,2.5618300351e1,7.697e-1
37.878788,8.5974347861e-2,1.3763310861e-1,5.5322389617e-2,3.9124618350e-1,5.7982327728e-1,6.249996534305131e-1,5.237483679397434e-1,8.7498089871e1,2.988e-1
38.825758,1.9609337218e-1,3.1261318987e-1,3.5941619418e-1,1.3160144183e-1,2.5027508912e-1,6.249996435870601e-1,5.237483479453563e-1,3.9845060165e1,5.513e-1
39.772727,4.8699449529e-1,5.4681702420e-1,1.2150096691e-1,8.3672300626e-2,1.1014500228e-2,6.249996436283447e-1,5.237483464434697e-1,6.3965086806e0,7.250e-1
40.719697,9.1572278921e-1,2.6163553622e-1,8.8839462299e-3,4.6390593607e-2,1.7366421814e-2,6.249996435402705e-1,5.237483464145019e-1,4.7596050245e0,5.381e-1
41.666667,7.2018516979e-1,4.0398583123e-1,7.4370569284e-2,2.0551190764e-2,3.0906526033e-2,6.249996435515597e-1,5.237483463771730e-1,6.3767022382e0,5.963e-1
42.613636,3.0531952260e-1,5.1336504998e-1,2.6881584490e-1,3.2995053492e-2,1.2950381570e-1,6.249996433397557e-1,5.237483465232821e-1,2.0962246742e1,3.857e-1
43.560606,1.3520219933e-1,1.6252805479e-1,2.3251693262e-1,4.4955130621e-1,2.7020078430e-1,6.249996386242711e-1,5.237483488409602e-1,5.1224134860e1,4.994e-1
44.507576,8.5126454591e-2,6.2640744967e-2,6.3227039448e-1,3.9122078162e-1,7.8740872277e-2,6.249996239656248e-1,5.237483297833040e-1,2.7823904536e1,6.148e-1
45.454545,6.1389507811e-2,3.0709683653e-2,1.2436890747e-1,4.0773551313e-1,6.2579561826e-1,6.249996151619035e-1,5.237483037631444e-1,9.4236440938e1,4.838e-1
46.401515,5.0690725426e-2,2.1092006298e-1,3.6746666815e-1,1.9949136244e-1,4.2143039588e-1,6.249996074427604e-1,5.237482900725648e-1,6.3713733105e1,6.014e-1
47.348485,9.7716430747e-2,1.3980499952e-1,1.9295008873e-1,3.3315693126e-1,4.8637073611e-1,6.249995931853156e-1,5.237482671712357e-1,7.4788544947e1,5.217e-1
48.295455,1.6479262112e-1,1.2743700550e-1,5.9394950452e-2,3.2926089074e-1,5.6911369158e-1,6.249995796984704e-1,5.237482413216888e-1,8.4195330951e1,7.414e-1
49.242424,2.5066227608e-1,5.0321838376e-3,4.4261852117e-1,2.8620599668e-1,2.6548015386e-1,6.249995658134240e-1,5.237482222400186e-1,4.6816395263e1,6.626e-1
50.189394,2.2858541171e-1,2.8575163958e-2,7.8630861168e-2,4.8126420612e-1,4.3294346867e-1,6.249995558153596e-1,5.237482098887786e-1,7.1617708509e1,6.481e-1
51.136364,1.3179881637e-1,1.6413026425e-1,1.7766074583e-2,5.2503919226e-1,4.1126473308e-1,6.249995402710404e-1,5.237481848501160e-1,6.9979428519e1,4.955e-1
52.083333,5.5846886299e-2,1.7944609057e-1,2.9083579369e-1,3.2431920265e-1,3.9955108234e-1,6.249995277691869e-1,5.237481544372167e-1,6.4234254998e1,5.017e-1
53.030303,3.8733311712e-2,2.6145965248e-2,1.4339234985e-1,6.8364620598e-1,3.5808120589e-1,6.249995193415727e-1,5.237481686947718e-1,6.8929870331e1,5.978e-1
53.977273,4.2808401317e-2,4.3152378549e-2,5.0378787702e-1,5.2238485474e-1,1.3786550872e-1,6.249995101732242e-1,5.237481340539593e-1,3.8501112442e1,3.627e-1
54.924242,7.0921511629e-2,1.5451835908e-1,5.9127327480e-1,4.2250255850e-1,1.0783290807e-2,6.249994974040105e-1,5.237481043308427e-1,1.9975026768e1,6.778e-1
55.871212,2.0855346468e-1,4.7456064119e-1,2.1250388936e-1,2.3035422338e-1,1.2402677280e-1,6.249994957073136e-1,5.237480933382774e-1,2.6000191197e1,6.471e-1
56.818182,4.3669136584e-1,4.1575691906e-1,1.0436972179e-1,4.5928031963e-2,2.4725295095e-1,6.249994948054955e-1,5.237480908293365e-1,3.5002892040e1,4.758e-1
57.765152,6.2829137871e-1,3.3194099942e-1,2.2541898329e-1,1.7241924204e-2,4.7105703982e-2,6.249994948081556e-1,5.237480901936473e-1,9.3626512387e0,7.712e-1
58.712121,7.0896167150e-1,3.4322475676e-1,1.2399920312e-1,1.6779079409e-2,5.7034278894e-2,6.249994948378454e-1,5.237480901547045e-1,9.8702422137e0,7.664e-1
59.659091,5.5436232957e-1,4.7965405146e-1,9.2118797273e-2,7.4304940326e-2,4.9558870923e-2,6.249994947737507e-1,5.237480901631150e-1,1.0694733214e1,5.168e-1
60.606061,3.2484824486e-1,3.9228521168e-1,3.2313506489e-1,1.4251676273e-1,6.7213704848e-2,6.249994945093454e-1,5.237480909370867e-1,1.6695965693e1,5.954e-1
61.553030,2.4616144012e-1,1.3521582676e-1,8.3643025128e-2,2.4693296317e-1,5.3804572386e-1,6.249994895212605e-1,5.237480831980525e-1,7.7834364050e1,4.585e-1
62.500000,1.5069534085e-1,2.2315745499e-1,2.7121394914e-1,3.2517639312e-1,2.7975581931e-1,6.249994787039225e-1,5.237480708109209e-1,4.8905763625e1,4.832e-1
63.446970,4.5405032389e-2,8.5481262945e-1,2.0280034005e-1,1.4170801301e-1,5.2729432158e-3,6.249994790565496e-1,5.237480654003742e-1,8.5643236433e0,8.105e-1
64.393939,2.3155006191e-2,4.2280155174e-1,2.6349311399e-1,1.9163469679e-1,3.4891458538e-1,6.249994770478776e-1,5.237480652608326e-1,5.3758502745e1,4.246e-1
65.340909,5.3585293293e-2,1.4614429219e-1,1.2988211283e-1,2.9792008930e-1,6.2246714124e-1,6.249994644278043e-1,5.237480449046362e-1,9.0567375070e1,7.635e-1
66.287879,8.4934187721e-2,7.7260570355e-2,2.8034248608e-1,2.9468471442e-1,5.1277695469e-1,6.249994566328743e-1,5.237480367308347e-1,7.7505089185e1,6.556e-1
67.234848,1.1877011931e-1,3.3201410153e-1,4.8717091977e-1,1.6029700666e-1,1.5174674459e-1,6.249994459321824e-1,5.237480163002765e-1,2.9173868141e1,4.971e-1
68.181818,3.0579874465e-1,6.6767773792e-1,1.5926651754e-1,7.7677684901e-3,1.0948812424e-1,6.249994464168857e-1,5.237480142076020e-1,1.7025435483e1,5.403e-1
69.128788,5.6044979489e-1,2.3073708174e-1,2.1571587392e-1,2.2093884479e-1,2.2157297732e-2,6.249994465345318e-1,5.237480153166908e-1,1.2373603195e1,7.253e-1
70.075758,4.9390344985e-1,3.7766990103e-1,8.9000912440e-2,2.0621425143e-1,8.3210377414e-2,6.249994460877141e-1,5.237480140480519e-1,1.8964083181e1,4.811e-1
71.022727,3.8575854331e-1,5.5457726233e-1,1.3542663444e-1,1.7228907335e-1,1.9473796778e-3,6.249994465553074e-1,5.237480129062062e-1,8.1479618179e0,7.395e-1
71.969697,3.2521953753e-1,5.6653820337e-1,8.0629763051e-2,2.4287769626e-2,2.5332361808e-1,6.249994458282453e-1,5.237480125908183e-1,3.5143356022e1,3.432e-1
72.916667,3.1355842703e-1,3.4214470370e-1,1.7619134956e-1,7.0864245843e-2,3.4724016433e-1,6.249994452318708e-1,5.237480124913604e-1,4.8964996318e1,5.249e-1
73.863636,2.7940156520e-1,1.9338835354e-1,3.4209168519e-1,4.1809433727e-1,1.7022941225e-2,6.249994412133351e-1,5.237480153961152e-1,1.8821166241e1,5.482e-1
74.810606,2.2059136139e-1,7.5136823092e-2,1.1077776984e-1,6.8531461406e-1,1.5817830306e-1,6.249994357219922e-1,5.237480259196345e-1,4.3323681927e1,7.940e-1
75.757576,1.1769313317e-1,1.9102611439e-1,1.7134209364e-1,6.3091805988e-1,1.3901944690e-1,6.249994239840915e-1,5.237480004586709e-1,3.9795502663e1,7.174e-1
76.704545,6.1155038760e-2,5.2726405298e-1,3.3995716296e-1,2.8211591045e-1,3.9506674774e-2,6.249994199569179e-1,5.237479746868681e-1,1.7889326434e1,5.337e-1
77.651515,1.5207803593e-1,1.7030062344e-1,6.3747444142e-1,1.9821870013e-1,9.1927034107e-2,6.249994175125855e-1,5.237479708146874e-1,2.3626094566e1,4.254e-1
78.598485,2.3992719630e-1,7.9211151343e-2,7.2231058335e-2,2.8699307261e-1,5.7163634064e-1,6.249994096149034e-1,5.237479519925384e-1,8.3209464293e1,6.262e-1
79.545455,3.0418618341e-1,2.7251576700e-1,3.3493599454e-1,1.3364399118e-1,2.0471686937e-1,6.249994027504192e-1,5.237479407911976e-1,3.3856979579e1,4.612e-1
80.492424,4.5455019534e-1,4.7718535165e-1,7.1381552515e-2,1.8908347116e-3,2.4499087175e-1,6.249994029816950e-1,5.237479389174301e-1,3.3172036516e1,2.688e-1
81.439394,6.1283457515e-1,3.0789287037e-1,3.0628929555e-1,2.0688295289e-2,2.2937702502e-3,6.249994033043063e-1,5.237479387491184e-1,4.3281454340e0,5.413e-1
82.386364,5.8780675045e-1,4.4940271140e-1,1.5050142471e-1,4.0490257207e-2,2.1797662861e-2,6.249994033101488e-1,5.237479386864000e-1,6.4825092725e0,5.854e-1
83.333333,5.2057868584e-1,3.7469155851e-1,1.5051705050e-1,3.6846361642e-2,1.6736514981e-1,6.249994031476280e-1,5.237479389529257e-1,2.4815631612e1,7.082e-1
84.280303,2.4214575529e-1,6.0160277729e-1,2.0454181638e-1,1.7353595436e-1,2.8172502329e-2,6.249994028223977e-1,5.237479388929066e-1,1.2119843801e1,4.543e-1
85.227273,1.3156850466e-1,1.7871234520e-1,5.6149540306e-1,2.0234281880e-1,1.7587972558e-1,6.249993986477728e-1,5.237479368714683e-1,3.3902747243e1,7.231e-1
86.174242,1.2095011441e-1,3.5959171606e-2,4.2922217072e-1,2.3755052523e-1,4.2631679220e-1,6.249993870842974e-1,5.237479159627096e-1,6.5736336975e1,6.487e-1
87.121212,9.7291824933e-2,3.8348365573e-2,1.0016625093e-1,4.1669898885e-1,5.9749333393e-1,6.249993821112680e-1,5.237479077652857e-1,9.0740187038e1,6.118e-1
88.068182,5.2656157307e-2,4.1920300236e-1,5.5174408776e-1,1.9076149953e-1,3.5633996527e-2,6.249993717384883e-1,5.237478889592733e-1,1.5944206326e1,6.929e-1
89.015152,8.5297264075e-2,4.1903085274e-1,6.2336814213e-1,4.5203860609e-2,7.7098623067e-2,6.249993713126321e-1,5.237478847229368e-1,1.7182802767e1,7.480e-1
89.962121,2.2644772143e-1,1.4880108420e-1,1.2390191185e-1,3.2253481413e-1,4.2831319797e-1,6.249993647903187e-1,5.237478761904774e-1,6.6547244716e1,3.544e-1
90.909091,3.0948183152e-1,5.2448872597e-3,3.6488317928e-2,3.8873036493e-1,5.1005330239e-1,6.249993520120845e-1,5.237478555388384e-1,7.8183331618e1,5.944e-1
91.856061,2.4372042403e-1,6.8241003763e-2,2.3726645858e-3,4.2033110766e-1,5.1533347464e-1,6.249993373380978e-1,5.237478317174478e-1,7.9690603735e1,5.267e-1
92.803030,1.3181210699e-1,1.3909331780e-1,5.5400868087e-2,4.1457308556e-1,5.0911926548e-1,6.249993219510217e-1,5.237478064104724e-1,7.9220904352e1,6.154e-1
93.750000,7.8856374115e-2,1.5652119621e-1,3.7831284829e-1,2.5420848213e-1,3.8209972201e-1,6.249993113734749e-1,5.237477865403533e-1,6.0422409211e1,4.900e-1
94.696970,6.7228499058e-2,2.3099710052e-1,2.0450021275e-1,2.6908229588e-1,4.7819049280e-1,6.249993005013635e-1,5.237477668871479e-1,7.1950626699e1,5.632e-1
95.643939,7.7023762929e-2,1.8455472749e-2,1.8957711748e-1,2.9908409867e-1,6.6585813892e-1,6.249992953709582e-1,5.237477540256643e-1,9.6392572705e1,7.773e-1
96.590909,8.7344155247e-2,5.2629089789e-3,8.5258928850e-1,2.2542793841e-1,7.9374270789e-2,6.249992809615543e-1,5.237477376837609e-1,2.4248512894e1,4.742e-1
97.537879,9.8292377576e-2,3.6939038550e-3,5.6237851148e-1,2.8618383329e-1,2.9944991467e-1,6.249992704340949e-1,5.237477133981772e-1,5.2043033831e1,5.226e-1
98.484848,1.0742981726e-1,6.9152103461e-3,1.0059498251e-1,6.6341752470e-1,3.7164099300e-1,6.249992639067559e-1,5.237477225159717e-1,6.9671713083e1,8.041e-1
99.431818,1.1404778014e-1,2.2032747820e-2,3.9049358109e-1,5.9674637616e-1,1.2667802292e-1,6.249992540717932e-1,5.237476982223148e-1,3.8535709006e1,7.724e-1
100.378788,1.2754622515e-1,7.7149421256e-2,5.7805825930e-1,4.6095684345e-1,6.2877326646e-3,6.249992409104389e-1,5.237476645323975e-1,2.0397986801e1,5.955e-1
101.325758,2.0372933225e-1,3.4778389050e-1,5.5670656627e-2,5.3095840017e-1,1.1185619539e-1,6.249992374731096e-1,5.237476591482783e-1,3.2551059516e1,4.893e-1
102.272727,2.9314665525e-1,2.8293443372e-1,5.6347981276e-1,6.6439848002e-2,4.3997720712e-2,6.249992352218041e-1,5.237476430111261e-1,1.2978064084e1,6.008e-1
103.219697,3.1462697318e-1,3.9659103363e-1,2.9024515775e-1,8.5285234320e-2,1.6325007137e-1,6.249992351246334e-1,5.237476410678172e-1,2.6897593449e1,3.630e-1
104.166667,3.2295946556e-1,4.8489267434e-1,1.0403806293e-1,4.3235195510e-2,2.9487307157e-1,6.249992349506158e-1,5.237476402026044e-1,4.1090849002e1,6.963e-1
105.113636,3.2274954413e-1,3.7190063982e-1,9.3318803259e-2,3.6700208735e-1,9.5027394551e-2,6.249992345583515e-1,5.237476443363633e-1,2.5559299776e1,6.008e-1
106.060606,2.8462296359e-1,1.6418751472e-1,6.9858349831e-1,8.3801149045e-2,1.8803336947e-2,6.249992313028666e-1,5.237476370718949e-1,1.1147818396e1,7.436e-1
107.007576,1.5057058381e-1,3.0003294846e-1,6.4436546831e-2,3.8251400123e-1,3.5244437281e-1,6.249992265698036e-1,5.237476333959596e-1,5.8544171322e1,5.574e-1
107.954545,7.7858683237e-2,1.2408059014e-1,3.2260127108e-1,3.7538808356e-1,3.5006980350e-1,6.249992157561873e-1,5.237476166474888e-1,5.9689254212e1,5.788e-1
108.901515,8.2548970123e-2,2.1630039223e-1,2.6780820046e-2,3.9544563473e-1,5.2892258611e-1,6.249992016208676e-1,5.237475883949824e-1,8.1044473164e1,5.182e-1
109.848485,1.4824320550e-1,1.2951208927e-1,1.0730436785e-1,3.6452218353e-1,5.0041652704e-1,6.249991865991754e-1,5.237475626803310e-1,7.6909606058e1,6.269e-1
110.795455,2.6896738501e-1,5.8579113609e-2,6.7676205443e-3,3.5942463807e-1,5.5625958913e-1,6.249991731803330e-1,5.237475383492082e-1,8.3008598711e1,5.173e-1
111.742424,3.0702099716e-1,2.0168291982e-2,2.2405015647e-1,3.2199758273e-1,3.7676129142e-1,6.249991598759763e-1,5.237475182554630e-1,6.0515616283e1,2.865e-1
112.689394,1.6066079807e-1,3.7553841590e-1,2.4684862560e-1,2.4408035646e-1,2.2287011226e-1,6.249991541467413e-1,5.237475069114983e-1,3.9144142012e1,4.799e-1
113.636364,6.1746267833e-2,6.3574066212e-1,2.9888366388e-1,2.1985802544e-1,3.3769688457e-2,6.249991538619302e-1,5.237475043170373e-1,1.5051400706e1,4.511e-1
114.583333,1.4378054913e-1,1.0856527342e-1,4.4755493119e-1,5.0125584033e-1,4.8841708166e-2,6.249991511257996e-1,5.237475132738989e-1,2.6161385807e1,6.027e-1
115.530303,1.9545009612e-1,8.5582884999e-3,3.2190607371e-1,5.6404893261e-1,1.6003488859e-1,6.249991397665799e-1,5.237474969071351e-1,4.1224121798e1,3.429e-1
116.477273,1.7460750804e-1,1.3099433065e-1,9.9980964029e-2,6.5722200998e-1,1.8719345041e-1,6.249991315571141e-1,5.237474908534719e-1,4.6141006100e1,3.792e-1
117.424242,1.4886126914e-1,2.3681208084e-1,3.3940320370e-3,6.6886546119e-1,1.9206539709e-1,6.249991201469385e-1,5.237474711957733e-1,4.6563272638e1,7.698e-1
118.371212,2.0753053034e-1,1.1384047215e-1,2.0212717738e-2,6.6692460407e-1,2.4148989043e-1,6.249991073659058e-1,5.237474512548163e-1,5.2745441257e1,7.688e-1
119.318182,2.6938145425e-1,6.4101630620e-3,4.5854939355e-1,4.9524345623e-1,2.0413724152e-2,6.249990956218412e-1,5.237474190874254e-1,2.2276653492e1,6.198e-1
120.265152,2.3845370278e-1,3.0719893534e-2,2.6956491921e-2,7.5094280008e-1,2.0292528255e-1,6.249990854344389e-1,5.237474239922120e-1,5.0400924343e1,3.832e-1
121.212121,1.4538720945e-1,1.2271373551e-1,5.0111648594e-1,4.5203213441e-1,2.8748579398e-2,6.249990723522624e-1,5.237473767765751e-1,2.2471899427e1,6.075e-1
122.159091,1.4311352528e-1,8.6131865099e-2,9.3414064670e-2,6.4678794581e-1,2.8055072818e-1,6.249990645238327e-1,5.237473754576406e-1,5.7598840484e1,4.445e-1
123.106061,1.9054309586e-1,1.2485974751e-2,4.8435057759e-1,4.5190349634e-1,1.1071495052e-1,6.249990475317699e-1,5.237473381584603e-1,3.2627473667e1,5.465e-1
124.053030,1.8424730491e-1,1.7425472999e-2,7.4516255573e-2,3.9879662394e-1,5.7501242125e-1,6.249990393387413e-1,5.237473106061787e-1,8.7086186530e1,7.156e-1
125.000000,1.5153466235e-1,2.4319078504e-2,7.6075411172e-1,2.0340612945e-1,1.0998406474e-1,6.249990233779303e-1,5.237472874210947e-1,2.6797394811e1,4.914e-1
125.946970,1.2129018074e-1,4.8255303528e-2,7.6944610545e-2,3.7151622688e-1,6.3199170822e-1,6.249990149567959e-1,5.237472664119864e-1,9.3556170494e1,3.166e-1
126.893939,5.6574943180e-2,5.2079506667e-1,3.6224387519e-1,1.4953174810e-1,1.6085237652e-1,6.249990048285166e-1,5.237472495195576e-1,2.9341948740e1,2.574e-1
127.840909,7.5803551926e-2,6.6190217902e-1,2.3180341065e-1,1.7959647272e-1,1.0089239381e-1,6.249990040667265e-1,5.237472483163814e-1,2.1877446954e1,6.236e-1
128.787879,2.0325347070e-1,6.0608331798e-2,1.8398842857e-1,4.9304868459e-1,3.0909907701e-1,6.249989963351217e-1,5.237472495761333e-1,5.7036990592e1,5.276e-1
129.734848,2.5460113650e-1,3.8926355945e-3,5.5759729920e-1,3.4364554071e-1,9.0261352895e-2,6.249989824504670e-1,5.237472232078444e-1,2.7145974706e1,4.830e-1
130.681818,2.0722400741e-1,7.1134144344e-2,3.8859885455e-2,5.1869152348e-1,4.1408838680e-1,6.249989737423727e-1,5.237472129096903e-1,7.0158201637e1,3.860e-1
131.628788,9.0505254107e-2,4.1493422054e-1,1.8731201179e-1,3.3401171198e-1,2.2323472885e-1,6.249989636375414e-1,5.237471868362993e-1,4.1636037239e1,6.335e-1
132.575758,7.6798278018e-2,6.8891103094e-1,2.2529869866e-1,2.1744944063e-1,4.1540478188e-2,6.249989632167073e-1,5.237471813690727e-1,1.5494174098e1,4.828e-1
133.522727,2.0969725518e-1,6.5994875272e-2,3.0831771707e-1,4.7590146261e-1,1.9008660912e-1,6.249989596263195e-1,5.237471880558772e-1,4.2263312885e1,4.575e-1
134.469697,2.4595979501e-1,3.9531692247e-2,5.6789215401e-1,3.3785148376e-1,5.8762772566e-2,6.249989488015690e-1,5.237471634648467e-1,2.3078062883e1,4.935e-1
135.416667,2.1154637834e-1,3.4952397820e-1,4.8120431956e-3,4.3846878713e-1,2.4564670308e-1,6.249989449729638e-1,5.237471581894612e-1,4.6317096673e1,5.801e-1
136.363636,2.2236798360e-1,1.2636419827e-1,7.6564966976e-1,1.2557428255e-1,1.0041746084e-2,6.249989401332128e-1,5.237471447232059e-1,1.1792830287e1,3.434e-1
137.310606,1.2727177863e-1,3.3813103522e-1,6.0838267818e-3,3.6227536917e-1,4.1623585925e-1,6.249989345271547e-1,5.237471382252326e-1,6.5659570372e1,5.720e-1
138.257576,1.1046662828e-1,1.9454382532e-1,6.0587404802e-2,4.2552765619e-1,4.5887232887e-1,6.249989217331253e-1,5.237471221393368e-1,7.3281563297e1,4.400e-1
139.204545,1.9178859536e-1,1.6756146768e-1,2.8512830847e-1,3.7662616120e-1,2.2889328525e-1,6.249989089746734e-1,5.237471025613144e-1,4.4062421371e1,4.288e-1
140.151515,4.0601572796e-1,1.4188037342e-1,2.2537485535e-1,2.4060497362e-1,2.3612187718e-1,6.249989037625807e-1,5.237470875367606e-1,4.0212726888e1,4.114e-1
141.098485,4.8012563544e-1,3.6256568427e-1,1.2743776209e-1,1.7739960072e-1,1.0246912265e-1,6.249989025823064e-1,5.237470832397738e-1,2.0777531205e1,6.176e-1
142.045455,5.5273274060e-1,3.3902813610e-1,6.6857385175e-2,1.3695548273e-1,1.5442405975e-1,6.249989021788754e-1,5.237470820264755e-1,2.5638136819e1,7.341e-1
142.992424,5.5136006573e-1,3.6011763427e-1,1.5267931446e-2,2.5431763111e-1,6.8934540819e-2,6.249989016895088e-1,5.237470829450452e-1,1.8079844173e1,5.571e-1
143.939394,4.3504523434e-1,2.4248737112e-1,4.4549486064e-1,1.0038602611e-1,2.6584309271e-2,6.249989007429508e-1,5.237470806473963e-1,1.0881600667e1,6.674e-1
144.886364,1.3999277664e-1,5.1709881820e-1,4.2179562339e-1,8.0766308705e-2,9.0344272696e-2,6.249988998137139e-1,5.237470793962170e-1,1.8627147796e1,6.436e-1
145.833333,6.2080157860e-2,2.5346635089e-1,1.3252238180e-1,4.8093905512e-1,3.2098984504e-1,6.249988953522946e-1,5.237470842603580e-1,5.8074901764e1,6.422e-1
146.780303,7.8771102687e-2,6.7284599944e-2,4.7843158551e-1,3.9149579506e-1,2.3401467819e-1,6.249988806941876e-1,5.237470578194403e-1,4.6483151685e1,6.892e-1
147.727273,8.9496161163e-2,1.8772274675e-2,1.1264100879e-1,7.3302672912e-1,2.9606156844e-1,6.249988710930807e-1,5.237470699369239e-1,6.2336156792e1,6.831e-1
148.674242,9.3955376009e-2,1.9471900950e-1,3.4965141121e-1,3.9453760585e-1,2.1713432132e-1,6.249988619449905e-1,5.237470231850632e-1,4.3652023513e1,5.660e-1
149.621212,1.8655267284e-1,9.5205760417e-2,1.5092767555e-1,5.5388756448e-1,2.6342402346e-1,6.249988483700715e-1,5.237470107938851e-1,5.2933786328e1,4.374e-1
150.568182,2.6219898379e-1,3.3768677560e-2,1.3900766858e-1,4.3007659906e-1,3.8494573985e-1,6.249988344221169e-1,5.237469772944917e-1,6.4346204067e1,4.941e-1
151.515152,2.6805075183e-1,2.7090679460e-2,1.7279412945e-1,3.6084130789e-1,4.2122077331e-1,6.249988209726340e-1,5.237469514020462e-1,6.7033740607e1,6.306e-1
152.462121,1.9654024965e-1,8.5605110843e-2,1.7547580991e-1,3.5929720250e-1,4.3307924271e-1,6.249988078047265e-1,5.237469292988719e-1,6.8604940373e1,5.905e-1
153.409091,9.8585432845e-2,1.8954413798e-1,3.5337290882e-1,2.5703017677e-1,3.5146493589e-1,6.249987961552171e-1,5.237469085567255e-1,5.6467841714e1,4.155e-1
154.356061,8.6412609122e-2,2.4381369374e-2,1.1828194520e-1,5.3378934293e-1,4.8713231079e-1,6.249987887078252e-1,5.237469066960472e-1,8.0472419360e1,3.299e-1
155.303030,6.4680730894e-2,1.8083467487e-1,5.1996460923e-1,4.3560522363e-1,4.8912314928e-2,6.249987767743281e-1,5.237468836967495e-1,2.4753870056e1,2.569e-1
156.250000,6.1089944116e-2,1.9013398689e-1,3.7554513977e-1,4.9852495586e-1,1.2470350997e-1,6.249987683028305e-1,5.237468718845824e-1,3.5330021927e1,4.240e-1
157.196970,7.8855389155e-2,1.3244203331e-1,4.1040165207e-2,6.8591489796e-1,3.1174502658e-1,6.249987561029127e-1,5.237468642190173e-1,6.2485273220e1,4.798e-1
158.143939,1.2363377270e-1,2.2422599767e-1,1.5153427271e-1,5.0377702424e-1,2.4682641509e-1,6.249987412034440e-1,5.237468221246252e-1,4.9437188970e1,6.461e-1
159.090909,2.6647964708e-1,1.9047572592e-1,3.7110887487e-1,2.8383749217e-1,1.3809573614e-1,6.249987380890742e-1,5.237468062501831e-1,3.0242116250e1,4.837e-1
160.037879,4.2626493532e-1,1.2842022530e-1,3.8094113105e-2,4.6577742006e-1,1.9144077305e-1,6.249987334163807e-1,5.237468056347699e-1,4.0184022215e1,6.226e-1
160.984848,3.5397755621e-1,3.2267082102e-1,3.5387086296e-1,1.0716736737e-1,1.1231085148e-1,6.249987295199737e-1,5.237467900460268e-1,2.1458442069e1,4.557e-1
161.931818,1.2753203912e-1,7.9198484386e-1,2.0493041217e-1,1.1902599135e-1,6.5241731246e-3,6.249987298159004e-1,5.237467892610725e-1,7.9311048879e0,8.289e-1
162.878788,8.1539610911e-2,1.2852726647e-1,1.4850755620e-1,4.7927848980e-1,4.1214452654e-1,6.249987249647884e-1,5.237467946177665e-1,6.9577295859e1,6.238e-1
163.825758,5.7009679163e-2,2.4050252865e-1,6.5975061063e-1,2.3964534995e-1,5.3089267117e-2,6.249987177555849e-1,5.237467752973777e-1,2.0251592171e1,4.831e-1
164.772727,2.0376618103e-2,2.4238743411e-1,4.5197303891e-1,2.9629157818e-1,2.3896875322e-1,6.249987112614919e-1,5.237467645009680e-1,4.4180078403e1,4.911e-1
165.719697,1.4942755824e-2,1.5854331359e-1,6.7045313327e-2,6.6459122875e-1,3.4487479162e-1,6.249987015556406e-1,5.237467684204040e-1,6.6271813159e1,5.942e-1
166.666667,2.8127964748e-2,5.5222831088e-1,1.4267497726e-1,3.8215047113e-1,1.4481565873e-1,6.249986913701273e-1,5.237467266252325e-1,3.3025139815e1,5.869e-1
167.613636,8.7367361043e-2,6.0011264070e-1,1.7090078024e-1,3.3123453299e-1,6.0382065258e-2,6.249986901166866e-1,5.237467216915316e-1,2.0939524613e1,7.159e-1
168.560606,1.6794397655e-1,3.9709406795e-2,2.2879762730e-1,6.5007358713e-1,1.6347277428e-1,6.249986860263972e-1,5.237467354102773e-1,4.3720641716e1,6.402e-1
169.507576,1.7238870084e-1,4.7567789895e-2,5.9514572592e-1,4.2648757949e-1,8.4075502334e-3,6.249986731881183e-1,5.237466975755151e-1,1.9666264711e1,3.680e-1
170.454545,9.2111783491e-2,4.0900069332e-1,7.2611134979e-2,5.6919040932e-1,1.0708331789e-1,6.249986694969014e-1,5.237466968923908e-1,3.3365704146e1,5.727e-1
171.401515,4.4092837830e-2,1.6736384221e-1,4.5342955145e-1,4.6574023511e-1,1.1937086585e-1,6.249986662235271e-1,5.237466886330849e-1,3.4167368867e1,6.378e-1
172.348485,1.9180930214e-2,3.1594926917e-1,1.7476209358e-1,3.9081382639e-1,3.4929119501e-1,6.249986571814909e-1,5.237466620044879e-1,5.9254901158e1,4.151e-1
173.295455,2.6099441640e-2,7.9891795608e-1,2.2716708746e-1,2.7771031614e-2,1.7004179174e-1,6.249986542626531e-1,5.237466516628104e-1,2.6082244686e1,8.441e-1
174.242424,9.2040402948e-2,2.7458163243e-1,2.0810913972e-1,1.9857185163e-1,4.7669428061e-1,6.249986536668797e-1,5.237466490185571e-1,6.9631223755e1,6.505e-1
175.189394,1.6935670203e-1,1.0816382663e-1,4.4193941026e-2,5.1814126399e-1,4.1014154553e-1,6.249986396018583e-1,5.237466364708896e-1,6.9733195808e1,6.295e-1
176.136364,2.1419275477e-1,1.8320191971e-1,4.9176005073e-1,3.2450477418e-1,3.6337767572e-2,6.249986334832179e-1,5.237466184964273e-1,1.9442967646e1,6.988e-1
177.083333,2.1796033766e-1,5.0424734433e-1,1.8359567906e-1,1.1326736867e-2,3.3286716693e-1,6.249986324236783e-1,5.237466129027927e-1,4.5555693237e1,5.278e-1
178.030303,2.7679468480e-1,2.6833929658e-1,3.0832924218e-1,5.6964902593e-2,3.3956913506e-1,6.249986306041977e-1,5.237466106045632e-1,4.8429436044e1,5.485e-1
178.977273,2.2841959523e-1,2.5550998331e-1,2.5825130683e-1,3.0407636464e-1,2.0374000727e-1,6.249986286346684e-1,5.237466099511422e-1,3.8500404818e1,3.720e-1
179.924242,9.2197102008e-2,3.6465105646e-1,4.9509609773e-1,1.5556530928e-1,1.4248768524e-1,6.249986253632320e-1,5.237466034205728e-1,2.7952683054e1,5.215e-1
180.871212,3.8730936800e-2,3.6847103944e-1,3.9923753627e-1,8.5268633895e-2,3.5828910129e-1,6.249986238473099e-1,5.237466002637591e-1,5.2539809087e1,4.633e-1
181.818182,6.1144624032e-2,4.5188245775e-2,2.5914059429e-1,2.0421891686e-1,6.8030485628e-1,6.249986186155625e-1,5.237465859445346e-1,9.5808100501e1,6.451e-1
182.765152,7.8246279931e-2,3.7147559012e-3,5.8459324014e-1,1.6132349381e-1,4.2211942597e-1,6.249985978793569e-1,5.237465516827046e-1,6.3916936899e1,4.512e-1
183.712121,7.8796979233e-2,2.2393043958e-3,9.7317355192e-2,3.0264311896e-1,7.6900042752e-1,6.249985926498530e-1,5.237465343249479e-1,1.0893905047e2,5.381e-1
184.659091,6.7070090052e-2,4.1100341854e-2,7.3454826728e-1,2.5809447807e-1,1.4918396833e-1,6.249985727944786e-1,5.237465098828680e-1,3.3346693111e1,4.727e-1
185.606061,3.5145716719e-2,2.3866067371e-1,4.7713162570e-2,2.8483255407e-1,6.4364502792e-1,6.249985674918810e-1,5.237464889326700e-1,9.2377804810e1,7.210e-1
186.553030,1.8479596270e-2,5.0500150703e-2,6.4416520611e-1,3.4674908896e-1,1.9010306180e-1,6.249985519218341e-1,5.237464757382979e-1,4.0692724506e1,6.423e-1
187.500000,1.5055325851e-2,1.4039296423e-1,3.8052673275e-2,4.7285960615e-1,5.8363651097e-1,6.249985402411509e-1,5.237464434512638e-1,9.0429715779e1,1.819e-1
188.446970,1.9769238868e-2,2.4506246530e-1,1.1482272505e-1,2.2815769098e-1,6.4218493199e-1,6.249985260902247e-1,5.237464071755563e-1,9.0919308757e1,7.697e-1
189.393939,2.6511821245e-2,3.7025696269e-1,4.8569839696e-1,4.2446835450e-2,3.2508302135e-1,6.249985188469587e-1,5.237464001484390e-1,4.7608282479e1,6.866e-1
190.340909,3.4553567447e-2,2.7705790983e-1,5.8821298176e-1,2.5596960053e-1,9.4202973330e-2,6.249985164488867e-1,5.237463958939209e-1,2.5526104261e1,7.531e-1
191.287879,3.4230663033e-2,2.2019152273e-1,3.9398565988e-2,8.2900478378e-1,1.2717149130e-1,6.249985134200078e-1,5.237464274662965e-1,4.3578790873e1,5.058e-1
192.234848,4.0606596341e-2,1.3788672487e-1,4.4443307626e-2,7.1943862792e-1,3.0762173713e-1,6.249984969455268e-1,5.237463857839486e-1,6.3049241655e1,3.404e-1
193.181818,4.7723394769e-2,2.6211699594e-2,5.8142768784e-1,5.8385048114e-1,1.0783708216e-2,6.249984857805291e-1,5.237463540751833e-1,2.4791236648e1,2.030e-1
194.128788,3.8660004486e-2,6.2435451726e-2,3.0566721593e-1,6.3702235331e-1,2.0621192353e-1,6.249984744884207e-1,5.237463319969399e-1,4.9369380150e1,6.145e-1
195.075758,1.6992483993e-2,5.3088333196e-1,2.0910034294e-1,3.4073006915e-1,1.5229070462e-1,6.249984663323990e-1,5.237463043166352e-1,3.3139638054e1,6.430e-1
196.022727,5.6539812373e-3,5.0215741477e-1,2.5059119080e-1,1.2269527095e-1,3.6889906941e-1,6.249984635820883e-1,5.237462974547717e-1,5.4157200902e1,5.515e-1
196.969697,9.8080578623e-3,1.4206764262e-1,3.0556893093e-1,3.0085966186e-1,4.9169260913e-1,6.249984512005404e-1,5.237462796643767e-1,7.5297753909e1,6.718e-1
197.916667,1.6915178714e-2,1.7518506066e-1,1.8577383676e-1,3.6477849038e-1,5.0734430158e-1,6.249984340504097e-1,5.237462488376196e-1,7.8458000699e1,5.954e-1
198.863636,4.2788823566e-2,3.7212550491e-1,3.1771043661e-1,1.0369547333e-1,4.1367661228e-1,6.249984253470440e-1,5.237462283234436e-1,5.9576190433e1,4.307e-1
199.810606,1.2396315608e-1,5.4643559205e-1,1.3396820315e-1,2.1333296906e-1,2.3229693085e-1,6.249984255954691e-1,5.237462279990092e-1,3.8787260547e1,3.544e-1
200.757576,2.4401021968e-1,1.6402411059e-1,3.8882891767e-1,3.9024425561e-1,6.2889346093e-2,6.249984248233719e-1,5.237462304463359e-1,2.4098337152e1,5.441e-1
201.704545,2.5437248000e-1,2.1481373992e-1,2.0856950084e-2,3.1467888213e-1,4.4527478524e-1,6.249984186814168e-1,5.237462171108689e-1,6.7788566059e1,3.447e-1
202.651515,2.6470225156e-1,3.2263842468e-2,5.2246047992e-1,2.3449380351e-1,1.9607644137e-1,6.249984094090464e-1,5.237462050764369e-1,3.6978148858e1,7.225e-1
203.598485,2.1235385695e-1,4.6360168593e-2,2.6717133992e-2,3.5092314754e-1,6.1364249345e-1,6.249984002596567e-1,5.237461850460613e-1,9.0188414220e1,6.244e-1
204.545455,1.2365774685e-1,1.5159378502e-1,7.4217176348e-1,1.7061936937e-1,6.1954111449e-2,6.249983880822277e-1,5.237461688625532e-1,1.9692336636e1,8.301e-1
205.492424,1.2948333090e-1,1.4741540533e-1,1.5628062769e-1,3.7188303586e-1,4.4493436350e-1,6.249983816399554e-1,5.237461576470367e-1,7.0461673174e1,5.145e-1
206.439394,1.7877919119e-1,5.1426095146e-2,3.5705427103e-2,5.5789237125e-1,4.2619364616e-1,6.249983654260609e-1,5.237461398564165e-1,7.2883227792e1,5.392e-1
207.386364,2.0213357013e-1,2.8079407038e-2,1.0624586157e-2,6.8191002961e-1,3.2724910165e-1,6.249983472925223e-1,5.237461200524047e-1,6.3951228247e1,5.193e-1
208.333333,1.8017619535e-1,4.7901429007e-2,2.1493093270e-2,7.7049173550e-1,2.2993420482e-1,6.249983289716308e-1,5.237460989308287e-1,5.4445149455e1,4.100e-1
209.280303,1.2957102642e-1,1.3545554762e-1,4.8142202839e-2,7.7636657612e-1,1.6046126966e-1,6.249983113293872e-1,5.237460675407317e-1,4.6103607184e1,7.466e-1
210.227273,1.1617087463e-1,3.8753909810e-2,6.2590391611e-1,4.4468497106e-1,2.4482924549e-2,6.249982980801456e-1,5.237460174710405e-1,2.2506558002e1,6.329e-1
211.174242,1.0902468198e-1,4.5778256751e-2,1.4557338516e-1,5.8610110027e-1,3.6351914218e-1,6.249982831721725e-1,5.237459976552371e-1,6.6596341343e1,7.632e-1
212.121212,1.0226023903e-1,3.4992068685e-1,4.2707453724e-1,2.2006001130e-1,1.5068107879e-1,6.249982766018687e-1,5.237459699421061e-1,3.0496666237e1,5.090e-1
213.068182,2.7742020134e-1,2.4379192801e-1,4.3522531736e-1,2.6394548938e-1,2.9613613236e-2,6.249982746619939e-1,5.237459657127971e-1,1.6344894650e1,4.899e-1
214.015152,4.4864850988e-1,1.8683240481e-1,8.1787042527e-2,2.6315242081e-1,2.6957616765e-1,6.249982728389977e-1,5.237459626612216e-1,4.4178912330e1,4.746e-1
214.962121,4.0734806738e-1,3.8364519690e-1,1.8295212386e-1,2.3825744010e-1,3.7793714550e-2,6.249982713996244e-1,5.237459583143249e-1,1.4896414964e1,4.896e-1
215.909091,3.3328748008e-1,5.3086579812e-1,2.7158588186e-1,7.6717616090e-3,1.0658562134e-1,6.249982715001779e-1,5.237459564686637e-1,1.7289518294e1,4.570e-1
216.856061,3.3776771237e-1,2.7881395278e-1,9.6029742153e-2,1.6783258533e-1,3.6955254802e-1,6.249982703206549e-1,5.237459557269459e-1,5.4168118575e1,5.786e-1
217.803030,2.6032417116e-1,1.4728106580e-1,5.4868595330e-1,1.6385384115e-1,1.2985149905e-1,6.249982652273184e-1,5.237459509817229e-1,2.6678526638e1,7.406e-1
218.750000,1.2103628244e-1,2.1891666394e-1,2.3646539760e-1,4.2489716284e-1,2.4868101303e-1,6.249982599244879e-1,5.237459478411123e-1,4.7817953528e1,4.700e-1
219.696970,6.8064620933e-2,7.4929537981e-2,2.0065053555e-1,4.0051201610e-1,5.0583978653e-1,6.249982485452403e-1,5.237459218469551e-1,7.9352972862e1,3.423e-1
220.643939,3.5736005188e-2,1.7014344431e-1,3.2041995427e-2,3.8364695665e-1,6.2842805841e-1,6.249982299881045e-1,5.237458828260476e-1,9.3329984944e1,6.869e-1
221.590909,1.6366547950e-2,1.7175501148e-1,1.4108368741e-1,3.5064772288e-1,5.7014345542e-1,6.249982125704496e-1,5.237458526804259e-1,8.5679452222e1,4.779e-1
222.537879,1.2111929159e-2,2.2343051683e-2,3.3222474966e-1,2.2851939148e-1,6.5479729019e-1,6.249982060845038e-1,5.237458372627500e-1,9.3835213737e1,6.387e-1
223.484848,8.6888780102e-3,1.0889722000e-1,8.6319654701e-1,1.4493312866e-1,1.2428060068e-1,6.249981871810635e-1,5.237458105029983e-1,2.7673488259e1,4.189e-1
224.431818,5.6206032232e-3,4.0332857156e-1,2.8661806166e-1,1.2718639672e-1,4.2724273533e-1,6.249981842405008e-1,5.237457997405227e-1,6.1859446755e1,4.814e-1
225.378788,1.2482547162e-2,2.2786982227e-1,1.5029734687e-1,3.1179222347e-1,5.4755442805e-1,6.249981839119156e-1,5.237457950144950e-1,8.1728677635e1,5.350e-1
226.325758,2.8743860521e-2,2.2411703948e-1,6.4863553588e-2,5.7771438660e-1,3.5455749544e-1,6.249981678152676e-1,5.237457815155855e-1,6.4851734225e1,6.513e-1
227.272727,5.4837299577e-2,3.1005775135e-1,4.5630789855e-1,2.4546503128e-1,1.8332834539e-1,6.249981630722502e-1,5.237457606806338e-1,3.5618906551e1,4.137e-1
228.219697,9.7717921325e-2,2.5689150547e-1,4.6653135938e-1,1.6799807960e-1,2.6085745262e-1,6.249981591949612e-1,5.237457546238675e-1,4.3060585329e1,4.921e-1
229.166667,1.0791150979e-1,1.6083697473e-1,7.8685463030e-2,2.6024466178e-1,6.4231770417e-1,6.249981567520738e-1,5.237457453538451e-1,9.1549608719e1,7.526e-1
230.113636,1.0502736256e-1,2.0342552786e-1,1.7976782718e-2,2.1429472491e-1,7.0927188900e-1,6.249981435211645e-1,5.237457187585930e-1,9.8247411988e1,3.936e-1
231.060606,1.1541087816e-1,2.3224177772e-1,7.2517394417e-1,1.6656507046e-1,1.0604600323e-2,6.249981354146333e-1,5.237457102911105e-1,1.3011051644e1,8.473e-1
232.007576,9.3809852930e-2,5.5115249556e-1,2.7019701607e-1,7.9567608420e-2,2.5526929752e-1,6.249981352447789e-1,5.237457072478937e-1,3.8531419598e1,5.192e-1
232.954545,9.5302172440e-2,3.8971231591e-1,1.6636631811e-1,9.9410669376e-2,4.9920479373e-1,6.249981347869534e-1,5.237457040670005e-1,6.9237361281e1,5.504e-1
233.901515,1.0773153110e-1,4.4486184517e-2,4.3497348022e-1,1.8476044441e-1,4.7804461260e-1,6.249981264275283e-1,5.237456914965971e-1,7.0724670611e1,4.582e-1
234.848485,1.1572381254e-1,9.6690229208e-3,2.7007569386e-1,2.1302130572e-1,6.4150638586e-1,6.249981104531488e-1,5.237456575075915e-1,9.1167304677e1,6.458e-1
235.795455,1.0137434738e-1,1.9270420082e-2,3.1736538424e-1,2.1060511226e-1,6.0138094081e-1,6.249981023796696e-1,5.237456444781380e-1,8.6344275103e1,5.645e-1
236.742424,7.2708101212e-2,7.6510544629e-2,2.9024592146e-1,1.9754522329e-1,6.1298637995e-1,6.249980852718675e-1,5.237456096454469e-1,8.7295046291e1,4.876e-1
237.689394,7.6707839502e-2,2.6118126855e-1,4.0818976148e-1,1.2658770656e-1,3.7732958100e-1,6.249980785488020e-1,5.237456020575403e-1,5.6175227527e1,4.199e-1
238.636364,1.7432187470e-1,9.2551298174e-2,5.6742514063e-1,1.3912418594e-1,2.7657364263e-1,6.249980710369705e-1,5.237455903069362e-1,4.4665064866e1,5.215e-1
239.583333,2.0307438573e-1,5.1199985373e-2,6.6447244894e-2,2.2679924491e-1,7.0247526857e-1,6.249980647431623e-1,5.237455714415813e-1,9.7909925337e1,4.409e-1
240.530303,1.5702886402e-1,1.0387320015e-1,9.3574345737e-3,3.8793609497e-1,5.9180050267e-1,6.249980481882464e-1,5.237455456111957e-1,8.8525539690e1,6.750e-1
241.477273,1.2518476841e-1,8.5061339769e-2,1.5305049038e-1,4.7777203312e-1,4.0892743310e-1,6.249980323866235e-1,5.237455243691786e-1,6.9088535483e1,5.280e-1
242.424242,1.3972138947e-1,1.5284876910e-1,9.9559792987e-3,6.4696802882e-1,3.0050187275e-1,6.249980197190317e-1,5.237455110654636e-1,5.9622422701e1,8.032e-1
243.371212,1.5910013506e-1,8.8660412576e-2,4.8836700158e-1,4.8657803472e-1,2.7290438808e-2,6.249980113721900e-1,5.237454842583938e-1,2.3227480184e1,6.900e-1
244.318182,9.1006437311e-2,3.2781408376e-1,1.1988968186e-1,5.4900242657e-1,1.6228338568e-1,6.249980075926542e-1,5.237454831775517e-1,4.0000599858e1,3.992e-1
245.265152,3.9128707389e-2,1.2698203960e-1,7.0616138873e-1,3.3016487862e-1,4.7558987876e-2,6.249980011103879e-1,5.237454680528179e-1,2.2575646107e1,4.435e-1
246.212121,2.7551681896e-2,1.1428868198e-1,7.1215121562e-2,3.9668949926e-1,6.4025099837e-1,6.249979915346683e-1,5.237454389308454e-1,9.5458265945e1,3.359e-1
247.159091,4.4506322148e-2,3.2089000219e-1,6.5682222170e-1,1.4773285391e-1,8.0044562106e-2,6.249979810271231e-1,5.237454233599754e-1,2.0891766214e1,1.963e-1
248.106061,1.3880689169e-1,3.0915055278e-1,6.7975770506e-1,8.9304497333e-2,3.2976312062e-2,6.249979794635848e-1,5.237454186575912e-1,1.3204478050e1,3.970e-1
249.053030,2.3858563549e-1,3.4591509989e-1,1.1237101201e-1,5.0770649164e-1,4.5417718801e-2,6.249979789146169e-1,5.237454245575938e-1,2.3770166853e1,6.293e-1
250.000000,2.9010724478e-1,3.1749340989e-1,5.6505870760e-1,3.3163458229e-2,4.4173132960e-2,6.249979767269787e-1,5.237454128203621e-1,1.2015901785e1,5.411e-1
250.946970,2.6848318439e-1,6.1498823314e-1,1.4764163659e-1,1.6733952400e-1,5.1543374337e-2,6.249979762307695e-1,5.237454124992732e-1,1.4497767834e1,7.626e-1
251.893939,3.5990867923e-1,1.4539956024e-1,2.3859773946e-1,2.5581911351e-1,2.5027085325e-1,6.249979728464856e-1,5.237454109705246e-1,4.2600416224e1,4.878e-1
252.840909,2.9047149047e-1,1.2117558077e-1,1.0021198432e-1,6.1714504996e-1,1.2099182701e-1,6.249979662657432e-1,5.237454180795985e-1,3.6424878237e1,7.108e-1
253.787879,1.6930533646e-1,7.2956079760e-2,3.2568349072e-1,6.3108004251e-1,5.0970963551e-2,6.249979565006977e-1,5.237454051455799e-1,2.9554877448e1,7.926e-1
254.734848,1.1813116037e-1,1.4578018465e-1,4.0694192710e-2,7.5934827615e-1,1.8604207260e-1,6.249979432358564e-1,5.237453950024570e-1,4.8788709620e1,7.188e-1
255.681818,1.2649309695e-1,2.2623860721e-1,1.4558931861e-3,7.3652640577e-1,1.5928185770e-1,6.249979304109944e-1,5.237453670599153e-1,4.4484293679e1,4.633e-1
256.628788,1.8771451397e-1,8.5615887306e-2,3.8588640510e-1,4.5398775483e-1,1.3679128018e-1,6.249979206936489e-1,5.237453278050057e-1,3.5389072290e1,4.899e-1
257.575758,1.4994787410e-1,2.1858356868e-1,9.0151333256e-2,5.9912220335e-1,1.9219085046e-1,6.249979149205256e-1,5.237453294109425e-1,4.5005691107e1,4.136e-1
258.522727,9.0596210070e-2,1.2433654188e-1,4.1158230083e-1,4.4288734119e-1,1.8059341325e-1,6.249979036077415e-1,5.237453017502035e-1,4.0874981410e1,6.095e-1
259.469697,1.0788669348e-1,1.7115224060e-1,1.9493388223e-2,6.9997545743e-1,2.5148800754e-1,6.249978936378782e-1,5.237453017609011e-1,5.5141874537e1,8.352e-1
260.416667,1.8728139964e-1,1.0385669891e-1,2.1936728345e-2,6.4146809639e-1,2.9545283453e-1,6.249978789117072e-1,5.237452690365924e-1,5.8821789829e1,6.409e-1
261.363636,2.7054799103e-1,1.8680632771e-2,1.1667779858e-1,6.2191147636e-1,2.2217783032e-1,6.249978645345428e-1,5.237452434411188e-1,4.9445987174e1,4.713e-1
262.310606,2.8181509275e-1,1.5882933386e-2,1.3656501498e-1,6.1742498055e-1,1.9830768230e-1,6.249978519840114e-1,5.237452211839611e-1,4.6406176245e1,4.514e-1
263.257576,1.9899971016e-1,1.5357450104e-1,2.0613814843e-2,5.7217810306e-1,3.0462955101e-1,6.249978400563239e-1,5.237451947474698e-1,5.7873841203e1,5.851e-1
264.204545,1.1015402505e-1,1.6785692022e-1,4.1538912864e-1,1.9519418099e-1,3.6140140448e-1,6.249978296907964e-1,5.237451615654072e-1,5.6219497447e1,6.277e-1
265.151515,5.6800578638e-2,1.7377711408e-1,1.0282372942e-1,3.9310626670e-1,5.2348796196e-1,6.249978253988853e-1,5.237451557652301e-1,8.0784404018e1,6.266e-1
266.098485,4.0748308363e-2,2.2794818377e-1,2.2543339021e-1,2.4684545207e-1,5.0902028961e-1,6.249978120070018e-1,5.237451268692116e-1,7.5333389180e1,4.728e-1
267.045455,9.3398078058e-2,4.0842543660e-1,2.3090475664e-1,1.3054075789e-1,3.8672658594e-1,6.249978075628801e-1,5.237451210395544e-1,5.6389095218e1,6.281e-1
267.992424,2.2041690214e-1,8.8451892409e-2,6.6746187112e-1,1.6232509108e-1,1.1133984697e-1,6.249978018595712e-1,5.237451149228550e-1,2.5072710532e1,6.264e-1
268.939394,2.1515951904e-1,1.1688899580e-1,1.6011619484e-2,3.9857514505e-1,5.0336030922e-1,6.249977942986187e-1,5.237451006349705e-1,7.7653974929e1,6.714e-1
269.886364,1.7742505295e-1,2.0098730867e-1,1.5511660871e-3,6.1113474184e-1,2.5889729702e-1,6.249977832795233e-1,5.237450962095519e-1,5.3198262230e1,7.644e-1
270.833333,1.8187353324e-1,1.1812699076e-1,3.2386838536e-1,5.1374271192e-1,1.1238392959e-1,6.249977754340520e-1,5.237450769832402e-1,3.3743047600e1,5.833e-1
271.780303,1.0896953070e-1,3.8072423320e-1,1.4558592695e-1,4.4655414205e-1,1.6816170805e-1,6.249977704750532e-1,5.237450671208755e-1,3.7795051823e1,5.328e-1
272.727273,4.3607710469e-2,1.2748156538e-1,8.1595371446e-1,2.4391981854e-1,1.9032720681e-2,6.249977647627865e-1,5.237450550395477e-1,1.7046019142e1,6.254e-1
273.674242,2.6647917486e-2,1.0603836673e-1,3.6102064490e-1,3.0631446783e-1,4.4997411500e-1,6.249977559692169e-1,5.237450326906359e-1,7.0512315542e1,6.017e-1
274.621212,3.9647299797e-2,4.9982209226e-1,1.5996123528e-1,2.0528940606e-1,3.4527546925e-1,6.249977513236986e-1,5.237450244644748e-1,5.3063678774e1,5.860e-1
275.568182,1.0584616217e-1,1.5737602817e-1,5.2411592851e-1,1.1973909136e-1,3.4291828386e-1,6.249977470318383e-1,5.237450184441254e-1,5.2285793823e1,6.564e-1
276.515152,1.6204626260e-1,1.6284111601e-1,4.9865041999e-2,2.8521150929e-1,5.9003154406e-1,6.249977369804864e-1,5.237449968420043e-1,8.5456431636e1,4.175e-1
277.462121,2.4909668929e-1,2.7460097137e-1,3.5112572421e-1,3.4805963422e-1,2.7112443777e-2,6.249977314302405e-1,5.237449913429461e-1,1.8091057179e1,5.702e-1
278.409091,4.1143482489e-1,6.6015831885e-1,1.0341703665e-1,5.9330645265e-2,1.5654636375e-2,6.249977310189897e-1,5.237449859776915e-1,6.2557444479e0,8.116e-1
279.356061,7.1798195008e-1,2.2053265084e-1,1.9840752269e-1,7.6272981253e-2,3.6800356867e-2,6.249977308688365e-1,5.237449859996030e-1,9.5384975373e0,5.756e-1
280.303030,5.3856170798e-1,5.5348450867e-1,4.2985942651e-2,9.4083371497e-2,2.0879930968e-2,6.249977308846284e-1,5.237449858831367e-1,7.4034364643e0,7.387e-1
281.250000,3.8572972219e-1,4.3937598673e-1,1.4155093811e-1,8.5851073290e-2,1.9748774078e-1,6.249977305537784e-1,5.237449859311161e-1,3.0229689504e1,3.945e-1
282.196970,1.8755806699e-1,4.5573539086e-1,3.8461306082e-1,5.4640581394e-3,2.1662488381e-1,6.249977303062011e-1,5.237449854660206e-1,3.1984989290e1,5.924e-1
283.143939,8.6099309960e-2,2.3499579520e-1,3.9050035020e-1,5.3784084117e-1,5.5915945649e-4,6.249977279927236e-1,5.237449918763056e-1,2.0919523375e1,3.925e-1
284.090909,5.5076491381e-2,4.3983410246e-2,6.4157597811e-2,9.0810295439e-1,1.7867498246e-1,6.249977181478683e-1,5.237450165691405e-1,5.2558458145e1,6.860e-1
285.037879,4.5350838028e-2,1.4539171604e-2,6.4849292898e-1,4.8512418042e-1,5.6488283105e-2,6.249977010684636e-1,5.237449422337074e-1,2.7994171205e1,6.556e-1
285.984848,4.6070820147e-2,6.7118626701e-2,9.9930858404e-2,7.4810601707e-1,2.8876905165e-1,6.249976869884915e-1,5.237449357358862e-1,6.1858550688e1,8.648e-1
286.931818,6.3836466014e-2,3.7621709162e-1,3.2363393364e-1,4.5255597732e-1,3.3751889573e-2,6.249976790828620e-1,5.237448932683795e-1,2.2175457025e1,5.484e-1
287.878788,1.4009784267e-1,7.0314572416e-1,3.7655235017e-1,2.5752093322e-2,4.4473467663e-3,6.249976785437662e-1,5.237448853852817e-1,5.8820865434e0,5.397e-1
288.825758,3.4460168191e-1,3.2556470511e-1,3.1816135594e-1,1.8808604070e-1,7.3581572928e-2,6.249976782964667e-1,5.237448850020993e-1,1.8805915736e1,5.327e-1
289.772727,4.1124888783e-1,3.8480333363e-1,8.1038219358e-2,1.2414217533e-1,2.4876273951e-1,6.249976778318359e-1,5.237448842512010e-1,3.7437717134e1,5.320e-1
290.719697,4.0735514595e-1,3.6513707578e-1,1.0632401715e-1,3.5658261806e-1,1.4596497552e-2,6.249976772433816e-1,5.237448865318620e-1,1.5063539326e1,6.380e-1
291.666667,3.0234930976e-1,3.9860957443e-1,3.9910847165e-1,2.3113342117e-2,1.2681465441e-1,6.249976761778449e-1,5.237448825093983e-1,2.1113164289e1,6.281e-1
292.613636,1.1017507357e-1,6.5021199818e-1,3.2841431894e-1,1.2112136016e-1,4.0072600647e-2,6.249976757488499e-1,5.237448820235343e-1,1.2988002493e1,7.913e-1
293.560606,4.6753016516e-2,2.1718946446e-1,4.1812856655e-1,2.8966361955e-1,2.7826067201e-1,6.249976695418971e-1,5.237448793458086e-1,4.8689385813e1,6.067e-1
294.507576,4.8232700204e-2,7.1746993780e-2,4.7997184085e-1,3.2806435223e-1,3.2197942345e-1,6.249976552588250e-1,5.237448559992669e-1,5.5718810537e1,6.927e-1
295.454545,9.6306686220e-2,3.1693746885e-1,3.7874481569e-2,4.6961692763e-1,3.2925973318e-1,6.249976487225974e-1,5.237448480355236e-1,5.8158011664e1,5.794e-1
296.401515,1.9362640395e-1,3.7001984335e-2,7.1604627832e-1,2.8426029938e-1,1.9060312392e-2,6.249976391912059e-1,5.237448298631827e-1,1.7435236964e1,7.020e-1
297.348485,1.8360803294e-1,4.7449861433e-2,1.3833127271e-1,5.0324963580e-1,3.7735645988e-1,6.249976313825820e-1,5.237448205474320e-1,6.5698969132e1,6.137e-1
298.295455,1.0687468228e-1,6.2555794487e-1,2.1074428532e-1,1.5751154152e-1,1.4930679518e-1,6.249976245774720e-1,5.237447980764728e-1,2.7142146625e1,7.907e-1
299.242424,6.5328294371e-2,6.3601768636e-1,2.0881524406e-1,2.2872416613e-1,1.1110985703e-1,6.249976239791717e-1,5.237447972390115e-1,2.4516456489e1,4.176e-1
300.189394,7.4432906509e-2,7.6570051107e-2,1.7523308241e-1,7.2418187015e-1,1.9957732654e-1,6.249976183561952e-1,5.237448157557680e-1,5.0311938857e1,2.987e-1
301.136364,8.9446246204e-2,8.4051500732e-3,7.1961366865e-1,4.2502963867e-1,7.5005011968e-3,6.249976023983466e-1,5.237447680760209e-1,2.0379455363e1,6.848e-1
302.083333,9.2969870433e-2,9.2066263377e-4,1.6688952623e-1,5.5566934341e-1,4.3354577661e-1,6.249975896587937e-1,5.237447480515729e-1,7.4658720865e1,6.484e-1
303.030303,7.8363337666e-2,3.8845488545e-2,3.1898099598e-1,2.6728658240e-1,5.4651876353e-1,6.249975840578956e-1,5.237447211107584e-1,8.1176292982e1,6.248e-1
303.977273,5.3634191201e-2,1.7228705024e-1,3.9135433111e-1,2.5217799752e-1,3.8054156273e-1,6.249975663989032e-1,5.237446909191186e-1,6.0281241796e1,4.831e-1
304.924242,9.6457305673e-2,6.3012625145e-1,3.2784742553e-1,1.3801652233e-1,5.7547626059e-2,6.249975655240120e-1,5.237446877812855e-1,1.5713885410e1,7.229e-1
305.871212,3.4759213666e-1,3.7074248138e-1,2.5915526617e-1,1.8364917491e-1,8.8856071100e-2,6.249975651127615e-1,5.237446880893465e-1,2.0238873858e1,3.958e-1
306.818182,5.2921039949e-1,2.1417030746e-1,2.1602912494e-1,1.8388071351e-1,1.0670458214e-1,6.249975637707523e-1,5.237446855308839e-1,2.1963548160e1,4.006e-1
307.765152,4.2946847999e-1,5.7058456365e-1,5.5555302207e-2,6.2319897100e-2,1.3206688484e-1,6.249975638967424e-1,5.237446839844425e-1,2.0699143752e1,5.733e-1
308.712121,4.1711486111e-1,3.2334289263e-1,3.0925457355e-1,1.8055407233e-1,1.9728729352e-2,6.249975644852107e-1,5.237446849468131e-1,1.1632287476e1,5.233e-1
309.659091,2.6971772664e-1,4.1831022116e-1,2.6570956638e-1,1.7834851064e-2,2.7842276232e-1,6.249975637841652e-1,5.237446830680453e-1,3.9305984648e1,6.188e-1
310.606061,1.6616598363e-1,3.1568047500e-1,2.9643210192e-1,1.3159549825e-1,3.4012106519e-1,6.249975619973586e-1,5.237446810489055e-1,5.0832453046e1,4.473e-1
311.553030,1.1433619009e-1,6.3492200245e-2,2.5629336086e-1,2.2203726598e-1,5.9383609600e-1,6.249975565818326e-1,5.237446700313703e-1,8.5350712181e1,5.045e-1
312.500000,7.5105759275e-2,8.4561513326e-2,4.9268913930e-1,1.5013503402e-1,4.4750363381e-1,6.249975398664274e-1,5.237446409176232e-1,6.6232975237e1,6.636e-1
313.446970,4.5962300074e-2,3.0786799006e-1,1.9175423724e-1,1.5704920246e-1,5.4736134492e-1,6.249975373758712e-1,5.237446337013418e-1,7.7260577656e1,7.369e-1
314.393939,7.3015941037e-2,4.7912448394e-2,6.5361637044e-1,1.8132573875e-1,2.9412455277e-1,6.249975256971378e-1,5.237446188912686e-1,4.8811630225e1,7.709e-1
315.340909,9.0184254316e-2,3.2990944224e-2,7.8212713104e-2,2.8568445358e-1,7.6292266308e-1,6.249975141542181e-1,5.237445858402449e-1,1.0753277911e2,4.079e-1
316.287879,1.2115724344e-1,1.1574502491e-1,5.7194858708e-1,2.3939487547e-1,2.0174926760e-1,6.249974992548493e-1,5.237445700430713e-1,3.8352199636e1,6.148e-1
317.234848,2.2555556246e-1,7.6621196422e-2,1.6109992705e-1,2.3969974083e-1,5.4701855901e-1,6.249974928885635e-1,5.237445513343455e-1,7.9243586851e1,7.161e-1
318.181818,2.5626444609e-1,4.7996840954e-2,2.4231649372e-1,1.8635847551e-1,5.1705870722e-1,6.249974817434667e-1,5.237445310870695e-1,7.4309643595e1,4.599e-1
319.128788,1.4299592936e-1,2.7586209887e-1,3.5986976236e-1,1.3695536461e-1,3.3431179262e-1,6.249974739124254e-1,5.237445190375288e-1,5.0676661384e1,5.375e-1
320.075758,5.8308415098e-2,5.4250332227e-1,3.3823032368e-1,2.1005996647e-1,1.0089291837e-1,6.249974729504943e-1,5.237445181369466e-1,2.3456215921e1,5.346e-1
321.022727,1.3432069524e-1,2.2085213927e-1,4.4799959701e-1,4.4638022414e-1,4.4228828379e-4,6.249974719760576e-1,5.237445219510592e-1,1.8433641475e1,6.525e-1
321.969697,2.2816885139e-1,6.3942956226e-2,4.3125303093e-2,5.0579288686e-1,4.0896492992e-1,6.249974637458160e-1,5.237445106624563e-1,6.9119856172e1,5.837e-1
322.916667,2.4236134256e-1,4.2594748062e-2,1.2413767611e-3,3.2745070248e-1,6.3634673068e-1,6.249974502729283e-1,5.237444745711047e-1,9.2147105188e1,4.252e-1
323.863636,1.8857947314e-1,7.9635489240e-2,2.4306930563e-2,2.4719759868e-1,7.1027537954e-1,6.249974355787999e-1,5.237444449504717e-1,9.9273587899e1,7.575e-1
324.810606,1.3834768620e-1,9.8006172739e-2,4.1260877074e-2,2.2945492081e-1,7.4292518309e-1,6.249974199548907e-1,5.237444156351596e-1,1.0303225411e2,4.557e-1
325.757576,1.2626325096e-1,9.1877909642e-2,4.2953692341e-1,1.9534854999e-1,4.0696817636e-1,6.249974051801943e-1,5.237443957400765e-1,6.2026263005e1,5.543e-1
326.704545,1.7152748755e-1,1.9290739499e-1,6.1712734038e-2,2.0893101351e-1,6.1491616446e-1,6.249973972727502e-1,5.237443764011795e-1,8.6360341889e1,7.773e-1
327.651515,1.9147219843e-1,1.8113084963e-1,5.3899318737e-1,2.2004034276e-1,1.1835820423e-1,6.249973912159916e-1,5.237443712308691e-1,2.6961084408e1,4.143e-1
328.598485,1.1324159063e-1,4.3642916150e-1,2.7468331432e-1,1.4375859073e-1,2.8188212331e-1,6.249973902435543e-1,5.237443669649703e-1,4.3808132320e1,4.700e-1
329.545455,5.5530195783e-2,4.9905511754e-1,1.5211509969e-1,1.0567895056e-1,4.3761541582e-1,6.249973896969432e-1,5.237443642769950e-1,6.1639295773e1,6.085e-1
330.492424,3.1840808866e-2,6.1752716673e-2,4.4313164671e-1,2.0693564733e-1,5.0633394739e-1,6.249973834828562e-1,5.237443550228633e-1,7.5117164991e1,6.223e-1
331.439394,2.7681148326e-2,9.5944339000e-3,9.4921331300e-1,1.3976357772e-1,1.2374225807e-1,6.249973655121919e-1,5.237443288604010e-1,2.7938179466e1,3.209e-1
332.386364,2.7643073166e-2,6.4037588712e-3,2.0835101362e-1,3.0286654990e-1,7.0473032312e-1,6.249973593349023e-1,5.237443064550084e-1,1.0159064812e2,4.563e-1
333.333333,3.1776970913e-2,6.3557178104e-2,2.2283352100e-1,5.3613455913e-1,3.9569246408e-1,6.249973466169406e-1,5.237443062513772e-1,6.9730612304e1,6.780e-1
334.280303,4.8659388763e-2,2.9220293352e-1,4.0155069376e-1,3.3761646323e-1,1.6996518786e-1,6.249973335683762e-1,5.237442681651625e-1,3.6380411981e1,4.094e-1
335.227273,1.3892378815e-1,7.2900411087e-1,3.4278575449e-1,3.5278108376e-2,4.0029040882e-3,6.249973329860256e-1,5.237442610741007e-1,5.9110273431e0,4.683e-1
336.174242,3.8372875578e-1,3.0794236915e-1,3.0928930447e-1,1.8519868602e-1,6.3835550290e-2,6.249973328519638e-1,5.237442617639910e-1,1.7379371942e1,5.365e-1
337.121212,4.4091910693e-1,3.1951311895e-1,1.2054854164e-1,1.8346263160e-1,1.8555126453e-1,6.249973318307562e-1,5.237442598884718e-1,3.1445240196e1,5.217e-1
338.068182,3.4062869960e-1,5.0832970166e-1,1.5150932430e-1,1.2843359820e-1,1.2109333940e-1,6.249973315817884e-1,5.237442590039385e-1,2.2008870934e1,7.113e-1
339.015152,3.5267532928e-1,4.7488684578e-1,1.6770492177e-1,7.4463088142e-3,2.4728125763e-1,6.249973316391388e-1,5.237442585668347e-1,3.4358033589e1,4.633e-1
339.962121,3.7763282425e-1,1.9632693117e-1,2.7492593996e-1,3.7176434875e-1,2.9344616805e-2,6.249973304676363e-1,5.237442609566905e-1,1.8433447905e1,4.152e-1
340.909091,1.8119512652e-1,4.5449664830e-1,4.6146347852e-1,3.0189939225e-2,1.2264946417e-1,6.249973283692225e-1,5.237442548170110e-1,2.1356508157e1,3.714e-1
341.856061,4.6106793079e-2,5.4630876112e-1,3.4981595587e-1,2.8533451103e-1,2.2428634996e-2,6.249973280464141e-1,5.237442551763839e-1,1.5915768198e1,4.969e-1
342.803030,4.2447243376e-2,1.2481267631e-1,1.8136374190e-1,7.4919098283e-1,1.5218000396e-1,6.249973241902221e-1,5.237442821417626e-1,4.5174910868e1,7.464e-1
343.750000,6.8528920386e-2,5.1114030550e-2,4.4503500160e-1,4.7546221527e-1,2.0985445087e-1,6.249973093406989e-1,5.237442270563436e-1,4.5772933134e1,6.871e-1
344.696970,9.2240388671e-2,8.3181290333e-2,8.5987731518e-2,8.1890395905e-1,1.6968123342e-1,6.249973014965658e-1,5.237442476268509e-1,4.8824509194e1,8.895e-1
345.643939,1.2413174106e-1,1.9141259929e-1,1.8412058946e-1,5.4179204619e-1,2.0853759962e-1,6.249972878038083e-1,5.237441899624512e-1,4.5948014014e1,4.593e-1
346.590909,2.0950669866e-1,5.6005544632e-1,3.7778809000e-1,6.8376101087e-3,9.5806722675e-2,6.249972838814364e-1,5.237441691552576e-1,1.6729232988e1,5.674e-1
347.537879,4.8107668220e-1,4.0680443930e-1,1.9049721107e-1,4.7684855364e-2,1.2393137886e-1,6.249972833991817e-1,5.237441691081175e-1,1.9967256775e1,6.508e-1
348.484848,6.6988835723e-1,2.2592654401e-1,1.5198575638e-2,1.7771245807e-1,1.6126862970e-1,6.249972823181953e-1,5.237441693761636e-1,2.7237569131e1,8.113e-1
349.431818,4.5452350095e-1,5.3159627811e-1,1.7731714360e-1,2.2522363855e-2,6.4035277990e-2,6.249972822523394e-1,5.237441676059688e-1,1.1626222682e1,5.531e-1
350.378788,2.1635937114e-1,4.5692197353e-1,3.1126147467e-1,2.5693462470e-1,8.5171200090e-3,6.249972820224402e-1,5.237441693302722e-1,1.2824214782e1,6.540e-1
351.325758,1.7338024971e-1,1.4469326425e-1,7.2488157713e-2,3.4418519279e-1,5.1524768651e-1,6.249972754890250e-1,5.237441622039943e-1,7.7921611957e1,5.385e-1
352.272727,1.0576728917e-1,5.7815801877e-1,4.3530391049e-1,3.8024329067e-2,9.2740994292e-2,6.249972708965627e-1,5.237441520264495e-1,1.7779256766e1,6.597e-1
353.219697,4.6099229765e-2,5.9190853196e-1,3.0362525499e-1,2.5416950967e-1,5.4192014792e-2,6.249972705878084e-1,5.237441519700191e-1,1.8705870922e1,7.657e-1
354.166667,3.5151458230e-2,1.7519440141e-1,2.2658491550e-1,4.7031038715e-1,3.4275336172e-1,6.249972620036359e-1,5.237441512324448e-1,6.1103006545e1,6.433e-1
355.113636,4.6670694717e-2,4.7587019509e-2,5.0559988151e-1,4.0772676747e-1,2.4241012979e-1,6.249972464987147e-1,5.237441202438625e-1,4.8239061610e1,7.074e-1
356.060606,8.2437949642e-2,1.7462426918e-1,3.6381924247e-2,7.4517505824e-1,2.1137527520e-1,6.249972382499999e-1,5.237441301727199e-1,5.1583159996e1,8.373e-1
357.007576,1.6471760560e-1,7.8068937606e-2,4.9077605494e-2,7.3317310701e-1,2.2495718880e-1,6.249972222558093e-1,5.237440998077567e-1,5.2887177113e1,5.169e-1
357.954545,2.3943523265e-1,1.5416869295e-2,4.6554248633e-2,7.5626313398e-1,1.9232492784e-1,6.249972061978991e-1,5.237440735798856e-1,4.9340996395e1,4.001e-1
358.901515,2.4523821215e-1,9.1556827395e-3,1.1336578290e-1,7.3329817423e-1,1.4893652993e-1,6.249971909759803e-1,5.237440435439714e-1,4.3577274141e1,4.532e-1
359.848485,1.6529118878e-1,1.5418256109e-1,9.9430018718e-2,7.1230202363e-1,1.1878856371e-1,6.249971779633277e-1,5.237440166591769e-1,3.9185051777e1,7.560e-1
360.795455,6.6530503126e-2,2.7708464875e-1,5.5772008741e-1,1.5971774717e-1,1.8894135158e-1,6.249971690196278e-1,5.237439729884161e-1,3.4344656160e1,3.990e-1
361.742424,6.3713454444e-2,3.2923643059e-1,2.0070680021e-1,2.4863907134e-1,4.0769857762e-1,6.249971671039242e-1,5.237439687472024e-1,6.2437852209e1,4.924e-1
362.689394,1.1540149258e-1,4.3997694481e-2,2.6929313765e-1,4.8734231596e-1,3.3395967082e-1,6.249971557432109e-1,5.237439623873696e-1,6.0641833212e1,6.538e-1
363.636364,1.5263228510e-1,4.8848557292e-2,1.0355290276e-1,5.8283609086e-1,3.6212444451e-1,6.249971402633732e-1,5.237439352991766e-1,6.6005120284e1,5.094e-1
364.583333,2.0845068125e-1,1.9010651590e-2,4.4922242222e-1,5.4764375468e-1,2.5666746464e-2,6.249971280989619e-1,5.237439138042668e-1,2.4545969719e1,4.545e-1
365.530303,2.2119246572e-1,9.3021051012e-3,2.3012370233e-2,7.9024480878e-1,2.0624248469e-1,6.249971172619259e-1,5.237439167526194e-1,5.2000171326e1,4.521e-1
366.477273,1.7555643707e-1,4.2601659653e-2,4.3536851167e-1,5.8594389271e-1,1.0523704507e-2,6.249971028034762e-1,5.237438691193493e-1,2.3753168375e1,5.697e-1
367.424242,1.1709564109e-1,2.8397466851e-1,2.4412933696e-2,6.7234230126e-1,1.5216864615e-1,6.249970953529257e-1,5.237438611695732e-1,4.1814340975e1,7.113e-1
368.371212,8.0216646508e-2,1.3634449964e-1,7.3377932078e-1,2.9636450038e-1,3.2892083636e-3,6.249970878393479e-1,5.237438305766665e-1,1.6087714572e1,8.484e-1
369.318182,3.6977931456e-2,2.3942077899e-1,1.1498514070e-2,4.6709331250e-1,4.9500362165e-1,6.249970793366439e-1,5.237438168235611e-1,7.8896768208e1,6.668e-1
370.265152,1.4863534837e-2,2.0917136858e-1,5.5995499735e-1,1.1079986475e-1,3.5520436644e-1,6.249970659821799e-1,5.237437875215842e-1,5.3917169060e1,7.348e-1
371.212121,1.5465191212e-2,3.7832148130e-1,7.5246088843e-2,2.1651802599e-1,5.6444334182e-1,6.249970645861982e-1,5.237437803599942e-1,8.0543668854e1,5.432e-1
372.159091,3.2955625961e-2,1.0713613886e-1,4.2278813053e-1,3.1354393137e-1,3.7357027446e-1,6.249970505931548e-1,5.237437640631871e-1,6.1463456070e1,5.452e-1
373.106061,6.3881848699e-2,1.7477186003e-1,4.4129194718e-3,3.9529373447e-1,6.1163371196e-1,6.249970373175306e-1,5.237437342649462e-1,9.1355302635e1,5.739e-1
374.053030,1.1477971315e-1,1.1532306616e-1,1.9454664418e-1,4.8415302875e-1,3.4119158685e-1,6.249970195355695e-1,5.237437130934153e-1,6.1009829178e1,3.398e-1
375.000000,2.1896936788e-1,9.2439024609e-2,3.6426683055e-1,3.3069288820e-1,2.4362590716e-1,6.249970092011379e-1,5.237436871539838e-1,4.4974785916e1,4.898e-1
375.946970,2.7924714529e-1,8.5622089635e-2,1.6689954074e-1,3.6327839659e-1,3.5494683406e-1,6.249970031558605e-1,5.237436770862897e-1,5.8704167529e1,5.876e-1
376.893939,2.3924199728e-1,1.5872928523e-1,2.7085806119e-2,2.1357950097e-1,6.1135739964e-1,6.249969946172624e-1,5.237436544020253e-1,8.5742057203e1,3.014e-1
377.840909,1.7328992469e-1,1.0697836813e-1,7.1186705569e-1,1.2743074461e-1,1.3042787974e-1,6.249969864288512e-1,5.237436463699875e-1,2.6768090578e1,5.800e-1
378.787879,8.2291222940e-2,1.8648299315e-1,8.1872636912e-2,3.1498409928e-1,5.8436300351e-1,6.249969778936677e-1,5.237436273303613e-1,8.5947048319e1,7.356e-1
379.734848,4.5798822370e-2,1.4447337037e-1,1.3491650974e-2,3.1216087406e-1,7.3406920393e-1,6.249969608518056e-1,5.237435936176899e-1,1.0436978543e2,3.873e-1
380.681818,2.4155817035e-2,2.5226878251e-1,3.9604911995e-2,2.7959962045e-1,6.5436475518e-1,6.249969435833707e-1,5.237435627206426e-1,9.3539331287e1,6.641e-1
381.628788,1.9599574978e-2,1.4880600544e-1,9.4305949809e-1,8.5996622558e-2,5.2532160623e-2,6.249969308449485e-1,5.237435482326466e-1,1.7327896265e1,9.679e-1
382.575758,3.8220316930e-2,1.6952983298e-1,6.1476012872e-2,2.7614217056e-1,7.0462551532e-1,6.249969243304618e-1,5.237435289546692e-1,9.9878593346e1,7.681e-1
383.522727,9.5147687096e-2,4.7097437045e-1,5.3898483341e-1,1.1203146629e-1,3.2855477074e-2,6.249969171636425e-1,5.237435188039927e-1,1.3091909239e1,7.239e-1
384.469697,3.1996245660e-1,5.6355213227e-1,2.4920652240e-1,3.8074063190e-2,7.9198658116e-2,6.249969162876668e-1,5.237435173429913e-1,1.4636535933e1,4.826e-1
385.416667,6.1084066297e-1,1.6767336396e-1,5.7596569426e-2,2.2279204642e-1,1.9109118631e-1,6.249969145464298e-1,5.237435179019454e-1,3.2690556948e1,3.807e-1
386.363636,4.6374088946e-1,3.9162510974e-1,1.6811970140e-1,1.4078679916e-1,8.5721327199e-2,6.249969134804245e-1,5.237435147482130e-1,1.7837585730e1,2.982e-1
387.310606,1.6432114935e-1,7.0713677259e-1,2.8128251696e-1,4.2689736223e-2,5.4563652435e-2,6.249969137818143e-1,5.237435137391377e-1,1.2096913326e1,6.773e-1
388.257576,8.7906686783e-2,2.0105028295e-1,1.0227541840e-1,6.5171179152e-1,2.0704963874e-1,6.249969091948394e-1,5.237435337721663e-1,4.8621388344e1,4.535e-1
389.204545,5.1568089492e-2,3.5802817192e-1,6.4389795673e-1,1.2239445588e-1,7.4105126401e-2,6.249969002162572e-1,5.237434956976866e-1,1.9295102810e1,4.693e-1
390.151515,1.4586251472e-2,4.0874824187e-1,7.6448348278e-1,2.2947884220e-2,3.9227937395e-2,6.249968988693080e-1,5.237434945157972e-1,1.2696165753e1,5.666e-1
391.098485,6.2477346191e-3,2.9135652828e-1,3.3596564162e-2,3.1822520734e-1,6.0056774965e-1,6.249968920244492e-1,5.237434831805364e-1,8.7910488027e1,5.406e-1
392.045455,8.3364637277e-3,2.0292561297e-1,6.8882180814e-1,2.2913478482e-1,1.2077508759e-1,6.249968786180323e-1,5.237434682014706e-1,2.8712118248e1,4.770e-1
392.992424,2.2212221922e-2,4.0687395537e-1,6.4499824846e-2,5.0845575714e-1,2.4795198926e-1,6.249968742698716e-1,5.237434685155509e-1,4.9349291475e1,6.787e-1
393.939394,4.7971814335e-2,8.2282284119e-2,3.8467397724e-1,4.2476285067e-1,3.1030280283e-1,6.249968645972872e-1,5.237434488163850e-1,5.6577112277e1,6.488e-1
394.886364,9.1545116131e-2,1.5045683826e-1,9.1695393103e-2,4.2706226525e-1,4.8923408203e-1,6.249968473855394e-1,5.237434134713426e-1,7.7368204367e1,6.920e-1
395.833333,2.0222856446e-1,1.6943858716e-1,4.6305519682e-1,2.8888548122e-1,1.2638584683e-1,6.249968382441619e-1,5.237433975678949e-1,2.9566156825e1,4.383e-1
396.780303,3.4502393513e-1,3.1663234181e-1,1.1309148968e-1,4.1886792651e-1,5.6377981707e-2,6.249968374152115e-1,5.237433963099453e-1,2.2330663875e1,4.926e-1
397.727273,4.7162852088e-1,3.0889669541e-1,3.2894931843e-1,4.8946809231e-2,9.1572328471e-2,6.249968362109646e-1,5.237433876697258e-1,1.6772758138e1,5.082e-1
398.674242,5.4776013797e-1,4.9187308063e-1,7.7797436090e-2,1.1549729215e-1,1.7065725223e-2,6.249968360291016e-1,5.237433876307166e-1,7.7603318962e0,6.989e-1
399.621212,5.7785021502e-1,2.3923775484e-1,1.3430562711e-1,2.0224576443e-1,9.6354308828e-2,6.249968351144430e-1,5.237433881315884e-1,2.0647061626e1,4.751e-1
400.568182,2.3684877616e-1,5.4931441802e-1,4.3850954087e-1,4.9243422598e-3,2.0396592038e-2,6.249968346763074e-1,5.237433861667202e-1,7.4934722843e0,7.338e-1
401.515152,6.0359438338e-2,2.9183046046e-1,6.1425937312e-1,2.4855248012e-1,3.4991912408e-2,6.249968322198409e-1,5.237433874706702e-1,1.7960559777e1,7.575e-1
402.462121,3.3426757924e-2,4.6353398800e-2,5.3672166316e-1,3.4826965960e-1,2.8522215858e-1,6.249968190348794e-1,5.237433713964117e-1,5.2056258888e1,5.255e-1
403.409091,2.5236570320e-2,3.3695344451e-2,1.9415914572e-1,4.1366661776e-1,5.8323594657e-1,6.249968124139891e-1,5.237433543401149e-1,8.9524815070e1,3.468e-1
404.356061,1.3935408705e-2,4.2989232704e-1,1.2215856765e-1,3.4466295184e-1,3.3934435375e-1,6.249968044899250e-1,5.237433410606781e-1,5.6309312639e1,5.705e-1
405.303030,6.9423471013e-3,9.1689387714e-2,8.8738118711e-1,2.3304035614e-1,3.0940314718e-2,6.249967963951908e-1,5.237433300518014e-1,1.8703551126e1,8.595e-1
406.250000,6.2337793911e-3,8.8814168526e-3,9.3737207327e-1,2.1458223453e-1,8.2924064372e-2,6.249967842089312e-1,5.237433083292787e-1,2.5000768054e1,6.498e-1
407.196970,7.1124532657e-3,2.7993203865e-2,6.7892976673e-1,3.9271779209e-1,1.4324033681e-1,6.249967763818726e-1,5.237432988397680e-1,3.6392713227e1,2.996e-1
408.143939,1.2981186256e-2,2.7657910940e-1,4.5757032416e-2,5.9659808325e-1,3.1807812471e-1,6.249967680180051e-1,5.237432921818741e-1,6.0730843699e1,5.050e-1
409.090909,3.7518461176e-2,3.3162698029e-1,1.6338231272e-1,4.6144034406e-1,2.5602541776e-1,6.249967580040492e-1,5.237432666999118e-1,4.9526416177e1,4.885e-1
410.037879,7.8660142467e-2,3.7582014690e-1,1.1104406957e-1,4.6531631068e-1,2.1915284184e-1,6.249967557291631e-1,5.237432613404903e-1,4.4621008619e1,3.749e-1
410.984848,1.6336634805e-1,1.2874674958e-1,2.7962054108e-1,5.6144814117e-1,1.1681170981e-1,6.249967448398409e-1,5.237432546701165e-1,3.5494380375e1,4.451e-1
411.931818,2.8901611062e-1,5.9370831376e-2,3.7061355835e-3,6.1286784797e-1,2.8503253866e-1,6.249967321069698e-1,5.237432351844089e-1,5.6388834887e1,5.855e-1
412.878788,3.4713446919e-1,4.3424185872e-3,2.1341919698e-2,5.9134899856e-1,2.8582563015e-1,6.249967180928360e-1,5.237432112434646e-1,5.5861836042e1,7.610e-1
413.825758,2.4467140073e-1,6.4623734900e-2,2.4454666227e-1,4.9901977681e-1,1.9713183474e-1,6.249967047214133e-1,5.237431857739009e-1,4.3409464173e1,6.678e-1
414.772727,1.2160922660e-1,3.3496997473e-1,1.6766609791e-2,4.5575979579e-1,3.2088778360e-1,6.249966952504329e-1,5.237431636311518e-1,5.6522827207e1,4.904e-1
415.719697,5.1120022023e-2,1.8097816128e-1,6.6840982897e-1,1.6507122399e-1,1.8441414256e-1,6.249966894119381e-1,5.237431487422198e-1,3.4622084381e1,6.741e-1
416.666667,2.7010264104e-2,3.4322999984e-1,1.4349671249e-1,4.7933936947e-1,2.5691701586e-1,6.249966808812462e-1,5.237431434363320e-1,5.0072176684e1,5.380e-1
417.613636,6.4877916353e-2,8.3790607886e-1,2.4457214767e-1,8.0801326653e-2,2.1835891955e-2,6.249966807444867e-1,5.237431291032776e-1,9.0454649204e0,4.226e-1
418.560606,2.3213006342e-1,2.2840031823e-1,3.2611379579e-1,1.8675488703e-1,2.7659429465e-1,6.249966795601860e-1,5.237431292733404e-1,4.4562002135e1,5.092e-1
419.507576,3.5159262717e-1,1.5487683199e-1,6.9835236576e-2,4.2446529484e-1,2.4922335418e-1,6.249966723781888e-1,5.237431253004975e-1,4.6527710640e1,3.925e-1
420.454545,4.5304591196e-1,2.9343755900e-1,7.8410245955e-2,2.9264723851e-1,1.3245238441e-1,6.249966699163753e-1,5.237431151152604e-1,2.7759296878e1,5.453e-1
421.401515,5.8065134364e-1,3.3645469512e-1,1.7440986660e-2,2.2345144630e-1,9.1994866951e-2,6.249966693359500e-1,5.237431118765279e-1,2.0028552207e1,7.602e-1
422.348485,6.2237022755e-1,2.2971395895e-1,6.5788982253e-2,2.2360940781e-1,1.0851075996e-1,6.249966682576067e-1,5.237431112482130e-1,2.2341803215e1,7.113e-1
423.295455,3.6432265132e-1,3.5403466267e-1,4.3116300549e-1,8.7659178055e-2,1.2813836931e-2,6.249966672294213e-1,5.237431091268463e-1,8.7847995198e0,5.608e-1
424.242424,1.0864784176e-1,3.9628781432e-1,5.8567458720e-1,1.2735035166e-1,3.2032736904e-2,6.249966659210804e-1,5.237431085888470e-1,1.3707697824e1,4.976e-1
425.189394,1.1774423026e-1,8.5598663641e-2,5.9751816365e-2,4.4042712614e-1,5.4647147661e-1,6.249966565093876e-1,5.237430977921470e-1,8.4750101016e1,7.099e-1
426.136364,1.4788764301e-1,2.8778641957e-3,5.8233801382e-1,3.2192689933e-1,1.9496287064e-1,6.249966454965638e-1,5.237430826915649e-1,3.9995311881e1,3.906e-1
427.083333,1.3460322779e-1,3.5311742355e-2,7.1047306980e-1,2.7602963832e-1,9.3575587721e-2,6.249966329952227e-1,5.237430590393520e-1,2.6632333312e1,6.788e-1
428.030303,1.4646298331e-1,8.3482883059e-2,4.8602368319e-2,6.5050693323e-1,3.2093808288e-1,6.249966253956675e-1,5.237430649739065e-1,6.2525312676e1,5.660e-1
428.977273,2.2580870960e-1,7.7529269877e-2,6.1034955568e-1,3.2174489232e-1,1.4560801523e-2,6.249966145021117e-1,5.237430272183949e-1,1.7310378489e1,5.145e-1
429.924242,3.2838264120e-1,3.6037264698e-2,4.6758955645e-2,5.9041795782e-1,2.4839639393e-1,6.249966066458513e-1,5.237430278234444e-1,5.1298450568e1,5.730e-1
430.871212,3.4337562729e-1,6.0809428779e-2,3.4131439987e-1,4.3613723270e-1,6.8356507477e-2,6.249965980598845e-1,5.237430043229309e-1,2.5729846274e1,5.731e-1
431.818182,3.1943113188e-1,1.9563178619e-1,1.1480365883e-2,5.0147201378e-1,2.2197788608e-1,6.249965919083320e-1,5.237429964176863e-1,4.5103095925e1,7.043e-1
432.765152,3.3620529967e-1,1.0371837399e-1,1.5501619885e-1,3.3902560942e-1,3.1602768721e-1,6.249965845717089e-1,5.237429782316455e-1,5.2916032453e1,4.015e-1
433.712121,2.1078178831e-1,3.0511731479e-1,2.7097283398e-1,2.5193758640e-1,2.1118363736e-1,6.249965804213446e-1,5.237429709250598e-1,3.7976916543e1,4.433e-1
434.659091,7.6606504104e-2,1.4482349629e-1,7.9309310347e-1,2.1230477792e-1,2.3165266789e-2,6.249965742916329e-1,5.237429637542741e-1,1.6431602115e1,5.745e-1
435.606061,5.8546314059e-2,2.3925849329e-2,5.7231255219e-1,3.2899518289e-1,2.6621322799e-1,6.249965632275445e-1,5.237429463003185e-1,4.9258764308e1,5.149e-1
436.553030,4.1368475403e-2,9.8153429730e-2,1.3946397466e-1,6.3030309400e-1,3.4070413726e-1,6.249965555279307e-1,5.237429496399970e-1,6.5112531471e1,5.202e-1
437.500000,1.6512605711e-2,8.3032106227e-1,2.2641704327e-1,1.4427061216e-1,3.2471774496e-2,6.249965489536892e-1,5.237429123384871e-1,1.2253281498e1,5.922e-1
438.446970,3.9739369015e-2,4.5839043681e-1,4.2688129698e-1,1.1677290784e-1,2.0820908504e-1,6.249965478413982e-1,5.237429113906985e-1,3.4739196870e1,3.759e-1
439.393939,8.6896546340e-2,6.3137229809e-2,7.3956575658e-2,3.0394922149e-1,7.2205350107e-1,6.249965371837090e-1,5.237428893547752e-1,1.0291059856e2,7.156e-1
440.340909,1.0936577365e-1,5.2587148883e-4,5.2841534499e-1,2.6540013239e-1,3.4628592716e-1,6.249965248353665e-1,5.237428774366798e-1,5.7100460303e1,5.726e-1
441.287879,1.0122838266e-1,1.5476446797e-2,7.2549178705e-1,2.3487697430e-1,1.7291943021e-1,6.249965105035822e-1,5.237428514433838e-1,3.5535251625e1,4.721e-1
442.234848,5.9546584370e-2,2.1244080393e-1,1.4832269385e-2,5.1703598749e-1,4.4613736389e-1,6.249965045317554e-1,5.237428448119021e-1,7.4224047232e1,6.580e-1
443.181818,2.8196788543e-2,2.1374323896e-1,3.3697113896e-2,5.4977923510e-1,4.2457659964e-1,6.249964880745521e-1,5.237428197562000e-1,7.2649902061e1,5.953e-1
444.128788,2.3731831047e-2,7.7393308179e-2,6.8468375693e-1,4.5792594428e-1,6.2581043057e-3,6.249964723704117e-1,5.237427933520838e-1,2.1098790155e1,5.758e-1
445.075758,4.4114487946e-2,2.5026947889e-1,7.1602345243e-4,7.5696152872e-1,1.9793140727e-1,6.249964631420962e-1,5.237427974983502e-1,5.0086313440e1,3.914e-1
446.022727,9.1104683500e-2,1.2914809981e-1,2.7429869429e-1,6.8652480541e-1,6.8916611536e-2,6.249964472730185e-1,5.237427635676438e-1,3.3288358145e1,4.634e-1
446.969697,2.0569877457e-1,1.6181436466e-1,2.0444560247e-1,5.8881474086e-1,8.9219393204e-2,6.249964378831787e-1,5.237427356952989e-1,3.2324196974e1,6.859e-1
447.916667,2.8712582529e-1,1.3533100417e-1,2.5876901309e-1,5.0938414297e-1,5.9382880433e-2,6.249964329771773e-1,5.237427219609273e-1,2.6385678296e1,6.830e-1
448.863636,2.6691070481e-1,2.1648388537e-1,8.1676696757e-2,2.1066892319e-1,4.7425264514e-1,6.249964276297446e-1,5.237426996723999e-1,6.8665580817e1,3.533e-1
449.810606,1.8288254780e-1,3.2857395370e-1,3.9925109593e-1,8.7071611063e-2,2.5221363867e-1,6.249964235823567e-1,5.237426950369114e-1,3.9012235252e1,5.648e-1
450.757576,5.9344709602e-2,3.1532150064e-1,6.0741219170e-1,1.4862760870e-1,1.1928683121e-1,6.249964209255503e-1,5.237426908338025e-1,2.5544410763e1,5.147e-1
451.704545,3.0976902217e-2,2.2899240075e-1,3.6485707570e-2,7.6843556645e-1,1.8510225348e-1,6.249964152349075e-1,5.237427162356816e-1,4.9048385485e1,3.704e-1
452.651515,4.8148457126e-2,2.7205956236e-1,6.1893473368e-1,1.6271428054e-1,1.4813577514e-1,6.249964044202142e-1,5.237426614525736e-1,2.9687907417e1,4.867e-1
453.598485,1.4896876232e-1,3.6543027188e-1,2.6756737438e-1,1.6648799550e-1,3.0153840289e-1,6.249964034783527e-1,5.237426592512364e-1,4.6870415345e1,5.309e-1
454.545455,2.3138037806e-1,1.1197392386e-1,1.6026531592e-1,2.3260747278e-1,5.1376571046e-1,6.249964005374171e-1,5.237426533489400e-1,7.4827210632e1,6.346e-1
455.492424,2.2949266782e-1,2.1965597735e-1,2.2404074965e-2,2.7455517719e-1,5.0388488369e-1,6.249963905053034e-1,5.237426359633925e-1,7.4016321670e1,4.790e-1
456.439394,2.8204385292e-1,1.8307949452e-1,9.6466214509e-2,4.8057038105e-1,2.0783282318e-1,6.249963830948376e-1,5.237426343228456e-1,4.3259764192e1,4.748e-1
457.386364,2.5696540225e-1,6.1809790281e-1,3.0110097564e-1,7.0556758784e-2,3.2717244941e-3,6.249963819907318e-1,5.237426210454358e-1,6.4500833282e0,5.393e-1
458.333333,3.2070970636e-1,4.3386953007e-1,2.4011943396e-1,1.8829271510e-1,6.7001377493e-2,6.249963814880878e-1,5.237426210858025e-1,1.7550592587e1,6.586e-1
459.280303,3.6577358355e-1,1.5271352392e-1,8.3401856933e-2,2.8014051932e-1,3.6796327325e-1,6.249963784856000e-1,5.237426189709765e-1,5.7219324290e1,3.538e-1
460.227273,2.5154422202e-1,1.3502681225e-1,4.0099147565e-1,1.6925649184e-1,2.9317373914e-1,6.249963704491389e-1,5.237426064256352e-1,4.6546203889e1,6.313e-1
461.174242,1.5607451800e-1,5.5747474403e-2,1.7103965015e-1,2.7111091157e-1,5.9602017472e-1,6.249963644216189e-1,5.237425930828340e-1,8.6523980944e1,5.877e-1
462.121212,1.0040082773e-1,4.1263037522e-2,7.1291398297e-1,1.7207025453e-1,2.2334459122e-1,6.249963469910339e-1,5.237425688337004e-1,3.9930394174e1,8.224e-1
463.068182,7.8462778022e-2,1.5599730636e-2,8.4919294081e-2,3.7173269108e-1,6.9927818878e-1,6.249963413010375e-1,5.237425520073288e-1,1.0215283948e2,4.558e-1
464.015152,5.7049733600e-2,1.1702151988e-1,4.4043445087e-1,4.7090072156e-1,1.6458622976e-1,6.249963278337018e-1,5.237425463545127e-1,3.9921904013e1,5.943e-1
464.962121,2.7057977010e-2,2.4434396615e-1,1.5884603463e-2,5.3934812732e-1,4.2335795810e-1,6.249963160222265e-1,5.237425195788548e-1,7.2078252460e1,6.487e-1
465.909091,2.0477859836e-2,1.9960714767e-1,1.6786188780e-2,6.7215148168e-1,3.4096991937e-1,6.249962986664128e-1,5.237425024210811e-1,6.5696739828e1,4.314e-1
466.856061,3.5484897496e-2,2.5073062548e-1,9.0187579579e-3,7.3932322634e-1,2.1543505667e-1,6.249962819675178e-1,5.237424793900100e-1,5.1825384259e1,5.601e-1
467.803030,7.6741798481e-2,8.5180588723e-2,5.0001230671e-1,4.3362811306e-1,1.5442973021e-1,6.249962685930267e-1,5.237424312185470e-1,3.7851935615e1,6.295e-1
468.750000,9.5568703786e-2,1.9630634686e-3,9.9217526422e-2,8.2643367195e-1,2.2680955270e-1,6.249962591622811e-1,5.237424537444910e-1,5.6322950938e1,8.735e-1
469.696970,9.2061574071e-2,1.1203165281e-2,4.2555995870e-1,4.3978196480e-1,2.8138583541e-1,6.249962491316773e-1,5.237423938907048e-1,5.3563326593e1,6.232e-1
470.643939,6.1920697163e-2,1.3769685948e-1,5.5467930782e-1,4.1328451591e-1,8.2411085937e-2,6.249962331544826e-1,5.237423693117338e-1,2.8517512039e1,6.339e-1
471.590909,1.8650300773e-2,7.3064977992e-1,2.8359623951e-1,1.4451214121e-1,7.2584002990e-2,6.249962322014549e-1,5.237423554025522e-1,1.7654535528e1,5.577e-1
472.537879,3.2267402288e-2,4.5560494762e-1,4.1478637106e-1,1.1017532392e-1,2.3715841896e-1,6.249962319255197e-1,5.237423555349290e-1,3.8127522557e1,4.702e-1
473.484848,6.9772650037e-2,4.7828271183e-2,1.7170907669e-1,2.6172997312e-1,6.9895248050e-1,6.249962257673475e-1,5.237423395835881e-1,9.9345492125e1,6.348e-1
474.431818,8.7685045231e-2,5.4620777328e-3,7.1685798682e-1,1.8252141344e-1,2.5746588867e-1,6.249962059491616e-1,5.237423107823714e-1,4.4585949553e1,3.755e-1
475.378788,7.7805990523e-2,3.2460999280e-2,4.9453108729e-2,3.7435177120e-1,7.1592053074e-1,6.249962002399648e-1,5.237422920470500e-1,1.0411653448e2,5.627e-1
476.325758,4.8661263033e-2,2.7961063357e-1,5.0163915013e-1,2.0688814560e-1,2.1319317603e-1,6.249961841839906e-1,5.237422673133022e-1,3.8505812290e1,4.582e-1
477.272727,1.3189051171e-2,7.0900773815e-1,4.2253362770e-1,4.3672015041e-2,6.1589936198e-2,6.249961841322141e-1,5.237422631913672e-1,1.4085895338e1,7.759e-1
478.219697,4.8970491166e-3,4.1047583570e-1,4.5713444909e-1,3.2961793796e-1,4.7867097239e-2,6.249961845484885e-1,5.237422650254385e-1,2.1155238250e1,5.967e-1
479.166667,1.0023802126e-2,1.0529987225e-1,1.9426893223e-1,3.8568486077e-1,5.5471488809e-1,6.249961777352067e-1,5.237422531719408e-1,8.5115184324e1,4.407e-1
480.113636,1.6072929702e-2,3.7286531716e-2,1.6098199532e-1,2.5957801573e-1,7.7607284840e-1,6.249961604309064e-1,5.237422075464661e-1,1.0901428659e2,7.561e-1
481.060606,1.9853237707e-2,6.7773590874e-3,4.3694911237e-1,4.8348337866e-1,3.0292920018e-1,6.249961440049201e-1,5.237422017670346e-1,5.7765479976e1,6.939e-1
482.007576,2.3925699294e-2,1.7068113385e-2,2.4106374568e-1,3.6513262745e-1,6.0280207282e-1,6.249961293134012e-1,5.237421512025973e-1,9.0817518441e1,5.782e-1
482.954545,3.6278574238e-2,1.1889605263e-1,3.2907006495e-1,5.1298910399e-1,2.5275843693e-1,6.249961163659741e-1,5.237421449445696e-1,5.1657223166e1,4.718e-1
483.901515,6.5088174962e-2,9.0105271704e-2,1.6407067714e-1,2.8063944895e-1,6.5008863684e-1,6.249961047964916e-1,5.237421024908776e-1,9.3717127930e1,3.214e-1
484.848485,8.6422396564e-2,1.5148289919e-2,3.5274630378e-1,3.7294321890e-1,4.2273196844e-1,6.249960888033750e-1,5.237420823495172e-1,6.8939353174e1,3.225e-1
485.795455,1.0821029717e-1,1.1472980161e-2,2.0732421328e-2,3.3496431365e-1,7.7461213770e-1,6.249960750008581e-1,5.237420414733096e-1,1.1011212214e2,8.482e-1
486.742424,1.1732202481e-1,3.9404824277e-3,3.6672897993e-2,2.3079433175e-1,8.6126237336e-1,6.249960551684828e-1,5.237419970930712e-1,1.1798692757e2,3.896e-1
487.689394,1.0776710108e-1,2.5591552284e-2,2.7278687552e-1,1.7856262529e-1,6.6528391552e-1,6.249960348460522e-1,5.237419617976798e-1,9.3157706855e1,8.152e-1
488.636364,7.1665913830e-2,1.8762838268e-1,2.8871812922e-1,1.1021849033e-1,5.9176113084e-1,6.249960234519223e-1,5.237419410798666e-1,8.1993251195e1,4.505e-1
489.583333,2.8229829719e-2,3.5528037803e-1,6.0466137096e-1,1.5583054846e-1,1.0598990913e-1,6.249960181447050e-1,5.237419369721181e-1,2.4115252557e1,7.462e-1
490.530303,3.5104183214e-2,4.8620552840e-1,3.6522405859e-1,2.2868044014e-1,1.3477782480e-1,6.249960175714764e-1,5.237419345780651e-1,2.8481091276e1,6.949e-1
491.477273,1.0623663957e-1,3.5073894553e-1,3.4289139124e-1,5.1987151280e-2,3.9813790627e-1,6.249960169458010e-1,5.237419323115773e-1,5.6122968184e1,5.207e-1
492.424242,1.7896491863e-1,1.7047978995e-1,4.3643499768e-1,2.0517468365e-1,2.5893763659e-1,6.249960132545104e-1,5.237419284468674e-1,4.3631529381e1,4.633e-1
493.371212,1.5983728175e-1,2.8074546613e-1,2.0888690385e-1,5.3504315602e-1,6.5479214734e-2,6.249960112381141e-1,5.237419307642665e-1,2.7815225283e1,6.213e-1
494.318182,8.9916995326e-2,5.2085140060e-1,5.0846343329e-1,3.8841186503e-3,1.2687606819e-1,6.249960080290236e-1,5.237419184634428e-1,2.1518797290e1,5.637e-1
495.265152,2.9705015705e-2,6.7503353484e-1,2.7578785937e-1,1.1751313039e-1,1.5195247429e-1,6.249960072953340e-1,5.237419176827230e-1,2.6781559334e1,7.050e-1
496.212121,1.1308505618e-2,1.7220468135e-1,4.8050163724e-1,3.9503629113e-1,1.9094088949e-1,6.249960024183389e-1,5.237419208838493e-1,4.1275671885e1,5.608e-1
497.159091,8.9869999396e-3,5.5102731276e-2,2.1149814387e-1,5.2155789210e-1,4.5284621181e-1,6.249959894980328e-1,5.237418947936325e-1,7.6460851772e1,6.705e-1
498.106061,1.3460326466e-2,3.2644823721e-1,1.7265387373e-1,6.2186928588e-1,1.1556023192e-1,6.249959776024606e-1,5.237418855705368e-1,3.6732384461e1,4.080e-1
499.053030,2.8801381929e-2,1.6815129018e-1,7.9476879064e-1,2.0433676871e-1,5.3933706750e-2,6.249959690997660e-1,5.237418539405542e-1,2.0151144659e1,7.130e-1
500.000000,3.5276509809e-2,1.9526579606e-1,2.0658800691e-2,3.2394038923e-1,6.7485043023e-1,6.249959630121814e-1,5.237418371212184e-1,9.7320387777e1,4.231e-1
500.946970,5.1993319124e-2,2.5316756013e-1,3.8294027115e-1,9.6012688508e-2,4.6587805977e-1,6.249959493426186e-1,5.237418128615748e-1,6.6300651632e1,6.822e-1
501.893939,7.7239360989e-2,7.3293733458e-1,1.5558956100e-1,1.9582289493e-1,8.8402748003e-2,6.249959497499310e-1,5.237418134307016e-1,2.0331095220e1,4.085e-1
502.840909,1.5616802715e-1,4.2562325896e-1,8.4614812065e-2,3.4952184772e-1,2.3406394747e-1,6.249959466861610e-1,5.237418155172426e-1,4.2751133432e1,5.985e-1
503.787879,2.9055122547e-1,1.4540861731e-1,5.2914876892e-2,4.8979501200e-1,2.7132214607e-1,6.249959388669754e-1,5.237418132904137e-1,5.1262086944e1,6.124e-1
504.734848,3.3260989646e-1,3.5277874641e-1,4.0432553818e-1,1.5017256247e-1,1.0105127335e-2,6.249959354308697e-1,5.237417962040611e-1,1.0205445045e1,5.117e-1
505.681818,3.9749030996e-1,4.5899066460e-1,2.0561110660e-1,2.7238715658e-2,1.6066107430e-1,6.249959355547875e-1,5.237417944405197e-1,2.4197871749e1,6.426e-1
506.628788,4.7026275753e-1,3.8952733813e-1,3.1191001765e-1,9.4308784466e-3,6.8860879361e-2,6.249959355605748e-1,5.237417941549478e-1,1.2625446865e1,3.793e-1
507.575758,4.9390319004e-1,4.4123402238e-1,1.4113173540e-1,1.3553890501e-1,3.8184017303e-2,6.249959350661106e-1,5.237417944121793e-1,1.1483272698e1,6.780e-1
508.522727,5.3059029346e-1,2.8609376213e-1,5.8335007116e-2,1.5216738562e-1,2.2280542033e-1,6.249959343266007e-1,5.237417945154630e-1,3.4692612870e1,6.996e-1
509.469697,3.4094408951e-1,4.2146683462e-1,2.8005031211e-1,8.3828204221e-2,1.2370242593e-1,6.249959331923002e-1,5.237417924554084e-1,2.1770221265e1,4.310e-1
510.416667,1.0360598121e-1,6.3240526851e-1,4.5815363122e-1,1.6826199767e-3,5.4144366158e-2,6.249959335332772e-1,5.237417928134177e-1,1.1966165285e1,7.506e-1
511.363636,3.3282466547e-2,2.2301491918e-1,2.5432433785e-1,5.3252023470e-1,2.0684990293e-1,6.249959306014310e-1,5.237417992374452e-1,4.6014700859e1,3.851e-1
512.310606,1.8015281736e-2,7.1434427488e-2,1.1439669779e-1,7.4229389629e-1,3.0385151967e-1,6.249959114867060e-1,5.237417856805550e-1,6.3713449277e1,5.315e-1
513.257576,1.2489914087e-2,6.4127917386e-2,3.6975556683e-1,3.2722327940e-1,4.7639512790e-1,6.249959028075006e-1,5.237417371903819e-1,7.4542266639e1,6.902e-1
514.204545,6.3786329189e-3,1.8689652169e-1,4.0375142624e-2,4.7140402128e-1,5.4493744885e-1,6.249958836844958e-1,5.237417021047619e-1,8.5536905635e1,6.376e-1
515.151515,2.5995361749e-3,2.3045850959e-1,5.1633404778e-1,4.7607184669e-1,2.4527807509e-2,6.249958738717782e-1,5.237416907096940e-1,2.2966747625e1,6.811e-1
516.098485,2.6675974353e-3,4.7082800217e-1,1.5369009387e-1,5.3825468352e-1,8.4551365231e-2,6.249958711103202e-1,5.237416873850963e-1,3.0219235176e1,6.939e-1
517.045455,6.7893067434e-3,1.1193108522e-1,6.3033220751e-1,4.0466790945e-1,9.6271222442e-2,6.249958656863819e-1,5.237416794358349e-1,3.0542004059e1,5.923e-1
517.992424,1.0016747781e-2,1.1047395078e-1,2.1165135792e-1,3.1101060554e-1,6.0683904900e-1,6.249958555125432e-1,5.237416420244667e-1,8.9546904789e1,7.546e-1
518.939394,1.5227826373e-2,5.5857673025e-1,3.6579438579e-1,3.6857074813e-2,2.7353567810e-1,6.249958476584184e-1,5.237416321927515e-1,4.0243115651e1,7.340e-1
519.886364,3.2286495074e-2,6.5284866458e-1,2.2149267337e-1,1.2209510252e-1,2.2126875748e-1,6.249958465154443e-1,5.237416311748104e-1,3.5323226202e1,4.313e-1
520.833333,6.9165286663e-2,1.1512347958e-1,4.5642738597e-1,5.8537698080e-1,2.3898551307e-2,6.249958421637098e-1,5.237416428190280e-1,2.5707326643e1,2.531e-1
521.780303,1.0184852204e-1,2.3285319785e-2,3.6099562517e-1,6.7687779417e-1,8.6984394148e-2,6.249958276561778e-1,5.237416286814391e-1,3.5779551766e1,5.994e-1
522.727273,1.4699176924e-1,6.2424195100e-2,1.0511923980e-1,5.5796588754e-1,3.7749054355e-1,6.249958176204571e-1,5.237415938831710e-1,6.7212996169e1,5.249e-1
523.674242,2.1973583587e-1,3.3216982451e-2,3.0230090489e-1,5.0554887217e-1,1.8918900791e-1,6.249958016447270e-1,5.237415670764356e-1,4.2988466044e1,7.022e-1
524.621212,2.7384282732e-1,6.3171770176e-2,1.8903179302e-1,3.9975506658e-1,3.2419013417e-1,6.249957956264272e-1,5.237415464129773e-1,5.6064018602e1,6.286e-1
525.568182,2.6829909006e-1,1.1927279665e-1,3.7912267274e-3,6.7706497797e-1,1.8156348037e-1,6.249957858818058e-1,5.237415482974969e-1,4.5309229734e1,5.045e-1
526.515152,2.4188180204e-1,8.0765093337e-2,2.6117075348e-1,5.4233333569e-1,1.2384056950e-1,6.249957770262101e-1,5.237415235131365e-1,3.5578096754e1,4.007e-1
527.462121,1.6075462044e-1,9.8211878035e-2,2.1148598375e-1,6.7947053397e-1,1.0006852367e-1,6.249957699331250e-1,5.237415253636439e-1,3.6520517053e1,4.499e-1
528.409091,9.0770435269e-2,1.2457162176e-1,4.0063812522e-2,8.0924768197e-1,1.8533795825e-1,6.249957548870083e-1,5.237415144059158e-1,5.0234223441e1,6.959e-1
529.356061,7.3043421279e-2,2.1472525868e-2,5.6412249627e-1,4.6634055808e-1,1.2501248509e-1,6.249957432938515e-1,5.237414615157646e-1,3.5516942683e1,7.474e-1
530.303030,6.7664437216e-2,1.8767481860e-2,6.0463393570e-1,4.9470956531e-1,6.4216033232e-2,6.249957266576656e-1,5.237414407105461e-1,2.8958797011e1,6.838e-1
531.250000,4.7947459862e-2,2.2712615022e-1,3.6920685020e-2,4.3238293941e-1,5.0561420321e-1,6.249957188565282e-1,5.237414118120223e-1,7.9328463582e1,6.165e-1
532.196970,5.7301672271e-2,1.2383217707e-1,1.8344414973e-1,3.9772566540e-1,4.8768773708e-1,6.249957007717238e-1,5.237413799280120e-1,7.6895120027e1,6.769e-1
533.143939,8.6048719958e-2,1.6724198758e-1,6.1756809899e-2,3.1770105907e-1,6.1724279541e-1,6.249956859570508e-1,5.237413477031334e-1,9.0045074517e1,4.785e-1
534.090909,1.2863317424e-1,2.1013246158e-2,5.4797887155e-1,2.2789178666e-1,3.2447426947e-1,6.249956740429183e-1,5.237413324621658e-1,5.3315417717e1,6.451e-1
535.037879,1.4838875835e-1,3.6698999919e-2,1.3221682873e-1,3.2664311526e-1,6.0604361940e-1,6.249956608281977e-1,5.237413027621538e-1,8.9231489981e1,4.883e-1
535.984848,1.8430602678e-1,1.1799923607e-2,4.6863604972e-1,4.0082694234e-1,1.8442235580e-1,6.249956491263227e-1,5.237412951053275e-1,4.0297364956e1,4.834e-1
536.931818,1.8889879937e-1,6.4556171565e-3,1.5426341566e-1,4.9610970211e-1,4.0426374029e-1,6.249956372933103e-1,5.237412710962578e-1,6.8962737184e1,5.852e-1
537.878788,1.5204801722e-1,2.9007317781e-2,3.4709594196e-1,6.4292873957e-1,7.8911236647e-2,6.249956265858143e-1,5.237412690838081e-1,3.3585164137e1,2.762e-1
538.825758,1.2859214610e-1,2.2472686756e-2,2.7282252981e-1,7.0167596281e-1,1.2442789823e-1,6.249956118472001e-1,5.237412464829497e-1,4.0672223468e1,4.481e-1
539.772727,8.2734823049e-2,1.9802091322e-1,1.2617361035e-1,6.1457535031e-1,2.2848650507e-1,6.249956009971488e-1,5.237412158136092e-1,5.0359481980e1,4.726e-1
540.719697,4.6131494621e-2,1.0736283880e-1,4.7957451420e-1,5.6305932782e-1,5.3862997477e-2,6.249955864605213e-1,5.237411929495166e-1,2.8986749706e1,6.146e-1
541.666667,3.1069425800e-2,2.4927472035e-1,1.0962183797e-2,4.7466825958e-1,4.8401655962e-1,6.249955745729160e-1,5.237411555073732e-1,7.7745285562e1,6.199e-1
542.613636,3.2119940450e-2,8.0604819388e-2,6.7406969187e-1,2.9182487838e-1,1.7137178773e-1,6.249955589106073e-1,5.237411307504933e-1,3.6843812081e1,5.384e-1
543.560606,3.9858678060e-2,2.5074325906e-1,2.4883088901e-2,3.0058769687e-1,6.3391837705e-1,6.249955499701217e-1,5.237411029059559e-1,9.1480839130e1,7.956e-1
544.507576,6.6729437707e-2,7.0827633475e-2,5.8827699151e-1,2.4329218711e-1,2.8086482201e-1,6.249955359073380e-1,5.237410862311898e-1,4.8617283123e1,5.142e-1
545.454545,1.0765658420e-1,1.3757179316e-1,2.2132804046e-3,3.6510580382e-1,6.3744358688e-1,6.249955242345553e-1,5.237410581854482e-1,9.3622842964e1,5.316e-1
546.401515,1.7378106413e-1,5.3085349098e-2,1.1638805783e-2,4.3051774033e-1,5.8096805212e-1,6.249955057309923e-1,5.237410291350553e-1,8.8426650038e1,6.367e-1
547.348485,2.1650442866e-1,1.4468631413e-2,1.9789325430e-4,5.0011138850e-1,5.1870863266e-1,6.249954872442577e-1,5.237410008045742e-1,8.2537042036e1,5.905e-1
548.295455,1.9563399691e-1,3.7279790766e-2,5.2713794053e-3,5.7713124957e-1,4.3467452094e-1,6.249954687982482e-1,5.237409747054028e-1,7.4321086282e1,4.418e-1
549.242424,1.3887136970e-1,5.9424988804e-2,1.7729868689e-1,6.1535618083e-1,2.5903967663e-1,6.249954514254744e-1,5.237409499315333e-1,5.4455151553e1,6.967e-1
550.189394,7.4602200946e-2,3.1202002501e-1,1.4865095199e-1,5.7672956705e-1,1.3798813446e-1,6.249954397258942e-1,5.237409237390974e-1,3.7968376123e1,7.579e-1
551.136364,8.6170630508e-2,3.0890004425e-1,5.4154316890e-1,2.8064137874e-1,3.2735649411e-2,6.249954359009091e-1,5.237409041576179e-1,1.8163917999e1,6.962e-1
552.083333,2.1761672357e-1,1.0810786750e-1,2.6549217839e-1,2.9625299873e-1,3.6252109015e-1,6.249954291665054e-1,5.237408909610989e-1,5.8331757023e1,4.943e-1
553.030303,2.6879571911e-1,3.0059110785e-3,1.6365448058e-1,4.0658633247e-1,4.0794839397e-1,6.249954185998770e-1,5.237408764831666e-1,6.6677802593e1,4.590e-1
553.977273,1.9164228081e-1,8.2866113856e-2,1.3112490787e-2,4.3953587320e-1,5.2283405030e-1,6.249954044779436e-1,5.237408500181661e-1,8.1354359675e1,6.474e-1
554.924242,1.0364948782e-1,1.3926197908e-1,2.7529898309e-2,5.0601418584e-1,4.7353522378e-1,6.249953874125113e-1,5.237408251552438e-1,7.7355550479e1,3.512e-1
555.871212,5.1241984169e-2,1.9648429738e-1,3.8103282960e-2,5.7424695468e-1,3.8991422132e-1,6.249953702509651e-1,5.237408009735784e-1,6.9008338729e1,6.698e-1
556.818182,3.4556861815e-2,1.9615065131e-1,1.8641471224e-2,6.0970916209e-1,3.9093256111e-1,6.249953537717539e-1,5.237407745930528e-1,7.0108772512e1,7.740e-1
557.765152,4.9604026483e-2,2.3320919373e-1,2.5852958924e-1,6.3479300054e-1,7.3854867619e-2,6.249953388061434e-1,5.237407525424620e-1,3.2326256187e1,7.106e-1
558.712121,1.2684854620e-1,3.0196425701e-1,4.4656285178e-1,8.7094449234e-2,2.8752056130e-1,6.249953327575095e-1,5.237407169624340e-1,4.3829509823e1,4.482e-1
559.659091,2.3350475929e-1,4.5634684845e-1,9.1714398348e-2,1.6054227480e-1,3.0788238423e-1,6.249953325587803e-1,5.237407155265387e-1,4.6309459238e1,5.452e-1
560.606061,3.3060201563e-1,2.9188808067e-1,3.5006225671e-1,2.4674265387e-1,3.0695657373e-2,6.249953321235376e-1,5.237407156011736e-1,1.5374384290e1,5.898e-1
561.553030,3.1449325793e-1,3.3890324985e-1,4.3779611528e-1,8.6001105993e-2,7.2796932589e-2,6.249953308211386e-1,5.237407124700214e-1,1.6407464814e1,6.429e-1
562.500000,2.5607183195e-1,5.4443901771e-1,1.2285166860e-1,1.6294072048e-1,1.6368742164e-1,6.249953301881229e-1,5.237407124930384e-1,2.8365820326e1,7.044e-1
563.446970,2.2382034140e-1,3.2535185001e-1,1.4113295172e-1,1.3627597840e-1,4.2340953631e-1,6.249953289159562e-1,5.237407105188955e-1,6.0448929440e1,4.362e-1
564.393939,1.6790191376e-1,1.5191080436e-1,4.8733884860e-1,3.8357656076e-1,5.9262514882e-2,6.249953211819346e-1,5.237407094374211e-1,2.4146535204e1,5.075e-1
565.340909,1.8427311575e-1,3.9371866276e-2,6.3358744260e-2,4.7435306050e-1,4.8863383513e-1,6.249953109612578e-1,5.237406899124387e-1,7.8402179078e1,5.571e-1
566.287879,2.0333921973e-1,9.4045025497e-3,5.3264312377e-1,2.5051498422e-1,2.5408877257e-1,6.249953014203963e-1,5.237406700883372e-1,4.4921465990e1,4.340e-1
567.234848,1.9716718954e-1,1.2886797690e-2,3.2976141759e-1,2.9711992810e-1,4.1305524328e-1,6.249952880966970e-1,5.237406459859345e-1,6.5141357369e1,4.811e-1
568.181818,1.6162592910e-1,1.5231641022e-2,1.7590430059e-1,3.1205255037e-1,5.8517614347e-1,6.249952822755969e-1,5.237406322865232e-1,8.6406738627e1,4.350e-1
569.128788,1.2383523492e-1,1.6377747520e-2,8.3488472921e-1,2.1613210906e-1,5.8760712567e-2,6.249952666386389e-1,5.237406123618756e-1,2.1211349645e1,3.661e-1
570.075758,9.1201228704e-2,9.1642090097e-2,1.6172540249e-1,4.4838959976e-1,4.5703219623e-1,6.249952586412362e-1,5.237405973471752e-1,7.4371276325e1,6.680e-1
571.022727,7.1021432965e-2,6.6966882822e-1,1.8608090972e-1,9.8036459181e-2,2.2518287296e-1,6.249952515241000e-1,5.237405770666173e-1,3.4824070084e1,3.381e-1
571.969697,1.0854576498e-1,6.7353135947e-1,2.1452053629e-1,1.8222080380e-1,7.1172039490e-2,6.249952520124266e-1,5.237405766488101e-1,1.8058586668e1,5.173e-1
572.916667,1.7124168864e-1,1.7796960328e-1,4.0331817161e-1,3.2356044324e-1,1.7390059456e-1,6.249952506699989e-1,5.237405797140106e-1,3.6281315712e1,5.660e-1
573.863636,1.5892563842e-1,1.3097205466e-1,1.3488683694e-1,1.5417228922e-1,6.7103366763e-1,6.249952434343272e-1,5.237405567467934e-1,9.2246324336e1,6.485e-1
574.810606,1.3632881384e-1,3.1687100071e-2,3.8610401187e-1,1.7506912566e-1,5.2080140837e-1,6.249952299075264e-1,5.237405357717380e-1,7.5485162994e1,6.637e-1
575.757576,1.2957564737e-1,4.4119480279e-2,1.1247534046e-2,2.1358557271e-1,8.5146220156e-1,6.249952179808569e-1,5.237405045891377e-1,1.1606490718e2,3.793e-1
576.704545,1.2855681805e-1,6.3482603654e-2,1.9507225700e-1,2.3059198346e-1,6.3228673471e-1,6.249951984381488e-1,5.237404719053211e-1,9.0063467186e1,7.949e-1
577.651515,1.4585687322e-1,2.1306348821e-1,2.0065184410e-1,2.9241394978e-1,3.9800422101e-1,6.249951881574642e-1,5.237404565579717e-1,6.2406056848e1,4.548e-1
578.598485,1.5505485531e-1,5.6480126192e-1,2.8256187181e-1,1.1416009521e-1,1.3341228803e-1,6.249951861400508e-1,5.237404514320984e-1,2.4197520841e1,3.401e-1
579.545455,2.3183159430e-1,6.7901275705e-1,1.4934157459e-1,6.6243149431e-2,1.2356129595e-1,6.249951856579282e-1,5.237404518017219e-1,2.0604300571e1,6.610e-1
580.492424,3.7969418131e-1,8.3704078135e-2,1.9965888036e-1,4.9618574894e-1,9.0747477132e-2,6.249951829370519e-1,5.237404606927244e-1,2.9448147329e1,5.691e-1
581.439394,2.9138254819e-1,1.5928563987e-1,8.6059323325e-3,4.3493453544e-1,3.5578169382e-1,6.249951748224843e-1,5.237404437466017e-1,5.9991071956e1,5.565e-1
582.386364,1.8740896947e-1,1.2284543692e-1,2.5735358336e-1,4.1004708011e-1,2.7233525670e-1,6.249951632833340e-1,5.237404274111471e-1,5.0378643447e1,6.393e-1
583.333333,1.9761959912e-1,1.5988145941e-1,6.0666595690e-2,4.0572899294e-1,4.2609365846e-1,6.249951528064249e-1,5.237404063445352e-1,6.8427221541e1,4.814e-1
584.280303,2.9303513509e-1,8.5897507412e-2,1.4528732279e-2,3.5685434387e-1,4.9967456415e-1,6.249951414033189e-1,5.237403847426991e-1,7.5812225656e1,7.016e-1
585.227273,3.4412133880e-1,1.3609574576e-2,2.0473744891e-1,3.1033445568e-1,3.7718744120e-1,6.249951295830661e-1,5.237403662533817e-1,6.0047874465e1,3.894e-1
586.174242,2.7206461947e-1,4.7987301882e-2,1.7912145329e-1,3.5994151958e-1,3.9087534416e-1,6.249951191891400e-1,5.237403510041823e-1,6.3215151218e1,4.829e-1
587.121212,1.7099026007e-1,1.4560412261e-1,7.8301562094e-2,3.7711358397e-1,4.7798068488e-1,6.249951068111232e-1,5.237403291405829e-1,7.4252278224e1,6.494e-1
588.068182,1.3846686377e-1,2.5049955771e-1,4.3255893679e-3,3.4886079688e-1,5.0783738259e-1,6.249950951637198e-1,5.237403078270396e-1,7.6771567734e1,4.807e-1
589.015152,1.8591607556e-1,7.6403560241e-2,4.4961958452e-1,2.1975671769e-1,3.1829422729e-1,6.249950826501943e-1,5.237402885694328e-1,5.1616597893e1,6.250e-1
589.962121,1.7964368659e-1,2.9526297296e-2,8.7144162960e-2,3.9390922470e-1,5.5976678279e-1,6.249950771673252e-1,5.237402795891030e-1,8.5101271129e1,7.166e-1
590.909091,9.5791443013e-2,3.9620154534e-1,5.0738944040e-1,1.6301925126e-1,8.7588452681e-2,6.249950663477986e-1,5.237402592155651e-1,2.1327352319e1,5.005e-1
591.856061,3.2104223782e-2,7.1714166904e-1,3.1473010255e-1,1.1453788175e-1,7.1476255723e-2,6.249950664229672e-1,5.237402574394298e-1,1.6782349219e1,7.453e-1
592.803030,6.6974887744e-2,9.0772990986e-2,1.4868135676e-1,4.3936703702e-1,5.0419384523e-1,6.249950588688492e-1,5.237402529489146e-1,8.0001041654e1,4.534e-1
593.750000,9.1997817253e-2,2.2081175558e-2,7.5288329673e-1,3.7081009756e-1,1.2217703354e-2,6.249950452240571e-1,5.237402339757631e-1,1.9543016785e1,7.137e-1
594.696970,1.1442431313e-1,7.9311242089e-2,3.2666128164e-1,5.6740503192e-1,1.6218820099e-1,6.249950348873832e-1,5.237402224811971e-1,4.1746175642e1,5.700e-1
595.643939,2.3239365129e-1,2.4843851273e-1,1.9445466145e-1,4.8785082648e-1,8.6852405304e-2,6.249950286248979e-1,5.237402044609708e-1,2.8897045469e1,4.933e-1
596.590909,4.1498006284e-1,6.0566633838e-2,3.1806433662e-1,3.6990340741e-1,8.6475605362e-2,6.249950230395517e-1,5.237401898466576e-1,2.5778924516e1,4.688e-1
597.537879,3.0429864578e-1,3.9182703389e-1,7.0805791793e-2,1.6255761062e-1,3.2050095810e-1,6.249950200938501e-1,5.237401784157610e-1,4.7728215902e1,6.078e-1
598.484848,1.6031993382e-1,6.3814835328e-1,1.5584143164e-1,1.9256157534e-1,1.0311874512e-1,6.249950195970879e-1,5.237401773375313e-1,2.1964357913e1,4.760e-1
599.431818,1.1243613063e-1,1.2901999682e-1,6.2033949482e-1,1.8105514160e-1,2.0713926825e-1,6.249950160584729e-1,5.237401745506733e-1,3.7584564885e1,2.768e-1
600.378788,9.0073557328e-2,9.8546908499e-2,6.7759359672e-1,1.6150525271e-1,2.2227069422e-1,6.249950047379930e-1,5.237401553000651e-1,3.9281696316e1,4.557e-1
601.325758,3.3362423206e-2,5.1257859693e-1,1.3687070397e-1,2.1484398987e-1,3.5233429202e-1,6.249950029945468e-1,5.237401504163071e-1,5.4110601092e1,4.928e-1
602.272727,1.4825598877e-2,1.0249911899e-1,2.2365440964e-1,3.2248890031e-1,5.8652197311e-1,6.249950004679544e-1,5.237401450590727e-1,8.7396103683e1,4.771e-1
603.219697,2.0368533483e-2,3.6360295790e-1,6.9779563543e-1,8.9434411852e-2,7.8788442952e-2,6.249949908122124e-1,5.237401290670916e-1,1.9266577143e1,5.798e-1
604.166667,7.8056669378e-2,3.4911262600e-1,6.6963908478e-1,5.8288219029e-2,9.4893379518e-2,6.249949893557920e-1,5.237401247259204e-1,2.0105941852e1,4.506e-1
605.113636,1.5620535577e-1,2.5569516149e-1,3.9277292511e-2,5.6352203375e-1,2.3529012539e-1,6.249949844548293e-1,5.237401321516808e-1,4.9053552471e1,7.276e-1
606.060606,3.0147845671e-1,3.1168170936e-1,2.9759011348e-1,1.9225253678e-1,1.4698714462e-1,6.249949804766053e-1,5.237401085829239e-1,2.8121259243e1,5.049e-1
607.007576,5.9381524053e-1,6.0097072209e-1,3.5204688677e-2,1.7427822546e-2,2.5714873213e-3,6.249949805776867e-1,5.237401068736058e-1,2.6673272724e0,5.845e-1
607.954545,8.8908681044e-1,2.4709995129e-1,5.5221853405e-2,2.8683755371e-2,2.9897590615e-2,6.249949805635613e-1,5.237401068605121e-1,6.1252899056e0,8.673e-1
608.901515,5.6970977850e-1,4.1256107949e-1,2.5480992176e-1,2.7003656662e-3,1.0208815757e-2,6.249949805885704e-1,5.237401068619308e-1,4.5415965405e0,7.423e-1
609.848485,2.8486790153e-1,4.3132473458e-1,2.6231515731e-1,7.5935545760e-2,1.9554662109e-1,6.249949801322107e-1,5.237401071822398e-1,3.0563509642e1,4.200e-1
610.795455,1.1580764896e-1,2.3489529523e-1,3.6349229393e-1,1.6120029406e-1,3.7459442380e-1,6.249949779887255e-1,5.237401040815258e-1,5.6542128423e1,5.830e-1
611.742424,5.6510125104e-2,1.1020927383e-1,4.3865887173e-2,3.5579918006e-1,6.8360546249e-1,6.249949643297927e-1,5.237400770887206e-1,9.9486673669e1,2.659e-1
612.689394,3.6718636566e-2,5.0540895095e-2,8.0664828062e-1,1.8671757836e-1,1.6936450067e-1,6.249949456557875e-1,5.237400528485927e-1,3.4226245947e1,5.041e-1
613.636364,1.7787782944e-2,2.5886954462e-1,1.7433193189e-2,2.5038200557e-1,7.0551735189e-1,6.249949391030933e-1,5.237400291583717e-1,9.8984543746e1,8.386e-1
614.583333,1.0295630174e-2,9.6683853136e-2,6.1195170112e-1,2.4920869061e-1,2.8184997013e-1,6.249949225806819e-1,5.237400107478225e-1,4.9145603406e1,6.851e-1
615.530303,5.6758980607e-3,2.4115809606e-1,4.3027902366e-2,2.7920212907e-1,6.8092580120e-1,6.249949133753561e-1,5.237399829588358e-1,9.6922348044e1,4.907e-1
616.477273,5.1313845965e-3,1.0795556677e-1,4.5938768381e-1,4.4202189053e-1,2.3549327126e-1,6.249948984865158e-1,5.237399759308334e-1,4.8181417514e1,6.776e-1
617.424242,5.5710913269e-3,2.1489071176e-1,7.7563384514e-3,5.1107249818e-1,5.1069913143e-1,6.249948855731839e-1,5.237399432423043e-1,8.2218426441e1,7.045e-1
618.371212,8.9664367260e-3,2.1056635979e-1,6.7313897579e-2,6.6116165510e-1,3.0198138517e-1,6.249948671864342e-1,5.237399257281662e-1,6.0774917384e1,7.931e-1
619.318182,1.9184614396e-2,1.4184564176e-1,3.6442514448e-1,3.5742828262e-1,3.6710602498e-1,6.249948541135578e-1,5.237398796687968e-1,6.1635960987e1,5.977e-1
620.265152,2.7743115654e-2,8.3192904110e-3,1.2213702119e-1,8.1675687596e-1,2.7503338687e-1,6.249948450444667e-1,5.237399072289228e-1,6.2348099859e1,6.113e-1
621.212121,3.0077976598e-2,1.3208735256e-3,5.4101228455e-1,5.4372513772e-1,1.3385339445e-1,6.249948334199347e-1,5.237398497714024e-1,3.8878217908e1,5.380e-1
622.159091,2.8182541688e-2,1.2133630946e-2,7.1009936599e-1,4.8862551853e-1,1.0948578377e-2,6.249948177661859e-1,5.237398207086275e-1,2.2756588086e1,8.085e-1
623.106061,1.9700919750e-2,1.3062920188e-1,6.3641588677e-2,6.3744418120e-1,3.9857372166e-1,6.249948065819224e-1,5.237398053619577e-1,7.2195891743e1,3.242e-1
624.053030,1.0868225730e-2,4.7738093208e-1,3.0733284612e-1,4.3230535569e-1,2.2102239629e-2,6.249947996231745e-1,5.237397755319947e-1,2.0081716801e1,6.907e-1
625.000000,6.0127548775e-3,6.3378973010e-1,3.9711594415e-1,1.8234874970e-1,3.0722417794e-2,6.249947983128683e-1,5.237397684534324e-1,1.4215142859e1,5.981e-1
625.946970,5.8612527550e-3,1.1893123770e-1,1.4516545946e-1,7.1179968751e-1,2.6823194838e-1,6.249947929041575e-1,5.237397926192894e-1,5.8513396171e1,4.391e-1
626.893939,4.6793737808e-3,5.5063255313e-1,2.5448124862e-1,3.6807047491e-1,7.2125926108e-2,6.249947882759851e-1,5.237397542545185e-1,2.4149828521e1,7.415e-1
627.840909,4.5397140223e-3,1.9946139864e-1,6.6481983234e-1,3.0835866895e-1,7.2809957760e-2,6.249947858544344e-1,5.237397494924422e-1,2.4906903313e1,5.837e-1
628.787879,4.1686878201e-3,3.4230150694e-1,4.1632585652e-1,2.5198188067e-1,2.3521162471e-1,6.249947783332931e-1,5.237397316588361e-1,4.2187802354e1,6.349e-1
629.734848,6.1089035735e-3,8.8225931183e-1,3.5704937895e-1,6.3748143392e-4,3.9344801515e-3,6.249947779689873e-1,5.237397282187656e-1,5.1479809723e0,9.063e-1
630.681818,1.3477516393e-2,2.4875960021e-1,9.8368236840e-2,5.1518425319e-1,3.7419993691e-1,6.249947717726675e-1,5.237397336612069e-1,6.5674691880e1,7.095e-1
631.628788,2.3301676257e-2,4.5304527073e-1,4.8131495141e-1,1.1067527525e-1,1.8165235680e-1,6.249947652195147e-1,5.237397128676388e-1,3.1561371469e1,6.699e-1
632.575758,4.9232696252e-2,2.6120507241e-1,6.8957644883e-1,1.5257078295e-1,9.7404524069e-2,6.249947622545929e-1,5.237397091345122e-1,2.3413682219e1,8.203e-1
633.522727,6.4925792993e-2,2.1107712644e-1,1.7090178046e-1,4.5008292009e-1,3.5300189339e-1,6.249947566819821e-1,5.237397069672134e-1,6.1408727189e1,6.171e-1
634.469697,1.1216765832e-1,8.8500500626e-1,2.2419983669e-1,1.1986817729e-2,1.6630188106e-2,6.249947535524999e-1,5.237396918189332e-1,6.1319347801e0,4.636e-1
635.416667,3.0764237483e-1,2.1123652455e-1,3.7250955056e-1,2.6054766918e-1,9.8053385276e-2,6.249947521965072e-1,5.237396939198162e-1,2.4444729370e1,6.101e-1
636.363636,3.5890074534e-1,1.0171239480e-1,8.7741850186e-2,4.4123099078e-1,2.6040350931e-1,6.249947452062649e-1,5.237396905030589e-1,4.8535850860e1,6.424e-1
637.310606,2.9270279374e-1,5.2990775130e-1,6.1252432293e-2,2.0267344149e-1,1.6345306635e-1,6.249947425886095e-1,5.237396763586804e-1,2.9103728979e1,3.786e-1
638.257576,3.7357841908e-1,4.6440783082e-1,1.3580412593e-1,1.8891816068e-2,2.5730729415e-1,6.249947430278765e-1,5.237396744493604e-1,3.5741909643e1,6.652e-1
639.204545,4.6971568604e-1,4.4911612898e-1,3.1568757808e-1,7.9292198665e-3,7.5408739185e-3,6.249947434433279e-1,5.237396743386575e-1,4.8775576229e0,4.035e-1
640.151515,5.9556775035e-1,3.6465366228e-1,1.4262721886e-1,1.3064242979e-1,1.6498425503e-2,6.249947433927258e-1,5.237396742977609e-1,8.4604651684e0,7.506e-1
641.098485,5.4044480300e-1,4.2892821533e-1,9.7309153218e-2,5.5283160608e-3,1.7777899828e-1,6.249947429432378e-1,5.237396741256998e-1,2.4839169952e1,7.039e-1
642.045455,3.5811111485e-1,5.1860139771e-1,1.4587328216e-1,9.4329916046e-2,1.3307377478e-1,6.249947427761544e-1,5.237396740915767e-1,2.2435245096e1,3.948e-1
642.992424,2.9256364220e-1,3.9884731474e-1,2.6859900991e-1,1.3272183362e-1,1.5725768613e-1,6.249947432935481e-1,5.237396747809476e-1,2.7468851030e1,5.944e-1
643.939394,2.0056470571e-1,4.2854384837e-1,2.9036690537e-1,1.8401985886e-1,1.4649416634e-1,6.249947423249300e-1,5.237396727210137e-1,2.7920194068e1,5.115e-1
644.886364,9.6512260814e-2,6.7372187655e-1,3.6416208702e-1,2.4200903374e-2,9.1392356726e-2,6.249947422414692e-1,5.237396730424263e-1,1.6781647149e1,8.144e-1
645.833333,5.6691235061e-2,4.3581305401e-1,2.0301402702e-1,4.7448897833e-1,7.9982186337e-2,6.249947403783063e-1,5.237396810126007e-1,2.7945451099e1,6.720e-1
646.780303,5.9398841356e-2,9.3874270940e-2,8.9599491876e-2,7.6735353064e-1,2.3976332257e-1,6.249947286902657e-1,5.237396923380283e-1,5.6179262167e1,6.117e-1
647.727273,8.7199778713e-2,7.9368491610e-2,5.2365572519e-1,5.5615875172e-1,3.6066782211e-3,6.249947127268065e-1,5.237396391761443e-1,2.2650317542e1,5.985e-1
648.674242,1.8256056950e-1,1.9650201749e-1,8.7758646686e-2,6.5074485121e-1,1.3242332784e-1,6.249947063690178e-1,5.237396336435945e-1,3.8960374696e1,2.679e-1
649.621212,2.6254958367e-1,8.7998833213e-2,4.7796166276e-1,3.8436432278e-1,3.7114994845e-2,6.249946986342344e-1,5.237396065308569e-1,2.1181343430e1,2.853e-1
650.568182,1.8531493244e-1,3.1556114967e-1,1.0850548199e-1,1.3340414803e-1,5.0720367812e-1,6.249946951257501e-1,5.237395912004766e-1,7.0782827158e1,6.989e-1
651.515152,9.6457044613e-2,4.1444986747e-1,3.2519348980e-1,1.0119001556e-1,3.1269896597e-1,6.249946917056352e-1,5.237395885810535e-1,4.6742224318e1,5.107e-1
652.462121,3.0825222936e-2,2.1924735553e-1,6.0351927772e-1,3.2749237951e-1,6.8905140435e-2,6.249946880677879e-1,5.237395853369954e-1,2.4581675664e1,4.552e-1
653.409091,2.1009559278e-2,8.9171378833e-2,1.0576982822e-1,8.7111834361e-1,1.6292025095e-1,6.249946804406982e-1,5.237396185825498e-1,4.9764585280e1,3.694e-1
654.356061,3.4415911443e-2,3.3943584449e-1,4.0308688299e-1,4.2559688612e-1,4.7453818531e-2,6.249946717887289e-1,5.237395564102557e-1,2.3613963837e1,4.881e-1
655.303030,1.0218283878e-1,2.2955227267e-1,6.1877279333e-1,1.6064091396e-1,1.3884051530e-1,6.249946670211755e-1,5.237395446328426e-1,2.8372473516e1,6.111e-1
656.250000,1.4977378638e-1,2.1037470280e-1,5.2674086545e-2,1.7860619955e-1,6.5856055435e-1,6.249946648162508e-1,5.237395349183345e-1,9.0928178334e1,3.123e-1
657.196970,1.8884409798e-1,5.8926947240e-2,3.2368628600e-1,2.2323870012e-1,4.5529326982e-1,6.249946505834720e-1,5.237395143696388e-1,6.8222943173e1,6.744e-1
658.143939,2.0592676554e-1,1.2144707013e-2,1.4866529685e-1,2.3574771824e-1,6.4750479448e-1,6.249946410627774e-1,5.237394930885624e-1,9.1741115849e1,5.198e-1
659.090909,1.8698045239e-1,2.6660884363e-2,5.4794697343e-2,2.8553480052e-1,6.9601841431e-1,6.249946244642716e-1,5.237394614768764e-1,9.8812640222e1,5.716e-1
660.037879,1.4547911028e-1,3.3577336932e-2,5.1595751116e-1,2.0467765240e-1,3.5029760953e-1,6.249946101555479e-1,5.237394422648122e-1,5.5655333216e1,5.918e-1
660.984848,1.1094277630e-1,1.7262756614e-1,3.5368401582e-3,2.5914423490e-1,7.0373778439e-1,6.249946009415142e-1,5.237394173130290e-1,9.8800073160e1,3.774e-1
661.931818,9.6087840098e-2,6.6380560327e-2,5.8689414768e-1,2.9396921498e-1,2.0665740608e-1,6.249945845869880e-1,5.237394011959602e-1,4.0735121080e1,5.394e-1
662.878788,1.0424863313e-1,3.2337360618e-2,4.8137544529e-2,2.7272127637e-1,7.9254434152e-1,6.249945780870207e-1,5.237393733914135e-1,1.1067465595e2,8.848e-1
663.825758,1.2937006590e-1,5.7974339199e-2,6.4184269234e-1,1.7142677194e-1,2.4937525172e-1,6.249945605509161e-1,5.237393512528820e-1,4.2721064172e1,3.344e-1
664.772727,1.9486015969e-1,1.8365391491e-1,6.3221426342e-2,2.3518311751e-1,5.7307049258e-1,6.249945555144870e-1,5.237393358531660e-1,8.1849392131e1,2.703e-1
665.719697,2.4256753530e-1,1.3329857623e-1,4.6486380391e-1,3.9963486568e-1,9.6243166975e-3,6.249945489045592e-1,5.237393320132240e-1,1.8127019590e1,4.813e-1
666.666667,1.4554042651e-1,5.7634294200e-1,1.7029642285e-1,7.4644667406e-2,2.8316463649e-1,6.249945476305777e-1,5.237393240917824e-1,4.1221530308e1,5.099e-1
667.613636,7.5837955999e-2,7.1620731317e-1,1.9058229900e-1,1.3029281491e-1,1.3706871238e-1,6.249945477278606e-1,5.237393239763628e-1,2.4709157258e1,8.453e-1
668.560606,5.4830515699e-2,2.3958635540e-1,4.4246191643e-1,3.5856126679e-1,1.5454903925e-1,6.249945467869357e-1,5.237393293060086e-1,3.5302520862e1,5.854e-1
669.507576,3.8986890609e-2,1.8194837229e-1,2.1289084281e-2,2.8734367001e-1,7.2042105628e-1,6.249945367344171e-1,5.237392990282619e-1,1.0196259551e2,4.286e-1
670.454545,3.3371923749e-2,1.4369698009e-1,9.2535436834e-1,7.5996859691e-2,7.1568911834e-2,6.249945218544675e-1,5.237392810841618e-1,1.9299635094e1,7.644e-1
671.401515,1.6395636038e-2,3.2472452428e-1,1.2067132897e-1,2.0285146016e-1,5.8534608625e-1,6.249945178504337e-1,5.237392688001795e-1,8.3038563264e1,7.175e-1
672.348485,9.8946785798e-3,5.3769900427e-2,4.3364028754e-1,2.0840517751e-1,5.4427897169e-1,6.249945078745542e-1,5.237392531053753e-1,7.9918283497e1,5.865e-1
673.295455,1.1382893027e-2,1.4193125290e-1,3.2658930458e-1,2.1515637975e-1,5.5492914964e-1,6.249944899520231e-1,5.237392161186186e-1,8.0818203695e1,3.802e-1
674.242424,2.5981624116e-2,6.1119609172e-1,4.1143932538e-1,1.0100905031e-1,1.0036288135e-1,6.249944864400463e-1,5.237392106280540e-1,2.0605636022e1,3.657e-1
675.189394,8.2246418512e-2,3.9054517443e-1,5.6573528360e-1,1.8500794808e-1,2.6454143732e-2,6.249944841775529e-1,5.237392108761565e-1,1.4654480563e1,3.734e-1
676.136364,1.3521989231e-1,2.4404602914e-2,2.2292226778e-1,3.9867481016e-1,4.6876737674e-1,6.249944749540252e-1,5.237391997344659e-1,7.4659615442e1,4.435e-1
677.083333,1.3012396259e-1,5.2673026586e-2,1.5377386020e-1,4.2020095901e-1,4.9321712885e-1,6.249944686220223e-1,5.237391891943883e-1,7.7978822098e1,4.915e-1
678.030303,8.4660825702e-2,5.3147523958e-1,3.9139004190e-1,1.7882415841e-1,6.3638653966e-2,6.249944597823833e-1,5.237391679553045e-1,1.8104522004e1,2.832e-1
678.977273,8.3813193662e-2,6.3126149780e-1,2.7325916785e-1,2.5045893286e-1,1.1196128461e-2,6.249944603161296e-1,5.237391658230924e-1,1.2938293230e1,6.412e-1
679.924242,1.1836429784e-1,9.2598086617e-2,1.4488846733e-1,5.4818756323e-1,3.4595049496e-1,6.249944549901041e-1,5.237391727134794e-1,6.3227151439e1,5.378e-1
680.871212,1.2198981962e-1,1.2478852655e-1,5.6626883754e-1,2.1657910142e-1,2.2036259878e-1,6.249944419650247e-1,5.237391360126710e-1,3.9977666553e1,4.354e-1
681.818182,7.5890133743e-2,5.8912143458e-1,2.1215990326e-1,4.7541099093e-2,3.2527631079e-1,6.249944407331605e-1,5.237391309893146e-1,4.6070150114e1,6.483e-1
682.765152,5.7225690857e-2,3.8057458103e-1,1.5824969498e-1,2.3748133337e-1,4.1645757536e-1,6.249944377967603e-1,5.237391275540584e-1,6.2961731881e1,5.336e-1
683.712121,6.7091555062e-2,9.5366836983e-2,9.9497915963e-2,3.9236620701e-1,5.9566633460e-1,6.249944248084804e-1,5.237391047757809e-1,8.9821272232e1,6.236e-1
684.659091,1.0652408546e-1,8.4272273729e-2,3.4863474613e-1,3.1952920548e-1,3.9102850162e-1,6.249944062114849e-1,5.237390739631235e-1,6.3287467342e1,5.953e-1
685.606061,2.1761647962e-1,2.2263973353e-1,2.7831995537e-1,2.5272850152e-1,2.7868413105e-1,6.249944005430721e-1,5.237390615842481e-1,4.6539528173e1,3.070e-1
686.553030,3.7302848111e-1,3.4676811211e-1,2.4112932428e-1,2.7095647272e-1,1.8106408572e-2,6.249943993918534e-1,5.237390577816353e-1,1.3797312483e1,3.995e-1
687.500000,5.7621421534e-1,4.8980345139e-1,2.8617107069e-2,2.1939863605e-2,1.3341416099e-1,6.249943991943298e-1,5.237390563744534e-1,1.9275739109e1,6.632e-1
688.446970,6.7055306384e-1,4.0336378814e-1,9.0946266833e-2,4.2779319348e-2,4.2346360593e-2,6.249943993764451e-1,5.237390563544579e-1,8.6588466179e0,6.455e-1
689.393939,5.5123654683e-1,3.4889559273e-1,1.5987417495e-1,5.3040645467e-2,1.3694183889e-1,6.249943994291594e-1,5.237390561646188e-1,2.1478258891e1,7.424e-1
690.340909,3.4508691521e-1,5.7771130226e-1,1.9534235358e-1,7.4928855887e-2,5.6919372584e-2,6.249943997639392e-1,5.237390564668307e-1,1.2574107970e1,5.083e-1
691.287879,1.4372084258e-1,6.1480456673e-1,1.8533089328e-1,1.4739991601e-1,1.5873257922e-1,6.249943989083770e-1,5.237390563644068e-1,2.7818684153e1,7.640e-1
692.234848,8.8328913398e-2,1.5141401323e-1,3.1040286884e-1,5.9350169419e-1,1.0634129677e-1,6.249943932167353e-1,5.237390702606010e-1,3.5433955635e1,7.602e-1
693.181818,9.8020430488e-2,3.8598003249e-2,4.2087219797e-1,5.2885088408e-1,1.6364724484e-1,6.249943803124971e-1,5.237390405169224e-1,4.1363259435e1,6.481e-1
694.128788,1.3306515648e-1,6.1858822146e-2,6.6792143812e-2,7.8435823241e-1,2.0391438560e-1,6.249943702253205e-1,5.237390485382349e-1,5.1925092167e1,6.494e-1
695.075758,2.0625519083e-1,1.0252258897e-1,4.1949379231e-1,5.0882569940e-1,1.2891442958e-2,6.249943572330122e-1,5.237389972498264e-1,2.1596650191e1,5.751e-1
696.022727,3.5324735276e-1,2.2282658157e-1,1.0778763081e-1,4.5706804777e-1,1.0905909455e-1,6.249943537272202e-1,5.237389864216352e-1,3.0070319516e1,4.978e-1
696.969697,4.4654093986e-1,3.4037151288e-1,2.6946490797e-1,7.5593480840e-2,1.1801786202e-1,6.249943517898709e-1,5.237389737873771e-1,2.0585010485e1,6.635e-1
697.916667,5.4569725847e-1,4.7487181745e-1,6.9930801316e-2,1.0736713671e-1,5.2121689401e-2,6.249943516703718e-1,5.237389735373171e-1,1.1889363293e1,6.186e-1
698.863636,5.9936158048e-1,2.5036539535e-1,6.7853129907e-2,1.7979930393e-1,1.5260929194e-1,6.249943508045714e-1,5.237389737248109e-1,2.6630803715e1,4.096e-1
699.810606,2.9858032228e-1,5.3537657510e-1,4.0108069062e-1,2.7192409649e-4,1.4679189414e-2,6.249943507522520e-1,5.237389723692124e-1,6.3163266524e0,4.839e-1
700.757576,8.3489629656e-2,3.9483363180e-1,5.5039547487e-1,1.5223149651e-1,6.9038466804e-2,6.249943498183262e-1,5.237389720625669e-1,1.8942907517e1,3.781e-1
701.704545,3.3820515343e-2,2.1273711992e-1,1.9669271922e-1,5.4425557638e-1,2.6248275483e-1,6.249943428464477e-1,5.237389781758303e-1,5.3029897314e1,7.032e-1
702.651515,3.4048530204e-2,7.2622921173e-1,1.8060477351e-1,2.0875810421e-1,1.0034805968e-1,6.249943396702804e-1,5.237389571098806e-1,2.2439131851e1,5.800e-1
703.598485,1.1444343137e-1,2.8416411929e-1,2.6785294020e-1,1.9017415926e-1,3.9335402461e-1,6.249943373595507e-1,5.237389545247463e-1,5.9203261722e1,5.474e-1
704.545455,2.3379497413e-1,1.8076281149e-1,4.3518670968e-2,3.3222821500e-1,4.5968398359e-1,6.249943275903520e-1,5.237389407546866e-1,7.0297425258e1,3.994e-1
705.492424,3.5484722681e-1,2.6742744699e-1,4.1215132779e-1,2.1258587872e-1,2.9767677784e-3,6.249943240469631e-1,5.237389327958126e-1,1.1193263524e1,3.741e-1
706.439394,5.4273913711e-1,4.9803197709e-1,7.0770743901e-2,4.1118263852e-2,9.7328526201e-2,6.249943240780050e-1,5.237389310121162e-1,1.5607435271e1,6.988e-1
707.386364,6.8762991727e-1,3.2354821366e-1,2.1466024723e-1,1.6888496231e-2,7.2617742796e-3,6.249943243361079e-1,5.237389309308229e-1,4.1781323510e0,8.127e-1
708.333333,5.6763550189e-1,4.2447740581e-1,1.9795873468e-1,5.8797170545e-2,1.1198356125e-3,6.249943242687032e-1,5.237389309475340e-1,4.7412908558e0,4.671e-1
709.280303,4.6390501470e-1,3.4292186623e-1,1.0804106207e-1,1.4454003752e-1,1.9058066689e-1,6.249943237008496e-1,5.237389315828731e-1,3.0801731298e1,5.701e-1
710.227273,2.1595748117e-1,4.3150356781e-1,3.5950642008e-1,6.1193349820e-2,1.8182782560e-1,6.249943222366043e-1,5.237389295295457e-1,2.9079186108e1,5.965e-1
711.174242,6.5370353478e-2,2.6790560232e-1,5.3495179281e-1,3.3266349175e-1,4.9097399967e-2,6.249943201607087e-1,5.237389311871739e-1,2.1777809656e1,7.310e-1
712.121212,3.8042644563e-2,4.7863568148e-2,1.0617732685e-1,7.7388306938e-1,2.8402201382e-1,6.249943113828087e-1,5.237389500656934e-1,6.2083243063e1,8.667e-1
713.068182,2.9631820281e-2,2.8254627832e-2,3.2048916449e-1,6.4130177606e-1,2.3031121395e-1,6.249943013014918e-1,5.237389114741937e-1,5.2636730701e1,8.007e-1
714.015152,1.7702632835e-2,2.1054163141e-1,5.8947775312e-1,4.2197424937e-1,1.0292304733e-2,6.249942857354910e-1,5.237388694677260e-1,1.9966347590e1,7.677e-1
714.962121,5.7657739195e-3,6.9460366166e-1,3.1160218173e-1,4.6050366877e-3,2.3341191368e-1,6.249942838369527e-1,5.237388573010344e-1,3.3908993789e1,8.311e-1
715.909091,1.2153514924e-2,1.7004231088e-1,3.0942432956e-1,6.1163493424e-1,1.4673346673e-1,6.249942781630766e-1,5.237388688864771e-1,4.1175757652e1,7.738e-1
716.856061,2.1048497274e-2,7.5476744722e-2,4.4001702198e-1,5.2685173769e-1,1.8659451358e-1,6.249942576258611e-1,5.237388328315852e-1,4.4424967259e1,6.879e-1
717.803030,4.5226842931e-2,4.5082362064e-1,1.5370586484e-1,3.0866444694e-1,2.9156773038e-1,6.249942528625765e-1,5.237388064808484e-1,4.9351839372e1,6.672e-1
718.750000,1.2779661058e-1,3.5503939105e-1,3.1933282346e-1,3.3382535739e-1,1.1399432287e-1,6.249942526806926e-1,5.237388048354054e-1,2.8602324439e1,5.489e-1
719.696970,2.5159509178e-1,1.3700300088e-1,3.9016172255e-1,2.6323075876e-1,2.0799792132e-1,6.249942476442064e-1,5.237387971673370e-1,3.8568215538e1,5.357e-1
720.643939,2.3542681377e-1,1.2165792500e-1,1.2702731771e-1,3.0252739454e-1,4.6334903416e-1,6.249942425882398e-1,5.237387875216902e-1,7.0366800796e1,5.792e-1
721.590909,1.2824706713e-1,1.3922087717e-1,2.9922533098e-1,2.2681510337e-1,4.5648008275e-1,6.249942307011436e-1,5.237387661375572e-1,6.8423901836e1,3.542e-1
722.537879,1.0022739737e-1,1.5381210328e-1,8.8368970443e-2,3.3092233482e-1,5.7665763671e-1,6.249942213120230e-1,5.237387496615087e-1,8.5466381881e1,6.431e-1
723.484848,1.2976698736e-1,1.5557886914e-1,1.4099514477e-2,2.9621828038e-1,6.5432476336e-1,6.249942073555440e-1,5.237387214504329e-1,9.3721392030e1,5.253e-1
724.431818,2.0128025914e-1,7.1673924977e-2,2.5075464604e-1,2.9458189812e-1,4.3169765624e-1,6.249941922589566e-1,5.237386994742604e-1,6.6933945887e1,4.363e-1
725.378788,3.0557058131e-1,5.4526822572e-2,1.2544949897e-1,2.4155627574e-1,5.2288518691e-1,6.249941827559629e-1,5.237386790977282e-1,7.5924539676e1,7.220e-1
726.325758,2.9967052232e-1,1.5617480387e-1,1.7927325919e-1,1.8554385143e-1,4.2932591189e-1,6.249941743506755e-1,5.237386643662656e-1,6.2787490911e1,5.383e-1
727.272727,1.7941586198e-1,5.4513706419e-1,2.2812762795e-1,1.8455944869e-1,1.1274834318e-1,6.249941729924914e-1,5.237386608063102e-1,2.3342693368e1,4.492e-1
728.219697,1.0838694426e-1,6.5763447724e-1,4.4116847653e-1,1.1118831845e-2,3.1679616849e-2,6.249941733592904e-1,5.237386604993769e-1,9.3096038145e0,7.961e-1
729.166667,1.0424720077e-1,2.2918575720e-1,1.1885188265e-1,6.8834273947e-1,1.0936076190e-1,6.249941709985601e-1,5.237386807934623e-1,3.7486455362e1,8.242e-1
730.113636,1.0246760270e-1,1.6358989132e-1,4.3247320338e-2,6.4006302129e-1,3.0062048261e-1,6.249941591304202e-1,5.237386576362073e-1,5.9685830602e1,4.951e-1
731.060606,9.4298225673e-2,3.1794487480e-1,6.6378690988e-1,1.6093278189e-1,1.3025510184e-2,6.249941512144407e-1,5.237386256514808e-1,1.2810448466e1,5.624e-1
732.007576,6.3666046554e-2,4.4756652304e-1,6.4442386732e-1,8.0876450487e-2,1.3455414693e-2,6.249941510485930e-1,5.237386223947366e-1,1.0392696504e1,5.474e-1
732.954545,4.7378468437e-2,3.9418845961e-1,2.3412774747e-1,5.1201240432e-1,6.2281220540e-2,6.249941501896015e-1,5.237386303236883e-1,2.7041481301e1,5.171e-1
733.901515,4.7374143966e-2,3.5794992089e-2,1.8181380575e-1,8.6558836838e-1,1.1941697631e-1,6.249941432536134e-1,5.237386585587920e-1,4.4533988259e1,7.993e-1
734.848485,5.0994776131e-2,5.2262909146e-3,6.7461215826e-1,4.8695168097e-1,3.2203345037e-2,6.249941256563852e-1,5.237385843321349e-1,2.5137329192e1,6.942e-1
735.795455,5.5664251709e-2,5.3348306670e-3,1.4721037116e-1,8.3680422994e-1,2.0497454426e-1,6.249941138693338e-1,5.237385988241940e-1,5.4230661780e1,9.028e-1
736.742424,6.3811183246e-2,2.6111717068e-2,3.3103905966e-1,4.1282509093e-1,4.1620116007e-1,6.249941054871448e-1,5.237385377237316e-1,6.9216592902e1,6.275e-1
737.689394,8.0276347207e-2,7.4263226706e-2,4.0497609086e-1,5.0999925712e-1,1.8047325150e-1,6.249940866945162e-1,5.237385148542223e-1,4.2849025774e1,4.698e-1
738.636364,1.3672088826e-1,4.4512545384e-1,1.8259022220e-1,4.2331536999e-1,6.2236234748e-2,6.249940845261006e-1,5.237384992985001e-1,2.3931663017e1,4.707e-1
739.583333,2.7669035490e-1,4.7257537467e-1,3.3053681891e-1,1.9202284974e-3,1.6826539102e-1,6.249940839973102e-1,5.237384923502192e-1,2.5327207841e1,5.015e-1
740.530303,4.9596907518e-1,4.0126532550e-1,2.5560615939e-1,3.5477130539e-2,6.1670477617e-2,6.249940841129058e-1,5.237384919635131e-1,1.2124453776e1,6.731e-1
741.477273,7.1692880555e-1,2.7884117614e-1,9.2149902921e-2,8.3108265309e-3,1.5375745656e-1,6.249940838481997e-1,5.237384919086612e-1,2.1600246867e1,5.283e-1
742.424242,5.7806814916e-1,4.5849445893e-1,4.2229835887e-2,1.4994988223e-1,2.1245841730e-2,6.249940839708364e-1,5.237384920441776e-1,9.0617256524e0,6.754e-1
743.371212,3.6501011745e-1,3.8385963273e-1,3.8691986682e-1,4.3045983503e-2,7.1152566921e-2,6.249940837155515e-1,5.237384917914829e-1,1.4530583297e1,6.103e-1
744.318182,1.7029059007e-1,4.6236419227e-1,3.0973867602e-1,1.5619767591e-1,1.5139703281e-1,6.249940835389439e-1,5.237384922661955e-1,2.7864928917e1,6.562e-1
745.265152,5.2926382048e-2,3.7648861842e-1,5.2432564583e-1,6.1891023875e-2,2.3435649360e-1,6.249940818864893e-1,5.237384900181711e-1,3.6952189539e1,4.993e-1
746.212121,4.8898187170e-2,1.3385027696e-1,3.7257809100e-1,3.6996491310e-1,3.2469668255e-1,6.249940753913358e-1,5.237384834263334e-1,5.6672826961e1,5.632e-1
747.159091,6.7695452363e-2,3.5360485267e-2,1.8825254992e-2,3.9731411778e-1,7.3079280872e-1,6.249940595632826e-1,5.237384417091344e-1,1.0651070202e2,5.580e-1
748.106061,8.2347330922e-2,6.3146044457e-2,3.5947892633e-1,3.2002326725e-1,4.2499250943e-1,6.249940391913615e-1,5.237384094690239e-1,6.7683082923e1,5.795e-1
749.053030,1.3807708167e-1,1.0804262536e-1,3.6882571662e-1,2.2634307202e-1,4.0869956941e-1,6.249940325350445e-1,5.237383947935654e-1,6.2792252713e1,6.369e-1
750.000000,2.0879254780e-1,6.5262046045e-2,1.7811417153e-1,4.2608679957e-1,3.7173248058e-1,6.249940227595462e-1,5.237383812297022e-1,6.2876368839e1,2.182e-1
750.946970,1.8613874497e-1,1.3759785134e-1,2.4345227746e-1,6.2602424667e-1,5.6774910441e-2,6.249940154378956e-1,5.237383784173976e-1,2.9615847725e1,3.369e-1
751.893939,8.1089085809e-2,4.4112570199e-1,3.8615378227e-1,2.2420219914e-1,1.1741725279e-1,6.249940109990002e-1,5.237383556391719e-1,2.6215904935e1,6.278e-1
752.840909,3.7197189638e-2,6.0216431178e-1,4.8411987902e-1,1.1664865740e-2,1.1484177487e-1,6.249940105238883e-1,5.237383546926262e-1,2.0168909138e1,6.795e-1
753.787879,1.1052755682e-1,2.6844198307e-1,3.0360288493e-1,4.6557327125e-1,1.0184232409e-1,6.249940100755714e-1,5.237383589468091e-1,3.0955132987e1,6.731e-1
754.734848,1.8611210763e-1,5.5700580734e-2,1.4824534868e-1,7.9603951885e-1,6.3890450202e-2,6.249940030470822e-1,5.237383741494400e-1,3.5041662234e1,6.417e-1
755.681818,1.8315079904e-1,2.8945364008e-2,8.8286137896e-2,7.2488188099e-1,2.2472379610e-1,6.249939890155343e-1,5.237383425129460e-1,5.2816621323e1,3.672e-1
756.628788,1.3458888764e-1,3.4988840156e-2,1.8823171765e-1,6.2918286757e-1,2.6299563361e-1,6.249939733135205e-1,5.237383050414902e-1,5.5440418730e1,4.186e-1
757.575758,9.4398987941e-2,1.1964856076e-1,7.7896571234e-2,6.5762052397e-1,3.0042327354e-1,6.249939587266793e-1,5.237382788106718e-1,6.0407704966e1,7.453e-1
758.522727,5.6332567413e-2,1.4572198127e-1,3.3572466799e-1,2.2611188702e-1,4.8609678853e-1,6.249939461119487e-1,5.237382312892679e-1,7.2461376906e1,4.505e-1
759.469697,3.1690486261e-2,1.1291834505e-1,2.4683717530e-1,3.4106132954e-1,5.1748054176e-1,6.249939389584245e-1,5.237382226768240e-1,7.9367851227e1,5.093e-1
760.416667,2.3816628108e-2,1.2793456887e-1,5.2766179103e-2,2.7228280952e-1,7.7318766206e-1,6.249939238314071e-1,5.237381826192881e-1,1.0837097753e2,8.609e-1
761.363636,3.5600134142e-2,1.4024658512e-1,8.1406457422e-1,1.3660537357e-1,1.2347115403e-1,6.249939105409381e-1,5.237381692968011e-1,2.6986489501e1,7.839e-1
762.310606,7.5145718985e-2,1.7133935061e-1,1.1076355627e-1,1.7207327955e-1,7.2066590419e-1,6.249939048029245e-1,5.237381473229136e-1,9.9017940692e1,3.246e-1
763.257576,1.1557789306e-1,2.5949415532e-2,3.8888413453e-1,1.8336747132e-1,5.3620886454e-1,6.249938894946190e-1,5.237381234924323e-1,7.7723254597e1,6.704e-1
764.204545,1.5542080799e-1,1.6726209133e-2,3.0631509597e-2,2.1376029273e-1,8.3344893478e-1,6.249938771164787e-1,5.237380918025054e-1,1.1387800792e2,6.078e-1
765.151515,1.6916946505e-1,4.1112212789e-3,4.4248034677e-3,2.3217791613e-1,8.4010430957e-1,6.249938577494647e-1,5.237380534538723e-1,1.1509125054e2,6.171e-1
766.098485,1.4108546530e-1,3.0197539725e-2,8.5314461337e-2,2.5991351069e-1,7.3347669836e-1,6.249938377051898e-1,5.237380171292979e-1,1.0301570323e2,7.079e-1
767.045455,9.0567367259e-2,1.5813367803e-1,1.2368992671e-1,2.8243835891e-1,5.9515831296e-1,6.249938219346769e-1,5.237379896613178e-1,8.6569361997e1,5.220e-1
767.992424,3.9288770403e-2,2.9027261321e-1,5.8330955687e-1,2.6246358751e-1,7.4653103537e-2,6.249938157684469e-1,5.237379827892320e-1,2.3221098120e1,4.441e-1
768.939394,4.1068856503e-2,3.9589489193e-1,3.7369586853e-1,2.9528146414e-1,1.4404654900e-1,6.249938150499958e-1,5.237379809906019e-1,3.1688856285e1,5.481e-1
769.886364,9.8421763786e-2,1.8891629100e-1,2.0408758821e-1,3.3707315658e-1,4.2148882411e-1,6.249938118427611e-1,5.237379769888362e-1,6.6796654666e1,4.907e-1
770.833333,1.5714326219e-1,5.5756830815e-2,1.0105479940e-1,2.4516598241e-1,6.9086672382e-1,6.249937993177275e-1,5.237379462275269e-1,9.7274775774e1,5.777e-1
771.780303,1.8693471798e-1,9.2222376132e-3,6.4268472461e-2,2.2739503346e-1,7.6216710531e-1,6.249937834185521e-1,5.237379141056921e-1,1.0546009016e2,4.893e-1
772.727273,1.7616581934e-1,2.0077561687e-2,2.7805704928e-2,2.1792181628e-1,8.0801663043e-1,6.249937663297529e-1,5.237378798639449e-1,1.1075031049e2,8.110e-1
773.674242,1.3077811256e-1,7.2030754264e-2,1.3523348464e-3,2.3655318656e-1,8.0927310824e-1,6.249937482368976e-1,5.237378446864426e-1,1.1137692907e2,3.248e-1
774.621212,8.6903751202e-2,8.6844760071e-2,9.3207636885e-2,2.9217330012e-1,6.9085800864e-1,6.249937284587938e-1,5.237378105713704e-1,9.8742173200e1,7.995e-1
775.568182,7.3307272661e-2,1.2284371350e-1,3.4158888606e-1,2.0225550782e-1,5.0999205023e-1,6.249937151350022e-1,5.237377887588086e-1,7.4766210832e1,3.461e-1
776.515152,8.9938363029e-2,2.3338849897e-1,3.0526969352e-1,3.4647395399e-1,2.7491690147e-1,6.249937054876886e-1,5.237377770366515e-1,4.9230433643e1,5.693e-1
777.462121,8.6246358198e-2,4.2170514013e-1,2.4337664014e-1,4.6942109417e-1,2.9238178795e-2,6.249937057119936e-1,5.237377768444781e-1,2.1597508479e1,6.477e-1
778.409091,7.3224086431e-2,2.8665979488e-1,8.1209258593e-1,7.2584338375e-2,5.4266005837e-3,6.249937030999234e-1,5.237377680105246e-1,1.0123976023e1,5.311e-1
779.356061,4.9909460848e-2,2.9329178159e-1,2.8021068933e-1,2.2653518850e-1,4.0004027541e-1,6.249936978345253e-1,5.237377595487887e-1,6.1307505092e1,6.319e-1
780.303030,4.5247656865e-2,3.5017562226e-2,2.2009666969e-1,2.6419805925e-1,6.8542743473e-1,6.249936913826195e-1,5.237377409734238e-1,9.8042481852e1,7.559e-1
781.250000,5.4020111006e-2,3.5746881881e-2,6.2525849082e-1,2.1934070825e-1,3.1562114696e-1,6.249936694558690e-1,5.237377084178364e-1,5.2518981220e1,6.828e-1
782.196970,9.1090764974e-2,2.1067957814e-1,9.7554802633e-2,1.9161975368e-1,6.5904243198e-1,6.249936657057729e-1,5.237376923759463e-1,9.1736606371e1,5.260e-1
783.143939,1.5050764912e-1,7.0294142761e-2,6.0616654526e-1,3.0134087198e-1,1.2167809871e-1,6.249936539180653e-1,5.237376831515551e-1,3.0282879010e1,7.777e-1
784.090909,1.2778909317e-1,1.2366288173e-1,5.8546303507e-2,4.5705328417e-1,4.8293573220e-1,6.249936473857405e-1,5.237376673609402e-1,7.7221069553e1,3.503e-1
785.037879,8.0934032697e-2,1.0235145006e-1,1.5588870500e-1,7.3588322814e-1,1.7492984874e-1,6.249936323245741e-1,5.237376662647818e-1,4.7431563496e1,3.968e-1
785.984848,7.5547097323e-2,1.6663687157e-1,5.0555902746e-2,6.7917799393e-1,2.7806937022e-1,6.249936178952129e-1,5.237376290973580e-1,5.8102069707e1,5.996e-1
786.931818,9.7315575408e-2,1.2818480158e-1,3.4938411819e-1,5.9463084367e-1,8.0471879398e-2,6.249936091222904e-1,5.237376045947124e-1,3.2428687897e1,7.710e-1
787.878788,7.9854370733e-2,2.0848444976e-1,1.6559155997e-1,6.9593321667e-1,1.0012360832e-1,6.249936027239207e-1,5.237376062192324e-1,3.6867313363e1,8.254e-1
788.825758,4.9177542316e-2,1.0338732948e-1,3.7099593685e-1,4.7981315251e-1,2.4661321974e-1,6.249935904514885e-1,5.237375691413234e-1,5.0119843932e1,4.803e-1
789.772727,5.1953593364e-2,1.2886980038e-1,5.1115990944e-2,7.6642101338e-1,2.5162675974e-1,6.249935789028783e-1,5.237375710542158e-1,5.7426342000e1,4.997e-1
790.719697,8.0538329804e-2,1.0630489719e-1,2.6849088562e-2,6.1004455023e-1,4.2625025690e-1,6.249935613390940e-1,5.237375179255355e-1,7.4549130158e1,3.317e-1
791.666667,1.2706501303e-1,7.3600377592e-2,1.3685533080e-1,5.9887071522e-1,3.1359565119e-1,6.249935439144909e-1,5.237374866008122e-1,6.0609682148e1,6.700e-1
792.613636,2.0096696516e-1,6.5370751909e-2,2.3092029970e-1,3.7288437857e-1,3.7984466776e-1,6.249935315505262e-1,5.237374490972031e-1,6.2631004972e1,6.056e-1
793.560606,2.1238798837e-1,1.8889269498e-1,3.0468715582e-1,1.6624628705e-1,3.7777292194e-1,6.249935240838500e-1,5.237374318118118e-1,5.6596291825e1,4.614e-1
794.507576,1.5095931650e-1,4.6642638452e-1,3.9573550333e-1,2.3526435682e-1,1.6014837297e-3,6.249935224519405e-1,5.237374277761684e-1,1.1907665790e1,6.585e-1
795.454545,1.0923812295e-1,6.0969119741e-1,3.8111476593e-1,3.3805350967e-2,1.1613760553e-1,6.249935213920678e-1,5.237374263635329e-1,2.0270304322e1,5.135e-1
796.401515,1.1959243133e-1,2.5808034293e-1,9.1113051627e-2,3.4136614282e-1,4.3983506660e-1,6.249935176515778e-1,5.237374252113685e-1,6.8527466410e1,5.537e-1
797.348485,1.5342772219e-1,7.7073674600e-1,2.4113739506e-1,5.5420193448e-2,2.9264975620e-2,6.249935161583251e-1,5.237374161633847e-1,9.0666495833e0,8.618e-1
798.295455,3.7301228056e-1,3.2447204619e-1,3.0125797383e-1,2.2891306613e-1,2.2331665339e-2,6.249935160271611e-1,5.237374177995092e-1,1.3429185303e1,4.456e-1
799.242424,4.4916324905e-1,1.4316877262e-1,2.4752265014e-2,2.3210158976e-1,4.0080114751e-1,6.249935119739909e-1,5.237374121743374e-1,5.9438735044e1,4.282e-1
800.189394,2.9710131297e-1,1.8188987399e-1,4.5062822772e-1,2.8345888087e-1,3.6908718236e-2,6.249935068935193e-1,5.237374088042795e-1,1.7912356348e1,5.319e-1
801.136364,1.3080236174e-1,2.7291127036e-1,1.5476040203e-1,5.1817246049e-1,1.7334051127e-1,6.249935029451915e-1,5.237374125367953e-1,4.0618411117e1,7.198e-1
802.083333,7.9356751373e-2,1.3931803695e-1,7.2678789979e-2,5.7422350016e-1,3.8440989626e-1,6.249934873643375e-1,5.237373899883091e-1,6.8479363496e1,7.136e-1
803.030303,5.2676517948e-2,2.4030941750e-1,3.6016921187e-2,4.4648791800e-1,4.7449616536e-1,6.249934699985793e-1,5.237373499044214e-1,7.5818215006e1,5.015e-1
803.977273,5.8890263403e-2,1.3035332534e-1,6.6845498588e-1,2.3470130112e-1,1.5758703656e-1,6.249934561522816e-1,5.237373280061218e-1,3.3319373985e1,3.235e-1
804.924242,7.8650518188e-2,5.0153334338e-3,1.7926106101e-1,3.6400786377e-1,6.2305212225e-1,6.249934493255944e-1,5.237373108972420e-1,9.2882367703e1,4.110e-1
805.871212,8.0687399272e-2,9.8738858545e-4,2.1234156172e-1,4.8763927160e-1,4.6833125769e-1,6.249934394314132e-1,5.237373062102755e-1,7.7291908646e1,6.532e-1
806.818182,7.5129694739e-2,4.0414493438e-3,6.4736079715e-1,4.4134668274e-1,8.2108233524e-2,6.249934287466478e-1,5.237372878789230e-1,2.9857481862e1,6.643e-1
807.765152,7.1334455176e-2,3.4395441422e-3,8.4681371398e-1,2.9211635494e-1,3.6282763571e-2,6.249934159052981e-1,5.237372575242087e-1,2.0808973123e1,5.305e-1
808.712121,6.7266119993e-2,3.9371706083e-3,5.3200119645e-1,4.6921387556e-1,1.7756844842e-1,6.249934055203663e-1,5.237372493032529e-1,4.2041122389e1,6.777e-1
809.659091,4.8124745894e-2,9.6937890578e-2,1.0220931451e-1,4.3499105576e-1,5.6772378758e-1,6.249933971620449e-1,5.237372224269629e-1,8.7623971265e1,6.369e-1
810.606061,1.7365964006e-2,7.4826331787e-1,3.1616124211e-1,1.0851773452e-1,5.9678523746e-2,6.249933911277188e-1,5.237372054006905e-1,1.5145918099e1,8.038e-1
811.553030,1.7561518250e-2,4.1612182511e-1,5.9742720015e-1,1.2409017646e-1,9.4786060173e-2,6.249933900738309e-1,5.237372047428989e-1,2.1723943359e1,5.361e-1
812.500000,3.7263607451e-2,8.1604289761e-2,3.7517830060e-1,2.9936871741e-1,4.5657184119e-1,6.249933782062683e-1,5.237371870198781e-1,7.1204261418e1,5.554e-1
813.446970,5.5445629395e-2,2.1313289080e-1,7.5665889915e-2,3.0310806513e-1,6.0263427727e-1,6.249933762529711e-1,5.237371760518706e-1,8.7895961290e1,6.996e-1
814.393939,1.0602069831e-1,2.8447446939e-1,3.1702367993e-2,3.3403265713e-1,4.9375653460e-1,6.249933637163652e-1,5.237371560305275e-1,7.4765459689e1,5.296e-1
815.340909,1.9163300596e-1,2.7270741838e-1,5.2404129732e-1,1.1613096227e-1,1.4547403419e-1,6.249933590635832e-1,5.237371475493282e-1,2.7170428887e1,3.407e-1
816.287879,2.9558913099e-1,3.4415652180e-1,2.6267236768e-1,7.2071944770e-2,2.7549675094e-1,6.249933580909435e-1,5.237371453197359e-1,4.0507372904e1,3.870e-1
817.234848,3.2800749831e-1,4.7289107478e-1,3.3116485526e-2,2.4779534460e-1,1.6817631268e-1,6.249933579468039e-1,5.237371458842893e-1,3.0830736834e1,5.880e-1
818.181818,3.4425913655e-1,2.9312470604e-1,4.7663947887e-1,7.7601731724e-2,5.8361661747e-2,6.249933574645210e-1,5.237371435105879e-1,1.4525042930e1,6.387e-1
819.128788,2.5450797286e-1,3.4187473718e-1,4.8532664210e-1,1.1782657933e-1,5.0450780739e-2,6.249933561013379e-1,5.237371424864445e-1,1.4921767071e1,5.824e-1
820.075758,1.6437385343e-1,3.7547230275e-1,3.3346518285e-2,5.0464772806e-1,1.7214630418e-1,6.249933533506405e-1,5.237371506223225e-1,3.9283357912e1,6.734e-1
821.022727,1.2682549591e-1,1.4793020556e-1,2.6686072898e-1,5.7900689334e-1,1.2936336206e-1,6.249933429235452e-1,5.237371449535920e-1,3.7580889921e1,7.408e-1
821.969697,2.0258108207e-1,1.1853682510e-1,1.4731394804e-1,6.1272347996e-1,1.6883132581e-1,6.249933304924609e-1,5.237371258377291e-1,4.2734436838e1,5.723e-1
822.916667,3.6634073972e-1,1.0294269177e-1,1.1791870379e-1,5.1553618611e-1,1.4724832193e-1,6.249933216619884e-1,5.237371018147285e-1,3.6677348547e1,3.561e-1
823.863636,4.3928889194e-1,1.6466819359e-1,1.9527752482e-1,3.1525291063e-1,1.3549911259e-1,6.249933167845279e-1,5.237370837725287e-1,2.9543180584e1,3.996e-1
824.810606,3.7429033633e-1,4.5036515381e-1,5.0770265771e-2,1.9772451939e-1,1.7683635597e-1,6.249933156331905e-1,5.237370774755753e-1,3.0456275786e1,3.414e-1
825.757576,3.8596309690e-1,4.6369888648e-1,9.5246703705e-2,6.4735307980e-2,2.4034263637e-1,6.249933157161794e-1,5.237370762344759e-1,3.4717740262e1,5.823e-1
826.704545,4.8868761529e-1,2.7217087758e-1,1.3833731094e-1,1.8701452622e-1,1.6377629830e-1,6.249933141606311e-1,5.237370764988855e-1,2.8843215071e1,6.727e-1
827.651515,4.4483900155e-1,1.5153489191e-1,2.0399895567e-1,2.5894678309e-1,1.9066698897e-1,6.249933106018604e-1,5.237370739158743e-1,3.4849152578e1,5.413e-1
828.598485,1.8955429581e-1,2.2274559246e-1,5.6555839966e-1,2.5455682799e-1,1.7571496589e-2,6.249933062548207e-1,5.237370694550345e-1,1.5459705589e1,4.624e-1
829.545455,1.1967539544e-1,7.6333616246e-2,6.0340160495e-2,5.2234515451e-1,4.7129226515e-1,6.249932959209770e-1,5.237370605094699e-1,7.7735681098e1,4.457e-1
830.492424,1.0031113767e-1,4.2857475745e-2,5.2687208646e-1,3.1046376184e-1,2.6948210805e-1,6.249932848842678e-1,5.237370374867000e-1,4.8779397422e1,5.376e-1
831.439394,5.9035683165e-2,2.8970266358e-1,2.7147205047e-1,3.4783346186e-1,2.8194268628e-1,6.249932726731841e-1,5.237370139217949e-1,5.0000034195e1,5.055e-1
832.386364,8.5217452077e-2,7.5659434425e-1,3.5869942997e-1,4.2072611870e-3,4.5268056530e-2,6.249932720058985e-1,5.237370050589694e-1,1.0354336448e1,7.229e-1
833.333333,3.0222107640e-1,2.1068336437e-1,3.3023082210e-1,2.8461944051e-1,1.2223183959e-1,6.249932714863695e-1,5.237370063186840e-1,2.7967821407e1,5.377e-1
834.280303,3.8702483596e-1,1.0613752221e-1,1.6467531224e-2,5.6457721743e-1,1.7577942545e-1,6.249932661401596e-1,5.237370113197843e-1,4.1103765128e1,6.189e-1
835.227273,2.8873807024e-1,1.5431078798e-1,2.8439728284e-1,2.0827194341e-1,3.1426843361e-1,6.249932590448881e-1,5.237369857603090e-1,4.9619230565e1,5.524e-1
836.174242,1.2662343095e-1,3.4169141741e-1,2.9973575638e-1,1.8056405333e-1,3.0137185352e-1,6.249932557954190e-1,5.237369810136163e-1,4.7498227558e1,5.841e-1
837.121212,9.4645905181e-2,7.1086150314e-2,4.7986439682e-1,3.1847870887e-1,2.8591133164e-1,6.249932464114579e-1,5.237369709420840e-1,5.0816379561e1,6.801e-1
838.068182,8.7471295528e-2,1.1489490374e-1,1.3620272828e-1,4.9754656449e-1,4.1387097188e-1,6.249932319542116e-1,5.237369480727215e-1,7.0260121745e1,6.948e-1
839.015152,1.1916919783e-1,3.7818527118e-1,4.6211617579e-1,1.5474722822e-1,1.3576857287e-1,6.249932229465507e-1,5.237369221689578e-1,2.6843173179e1,6.721e-1
839.962121,3.7578836016e-1,3.7402551797e-1,2.6758032499e-1,7.6512796954e-2,1.5607944520e-1,6.249932226345114e-1,5.237369201976656e-1,2.5503166304e1,5.675e-1
840.909091,6.2272158602e-1,3.3455978010e-1,1.6738999566e-1,9.1322179558e-2,3.3992903580e-2,6.249932224581524e-1,5.237369192309527e-1,9.5930017225e0,7.884e-1
841.856061,7.2514520940e-1,2.9594245283e-1,1.0269224645e-1,3.4552787115e-2,9.1653749444e-2,6.249932226201058e-1,5.237369188954319e-1,1.4613364598e1,6.786e-1
842.803030,4.8244223534e-1,6.2263571383e-1,4.9285623396e-2,9.4135256999e-2,1.4876161312e-3,6.249932228458934e-1,5.237369188784844e-1,5.0835206212e0,7.537e-1
843.750000,3.0616557501e-1,4.0344731132e-1,3.4055432525e-1,3.3980759113e-2,1.6583847425e-1,6.249932224741283e-1,5.237369188125987e-1,2.5999121008e1,4.571e-1
844.696970,1.7946168080e-1,2.9434579058e-1,3.0443801098e-1,3.6601855980e-1,1.0572240115e-1,6.249932216572767e-1,5.237369214143517e-1,2.8358987771e1,3.906e-1
845.643939,7.8008836525e-2,1.9190017790e-1,4.9249826187e-1,1.9340871812e-1,2.9417043978e-1,6.249932170911847e-1,5.237369129249464e-1,4.8205686140e1,5.270e-1
846.590909,4.8345003558e-2,6.1312981719e-2,1.8809305011e-1,2.9607997294e-1,6.5615540553e-1,6.249932069279628e-1,5.237368886850345e-1,9.5113993908e1,5.243e-1
847.537879,3.9532004304e-2,5.1346770120e-2,8.8794916060e-2,2.9951683770e-1,7.7079584746e-1,6.249931878225403e-1,5.237368459408853e-1,1.0907922615e2,7.533e-1
848.484848,3.0644674307e-2,2.3667641711e-1,3.3019230033e-1,1.9585134811e-1,4.5662160280e-1,6.249931713289724e-1,5.237368200834477e-1,6.7845021872e1,5.363e-1
849.431818,6.9787695716e-2,4.4849617140e-1,5.9299295069e-1,3.6006397463e-2,1.0270312043e-1,6.249931678457576e-1,5.237368150347433e-1,1.9974033930e1,6.638e-1
850.378788,2.2736522273e-1,4.9802859181e-1,2.8479477793e-1,9.8278545264e-2,1.4151919688e-1,6.249931673048077e-1,5.237368136749162e-1,2.4647468667e1,7.004e-1
851.325758,4.6912681600e-1,4.4422896571e-1,1.1034943253e-1,2.1326720208e-1,1.3013919129e-2,6.249931677265744e-1,5.237368139853198e-1,1.0496148915e1,5.757e-1
852.272727,6.9919867189e-1,4.1080260746e-1,1.3710964755e-3,7.7246315267e-2,6.1367643573e-2,6.249931673338049e-1,5.237368136291336e-1,1.1509113789e1,8.360e-1
853.219697,7.0881366058e-1,3.5905952494e-1,3.7479320328e-2,7.4233813241e-2,7.0400015626e-2,6.249931673565130e-1,5.237368135646264e-1,1.2759044467e1,7.230e-1
854.166667,3.9967481481e-1,5.1738891412e-1,1.2284923405e-1,2.0423974698e-1,5.8336247603e-3,6.249931673555840e-1,5.237368135344955e-1,9.4997849807e0,6.697e-1
855.113636,2.1371706111e-1,2.8843021796e-1,4.5222776684e-1,9.0848401697e-2,2.0476288457e-1,6.249931660846642e-1,5.237368128194752e-1,3.3418339181e1,4.868e-1
856.060606,8.9404087593e-2,1.8384302126e-1,3.1374162161e-1,5.2591372636e-1,1.3708386478e-1,6.249931608037556e-1,5.237368167445049e-1,3.7298294995e1,4.556e-1
857.007576,5.0323655696e-2,7.5042212626e-2,4.4604466274e-2,5.7522745282e-1,5.0478850488e-1,6.249931461511096e-1,5.237367860243536e-1,8.3552289099e1,6.687e-1
857.954545,2.9726201100e-2,1.7491120249e-1,2.5062989169e-1,4.5916442249e-1,3.3555453834e-1,6.249931280530407e-1,5.237367491923915e-1,6.0013967066e1,6.705e-1
858.901515,1.4503077756e-2,5.0174504418e-1,3.6309613111e-1,2.1670836254e-1,1.5393363568e-1,6.249931256313404e-1,5.237367335427170e-1,3.0553683644e1,5.352e-1
859.848485,4.9083717574e-3,6.5829691914e-1,4.3650997042e-1,5.7482169689e-3,1.4452277181e-1,6.249931250502242e-1,5.237367327842158e-1,2.3493985522e1,7.227e-1
860.795455,2.0578386806e-3,2.7766165577e-1,7.3051594615e-2,3.8533392470e-1,5.1188122602e-1,6.249931198916012e-1,5.237367280009146e-1,7.8992247509e1,4.980e-1
861.742424,9.0944535690e-4,3.2340447225e-1,6.1296229887e-1,2.7306630031e-1,3.9643707248e-2,6.249931120192339e-1,5.237367133951132e-1,1.9363478196e1,4.101e-1
862.689394,2.4483189826e-4,6.0076843133e-1,4.0922351922e-1,8.7578453516e-2,1.5217098570e-1,6.249931108311710e-1,5.237367092744577e-1,2.6755844114e1,7.322e-1
863.636364,3.7374489323e-4,2.6148676695e-1,7.6340840707e-2,5.7125661239e-1,3.4052824914e-1,6.249931070424003e-1,5.237367189803629e-1,6.3001714619e1,4.988e-1
864.583333,1.1468593627e-3,6.8219176531e-1,5.3018574912e-1,1.5443306164e-2,2.1018523633e-2,6.249931017978483e-1,5.237366914212341e-1,8.7909997756e0,5.963e-1
865.530303,4.6487198468e-3,4.1196208601e-1,4.5531713625e-1,2.5457253962e-1,1.2348572046e-1,6.249931010933962e-1,5.237366937107197e-1,2.8421279108e1,6.193e-1
866.477273,1.0276769030e-2,3.5392202566e-1,3.6944375807e-1,2.1745229909e-1,2.9889133651e-1,6.249930941841253e-1,5.237366823047900e-1,4.8885097145e1,3.412e-1
867.424242,2.9887273798e-2,8.0205650074e-1,3.5208930623e-1,5.2873661064e-2,1.3079447238e-2,6.249930945327383e-1,5.237366796308049e-1,7.8018974887e0,5.312e-1
868.371212,7.3772860469e-2,3.0801109929e-1,9.4169602429e-2,6.0416443448e-1,1.6986818514e-1,6.249930909039950e-1,5.237366958842583e-1,4.2482655049e1,7.722e-1
869.318182,1.3825744572e-1,1.9059263580e-1,3.1173225493e-1,2.7278415794e-1,3.3661966927e-1,6.249930818266312e-1,5.237366633268185e-1,5.4760582754e1,4.293e-1
870.265152,2.0887719039e-1,5.9107771581e-1,9.8136766970e-2,6.6114310828e-2,2.8578017527e-1,6.249930796397082e-1,5.237366577347398e-1,4.0767208544e1,4.752e-1
871.212121,3.4633803166e-1,4.4511411706e-1,1.8107340079e-1,2.2880035022e-1,4.8660260056e-2,6.249930798961622e-1,5.237366581642001e-1,1.6062108951e1,5.836e-1
872.159091,4.7749259286e-1,2.6517044565e-1,3.4640403580e-1,6.8077367131e-2,9.2841717629e-2,6.249930795355032e-1,5.237366562578279e-1,1.7602535079e1,5.213e-1
873.106061,4.2855983594e-1,5.5850499775e-1,8.8527087024e-2,5.0507578363e-2,1.2388666038e-1,6.249930797258513e-1,5.237366561298241e-1,1.9513241646e1,7.472e-1
874.053030,4.4859443046e-1,2.8105837545e-1,2.2174809505e-1,1.5698533802e-2,2.8288672304e-1,6.249930788987251e-1,5.237366554159513e-1,3.9272252357e1,5.312e-1
875.000000,2.7024484185e-1,5.6713176936e-1,2.9011622142e-1,3.1402141206e-2,9.1091182406e-2,6.249930781217617e-1,5.237366546221757e-1,1.6254855598e1,7.458e-1
875.946970,1.1201068668e-1,5.8147775139e-1,2.5816837163e-1,7.7955582149e-2,2.2037376286e-1,6.249930773514256e-1,5.237366547593697e-1,3.3986728094e1,4.675e-1
876.893939,7.4547517544e-2,2.4761230580e-1,7.8490470061e-2,6.2459085583e-1,2.2474499131e-1,6.249930702742318e-1,5.237366696655898e-1,4.9914688406e1,4.673e-1
877.840909,7.0503020054e-2,1.8429062659e-1,7.5630042472e-1,1.7339573521e-1,6.5496313981e-2,6.249930602797937e-1,5.237366348325406e-1,2.0386427877e1,4.720e-1
878.787879,4.3638444781e-2,3.3519649845e-1,1.3447014641e-1,3.6389990833e-1,3.7278111231e-1,6.249930551391145e-1,5.237366304575435e-1,6.1128752833e1,4.965e-1
879.734848,5.5617787884e-2,1.8766074979e-1,1.1178010124e-1,6.2349960990e-1,2.7142783896e-1,6.249930438896449e-1,5.237366317149164e-1,5.5992122108e1,4.324e-1
880.681818,1.2406702206e-1,1.9188602581e-1,4.2151529871e-3,6.7796701415e-1,2.5185084372e-1,6.249930293664135e-1,5.237366092883041e-1,5.4411379236e1,7.469e-1
881.628788,2.3642566738e-1,5.7349489792e-2,1.4858830280e-2,7.1298143943e-1,2.2837060061e-1,6.249930137497757e-1,5.237365878420408e-1,5.2398625396e1,8.366e-1
882.575758,2.9306292772e-1,1.0633817493e-3,2.5444606382e-1,6.0406104294e-1,9.7352582426e-2,6.249929993266100e-1,5.237365540208254e-1,3.3975310663e1,6.404e-1
883.522727,2.1660521931e-1,1.0655589894e-1,2.1026180567e-1,5.5433820742e-1,1.6222484564e-1,6.249929884846771e-1,5.237365312255230e-1,4.0507111732e1,4.779e-1
884.469697,1.5509195260e-1,7.8054644547e-2,2.0526728663e-1,4.7594749291e-1,3.3562457352e-1,6.249929751026775e-1,5.237365017266363e-1,6.0066058742e1,3.196e-1
885.416667,9.4789977407e-2,1.6947910633e-1,1.1745115017e-1,4.0831303911e-1,4.5995264626e-1,6.249929596355571e-1,5.237364705780712e-1,7.3265918376e1,6.155e-1
886.363636,7.0309459195e-2,2.2061641654e-1,2.2380706436e-1,3.0991049387e-1,4.2534246343e-1,6.249929487010446e-1,5.237364490819899e-1,6.6627815201e1,6.125e-1
887.310606,7.6420414372e-2,1.1911759486e-1,7.4007349767e-1,1.9355461379e-1,1.2081975353e-1,6.249929371110343e-1,5.237364320822463e-1,2.7855709471e1,5.778e-1
888.257576,9.5169534786e-2,1.6474322005e-2,1.5827741621e-1,4.6905621070e-1,5.1100837532e-1,6.249929295147063e-1,5.237364209036062e-1,8.1765623525e1,6.024e-1
889.204545,1.0221179909e-1,1.5445385058e-1,2.4011109546e-1,5.7526903519e-1,1.7794005761e-1,6.249929189597048e-1,5.237364164997319e-1,4.3465838864e1,4.571e-1
890.151515,1.7862955432e-1,9.9103552329e-2,6.4768541138e-3,7.2727008750e-1,2.3850576031e-1,6.249929042838303e-1,5.237364038892844e-1,5.4140716834e1,3.529e-1
891.098485,2.4576072801e-1,5.9431298269e-3,4.0345641280e-1,5.4259800391e-1,5.2227503578e-2,6.249928890577873e-1,5.237363630748874e-1,2.7410674509e1,5.284e-1
892.045455,2.2703664231e-1,2.0127243156e-2,9.0830732959e-2,5.7962087398e-1,3.3237026399e-1,6.249928781981640e-1,5.237363433465217e-1,6.1971680429e1,5.682e-1
892.992424,1.4120845415e-1,1.6417774075e-1,1.4238689069e-1,4.7518168207e-1,3.2703095643e-1,6.249928620364342e-1,5.237363088206782e-1,5.8603831083e1,6.707e-1
893.939394,6.1967090211e-2,4.4200181195e-1,5.7821350949e-1,1.4220049196e-1,2.5602812311e-2,6.249928579601126e-1,5.237362904886942e-1,1.3368270964e1,7.404e-1
894.886364,1.6514210473e-1,3.6997260355e-1,3.9246876422e-1,2.8210123086e-1,4.0301011018e-2,6.249928571918046e-1,5.237362914720899e-1,1.8148035171e1,6.193e-1
895.833333,2.8275225407e-1,4.1043286497e-2,7.8202529515e-2,5.9287526556e-1,2.5511236858e-1,6.249928521137784e-1,5.237363002742047e-1,5.2475474613e1,7.683e-1
896.780303,2.6726173292e-1,1.7922267586e-1,3.1373967594e-1,3.9022687776e-1,9.9534722943e-2,6.249928427141399e-1,5.237362711877542e-1,2.8229698251e1,5.374e-1
897.727273,2.8829769185e-1,5.3735433179e-1,1.2030698499e-1,8.5001518017e-2,2.1902515661e-1,6.249928416280008e-1,5.237362600510772e-1,3.2936582012e1,3.436e-1
898.674242,4.2049517517e-1,2.9621598310e-1,3.8530079676e-1,7.2149342560e-2,7.5824385559e-2,6.249928415721756e-1,5.237362597229250e-1,1.5899386241e1,5.682e-1
899.621212,3.7788509551e-1,6.2052287690e-1,1.2361859146e-1,9.6356467656e-2,3.1602650892e-2,6.249928412096064e-1,5.237362590939919e-1,9.5474833125e0,3.218e-1
900.568182,4.6084389746e-1,2.6094510089e-1,3.0885229166e-1,1.7026173859e-1,4.9082653406e-2,6.249928410062182e-1,5.237362594345556e-1,1.4954085755e1,6.431e-1
901.515152,3.3063113989e-1,4.4208522617e-1,1.3739613604e-1,1.9502206659e-1,1.4485111162e-1,6.249928401603766e-1,5.237362588924582e-1,2.6930303529e1,5.688e-1
902.462121,1.4593777298e-1,5.1218802065e-1,1.6344485601e-1,3.9973671168e-1,2.8678316924e-2,6.249928391251524e-1,5.237362623006114e-1,1.8867303116e1,6.082e-1
903.409091,9.3159121855e-2,7.6408302675e-2,2.4614794005e-1,6.9605738048e-1,1.3821292000e-1,6.249928325293550e-1,5.237362793162529e-1,4.2133669622e1,8.299e-1
904.356061,9.2399175542e-2,1.9516366085e-2,6.7130911170e-1,4.3105742878e-1,3.5703553746e-2,6.249928179243677e-1,5.237362299551777e-1,2.3819597814e1,5.789e-1
905.303030,1.1220734454e-1,4.1611849992e-2,1.2238826825e-1,7.8306236548e-1,1.9071578895e-1,6.249928086090667e-1,5.237362443377189e-1,5.0588050200e1,6.793e-1
906.250000,1.7041510805e-1,2.0658160791e-1,3.0407350893e-1,4.3470364467e-1,1.3421173049e-1,6.249928000244908e-1,5.237361945596072e-1,3.4020576974e1,4.149e-1
907.196970,3.1330408177e-1,1.8783696191e-1,2.2229131807e-1,3.1668770764e-1,2.0986552273e-1,6.249927960676245e-1,5.237361825285466e-1,3.9307450064e1,3.860e-1
908.143939,3.2269071985e-1,5.2206140277e-1,1.6127779300e-1,3.5127855914e-2,2.0882781644e-1,6.249927939852142e-1,5.237361762834848e-1,3.0349742403e1,4.753e-1
909.090909,3.9188442927e-1,3.9692903694e-1,2.0016304975e-1,2.7315678405e-2,2.3369339325e-1,6.249927938084647e-1,5.237361760391938e-1,3.3377960731e1,6.298e-1
910.037879,4.2359250906e-1,4.4857741959e-1,2.2862708925e-1,5.3885677310e-2,9.5302892539e-2,6.249927938712025e-1,5.237361759364897e-1,1.6861079727e1,4.895e-1
910.984848,5.1161084682e-1,4.0225921603e-1,2.2866549213e-1,1.7513289163e-2,8.9936743757e-2,6.249927939517019e-1,5.237361759644562e-1,1.4961976247e1,5.272e-1
911.931818,4.7460349691e-1,4.2951307261e-1,9.8547650419e-2,8.8149488761e-2,1.5917187904e-1,6.249927938707616e-1,5.237361763589389e-1,2.5079493254e1,2.591e-1
912.878788,2.9894884398e-1,5.1937991148e-1,1.3741738569e-1,2.7574455957e-1,1.8494886244e-2,6.249927934852672e-1,5.237361767744552e-1,1.3478744676e1,5.355e-1
913.825758,2.2992098016e-1,1.7342712714e-1,5.8153507843e-1,1.2142882984e-1,1.4367356505e-1,6.249927903120797e-1,5.237361736857479e-1,2.7390034253e1,4.789e-1
914.772727,1.5599157322e-1,1.1263307501e-1,3.3249455500e-2,3.7282342864e-1,5.7528803261e-1,6.249927824847490e-1,5.237361584556219e-1,8.6136475471e1,7.290e-1
915.719697,8.1335178654e-2,1.9205358960e-1,4.2080713508e-1,4.1454466245e-1,1.4124497327e-1,6.249927695255153e-1,5.237361456897843e-1,3.5136017626e1,3.054e-1
916.666667,4.0131867240e-2,5.4520054875e-1,2.0748912328e-1,4.3983509322e-1,1.7328904649e-2,6.249927685701367e-1,5.237361398324663e-1,1.9063202796e1,6.509e-1
917.613636,9.1182453575e-2,1.8664370813e-1,4.6963789105e-1,4.2591434144e-1,7.6607138584e-2,6.249927663892553e-1,5.237361402026227e-1,2.7610954436e1,6.114e-1
918.560606,1.6726784933e-1,1.1700159690e-1,3.6386027472e-2,3.9635061546e-1,5.3297942411e-1,6.249927566362424e-1,5.237361140480106e-1,8.1513311319e1,4.041e-1
919.507576,2.4722544303e-1,2.1012577006e-1,5.1389149091e-1,1.1046147903e-1,1.6828131147e-1,6.249927472459639e-1,5.237360956406560e-1,2.9729771385e1,6.962e-1
920.454545,3.5630196867e-1,5.8850162157e-1,9.1105113340e-2,1.3288846312e-1,8.1188328294e-2,6.249927474976378e-1,5.237360942106803e-1,1.6728531976e1,2.964e-1
921.401515,6.1922154613e-1,4.0837468760e-1,7.0195481285e-2,1.4039342962e-1,1.1800351328e-2,6.249927479819217e-1,5.237360939123987e-1,7.6909587163e0,6.314e-1
922.348485,7.1046425458e-1,4.5112587288e-1,8.4959018415e-4,4.2746354595e-2,4.4799423409e-2,6.249927478239914e-1,5.237360938653237e-1,8.3664901379e0,5.476e-1
923.295455,6.6030420101e-1,2.7769828967e-1,1.7102783558e-1,8.4773291437e-2,5.6181877593e-2,6.249927476455741e-1,5.237360939074462e-1,1.2157797022e1,7.736e-1
924.242424,2.6873649738e-1,6.3748034735e-1,3.1394890074e-1,6.3170352933e-3,2.3502714522e-2,6.249927476405528e-1,5.237360938607279e-1,7.1314127376e0,5.117e-1
925.189394,7.3472635027e-2,3.7973047186e-1,3.4602261750e-1,4.4172215904e-1,9.0376103614e-3,6.249927468916483e-1,5.237360997573222e-1,1.8856301417e1,4.534e-1
926.136364,3.3213516339e-2,9.2365836830e-2,7.6043682830e-2,8.4257706946e-1,2.0578536496e-1,6.249927352109071e-1,5.237361238722600e-1,5.4112680832e1,4.502e-1
927.083333,2.2205918405e-2,4.5106420068e-2,4.1206640135e-1,4.6557010865e-1,3.0503660093e-1,6.249927247012079e-1,5.237360624598854e-1,5.7340775405e1,3.003e-1
928.030303,1.4564983376e-2,2.3815488380e-1,3.9731184356e-1,4.4758475491e-1,1.5236895063e-1,6.249927081398354e-1,5.237360342744872e-1,3.7488024845e1,5.173e-1
928.977273,1.1179175208e-2,8.4931597837e-1,2.1338580606e-1,1.9908879678e-2,1.5619557574e-1,6.249927075291963e-1,5.237360205540084e-1,2.4041425838e1,8.646e-1
929.924242,1.7596944927e-2,1.2660946622e-1,3.4242109639e-1,3.3976965904e-1,4.2358824364e-1,6.249927051057349e-1,5.237360193843948e-1,6.8093310451e1,3.782e-1
930.871212,2.2391706715e-2,2.7481879162e-2,1.0228611076e0,1.3704564235e-1,4.0205047613e-2,6.249926917096240e-1,5.237359985467208e-1,1.7780755122e1,9.188e-1
931.818182,1.9348394109e-2,1.1052158677e-1,6.3413056955e-1,2.0594195626e-1,2.8004285685e-1,6.249926817676377e-1,5.237359765405373e-1,4.7739390204e1,7.955e-1
932.765152,1.4271080301e-2,6.5873953297e-1,2.1512227674e-1,1.3754755116e-1,2.2430492103e-1,6.249926810952871e-1,5.237359722015174e-1,3.6158144349e1,8.019e-1
933.712121,1.6417505478e-2,3.9467301829e-1,6.6901988139e-2,2.8308454744e-1,4.8890829568e-1,6.249926775178742e-1,5.237359676555153e-1,7.2971738060e1,6.404e-1
934.659091,2.7376746859e-2,2.0673991407e-1,3.9097598659e-1,2.5755485515e-1,3.6733782614e-1,6.249926644026906e-1,5.237359511009447e-1,5.8815973205e1,6.218e-1
935.606061,3.5631074435e-2,3.5959996896e-1,4.5901790943e-2,3.7511521222e-1,4.3373727745e-1,6.249926620074205e-1,5.237359456048059e-1,6.8626288107e1,5.592e-1
936.553030,6.2040862087e-2,1.6857520126e-1,2.0022168470e-1,4.3617912250e-1,3.8296842398e-1,6.249926472647414e-1,5.237359265390147e-1,6.4947634501e1,4.111e-1
937.500000,1.3294891939e-1,1.4767719592e-1,5.3889809017e-2,3.9383431655e-1,5.2163502304e-1,6.249926319555459e-1,5.237358955601358e-1,8.0164928402e1,7.034e-1
938.446970,2.5192171431e-1,6.0275337339e-2,6.6702053192e-3,3.6642004416e-1,5.6469793371e-1,6.249926174178416e-1,5.237358695340912e-1,8.4306650102e1,4.168e-1
939.393939,2.9968069559e-1,3.6918637614e-3,2.7418809784e-1,3.0061494830e-1,3.7180960091e-1,6.249926032027118e-1,5.237358476426041e-1,5.9562036121e1,5.141e-1
940.340909,1.8021972369e-1,2.5780507127e-1,1.6262584007e-1,2.6127428401e-1,3.8806027161e-1,6.249925953287546e-1,5.237358326381847e-1,5.9939218580e1,6.222e-1
941.287879,8.6517826130e-2,2.4885799633e-1,6.9816241998e-1,1.1116691195e-1,1.0528002729e-1,6.249925908367931e-1,5.237358258490995e-1,2.3159458941e1,4.011e-1
942.234848,1.5640554835e-1,1.2278615594e-1,2.3347560249e-2,3.6719781028e-1,5.8024808813e-1,6.249925814734806e-1,5.237358087491163e-1,8.6532640777e1,5.868e-1
943.181818,2.3863899983e-1,7.3810483322e-3,6.1734329933e-1,2.2159496732e-1,1.6502681902e-1,6.249925669192111e-1,5.237357882498617e-1,3.3287299781e1,3.576e-1
944.128788,2.1689840732e-1,4.4710661362e-2,4.1997120853e-2,3.8452345297e-1,5.6185547787e-1,6.249925601860487e-1,5.237357745637499e-1,8.4756099155e1,4.253e-1
945.075758,1.4965153519e-1,3.1574716326e-1,2.9339409792e-1,2.6742728468e-1,2.2376501666e-1,6.249925488543269e-1,5.237357555482218e-1,4.0253068120e1,4.595e-1
946.022727,1.3303202259e-1,5.5648221455e-1,3.9191773113e-1,5.2042004331e-2,1.1651112514e-1,6.249925488716078e-1,5.237357490719216e-1,2.0893590446e1,3.608e-1
946.969697,1.8007175067e-1,4.1416356660e-1,4.6056785965e-1,4.4648724520e-2,1.5053319573e-1,6.249925485840822e-1,5.237357484623724e-1,2.5299914124e1,6.337e-1
947.916667,2.0797959457e-1,4.7630243452e-1,1.3946770104e-1,4.1954673554e-1,6.6886322590e-3,6.249925489611402e-1,5.237357520116065e-1,1.6453976741e1,6.462e-1
948.863636,2.2362605504e-1,4.5000887955e-1,2.1455289652e-1,2.5010449589e-2,3.3678681410e-1,6.249925473963207e-1,5.237357469607763e-1,4.6637300550e1,6.559e-1
949.810606,2.4638535842e-1,3.8007696620e-1,5.6330338822e-1,2.4207735822e-2,3.6011645526e-2,6.249925470899710e-1,5.237357468659041e-1,1.0773911891e1,4.711e-1
950.757576,2.4312065325e-1,5.8412393918e-1,1.9197499553e-1,5.7147715832e-2,1.7361778826e-1,6.249925460269012e-1,5.237357462032542e-1,2.6877411973e1,5.712e-1
951.704545,3.6131137723e-1,3.3816500842e-1,1.1855705026e-1,2.9576520297e-1,1.3618644858e-1,6.249925437282513e-1,5.237357485502420e-1,2.8701794020e1,5.648e-1
952.651515,4.5010236083e-1,6.3961391781e-2,4.4723325627e-2,4.1418979897e-1,2.7700819802e-1,6.249925376155663e-1,5.237357456195897e-1,4.9421883483e1,5.878e-1
953.598485,2.9309759377e-1,1.8602321920e-1,2.6071347098e-2,4.2437392162e-1,3.2041897655e-1,6.249925291165428e-1,5.237357340067732e-1,5.5320760502e1,5.031e-1
954.545455,1.7578670138e-1,1.6507921732e-1,1.3420950382e-1,4.0470003151e-1,3.7020958327e-1,6.249925186514671e-1,5.237357193826958e-1,6.1828955483e1,4.049e-1
955.492424,1.4829854958e-1,2.9835752001e-2,2.1070958779e-1,4.7472327590e-1,3.8641785781e-1,6.249925115402373e-1,5.237357127429274e-1,6.6472128109e1,5.919e-1
956.439394,1.4792812658e-1,1.2403726848e-2,7.0834102467e-1,3.0517072479e-1,7.6141398794e-2,6.249925008433224e-1,5.237356907497576e-1,2.5277061953e1,7.397e-1
957.386364,1.5375396670e-1,1.3972107283e-2,7.3895956917e-1,2.8848088279e-1,5.4818454467e-2,6.249924902024525e-1,5.237356723748804e-1,2.2264648172e1,5.187e-1
958.333333,1.6933861937e-1,4.3719332601e-2,2.0361605910e-1,5.0073645128e-1,3.3257450320e-1,6.249924827791848e-1,5.237356669010959e-1,6.0394139299e1,5.609e-1
959.280303,2.3134520123e-1,2.2332116427e-1,1.4254271273e-1,3.8527058007e-1,2.6750529524e-1,6.249924767706153e-1,5.237356489783517e-1,4.8271992984e1,5.006e-1
960.227273,3.8898308225e-1,9.8339835538e-2,9.1660480691e-2,4.2323737040e-1,2.4776416991e-1,6.249924693939410e-1,5.237356395689998e-1,4.6381864659e1,5.399e-1
961.174242,3.2424885926e-1,2.4770176023e-1,3.2981774183e-1,2.7388046727e-1,7.4336101612e-2,6.249924650991311e-1,5.237356280116346e-1,2.1575265844e1,5.740e-1
962.121212,9.6652531444e-2,4.8436185014e-1,5.9566887579e-1,2.1019916893e-2,5.2281752437e-2,6.249924633561716e-1,5.237356215488492e-1,1.3147102625e1,7.704e-1
963.068182,5.3367096099e-2,2.5362438390e-1,2.8971248878e-1,4.2303931208e-1,2.3024163227e-1,6.249924565610314e-1,5.237356229296628e-1,4.5859819143e1,6.341e-1
964.015152,6.6844387441e-2,1.4076724986e-1,1.6993580651e-1,4.8390177052e-1,3.8853566555e-1,6.249924399375133e-1,5.237355976593563e-1,6.6891864992e1,6.948e-1
964.962121,1.1453995883e-1,4.4450681500e-1,2.6591588846e-1,2.2959090630e-1,1.9543129564e-1,6.249924321150804e-1,5.237355734241577e-1,3.5435725561e1,5.011e-1
965.909091,3.6220472601e-1,4.1760157254e-1,1.5518781944e-1,1.7350009539e-1,1.4149064964e-1,6.249924315186995e-1,5.237355706427000e-1,2.5920614270e1,6.456e-1
966.856061,6.1248529553e-1,1.9598779371e-1,2.9199703039e-1,1.3755196790e-1,1.1962773562e-2,6.249924305474348e-1,5.237355682049792e-1,8.9670924669e0,5.807e-1
967.803030,5.2291188892e-1,5.3162086860e-1,5.0890445516e-2,3.7430830361e-2,1.0713082754e-1,6.249924304716087e-1,5.237355673318733e-1,1.6642353743e1,7.194e-1
968.750000,5.3603400401e-1,2.7228146362e-1,4.6351241275e-2,1.2330332872e-1,2.7201482107e-1,6.249924293466583e-1,5.237355673198526e-1,3.9946993475e1,6.559e-1
969.696970,3.9737398250e-1,2.1737945905e-1,2.9109798491e-1,2.9943995492e-1,4.4693472659e-2,6.249924270190301e-1,5.237355682475208e-1,1.8265072846e1,4.593e-1
970.643939,2.4246970834e-1,1.3654899520e-1,1.6038750463e-1,5.0467237381e-1,2.0590626280e-1,6.249924223896905e-1,5.237355725959369e-1,4.4182950481e1,3.652e-1
971.590909,1.1451606895e-1,1.7427101898e-1,1.5627638828e-1,4.9912546744e-1,3.0579587812e-1,6.249924108885589e-1,5.237355541073995e-1,5.6769898536e1,5.414e-1
972.537879,7.7651198324e-2,1.4729054928e-1,2.2712182556e-1,5.6632665856e-1,2.3159457670e-1,6.249924042084141e-1,5.237355505944801e-1,4.9916940194e1,3.640e-1
973.484848,1.3316875956e-1,2.1612145780e-1,4.3200026778e-1,3.6821044428e-1,1.0048385685e-1,6.249923931302532e-1,5.237355177051624e-1,2.8599497331e1,5.308e-1
974.431818,3.6190965898e-1,3.8765655450e-1,1.5415730573e-1,2.0779126939e-1,1.3846999389e-1,6.249923912491766e-1,5.237355092814694e-1,2.6563006223e1,4.080e-1
975.378788,6.0945726688e-1,2.9657149820e-1,2.2660523610e-1,1.0010559299e-1,1.7245187346e-2,6.249923907586475e-1,5.237355061992639e-1,8.1214764747e0,4.880e-1
976.325758,7.2723009852e-1,3.5744922600e-1,8.1163790002e-2,7.8898083342e-3,7.6251858409e-2,6.249923906325400e-1,5.237355060119158e-1,1.1740535564e1,4.708e-1
977.272727,5.9269348322e-1,3.8188765549e-1,1.3623747973e-1,1.7424331795e-2,1.2174183032e-1,6.249923902820779e-1,5.237355059370833e-1,1.8290554789e1,6.179e-1
978.219697,2.1650799630e-1,5.7901045027e-1,2.7619654574e-1,1.0619497692e-1,7.2074811721e-2,6.249923904752099e-1,5.237355057620230e-1,1.6099662426e1,6.250e-1
979.166667,7.9292388750e-2,2.4147333473e-1,2.0896002953e-1,2.7848283212e-1,4.4177618981e-1,6.249923874712007e-1,5.237355030366708e-1,6.7653076024e1,6.166e-1
980.113636,3.6973293224e-2,1.1226823676e-1,2.2436593241e-1,2.5552976214e-1,6.2084752267e-1,6.249923736005036e-1,5.237354760450880e-1,8.9683385870e1,4.011e-1
981.060606,2.6681386530e-2,2.3680789357e-2,2.0884161923e-1,4.7597850434e-1,5.1480242843e-1,6.249923639437628e-1,5.237354729678012e-1,8.2857458203e1,6.360e-1
982.007576,3.0302386729e-2,8.5455168411e-2,7.4044951029e-1,3.9082668176e-1,2.9509548918e-3,6.249923510401340e-1,5.237354488748679e-1,1.8993833655e1,6.083e-1
982.954545,6.2880473130e-2,1.9815303082e-1,1.9333989114e-2,6.5087517312e-1,3.1874201676e-1,6.249923414679754e-1,5.237354423705916e-1,6.2209401896e1,5.331e-1
983.901515,1.4233997848e-1,1.7057671358e-1,4.0617696387e-1,2.2974027336e-1,3.0115073082e-1,6.249923300585755e-1,5.237354000059629e-1,4.9560721420e1,3.769e-1
984.848485,2.3799113864e-1,3.7372126939e-1,1.0857919768e-1,1.0644279598e-1,4.2325025497e-1,6.249923283303745e-1,5.237353944452320e-1,5.9317273797e1,5.564e-1
985.795455,3.4118322524e-1,2.9870325883e-1,3.4109649021e-1,1.2327363778e-1,1.4572804023e-1,6.249923261488530e-1,5.237353911219319e-1,2.6094715611e1,5.823e-1
986.742424,3.7287979206e-1,6.4857086005e-1,1.0820293467e-1,5.9016265919e-2,6.1314799720e-2,6.249923262106930e-1,5.237353912472320e-1,1.2086019967e1,7.975e-1
987.689394,5.2437061340e-1,3.7432437049e-1,1.6703112513e-1,1.4527280471e-1,3.8985739322e-2,6.249923265257118e-1,5.237353911919267e-1,1.1985987433e1,4.764e-1
988.636364,5.6894245863e-1,5.6371342889e-1,5.1690010512e-2,1.8649057908e-2,4.6989696721e-2,6.249923263296248e-1,5.237353912291212e-1,8.4368692045e0,7.441e-1
989.583333,6.3336309898e-1,3.3807674175e-1,3.4903658306e-2,2.8703748823e-2,2.1493740387e-1,6.249923258672545e-1,5.237353911676844e-1,2.9702571958e1,7.313e-1
990.530303,4.5764323517e-1,4.2665096098e-1,6.8488548922e-2,1.2923317262e-1,1.6796873198e-1,6.249923248400087e-1,5.237353911822962e-1,2.7265491149e1,4.138e-1
991.477273,3.4643368120e-1,1.4091910393e-1,3.4543785243e-1,3.2665399491e-1,9.0540012212e-2,6.249923223408880e-1,5.237353934101612e-1,2.5260607268e1,4.454e-1
992.424242,2.0640991763e-1,1.2509104663e-1,6.8947329405e-2,3.9923772516e-1,4.5029860905e-1,6.249923139350420e-1,5.237353807586030e-1,7.1318794851e1,6.293e-1
993.371212,1.1174928613e-1,1.0191007462e-1,5.1477172205e-1,2.1778136925e-1,3.0377214953e-1,6.249923007921070e-1,5.237353569006785e-1,5.0229707525e1,3.712e-1
994.318182,7.4322806190e-2,4.9547875764e-2,9.2156253545e-2,5.4345033074e-1,4.9050732391e-1,6.249922950736254e-1,5.237353565030908e-1,8.1048855227e1,6.309e-1
995.265152,7.7607788270e-2,1.7483943587e-1,5.4537777873e-1,4.1434159850e-1,3.7817968604e-2,6.249922849916932e-1,5.237353352349002e-1,2.2851136129e1,6.138e-1
996.212121,1.7144304019e-1,1.2820466338e-1,5.4666992755e-2,6.3275171203e-1,2.6291814191e-1,6.249922751287036e-1,5.237353299394967e-1,5.4681043738e1,4.824e-1
997.159091,2.6070603533e-1,1.8311309930e-2,4.5522866400e-2,7.1866872396e-1,2.0677558374e-1,6.249922596816244e-1,5.237353133069930e-1,4.9995832454e1,4.537e-1
998.106061,2.6197070755e-1,1.8772637212e-2,5.0844158751e-2,7.4247954871e-1,1.7591743567e-1,6.249922439503186e-1,5.237352889921681e-1,4.6852061223e1,3.534e-1
999.053030,1.8063148973e-1,9.1319535445e-2,1.6008595017e-1,6.8624940778e-1,1.3169807400e-1,6.249922285564954e-1,5.237352562811460e-1,4.0370976938e1,6.452e-1
1000.000000,7.6303206950e-2,2.8390466731e-1,3.0518432397e-1,4.9313268239e-1,9.1459557610e-2,6.249922191131224e-1,5.237352233954119e-1,3.0534504740e1,7.010e-1
1000.946970,7.4421303576e-2,2.2293388152e-1,1.4064424883e-1,6.5188241660e-1,1.6010257742e-1,6.249922139807179e-1,5.237352281090286e-1,4.2961599647e1,7.584e-1
1001.893939,1.5648477085e-1,1.1458859940e-1,7.0689755467e-2,7.1789519692e-1,1.9032607696e-1,6.249921997968431e-1,5.237352119471532e-1,4.8207321780e1,8.043e-1
1002.840909,2.2715889951e-1,4.3367711075e-2,4.4445249264e-1,4.5384514065e-1,8.1160139617e-2,6.249921917437612e-1,5.237351752618769e-1,2.8667477185e1,6.252e-1
1003.787879,2.1627985415e-1,1.4013013040e-1,7.9734108038e-2,6.7042370117e-1,1.4341657097e-1,6.249921823633735e-1,5.237351749900865e-1,4.0837152574e1,4.206e-1
1004.734848,2.5919667920e-1,2.6809519159e-1,2.2622824326e-2,4.2102688053e-1,2.7904277402e-1,6.249921748369565e-1,5.237351425661130e-1,5.0037106569e1,5.178e-1
1005.681818,3.2907410541e-1,3.3569952495e-1,4.8003035326e-1,7.0266576116e-2,3.4913784285e-2,6.249921720114447e-1,5.237351300620913e-1,1.1393673753e1,3.526e-1
1006.628788,4.3822683609e-1,5.6775815791e-1,1.2560628669e-1,1.0359064783e-1,1.4802415075e-2,6.249921718024111e-1,5.237351296246286e-1,7.5690898877e0,6.524e-1
1007.575758,5.5531766344e-1,1.9796360145e-1,1.1261957815e-1,2.5093496787e-1,1.3314853031e-1,6.249921706044725e-1,5.237351305408184e-1,2.6647473511e1,7.113e-1
1008.522727,2.9574199798e-1,4.4825228188e-1,3.8147366001e-1,6.3607456774e-3,1.1815565298e-1,6.249921692615281e-1,5.237351267324866e-1,1.9423632286e1,4.727e-1
1009.469697,9.0318609108e-2,3.7908448923e-1,6.0126940353e-1,1.4323855268e-1,3.6073280919e-2,6.249921677313329e-1,5.237351273427550e-1,1.4814497154e1,5.962e-1
1010.416667,4.7371177473e-2,6.3599934377e-2,2.5142958522e-1,3.7981080531e-1,5.0777281713e-1,6.249921597540712e-1,5.237351176705780e-1,7.9311188502e1,6.006e-1
1011.363636,3.3284011155e-2,7.0451680984e-2,1.4060428831e-1,5.4120998990e-1,4.6443433365e-1,6.249921520028658e-1,5.237351158004285e-1,7.8048694058e1,7.060e-1
1012.310606,4.1190881529e-2,5.8873471721e-1,3.8858988421e-1,1.9616926161e-1,3.5299543643e-2,6.249921440987405e-1,5.237350879174637e-1,1.5102541907e1,7.107e-1
1013.257576,1.6650588517e-1,4.1669940948e-1,3.3903681964e-1,2.4230553401e-1,8.5436638830e-2,6.249921435612836e-1,5.237350867555248e-1,2.2318613177e1,4.769e-1
1014.204545,3.5704224995e-1,1.0256375586e-1,9.1102559237e-2,3.1119386002e-1,3.8808184881e-1,6.249921369399825e-1,5.237350785952474e-1,6.0745149279e1,6.223e-1
1015.151515,3.7429741769e-1,4.8464067113e-2,6.3475389362e-2,3.2414975070e-1,4.3959762949e-1,6.249921271738459e-1,5.237350634904248e-1,6.7433168555e1,4.461e-1
1016.098485,2.1655587834e-1,9.5941501659e-2,4.6278223698e-1,2.6934747504e-1,2.0535714110e-1,6.249921165588350e-1,5.237350497261392e-1,3.8907252100e1,3.356e-1
1017.045455,1.2838343155e-1,1.4133173880e-1,3.3305597699e-2,4.0187973587e-1,5.4508371082e-1,6.249921073717746e-1,5.237350330284195e-1,8.3244166507e1,6.928e-1
1017.992424,8.7856549726e-2,3.7608528629e-1,4.0608329987e-2,3.3647124703e-1,4.0896277803e-1,6.249920955280043e-1,5.237350112978244e-1,6.4235280980e1,4.710e-1
1018.939394,1.0833896719e-1,3.0605444705e-1,7.5336804893e-1,3.0015232209e-2,5.2207487779e-2,6.249920915809852e-1,5.237350012336733e-1,1.4336268636e1,7.634e-1
1019.886364,1.3036692235e-1,3.6651924418e-1,3.7299800862e-1,3.0389184879e-1,7.6208155090e-2,6.249920895151124e-1,5.237350030227419e-1,2.3261389031e1,5.910e-1
1020.833333,1.5359746588e-1,4.2559256045e-2,1.0471156681e-1,5.5672957342e-1,3.9238630430e-1,6.249920832290768e-1,5.237350036553621e-1,6.9040403080e1,6.301e-1
1021.780303,1.0541665443e-1,4.5774937207e-1,3.7255971377e-1,2.1002277700e-1,1.0423563684e-1,6.249920770526308e-1,5.237349787607425e-1,2.4011575161e1,6.075e-1
1022.727273,5.4824623238e-2,5.3890817645e-1,4.6709843131e-1,1.5283297892e-1,3.6319942926e-2,6.249920764222151e-1,5.237349761755982e-1,1.4381624135e1,7.332e-1
1023.674242,4.2465154098e-2,2.1294570435e-1,4.7288903596e-1,2.4497932049e-1,2.7670492362e-1,6.249920692637690e-1,5.237349697047098e-1,4.7487804753e1,6.819e-1
1024.621212,6.4654193688e-2,1.0678929571e-1,1.3450208811e-1,3.8176596953e-1,5.6227256626e-1,6.249920566521584e-1,5.237349454237348e-1,8.5509321899e1,7.320e-1
1025.568182,1.4592013318e-1,3.6658959999e-1,2.4126168222e-1,2.3527233351e-1,2.6094034433e-1,6.249920466150020e-1,5.237349272211957e-1,4.3665311471e1,5.750e-1
1026.515152,3.8844918592e-1,4.0864889590e-1,3.2178611819e-1,4.9349737202e-2,8.1750153819e-2,6.249920455142666e-1,5.237349222982057e-1,1.5629022610e1,5.677e-1
1027.462121,7.5666215773e-1,3.2526297497e-1,7.8867467537e-2,5.5399915695e-2,3.3791575492e-2,6.249920457118825e-1,5.237349221628972e-1,7.7579157344e0,8.644e-1
1028.409091,8.2599392306e-1,3.0643902268e-1,2.4002465896e-2,7.4759625406e-2,1.8789054450e-2,6.249920457441033e-1,5.237349221208700e-1,6.0152017166e0,7.268e-1
1029.356061,4.9618534636e-1,4.2479425540e-1,1.8028313734e-1,1.0218223868e-1,4.6539113847e-2,6.249920458132371e-1,5.237349223993708e-1,1.1766784493e1,6.499e-1
1030.303030,1.6660130995e-1,4.3348175229e-1,3.9491972888e-1,1.1231828507e-1,1.4266301368e-1,6.249920449324623e-1,5.237349222737769e-1,2.5964672864e1,6.109e-1
1031.250000,7.0719307588e-2,1.2604307157e-1,2.4274300334e-1,4.5850618773e-1,3.5197250446e-1,6.249920373402458e-1,5.237349181594498e-1,6.1954068402e1,5.283e-1
1032.196970,4.9224327316e-2,8.4954962311e-2,5.0206651866e-1,3.2342444609e-1,2.9031378099e-1,6.249920176815518e-1,5.237348821760750e-1,5.1720800479e1,6.962e-1
1033.143939,2.8788332186e-2,5.1964271552e-1,2.1570330244e-1,1.7188131790e-1,3.1396836013e-1,6.249920140902774e-1,5.237348688573888e-1,4.8467458286e1,4.558e-1
1034.090909,7.5329651408e-2,4.2744656048e-1,1.5412051333e-1,3.4964559528e-1,2.4344170726e-1,6.249920138734870e-1,5.237348696393835e-1,4.4474719631e1,5.955e-1
1035.037879,1.7464921245e-1,5.5228196894e-2,3.5389553884e-1,5.5714252677e-1,1.0906853479e-1,6.249920048784202e-1,5.237348684839008e-1,3.4818278621e1,4.210e-1
1035.984848,2.3076062308e-1,4.8571558554e-3,1.7817975907e-2,6.3109372077e-1,3.6545450355e-1,6.249919895805148e-1,5.237348441460078e-1,6.7240813949e1,5.929e-1
1036.931818,2.1008465465e-1,4.0937814417e-2,4.2229072604e-1,4.1439967493e-1,1.6227108082e-1,6.249919754304095e-1,5.237348102177148e-1,3.7596731708e1,5.084e-1
1037.878788,1.3732766037e-1,1.7784522602e-1,3.4076082150e-1,3.2877727391e-1,2.6527295395e-1,6.249919678708724e-1,5.237347922036438e-1,4.7626251725e1,5.113e-1
1038.825758,1.5765503931e-1,3.0877918006e-2,1.8646027426e-1,3.1698266981e-1,5.5800801402e-1,6.249919576958542e-1,5.237347681850549e-1,8.3200736778e1,5.172e-1
1039.772727,1.4877977091e-1,6.8782829525e-2,2.9281025827e-2,3.2524284433e-1,6.7789740972e-1,6.249919401590558e-1,5.237347337626873e-1,9.7624843214e1,8.233e-1
1040.719697,1.5499149192e-1,2.2779540478e-2,6.3713296744e-1,2.3063983041e-1,2.0444001764e-1,6.249919239390690e-1,5.237347133960413e-1,3.8768915397e1,4.752e-1
1041.666667,1.3831368486e-1,6.2869559976e-2,2.6051843953e-2,4.8728539143e-1,5.3546334846e-1,6.249919143403582e-1,5.237346977911310e-1,8.4535751843e1,6.581e-1
1042.613636,1.2292299102e-1,1.0237092800e-1,3.2379803608e-1,3.9383286818e-1,3.0705897349e-1,6.249918983874132e-1,5.237346679036113e-1,5.4762788028e1,4.723e-1
1043.560606,1.6526184441e-1,1.6131166954e-2,1.8207140819e-1,6.9382462068e-1,1.9269473964e-1,6.249918899369655e-1,5.237346787232217e-1,4.8438779057e1,5.819e-1
1044.507576,1.7968323595e-1,1.2643033460e-3,5.1867214235e-1,4.9731199943e-1,5.3052069949e-2,6.249918755122583e-1,5.237346331455567e-1,2.6946396299e1,3.364e-1
1045.454545,1.5560110805e-1,1.6780568027e-2,5.7678343195e-2,7.9318853257e-1,2.2673517948e-1,6.249918656551814e-1,5.237346439636276e-1,5.4976924451e1,3.964e-1
1046.401515,1.1743571407e-1,9.0305745411e-2,5.3582361812e-1,4.0627303558e-1,1.0014559211e-1,6.249918526451474e-1,5.237345883168445e-1,3.0345291221e1,5.584e-1
1047.348485,7.4670876683e-2,2.9434706418e-1,1.1761038184e-1,6.1583064320e-1,1.4752472370e-1,6.249918448012770e-1,5.237345869269311e-1,4.0156657837e1,5.399e-1
1048.295455,5.9525167409e-2,3.8949873512e-2,2.8743703212e-1,5.8181305364e-1,2.8225855555e-1,6.249918411141686e-1,5.237345736747403e-1,5.7154271414e1,5.331e-1
1049.242424,4.0781215937e-2,1.2481291287e-1,7.5583408947e-1,2.8806212499e-1,4.0493310950e-2,6.249918271097509e-1,5.237345369874050e-1,2.0717820951e1,7.740e-1
1050.189394,1.8487191024e-2,3.4715063433e-1,2.3832199867e-1,5.5617502390e-1,8.9848797711e-2,6.249918228135087e-1,5.237345417123055e-1,3.1908367725e1,6.842e-1
1051.136364,2.0998971313e-2,3.0194835445e-2,1.4276913335e-1,5.7070109017e-1,4.8531960028e-1,6.249918152801972e-1,5.237345221002354e-1,8.1596385945e1,6.533e-1
1052.083333,2.1322876032e-2,7.9746307256e-2,6.9984813271e-1,2.1069313033e-1,2.3837315504e-1,6.249918006856643e-1,5.237344887925947e-1,4.3022883130e1,8.254e-1
1053.030303,2.9972951624e-2,2.3254135449e-1,8.2789185906e-4,3.6440862424e-1,6.2223275489e-1,6.249917885514062e-1,5.237344600819724e-1,9.1793560921e1,5.969e-1
1053.977273,6.1098647659e-2,1.1626429886e-1,2.0049363942e-1,3.0789298870e-1,5.6423396663e-1,6.249917706346443e-1,5.237344302900223e-1,8.3941550405e1,6.174e-1
1054.924242,8.7563513456e-2,6.1741737728e-2,2.4251592234e-1,2.7898767292e-1,5.7917467856e-1,6.249917625022269e-1,5.237344150023489e-1,8.5169357000e1,6.810e-1
1055.871212,1.3281753949e-1,1.0966097670e-1,2.5216281417e-1,2.7498863606e-1,4.8035352629e-1,6.249917463555273e-1,5.237343854671224e-1,7.2587920956e1,4.998e-1
1056.818182,2.6056140335e-1,1.7104155315e-1,4.0402728355e-1,1.6878950699e-1,2.4556373350e-1,6.249917402694766e-1,5.237343762472546e-1,4.0538004188e1,5.082e-1
1057.765152,4.0639480304e-1,1.4783587102e-1,1.5060917314e-1,2.2272186202e-1,3.2242176304e-1,6.249917361310936e-1,5.237343678006190e-1,5.0100827783e1,5.153e-1
1058.712121,3.5108744238e-1,5.1185173310e-1,1.3941631362e-1,1.1951953999e-1,1.2810844117e-1,6.249917351303970e-1,5.237343643276696e-1,2.2537083446e1,6.850e-1
1059.659091,3.4811540833e-1,4.9907910256e-1,2.5493927098e-1,8.3792254681e-2,6.4057434934e-2,6.249917357362480e-1,5.237343637511762e-1,1.4092433898e1,5.256e-1
1060.606061,3.4614823537e-1,3.3897521548e-1,1.3794998559e-1,2.5926297713e-2,4.0098373696e-1,6.249917355583762e-1,5.237343630844329e-1,5.4110184291e1,6.139e-1
1061.553030,2.2645299875e-1,4.9163148668e-1,3.1989806317e-1,8.8231086349e-2,1.2376983277e-1,6.249917338603409e-1,5.237343614904891e-1,2.2321607336e1,5.623e-1
1062.500000,1.0975230242e-1,5.5610362049e-1,2.6538098330e-1,3.8310669777e-2,2.8043589009e-1,6.249917330385381e-1,5.237343615226451e-1,4.0411866623e1,4.146e-1
1063.446970,8.6565201696e-2,1.9525158185e-1,8.8170939425e-2,5.9217909817e-1,2.8781662784e-1,6.249917244939756e-1,5.237343675197423e-1,5.6929412785e1,4.920e-1
1064.393939,9.6056759341e-2,5.5957755682e-2,7.7573279410e-1,2.9927747163e-1,2.2958645181e-2,6.249917129644493e-1,5.237343367040881e-1,1.8881391919e1,6.731e-1
1065.340909,6.4841328287e-2,1.6483287088e-1,9.1778905477e-2,6.1579132818e-1,3.1273897652e-1,6.249917046707845e-1,5.237343348509808e-1,6.0832229146e1,4.898e-1
1066.287879,2.8741549218e-2,6.4851012559e-1,2.9413090212e-1,1.9029850468e-1,8.8302320747e-2,6.249917011796973e-1,5.237343050981497e-1,2.1056687448e1,4.514e-1
1067.234848,1.0439771772e-2,6.0100861399e-1,5.5013225957e-1,4.2385841879e-2,4.6016916105e-2,6.249917016574631e-1,5.237343051892261e-1,1.2854807392e1,7.746e-1
1068.181818,7.3747410947e-3,1.1718450355e-1,8.9724864610e-2,2.7731532368e-1,7.5838395747e-1,6.249916952076165e-1,5.237342892627961e-1,1.0690309221e2,5.487e-1
1069.128788,4.8749411950e-3,2.8712552831e-1,4.8933134700e-1,1.0598072631e-1,3.6267082716e-1,6.249916849877056e-1,5.237342794371405e-1,5.4304588421e1,6.765e-1
1070.075758,1.9105537336e-3,1.8597446772e-1,6.8404157875e-1,2.6579501292e-1,1.1226173681e-1,6.249916749619996e-1,5.237342704817417e-1,2.8720179567e1,7.244e-1
1071.022727,1.5745934932e-3,8.7955071149e-2,1.2804311477e-1,3.1066716601e-1,7.2174338612e-1,6.249916657684749e-1,5.237342405420682e-1,1.0352554509e2,4.486e-1
1071.969697,2.9292550201e-3,6.1022194725e-1,2.7758196273e-1,9.0712994119e-2,2.6853715361e-1,6.249916563630777e-1,5.237342271326182e-1,4.0718135698e1,5.064e-1
1072.916667,9.9577432852e-3,7.4255665800e-1,1.9254313365e-1,2.1375045083e-1,9.1175326851e-2,6.249916563096780e-1,5.237342267555514e-1,2.1540893520e1,8.612e-1
1073.863636,2.3810795118e-2,9.4404550221e-2,3.5695351834e-1,6.9949859406e-1,7.5315848766e-2,6.249916532478706e-1,5.237342499957041e-1,3.5080726297e1,5.964e-1
1074.810606,3.3515479698e-2,1.2001066434e-2,7.1779732666e-1,4.4941319808e-1,3.7256203799e-2,6.249916373335787e-1,5.237342006454527e-1,2.4933154911e1,7.776e-1
1075.757576,4.2100260312e-2,2.5363943107e-2,1.9772941571e-1,6.8349994127e-1,3.0128968925e-1,6.249916248256335e-1,5.237341964164512e-1,6.2090691687e1,7.802e-1
1076.704545,7.1457328031e-2,2.1387901664e-1,2.4373630740e-1,3.1927974190e-1,4.0163084504e-1,6.249916195010811e-1,5.237341568863922e-1,6.4039077062e1,5.274e-1
1077.651515,1.6098496552e-1,9.8665692573e-2,3.1506341960e-1,5.4215351204e-1,1.3311562482e-1,6.249916072751414e-1,5.237341516176760e-1,3.7186043587e1,6.955e-1
1078.598485,2.0325023082e-1,4.6305162029e-4,1.4784758469e-1,4.3964056159e-1,4.5878176799e-1,6.249915983508033e-1,5.237341226412240e-1,7.4077896169e1,6.600e-1
1079.545455,1.7332951956e-1,4.2607636800e-2,1.9736958634e-1,4.4304014431e-1,3.9363627366e-1,6.249915803315398e-1,5.237340929210618e-1,6.6313564370e1,4.415e-1
1080.492424,8.7118724153e-2,3.8171739893e-1,4.4089905258e-1,2.3278878779e-1,1.0745918656e-1,6.249915750039966e-1,5.237340784095201e-1,2.5538203669e1,5.779e-1
1081.439394,1.5255038852e-1,4.2805887174e-1,3.7450598936e-1,2.7593506701e-1,1.8932831443e-2,6.249915740338524e-1,5.237340752356037e-1,1.5181765422e1,5.981e-1
1082.386364,3.6213781057e-1,1.4724887538e-1,2.9661386729e-1,2.4817806870e-1,1.9580452194e-1,6.249915719451785e-1,5.237340731831230e-1,3.5853154601e1,4.134e-1
1083.333333,3.6770046665e-1,2.6895380486e-1,1.5514474821e-1,1.3160521160e-1,3.2657890658e-1,6.249915689427961e-1,5.237340649014989e-1,4.7976382641e1,5.704e-1
1084.280303,2.3414737556e-1,7.0000430365e-1,1.7348629960e-1,3.7458391041e-2,1.0488676814e-1,6.249915689999521e-1,5.237340637100508e-1,1.7529147527e1,5.783e-1
1085.227273,2.1436975145e-1,2.4976600943e-1,4.2265242549e-1,1.9341077548e-1,1.6978417469e-1,6.249915682704140e-1,5.237340637409762e-1,3.1909455474e1,4.396e-1
1086.174242,1.6728688741e-1,2.6962518491e-1,1.2162149083e-2,4.5869441412e-1,3.4221448880e-1,6.249915621651858e-1,5.237340632223737e-1,5.9201866825e1,5.174e-1
1087.121212,1.6832106973e-1,1.5358238868e-1,5.6444840885e-2,2.9749427407e-1,5.7414053024e-1,6.249915518000513e-1,5.237340386360886e-1,8.3852688680e1,4.246e-1
1088.068182,1.4702358406e-1,1.9819409614e-1,5.3426550915e-1,1.3860392044e-1,2.3189597960e-1,6.249915446964351e-1,5.237340298137954e-1,3.8862034901e1,7.120e-1
1089.015152,6.7927570193e-2,2.2899045450e-1,4.9584372043e-1,2.0121616825e-1,2.5600516048e-1,6.249915369246627e-1,5.237340183947259e-1,4.3666272383e1,6.299e-1
1089.962121,5.2743069432e-2,4.6652945627e-2,8.5841606947e-2,3.2109397891e-1,7.4365146103e-1,6.249915309770939e-1,5.237339997480306e-1,1.0626880462e2,6.027e-1
1090.909091,6.7422671968e-2,1.8649785028e-1,4.6043686799e-1,2.9072343811e-1,2.4490220738e-1,6.249915178652933e-1,5.237339873582062e-1,4.4740834545e1,6.761e-1
1091.856061,1.4013363124e-1,1.6818254115e-1,2.2095180932e-1,2.4947285815e-1,4.7124217915e-1,6.249915095043244e-1,5.237339660296023e-1,7.0476176764e1,5.646e-1
1092.803030,1.9234912122e-1,4.6861433511e-3,2.2327860347e-1,4.1359999573e-1,4.1606913721e-1,6.249915004896143e-1,5.237339584029789e-1,6.8383825101e1,6.415e-1
1093.750000,1.8116465826e-1,2.7155537485e-2,5.0673486365e-1,3.3662001820e-1,1.9830789503e-1,6.249914863107158e-1,5.237339315729594e-1,4.0354023460e1,7.040e-1
1094.696970,9.0359439132e-2,3.2467235533e-1,1.4245772199e-1,4.1982506323e-1,2.7266838222e-1,6.249914809488855e-1,5.237339235043307e-1,5.0170141153e1,5.575e-1
1095.643939,7.9541591411e-2,4.3224358302e-2,4.8047756471e-1,5.5155146691e-1,9.5187965193e-2,6.249914732655609e-1,5.237339241973175e-1,3.3803746516e1,6.074e-1
1096.590909,8.4121180278e-2,1.8593154579e-2,6.1409868744e-1,4.6500599573e-1,6.8163901018e-2,6.249914595224912e-1,5.237338880753333e-1,2.8597207592e1,7.506e-1
1097.537879,7.9872831025e-2,1.5531975996e-1,2.5043332558e-2,7.5801173586e-1,2.3173524089e-1,6.249914501440719e-1,5.237338944275451e-1,5.4469408977e1,4.440e-1
1098.484848,1.2225352997e-1,1.1762916160e-1,1.3284308000e-1,6.6675116192e-1,2.1050593212e-1,6.249914328109001e-1,5.237338558405421e-1,4.9639926221e1,4.465e-1
1099.431818,1.7331833610e-1,4.5565651341e-3,3.4192009199e-1,3.9679289031e-1,3.3339496789e-1,6.249914257105551e-1,5.237338212998661e-1,5.8203061414e1,3.909e-1
1100.378788,1.6356737279e-1,1.6234241199e-2,5.5996230656e-1,3.6357148934e-1,1.4664740875e-1,6.249914093224311e-1,5.237337978513800e-1,3.4999106601e1,5.811e-1
1101.325758,1.2682487919e-1,2.1675516960e-1,2.7629594413e-2,3.4014047283e-1,5.3863269151e-1,6.249914037719497e-1,5.237337776529920e-1,8.0547439178e1,5.488e-1
1102.272727,1.1731129302e-1,1.2688017966e-1,3.8183574003e-1,4.0519468992e-1,2.1876087691e-1,6.249913897684821e-1,5.237337647099857e-1,4.4334724248e1,6.247e-1
1103.219697,1.7257418748e-1,1.2418827619e-1,5.1950809554e-2,3.3234973063e-1,5.6891976050e-1,6.249913821781667e-1,5.237337398723240e-1,8.4207190846e1,6.264e-1
1104.166667,2.8030065366e-1,5.0369056982e-2,5.3729533814e-3,3.9622174234e-1,5.1771832925e-1,6.249913678069590e-1,5.237337176570296e-1,7.9230913967e1,4.919e-1
1105.113636,3.1290268125e-1,2.0925370286e-2,3.4546570767e-4,4.6625266545e-1,4.4955652537e-1,6.249913540285379e-1,5.237336983400825e-1,7.2664386348e1,4.303e-1
1106.060606,2.1847724079e-1,8.1039709293e-2,1.4221599090e-1,5.1093536231e-1,2.9731437721e-1,6.249913402484610e-1,5.237336816719879e-1,5.5815217843e1,4.620e-1
1107.007576,1.4233262324e-1,1.9397122656e-1,1.2781066162e-1,3.8537242872e-1,4.0049572050e-1,6.249913303178580e-1,5.237336550614684e-1,6.5076964001e1,5.066e-1
1107.954545,1.1356807949e-1,2.1521905614e-1,3.3873120965e-1,4.6356433011e-1,1.1889996769e-1,6.249913215347096e-1,5.237336489804953e-1,3.3250326257e1,6.619e-1
1108.901515,7.8580082366e-2,2.2441965027e-1,1.0661421349e-1,6.4436067390e-1,1.9600801496e-1,6.249913174968912e-1,5.237336529973864e-1,4.7049610529e1,8.011e-1
1109.848485,4.0091886183e-2,2.4824615825e-1,2.1502083969e-2,7.6822116382e-1,1.7192131698e-1,6.249913046012435e-1,5.237336449513691e-1,4.7277560747e1,6.057e-1
1110.795455,3.1263805018e-2,5.5531402796e-2,7.6578053732e-1,3.0208347631e-1,9.5323361797e-2,6.249912916170148e-1,5.237335925826933e-1,2.8121000558e1,7.279e-1
1111.742424,2.2461319150e-2,7.4255750189e-2,5.6210500404e-1,5.2304797357e-1,6.8112516779e-2,6.249912818655839e-1,5.237335874559079e-1,3.0112519494e1,7.452e-1
1112.689394,9.4378080721e-3,4.9525871944e-1,1.0215381461e-1,5.5595612795e-1,8.7176083838e-2,6.249912769553250e-1,5.237335768284834e-1,3.0761601685e1,3.039e-1
1113.636364,1.1486209582e-2,1.0654306759e-1,3.7279277366e-1,6.1634048330e-1,1.4282001513e-1,6.249912746268060e-1,5.237335795508399e-1,4.1205028831e1,4.663e-1
1114.583333,2.2311679305e-2,2.6821932763e-1,6.0593680007e-1,2.7114781418e-1,8.2366904688e-2,6.249912629379212e-1,5.237335369494278e-1,2.4614782749e1,6.702e-1
1115.530303,7.3274861286e-2,6.2028067282e-1,4.1383341695e-1,5.3207772534e-5,1.4254036516e-1,6.249912619954454e-1,5.237335336796163e-1,2.2834735501e1,5.617e-1
1116.477273,1.9187654124e-1,3.0111322589e-1,7.9067361188e-2,4.6533416456e-1,2.1259122178e-1,6.249912573302154e-1,5.237335401798768e-1,4.3433073265e1,3.317e-1
1117.424242,3.2507584736e-1,4.3930671231e-2,1.4112293345e-1,4.7165457201e-1,2.6819847032e-1,6.249912471843901e-1,5.237335272488645e-1,5.0801733239e1,4.008e-1
1118.371212,2.6568463742e-1,3.3977779298e-1,2.2401598205e-1,2.9550784564e-1,1.2499622709e-1,6.249912425860192e-1,5.237335121974465e-1,2.8060293889e1,2.481e-1
1119.318182,1.5461388832e-1,4.0941208627e-1,5.7340279508e-1,2.5828322438e-3,1.0997088016e-1,6.249912410337188e-1,5.237335049639209e-1,1.9642276769e1,5.255e-1
1120.265152,9.3291872232e-2,3.2936250014e-1,3.9632443071e-1,3.7224088939e-1,5.8762782309e-2,6.249912373939104e-1,5.237335089053351e-1,2.3309310978e1,5.445e-1
1121.212121,1.1194265187e-1,7.5137338387e-2,9.4633137005e-2,5.0313207447e-1,4.6513725170e-1,6.249912267175352e-1,5.237334940051162e-1,7.6601105700e1,6.396e-1
1122.159091,1.8568752993e-1,1.6521848706e-1,3.4954650248e-1,2.6886662060e-1,2.8066329638e-1,6.249912182216439e-1,5.237334714212862e-1,4.7748286555e1,4.513e-1
1123.106061,3.6219707024e-1,7.5546290541e-2,8.3276865636e-2,3.7664093776e-1,3.5232125487e-1,6.249912095251293e-1,5.237334591179696e-1,5.8148036673e1,6.023e-1
1124.053030,3.4215810779e-1,1.4952262950e-1,3.1638111326e-1,3.0658807856e-1,1.3533247752e-1,6.249912033102920e-1,5.237334482681713e-1,3.0134548855e1,3.979e-1
1125.000000,1.1804393195e-1,5.7453149916e-1,3.8138797838e-1,4.5810454531e-2,1.3020853952e-1,6.249912017690347e-1,5.237334401210590e-1,2.2391816394e1,6.241e-1
1125.946970,3.7369434024e-2,3.2841111722e-1,5.0520864228e-1,3.0972900669e-1,6.9264201546e-2,6.249912008798912e-1,5.237334427555224e-1,2.3494322102e1,4.709e-1
1126.893939,4.2345243087e-2,4.5380738184e-2,9.3602289513e-2,7.4469900181e-1,3.2395511011e-1,6.249911913497610e-1,5.237334565169609e-1,6.6157374566e1,4.982e-1
1127.840909,4.3296563649e-2,9.6459971719e-2,3.4101095655e-1,6.1054096086e-1,1.5867390724e-1,6.249911800077792e-1,5.237334187668846e-1,4.2790226752e1,5.141e-1
1128.787879,5.7844282849e-2,1.9658850280e-1,2.1953104083e-2,7.7387650667e-1,1.9971993119e-1,6.249911637967213e-1,5.237334045522517e-1,5.0925923386e1,3.640e-1
1129.734848,1.1708055507e-1,1.2536674915e-1,6.2528030120e-1,3.4727151715e-1,3.4983183728e-2,6.249911531474629e-1,5.237333533377486e-1,2.0902052251e1,5.490e-1
1130.681818,1.9080248642e-1,1.7286430887e-1,2.2560504175e-2,7.2126994287e-1,1.4248505634e-1,6.249911493365959e-1,5.237333703938889e-1,4.1940339277e1,4.568e-1
1131.628788,2.7545272377e-1,6.6124780945e-2,5.4306031238e-2,5.6953243133e-1,2.8456630778e-1,6.249911375317014e-1,5.237333369751913e-1,5.5353949372e1,7.405e-1
1132.575758,2.8522835084e-1,1.8167650442e-2,2.1642878923e-1,4.8790153551e-1,2.4225592500e-1,6.249911255162459e-1,5.237333130318279e-1,4.8531987327e1,6.422e-1
1133.522727,2.1432102846e-1,4.5360055131e-2,1.4746385958e-1,5.9677307330e-1,2.4606421114e-1,6.249911138073734e-1,5.237333010605999e-1,5.1970548873e1,4.808e-1
1134.469697,1.3527340273e-1,1.3013897716e-1,4.4493903310e-2,5.9808566318e-1,3.4199025295e-1,6.249910996625596e-1,5.237332731969634e-1,6.3597359481e1,4.550e-1
1135.416667,1.0020405961e-1,1.9804976509e-1,1.2672733057e-2,5.4675750452e-1,3.9229810791e-1,6.249910850955251e-1,5.237332424134493e-1,6.8257981381e1,4.606e-1
1136.363636,1.2264241502e-1,8.4365836256e-2,2.5628491217e-1,4.1622366501e-1,3.7046531330e-1,6.249910708764607e-1,5.237332112336466e-1,6.3019049560e1,6.258e-1
1137.310606,1.7547887673e-1,7.0402925066e-2,1.5376332243e-1,6.5422899631e-1,1.9610800055e-1,6.249910605396050e-1,5.237332134715567e-1,4.7495803820e1,8.057e-1
1138.257576,2.5373248994e-1,2.8463133334e-2,6.6073037204e-2,6.0931259960e-1,2.9240083377e-1,6.249910469287742e-1,5.237331812040359e-1,5.7637686720e1,6.426e-1
1139.204545,2.8177554814e-1,3.6340200838e-2,2.6233404450e-1,5.1000145969e-1,1.5953081691e-1,6.249910350353222e-1,5.237331547913570e-1,3.9052231806e1,3.989e-1
1140.151515,2.3700765074e-1,2.1728877740e-1,3.3207483677e-2,3.3039948476e-1,4.3207865856e-1,6.249910275668203e-1,5.237331296693317e-1,6.6697593057e1,4.091e-1
1141.098485,1.7860511415e-1,2.7263044391e-1,6.3951653050e-1,7.3791818474e-2,8.5438136012e-2,6.249910215224895e-1,5.237331183228898e-1,1.9048115290e1,7.483e-1
1142.045455,7.8866469915e-2,6.3897422418e-1,2.7266858934e-1,1.2287404895e-1,1.3659871002e-1,6.249910212013403e-1,5.237331172150076e-1,2.4915334848e1,5.004e-1
1142.992424,3.6960367495e-2,3.6951657404e-1,1.9549664124e-1,1.9679566099e-1,4.5121279653e-1,6.249910201533118e-1,5.237331149043984e-1,6.6374185570e1,5.524e-1
1143.939394,2.4503672250e-2,9.8777615412e-2,2.0878668063e-1,3.3896873146e-1,5.7894531375e-1,6.249910067524598e-1,5.237330933649917e-1,8.6832100079e1,4.938e-1
1144.886364,3.2633688595e-2,1.3679380559e-1,1.5201324496e-1,3.6223434123e-1,5.6630689744e-1,6.249909889108600e-1,5.237330578817896e-1,8.5584792207e1,7.472e-1
1145.833333,7.0542913703e-2,2.9584710750e-1,2.8655701351e-1,9.9206929670e-2,4.9782799248e-1,6.249909784277481e-1,5.237330341860171e-1,6.9816026566e1,5.281e-1
1146.780303,1.4433625320e-1,6.1498434466e-1,1.8113227513e-1,1.1724822059e-1,1.9228086100e-1,6.249909772959030e-1,5.237330334430017e-1,3.1115088284e1,3.646e-1
1147.727273,3.0967234566e-1,3.5977686619e-1,1.6541449430e-1,2.6789914021e-1,1.4721910667e-1,6.249909765185279e-1,5.237330349798450e-1,2.9614524000e1,5.488e-1
1148.674242,4.1356309872e-1,1.3431057168e-1,3.4233211080e-1,1.5933006703e-1,2.0044609693e-1,6.249909725798765e-1,5.237330285326199e-1,3.3969722131e1,6.202e-1
1149.621212,2.1750265938e-1,5.8462328537e-1,1.9828891440e-1,1.9542983615e-1,5.4137248420e-2,6.249909718641348e-1,5.237330263624840e-1,1.6047631770e1,4.738e-1
1150.568182,5.3981760805e-2,6.6113934996e-1,3.0016793892e-1,1.0021715468e-1,1.3447573766e-1,6.249909710174824e-1,5.237330261738203e-1,2.4170456462e1,7.948e-1
1151.515152,2.1059980480e-2,9.3076407195e-2,1.0595837446e-1,3.8777781790e-1,6.4210934711e-1,6.249909635746851e-1,5.237330150598536e-1,9.5643236404e1,3.828e-1
1152.462121,1.5388016594e-2,6.3329074451e-2,4.9184189411e-1,3.4820683820e-1,3.3121607845e-1,6.249909509021714e-1,5.237330022000494e-1,5.7607364174e1,5.361e-1
1153.409091,1.8159927535e-2,3.9188199431e-1,4.3603814790e-1,2.9194839161e-1,1.1195341870e-1,6.249909400321896e-1,5.237329766465356e-1,2.7953535261e1,5.982e-1
1154.356061,5.4960918503e-2,7.4224104811e-1,3.0632235307e-1,4.0028134960e-2,1.0642942668e-1,6.249909406624211e-1,5.237329708622156e-1,1.8866408314e1,7.090e-1
1155.303030,1.2296770426e-1,1.7004828033e-1,1.7241163996e-1,2.1573315316e-1,5.6882110046e-1,6.249909390856960e-1,5.237329654682905e-1,8.1493435292e1,7.542e-1
1156.250000,1.6394536188e-1,1.3012257280e-1,2.0962971781e-1,4.4211993699e-1,3.0416426037e-1,6.249909249260233e-1,5.237329512754059e-1,5.5100118880e1,4.036e-1
1157.196970,1.8652947944e-1,6.3760408932e-1,2.0877437806e-1,2.0854779366e-1,8.5261071077e-3,6.249909237937848e-1,5.237329400475033e-1,1.0803539050e1,5.983e-1
1158.143939,3.4183019880e-1,4.4432357019e-1,2.4274179461e-1,1.0353307365e-1,1.1755320856e-1,6.249909229071551e-1,5.237329396956620e-1,2.1361365650e1,2.523e-1
1159.090909,4.2073549027e-1,1.4326297484e-1,1.4560207210e-1,4.7439893085e-1,6.5982373762e-2,6.249909209133803e-1,5.237329461298101e-1,2.5288219900e1,3.491e-1
1160.037879,2.2795920035e-1,2.8908669957e-1,4.4480830498e-1,8.0973243235e-2,2.0715438475e-1,6.249909164441478e-1,5.237329305843039e-1,3.3357524470e1,5.935e-1
1160.984848,7.9245757406e-2,4.4122222434e-1,2.6950369371e-1,1.8716946441e-1,2.7284069028e-1,6.249909150724995e-1,5.237329288746774e-1,4.3991128094e1,6.596e-1
1161.931818,7.5036387062e-2,5.2898629225e-2,2.6041796765e-1,3.1367115686e-1,5.4795767585e-1,6.249909083244929e-1,5.237329158018742e-1,8.2402718722e1,5.443e-1
1162.878788,7.5333407173e-2,9.4902269439e-2,7.0455776970e-1,2.1156653772e-1,1.6362179669e-1,6.249908903618723e-1,5.237328891515497e-1,3.3577652584e1,8.321e-1
1163.825758,1.1750167409e-1,3.2249727652e-1,2.8642868813e-1,1.7113174517e-1,3.5242238974e-1,6.249908868275578e-1,5.237328782112585e-1,5.3581456627e1,5.663e-1
1164.772727,2.3100145445e-1,8.0226626881e-2,2.3099741335e-1,2.2570433445e-1,4.8205193744e-1,6.249908832810457e-1,5.237328714264413e-1,7.1049119982e1,6.636e-1
1165.719697,2.7420381673e-1,1.0692190428e-1,1.4842202324e-1,2.7364971813e-1,4.4678428141e-1,6.249908718998811e-1,5.237328523439057e-1,6.7483500904e1,3.763e-1
1166.666667,3.2879403805e-1,3.1317000449e-1,9.6758378435e-2,3.4566949372e-1,1.6558982090e-1,6.249908677981508e-1,5.237328470747051e-1,3.3821724930e1,5.581e-1
1167.613636,4.3798092199e-1,4.7087611281e-1,1.6404614109e-1,2.5659055067e-2,1.5141950467e-1,6.249908678155252e-1,5.237328412781280e-1,2.2675898175e1,4.481e-1
1168.560606,6.5712782395e-1,2.9073968035e-1,2.3643891462e-1,3.8639931688e-2,2.7035385781e-2,6.249908681960622e-1,5.237328412070581e-1,7.4985617836e0,7.944e-1
1169.507576,6.4239398629e-1,4.4466192215e-1,4.9083714601e-2,4.2535040350e-2,7.1307073151e-2,6.249908682689760e-1,5.237328411526131e-1,1.2091617209e1,7.315e-1
1170.454545,5.4153219730e-1,3.3233640243e-1,3.1911659919e-1,6.8433646304e-3,5.0153173119e-2,6.249908683358278e-1,5.237328412674036e-1,1.0126965524e1,4.720e-1
1171.401515,2.0108836071e-1,6.4850110932e-1,2.6686031267e-1,1.0826527742e-1,2.5266675718e-2,6.249908679166872e-1,5.237328411239698e-1,1.0231052270e1,6.490e-1
1172.348485,8.4059296616e-2,2.2605686733e-1,2.7390179093e-1,3.1024249711e-1,3.5572127184e-1,6.249908619097049e-1,5.237328384137392e-1,5.8145440413e1,5.718e-1
1173.295455,7.1228342899e-2,4.2299747945e-2,8.2973664295e-1,1.8760079217e-1,1.1911616829e-1,6.249908471265547e-1,5.237328176946876e-1,2.8008201701e1,4.290e-1
1174.242424,7.5279480640e-2,9.5787893085e-3,2.9672616402e-1,4.0278984990e-1,4.6560739746e-1,6.249908406645508e-1,5.237328062404411e-1,7.4917628703e1,6.347e-1
1175.189394,8.8324313029e-2,2.4654117224e-2,1.2773289456e-1,6.6028401019e-1,3.4898632699e-1,6.249908309966024e-1,5.237328133618706e-1,6.6914671728e1,7.669e-1
1176.136364,1.2410797116e-1,1.3676599083e-1,4.3701912224e-1,4.3347813615e-1,1.1861042282e-1,6.249908216008158e-1,5.237327775468075e-1,3.2885173423e1,5.792e-1
1177.083333,2.3613691310e-1,1.6103437138e-1,2.1031726659e-4,6.4374413054e-1,2.0885589118e-1,6.249908117310213e-1,5.237327744269485e-1,4.7775185986e1,7.918e-1
1178.030303,3.5581852162e-1,1.5145949288e-2,5.2827234562e-2,6.2842464668e-1,1.9776524738e-1,6.249907997641527e-1,5.237327548321947e-1,4.6054359394e1,5.964e-1
1178.977273,3.0510005535e-1,4.8694442537e-2,1.2915929323e-1,6.0077525776e-1,1.6625252694e-1,6.249907879088910e-1,5.237327342046423e-1,4.1788344956e1,5.512e-1
1179.924242,1.8752381732e-1,1.2906080570e-1,1.4932493787e-1,6.2399348182e-1,1.6007850962e-1,6.249907761627587e-1,5.237327171589560e-1,4.2004323672e1,4.288e-1
1180.871212,9.5087883662e-2,2.4564979628e-1,7.7333054308e-2,6.1401964897e-1,2.1789114633e-1,6.249907647741360e-1,5.237326978826977e-1,4.8696203466e1,5.905e-1
1181.818182,7.1715092928e-2,3.4184648429e-2,2.8448688792e-1,5.5106592535e-1,3.0852896152e-1,6.249907580754681e-1,5.237326796073903e-1,5.9505938632e1,5.242e-1
1182.765152,8.1465240959e-2,6.3430282790e-2,7.6408265627e-1,2.4710325929e-1,9.3900049534e-2,6.249907444219585e-1,5.237326457779610e-1,2.6206765074e1,8.135e-1
1183.712121,1.4220937970e-1,1.9597893288e-1,7.3842964440e-2,4.4168727063e-1,3.9626292169e-1,6.249907346770618e-1,5.237326293028796e-1,6.5909452908e1,5.592e-1
1184.659091,3.0441805004e-1,1.9433970782e-1,2.3948303741e-1,3.6082369405e-1,1.5091696667e-1,6.249907279969749e-1,5.237326159705139e-1,3.3320482683e1,5.821e-1
1185.606061,4.6309294152e-1,4.6745730254e-1,1.5922885793e-1,1.1686836989e-1,4.3333983099e-2,6.249907274868080e-1,5.237326084656155e-1,1.1726829612e1,6.644e-1
1186.553030,7.3351216788e-1,2.7337430432e-1,6.3209518718e-2,2.2582170151e-2,1.5730329426e-1,6.249907276673640e-1,5.237326077025476e-1,2.2276631952e1,6.509e-1
1187.500000,5.9224532732e-1,5.7656415690e-1,1.9030432173e-2,4.1453635929e-2,2.0687903265e-2,6.249907277901218e-1,5.237326076111654e-1,5.5760624026e0,7.593e-1
1188.446970,4.7013176865e-1,3.1940826851e-1,2.3019947220e-1,1.2481298315e-1,1.0542896298e-1,6.249907277417790e-1,5.237326075250471e-1,2.0204400921e1,6.040e-1
1189.393939,2.4335253212e-1,6.1620648698e-1,1.6798867775e-1,1.9866969295e-1,2.3764066052e-2,6.249907279243228e-1,5.237326077377675e-1,1.2097229291e1,7.142e-1
1190.340909,9.2136453535e-2,6.0567129130e-1,2.5762902998e-1,3.4362207497e-2,2.6018247175e-1,6.249907270315286e-1,5.237326075860758e-1,3.7721390074e1,5.371e-1
1191.287879,4.6374923794e-2,9.7132957620e-2,2.7738887329e-1,3.1253929001e-1,5.1654540291e-1,6.249907238113048e-1,5.237326011946153e-1,7.8555633216e1,4.637e-1
1192.234848,3.2660594674e-2,4.1934218914e-2,8.8743708683e-1,2.3714406230e-1,5.0805450109e-2,6.249907064129354e-1,5.237325794927967e-1,2.1291403037e1,4.839e-1
1193.181818,2.2087026080e-2,1.0880350181e-1,6.9548761905e-2,3.1228289029e-1,7.3725921741e-1,6.249906987487918e-1,5.237325511686416e-1,1.0514727293e2,5.375e-1
1194.128788,2.4969936287e-2,4.8521151756e-1,5.5213841076e-1,1.3606069422e-1,5.1600821682e-2,6.249906902525755e-1,5.237325401291427e-1,1.6358862680e1,3.017e-1
1195.075758,1.1652260119e-1,6.6514369155e-1,3.1175117530e-1,7.7666290954e-2,7.8897619487e-2,6.249906892398008e-1,5.237325381152418e-1,1.6466774691e1,5.240e-1
1196.022727,3.0716321656e-1,1.4944066564e-1,1.7049442975e-1,2.6255111243e-1,3.6033194617e-1,6.249906852731262e-1,5.237325359396361e-1,5.6340543085e1,5.995e-1
1196.969697,3.5748905095e-1,4.2474141264e-2,1.3258073046e-2,2.9981059217e-1,5.3694949384e-1,6.249906756357614e-1,5.237325194004332e-1,7.8693231554e1,3.913e-1
1197.916667,2.3539574509e-1,1.3279221543e-1,6.2961963935e-2,3.3409717226e-1,4.8473423019e-1,6.249906634539191e-1,5.237325017390735e-1,7.3624068992e1,6.869e-1
1198.863636,1.5447884950e-1,1.8790189908e-1,2.2187594162e-2,3.3703837772e-1,5.4837458260e-1,6.249906515297953e-1,5.237324810238038e-1,8.1607718636e1,4.249e-1
1199.810606,1.6825093834e-1,1.7680839285e-1,3.1864838083e-2,3.4988754570e-1,5.2316956215e-1,6.249906385625587e-1,5.237324601884253e-1,7.8854766378e1,5.666e-1
1200.757576,2.6500468742e-1,7.4242294136e-2,1.1922794180e-1,3.5722983975e-1,4.3427648791e-1,6.249906255102973e-1,5.237324405220274e-1,6.8253555792e1,6.164e-1
1201.704545,3.5747849896e-1,2.4736226395e-2,3.5926129945e-2,3.7546729209e-1,4.5637308143e-1,6.249906144084969e-1,5.237324220364417e-1,7.0946328511e1,5.362e-1
1202.651515,3.0311319310e-1,9.5090008340e-2,1.8493025703e-3,4.5204312124e-1,3.9788558091e-1,6.249906030815073e-1,5.237324074045071e-1,6.5751265270e1,6.305e-1
1203.598485,1.9301779119e-1,1.6251307211e-1,1.8637858644e-2,5.5100435783e-1,3.2480810303e-1,6.249905914026659e-1,5.237323956654180e-1,5.9778214547e1,6.231e-1
1204.545455,1.5525437584e-1,5.6293668077e-2,6.2409475797e-1,3.5384887923e-1,6.0489480376e-2,6.249905807412737e-1,5.237323732587884e-1,2.4248790211e1,5.867e-1
1205.492424,1.9218008599e-1,9.2987832635e-2,1.1753152797e-1,4.7963010334e-1,3.6765159012e-1,6.249905700306629e-1,5.237323561412062e-1,6.3629884775e1,6.859e-1
1206.439394,3.0720093876e-1,1.8992950960e-1,2.1864566962e-1,3.3496843997e-1,1.9923656861e-1,6.249905632843329e-1,5.237323377445962e-1,3.8503895707e1,4.528e-1
1207.386364,4.8794572725e-1,2.4676133045e-1,1.3702346616e-1,2.6457415538e-1,1.1367644400e-1,6.249905616251427e-1,5.237323311832585e-1,2.4850641058e1,3.933e-1
1208.333333,5.9254510486e-1,4.8481566302e-1,7.8891443320e-3,1.2324432840e-1,4.1486882239e-2,6.249905614227083e-1,5.237323282143397e-1,1.0583156468e1,7.131e-1
1209.280303,7.0078152331e-1,2.0370202775e-1,1.2890927773e-1,1.8223869807e-1,3.4349595311e-2,6.249905610863714e-1,5.237323286305486e-1,1.2017455577e1,8.284e-1
1210.227273,3.1831137722e-1,6.4185013015e-1,2.2318608759e-1,1.6133263322e-2,5.0500263206e-2,6.249905607478020e-1,5.237323273391660e-1,1.0208642766e1,4.700e-1
1211.174242,8.5634493505e-2,3.9451431582e-1,4.2702480359e-1,3.0528906563e-1,3.7518442822e-2,6.249905606837192e-1,5.237323310958385e-1,1.8819655088e1,6.233e-1
1212.121212,3.6162613402e-2,1.2613703478e-1,7.4048118949e-2,5.3475776849e-1,4.7887556462e-1,6.249905501172086e-1,5.237323234520319e-1,7.9271061190e1,6.912e-1
1213.068182,2.7575784189e-2,3.4120815453e-2,4.6969409715e-1,5.9281100247e-1,1.2577938232e-1,6.249905407890872e-1,5.237323183905127e-1,3.8909295316e1,6.114e-1
1214.015152,3.6817154052e-2,1.0066680942e-1,7.3794008887e-1,3.1399663427e-1,6.0560368124e-2,6.249905273703245e-1,5.237322728358335e-1,2.3922882323e1,4.716e-1
1214.962121,8.9945522337e-2,2.7457996232e-1,4.6776172671e-2,6.7511795080e-1,1.6356143711e-1,6.249905226185597e-1,5.237322851504856e-1,4.3507980443e1,5.206e-1
1215.909091,1.6572469817e-1,4.6120023500e-2,3.4726567236e-1,6.2335054815e-1,6.7520079761e-2,6.249905109704618e-1,5.237322621147324e-1,3.1543015525e1,5.133e-1
1216.856061,2.4002390170e-1,1.7244166104e-2,8.7195443968e-3,7.6211672549e-1,2.2187665500e-1,6.249904963489552e-1,5.237322493489349e-1,5.3012203694e1,5.645e-1
1217.803030,2.4723583118e-1,1.2499994716e-2,2.5301336238e-1,6.0951638986e-1,1.2771538317e-1,6.249904806553723e-1,5.237322085678334e-1,3.8024818326e1,7.450e-1
1218.750000,1.9005392977e-1,2.9310181629e-2,2.6161305591e-1,4.5512798907e-1,3.1387578365e-1,6.249904700089018e-1,5.237321769532797e-1,5.6986747732e1,6.697e-1
1219.696970,1.1738740061e-1,1.2540479368e-1,4.1320609974e-2,4.5192081291e-1,5.1394728919e-1,6.249904531827655e-1,5.237321427226020e-1,8.0886787197e1,7.051e-1
1220.643939,5.0607790391e-2,2.4233469390e-1,5.9090913190e-2,3.8927499445e-1,5.0867248602e-1,6.249904389763636e-1,5.237321150814069e-1,7.8549578622e1,4.908e-1
1221.590909,3.1280595936e-2,6.8661088683e-2,4.8826193304e-1,2.1825764286e-1,4.4351960395e-1,6.249904322355837e-1,5.237321037776279e-1,6.7813811816e1,5.008e-1
1222.537879,4.4102598362e-2,1.3899852965e-1,8.3565846467e-1,1.5530549825e-1,7.5915744946e-2,6.249904179425372e-1,5.237320819971355e-1,2.1672307373e1,8.730e-1
1223.484848,1.2645249906e-1,3.9977812175e-1,2.1612552604e-1,2.5852874178e-1,2.4909594278e-1,6.249904157061811e-1,5.237320766459519e-1,4.2748987115e1,5.924e-1
1224.431818,2.2908657888e-1,1.9182298804e-1,2.1758925214e-1,4.4647358359e-1,1.6500842776e-1,6.249904152086845e-1,5.237320794860633e-1,3.7647136711e1,3.576e-1
1225.378788,2.7366757491e-1,1.6672437367e-1,7.4775442348e-2,4.3595342914e-1,2.9885999667e-1,6.249904083742370e-1,5.237320684042039e-1,5.3273075380e1,4.953e-1
1226.325758,2.6587692934e-1,4.4027534039e-2,4.3659744770e-1,3.7377617328e-1,1.2970271652e-1,6.249904004382434e-1,5.237320574966836e-1,3.2276558373e1,5.642e-1
1227.272727,1.5473288059e-1,1.2421246415e-1,3.1541743449e-2,4.9964620296e-1,4.3984748850e-1,6.249903898210799e-1,5.237320402864495e-1,7.2867282339e1,6.870e-1
1228.219697,7.9304617790e-2,1.0135972661e-1,2.5631683713e-1,4.3342055034e-1,3.7957901732e-1,6.249903745991678e-1,5.237320117944326e-1,6.4748478288e1,4.818e-1
1229.166667,4.7487180609e-2,1.6018336840e-1,1.0564508370e-1,7.3457020939e-1,2.0209488571e-1,6.249903639021306e-1,5.237320219850243e-1,5.0563663067e1,6.065e-1
1230.113636,2.5079841423e-2,2.6318969279e-1,5.0549077357e-3,7.6445717935e-1,1.9219907602e-1,6.249903486592266e-1,5.237319943726592e-1,4.9643470038e1,4.384e-1
1231.060606,2.4151820652e-2,9.4896636781e-2,4.9677892287e-1,5.4769832344e-1,8.6454962642e-2,6.249903331911757e-1,5.237319490609749e-1,3.2768682135e1,4.387e-1
1232.007576,3.8227923187e-2,1.5074101917e-1,4.7853710857e-2,7.0333010194e-1,3.0982788670e-1,6.249903209252720e-1,5.237319389489660e-1,6.2867958446e1,5.306e-1
1232.954545,9.2313312807e-2,3.2713712951e-1,1.5665741082e-1,5.2590200294e-1,1.4797076315e-1,6.249903096119881e-1,5.237319005314576e-1,3.7722811979e1,6.280e-1
1233.901515,2.4301735989e-1,5.5405246714e-1,3.3722016638e-1,1.1296547326e-1,2.7251510875e-3,6.249903088804204e-1,5.237318846707097e-1,7.8910894288e0,5.784e-1
1234.848485,5.7592097906e-1,3.2299654131e-1,1.6217566375e-1,3.9951013949e-2,1.4893641882e-1,6.249903084421549e-1,5.237318838936769e-1,2.2573652937e1,7.342e-1
1235.795455,7.0801001732e-1,2.4683768197e-1,4.0567438029e-2,6.9487075733e-2,1.8507840291e-1,6.249903079866098e-1,5.237318834023842e-1,2.7085841873e1,6.155e-1
1236.742424,4.6228842716e-1,5.8479662449e-1,2.9440844674e-2,5.9694600807e-2,1.1376011880e-1,6.249903079669327e-1,5.237318830769940e-1,1.8107786652e1,7.546e-1
1237.689394,3.7659232045e-1,1.7021319739e-1,2.8242126250e-1,2.3988874281e-1,1.8086508822e-1,6.249903056860503e-1,5.237318839612717e-1,3.3615263718e1,5.192e-1
1238.636364,2.7443289418e-1,1.7200774066e-1,5.0749881189e-2,3.1894689661e-1,4.3384318446e-1,6.249902985490170e-1,5.237318739839198e-1,6.6625459280e1,4.066e-1
1239.583333,1.1318626238e-1,6.6837289374e-1,3.6449764943e-1,5.5534980365e-2,4.8388806872e-2,6.249902963954554e-1,5.237318660360663e-1,1.2280206765e1,8.175e-1
1240.530303,2.2764261591e-2,4.8562702112e-1,4.5428847047e-1,2.8606139811e-1,1.2394419182e-3,6.249902966041786e-1,5.237318684384525e-1,1.3929557242e1,6.367e-1
1241.477273,1.1833124716e-2,1.1598192143e-1,1.5642526323e-1,5.5541815540e-1,4.1032211011e-1,6.249902874416253e-1,5.237318678085828e-1,7.1783893578e1,6.382e-1
1242.424242,1.6113108592e-2,1.4070431354e-1,2.1905350489e-1,6.4798952341e-1,2.2612010488e-1,6.249902776551847e-1,5.237318652622580e-1,5.1720931394e1,7.877e-1
1243.371212,4.0184695935e-2,4.1640505365e-1,2.5613163895e-1,3.6523563804e-1,1.7202350908e-1,6.249902678293766e-1,5.237318214540931e-1,3.6608505146e1,6.149e-1
1244.318182,1.5716375429e-1,7.3333599698e-1,2.1856841830e-1,5.3602373734e-2,8.7309990486e-2,6.249902668933162e-1,5.237318142427506e-1,1.6184755959e1,4.674e-1
1245.265152,3.4719889556e-1,1.9312808761e-1,9.8604758089e-2,2.0934014667e-1,4.0170864335e-1,6.249902656414589e-1,5.237318129945144e-1,5.9466284730e1,5.892e-1
1246.212121,4.1495467150e-1,1.4168404866e-1,1.3440047000e-2,4.6701921301e-1,2.1288253812e-1,6.249902591395823e-1,5.237318128183149e-1,4.2791945504e1,5.906e-1
1247.159091,3.4608962692e-1,9.6728751569e-2,4.1674947941e-1,3.6672791818e-1,2.3684731396e-2,6.249902537392292e-1,5.237318017368060e-1,1.8467437152e1,4.454e-1
1248.106061,1.7565795060e-1,1.6512006951e-1,2.0722315993e-1,5.7325041078e-1,1.2872890447e-1,6.249902476433576e-1,5.237318055747086e-1,3.6897167311e1,6.591e-1
1249.053030,1.0264744578e-1,1.2962135111e-1,2.4816148010e-2,7.1368256285e-1,2.7921295552e-1,6.249902316341698e-1,5.237317929374241e-1,5.9086195927e1,8.382e-1
1250.000000,4.9026699907e-2,3.4371308972e-1,8.7403484464e-2,5.1006308335e-1,2.5977407621e-1,6.249902168315383e-1,5.237317465248029e-1,5.0984267828e1,6.835e-1
1250.946970,3.8660926046e-2,3.9178934163e-1,5.4201045869e-1,9.4734199427e-2,1.8278549890e-1,6.249902123478530e-1,5.237317273624558e-1,3.1567031057e1,4.523e-1
1251.893939,1.2049426012e-1,1.9943067506e-1,3.1358036292e-1,5.2346165542e-1,9.3013458023e-2,6.249902057704210e-1,5.237317347273865e-1,3.1624246984e1,6.671e-1
1252.840909,2.1329962805e-1,7.7506201845e-2,1.8273611584e-2,6.0532887074e-1,3.3557207271e-1,6.249901924621160e-1,5.237317156303061e-1,6.2731600280e1,6.314e-1
1253.787879,2.9680514415e-1,9.5649864021e-3,1.0158708643e-1,5.1380694175e-1,3.2821619438e-1,6.249901765563393e-1,5.237316832601919e-1,5.9433724253e1,5.321e-1
1254.734848,2.6308362093e-1,4.3332447961e-2,3.7781499139e-1,3.4696305554e-1,2.1878621455e-1,6.249901651881375e-1,5.237316582533748e-1,4.2348179878e1,4.938e-1
1255.681818,1.8861704788e-1,8.8220474945e-2,4.0938087239e-2,4.2081740766e-1,5.1138728911e-1,6.249901534165339e-1,5.237316366061756e-1,7.9521984223e1,6.850e-1
1256.628788,9.2759876492e-2,2.1447480858e-1,4.8694075067e-3,4.4099741880e-1,4.9687876356e-1,6.249901374661402e-1,5.237316116226018e-1,7.8226683953e1,5.098e-1
1257.575758,4.2222718826e-2,1.4852487881e-1,2.8841901306e-1,4.3850592709e-1,3.3230770393e-1,6.249901208571671e-1,5.237315894043248e-1,5.9193088991e1,4.065e-1
1258.522727,1.6366640969e-2,4.8823147886e-1,5.9570492927e-2,4.3355313037e-1,2.5225848099e-1,6.249901120542605e-1,5.237315717112647e-1,4.7623995959e1,6.327e-1
1259.469697,8.6996413042e-3,3.1779319691e-1,3.2694941385e-1,3.5084716885e-1,2.4569079678e-1,6.249901088431993e-1,5.237315646804639e-1,4.5931062916e1,5.686e-1
1260.416667,2.2384066941e-2,3.1138699615e-1,3.8280980042e-2,4.5406437776e-1,4.2386377556e-1,6.249900982301111e-1,5.237315497394467e-1,6.9724837227e1,5.929e-1
1261.363636,5.1652210398e-2,2.2965269493e-1,5.8098897304e-1,2.1974655821e-1,1.6793974912e-1,6.249900928514803e-1,5.237315361045660e-1,3.3661221030e1,7.580e-1
1262.310606,1.0731431448e-1,2.6618399709e-1,3.7270124891e-2,3.8090842461e-1,4.5830330745e-1,6.249900842631366e-1,5.237315214458597e-1,7.1736079092e1,6.763e-1
1263.257576,2.0863639510e-1,6.3028998917e-2,1.1586436512e-1,3.9877033151e-1,4.6368004944e-1,6.249900700467492e-1,5.237315004859631e-1,7.3268988053e1,5.714e-1
1264.204545,2.6392318300e-1,2.3569004045e-3,3.5824035983e-1,4.5804842763e-1,1.6741124831e-1,6.249900595864778e-1,5.237314918375118e-1,3.9088787738e1,6.228e-1
1265.151515,2.2221142279e-1,5.7324776521e-2,9.8453357810e-2,5.9008558876e-1,2.8190494813e-1,6.249900470049436e-1,5.237314765102207e-1,5.5979954328e1,4.794e-1
1266.098485,1.2419335913e-1,3.7809174407e-1,5.0311069706e-1,2.3178865362e-1,1.2795623896e-2,6.249900388917186e-1,5.237314458475183e-1,1.3898242519e1,6.161e-1
1267.045455,2.6767613719e-1,2.2556460433e-1,4.2123155386e-1,2.6723529096e-1,6.8272487910e-2,6.249900371241177e-1,5.237314440081645e-1,2.1245227471e1,5.136e-1
1267.992424,4.0144410717e-1,4.7697261159e-2,7.5677381505e-2,3.5937872732e-1,3.6578258581e-1,6.249900314815293e-1,5.237314356676472e-1,5.9221825886e1,5.715e-1
1268.939394,2.9622839108e-1,1.6555753786e-1,8.0240953856e-3,3.0918464280e-1,4.7098537822e-1,6.249900226760725e-1,5.237314189130097e-1,7.0723459016e1,4.556e-1
1269.886364,1.7275013124e-1,9.7927488042e-2,7.8364151443e-1,1.5387637010e-1,4.1784526939e-2,6.249900153734622e-1,5.237314099019321e-1,1.6823825449e1,3.865e-1
1270.833333,9.8925160341e-2,1.3326439256e-1,1.4065505353e-1,3.4898917718e-1,5.2814622917e-1,6.249900063924234e-1,5.237313926587787e-1,8.0211602798e1,7.261e-1
1271.780303,1.0572256604e-1,4.2400293307e-1,3.6535514240e-1,1.4866823045e-1,2.0623113046e-1,6.249900012115217e-1,5.237313838744442e-1,3.4978676362e1,5.184e-1
1272.727273,2.8363286229e-1,9.7578376673e-2,5.9892877798e-1,1.8827719643e-1,8.1562780867e-2,6.249899971218019e-1,5.237313787477142e-1,2.1593309645e1,4.246e-1
1273.674242,3.1095355342e-1,8.5897823210e-2,3.1824781840e-2,3.9975519935e-1,4.2154862196e-1,6.249899898875005e-1,5.237313687689870e-1,6.7332260668e1,4.819e-1
1274.621212,2.6683168344e-1,2.5680765764e-1,2.1570599949e-2,4.4010537807e-1,2.6466464510e-1,6.249899820956397e-1,5.237313583347825e-1,4.8780042627e1,5.049e-1
1275.568182,3.0070633620e-1,1.9258292711e-1,1.2181846296e-1,4.1976702851e-1,2.1510519985e-1,6.249899773208266e-1,5.237313508709567e-1,4.2476077219e1,5.479e-1
1276.515152,2.3699267060e-1,6.5808758302e-1,1.9542856243e-1,2.2028409744e-2,1.3744272474e-1,6.249899752681661e-1,5.237313397857911e-1,2.1295677879e1,4.389e-1
1277.462121,2.3513243359e-1,4.6283193823e-1,2.4857130393e-1,2.5643063726e-1,4.7013638516e-2,6.249899757628640e-1,5.237313395423525e-1,1.7255326647e1,6.736e-1
1278.409091,2.3064801185e-1,3.3819100105e-1,3.1289407335e-1,8.7126148194e-2,2.8112071503e-1,6.249899747391823e-1,5.237313383295014e-1,4.2066346861e1,5.188e-1
1279.356061,1.4906995486e-1,5.7934499361e-1,3.9464495598e-1,4.3844838918e-2,8.3075204151e-2,6.249899737623100e-1,5.237313370713448e-1,1.6427045589e1,7.183e-1
1280.303030,9.6560608783e-2,5.9234080478e-1,2.5185442563e-1,6.6024538081e-2,2.4319956893e-1,6.249899731014775e-1,5.237313371318409e-1,3.6490127360e1,5.336e-1
1281.250000,1.0014632170e-1,2.1613496933e-1,2.5343028384e-1,2.4230821262e-1,4.3796014951e-1,6.249899684973182e-1,5.237313321368222e-1,6.6322547311e1,6.002e-1
1282.196970,1.2519084786e-1,5.2150292465e-2,2.7978118561e-2,2.8227567009e-1,7.6238498294e-1,6.249899559562883e-1,5.237313038772726e-1,1.0700882022e2,5.757e-1
1283.143939,1.4382162608e-1,3.5878952274e-3,6.7044593911e-1,2.5574604898e-1,1.7637836910e-1,6.249899392537728e-1,5.237312863343956e-1,3.6202958929e1,4.723e-1
1284.090909,1.3664309714e-1,8.1020155477e-3,4.2058236282e-2,3.9841070072e-1,6.6476581020e-1,6.249899299422967e-1,5.237312602108208e-1,9.8260157598e1,6.741e-1
1285.037879,1.0247923241e-1,6.7507084479e-2,6.2678683466e-1,3.7465214536e-1,7.8554532430e-2,6.249899146701429e-1,5.237312440993821e-1,2.7244397265e1,5.655e-1
1285.984848,1.0023304420e-1,7.2036190313e-2,4.2605441912e-2,6.2760933272e-1,4.0749579951e-1,6.249899043309608e-1,5.237312327875465e-1,7.2777993423e1,4.625e-1
1286.931818,1.1967935010e-1,2.2641112480e-2,1.6489225274e-1,6.1074434538e-1,3.3202271100e-1,6.249898858471834e-1,5.237311962953639e-1,6.3466985982e1,4.480e-1
1287.878788,1.1968194952e-1,9.1690621000e-2,3.0313433350e-1,6.9814842948e-1,3.7324412492e-2,6.249898729925172e-1,5.237311819045828e-1,2.9786571427e1,6.257e-1
1288.825758,1.6134085259e-1,2.5627697090e-2,1.4950976334e-1,8.3496514162e-1,7.8536266165e-2,6.249898604029579e-1,5.237311741616185e-1,3.8099530528e1,8.945e-1
1289.772727,1.7356058588e-1,1.5247112116e-2,8.3660982165e-2,8.6546003126e-1,1.1205097538e-1,6.249898434037799e-1,5.237311463883449e-1,4.2823808224e1,8.714e-1
1290.719697,1.4740017670e-1,5.3499302408e-2,9.1681066835e-2,8.1650020697e-1,1.4089889782e-1,6.249898253664098e-1,5.237311054489555e-1,4.5077212771e1,5.295e-1
1291.666667,1.1701277875e-1,3.4629828637e-2,4.1639187574e-1,6.0627628207e-1,7.5668854237e-2,6.249898097170448e-1,5.237310580435693e-1,3.2545355421e1,5.478e-1
1292.613636,8.8435552505e-2,1.1480161675e-1,4.2853707177e-2,5.4726830854e-1,4.5662040676e-1,6.249897958680646e-1,5.237310204678708e-1,7.6576648606e1,6.136e-1
1293.560606,7.2889559508e-2,7.0503322602e-2,2.2527881340e-1,4.9177046896e-1,3.8953738890e-1,6.249897766847674e-1,5.237309853975460e-1,6.7577122718e1,4.945e-1
1294.507576,6.6588041498e-2,2.0802787050e-1,1.8924558600e-1,3.4656791705e-1,4.3955011269e-1,6.249897638669877e-1,5.237309528473316e-1,6.9315902219e1,5.672e-1
1295.454545,1.1862098487e-1,9.8985620756e-2,4.6670417296e-1,2.3889765490e-1,3.2677108429e-1,6.249897588883606e-1,5.237309436652581e-1,5.3462338864e1,4.877e-1
1296.401515,1.7837785257e-1,6.8731794847e-2,1.8729554380e-2,5.6623119689e-1,4.1790909212e-1,6.249897454040944e-1,5.237309284401266e-1,7.1988251043e1,6.457e-1
1297.348485,2.2299013185e-1,9.4350719555e-2,1.8257906142e-1,6.5405354204e-1,9.6006014731e-2,6.249897347997365e-1,5.237309175961554e-1,3.4979312227e1,4.691e-1
1298.295455,2.2561888083e-1,4.2472200621e-1,2.0289682483e-1,2.4906264055e-1,1.4767910916e-1,6.249897307920820e-1,5.237308894768543e-1,2.9458358522e1,4.992e-1
1299.242424,2.8035024839e-1,6.4249214403e-1,1.1730798905e-1,1.8705645610e-1,2.2772623585e-2,6.249897305741893e-1,5.237308876898222e-1,1.1264325739e1,2.512e-1
1300.189394,3.6868546491e-1,1.9069999886e-1,2.4262271351e-1,1.4562536067e-1,3.0234592075e-1,6.249897293439188e-1,5.237308865950600e-1,4.5867013835e1,4.888e-1
1301.136364,2.6490121938e-1,2.3676953123e-1,3.1131088248e-1,3.0453233135e-1,1.3246548423e-1,6.249897243391804e-1,5.237308841255037e-1,2.9797093317e1,5.445e-1
1302.083333,1.6351478752e-1,1.6336791121e-1,1.4401124755e-1,5.2531614710e-1,2.5376934902e-1,6.249897211925468e-1,5.237308869353037e-1,5.0853176578e1,7.126e-1
1303.030303,6.9124567594e-2,2.3347019051e-1,6.1825648677e-2,6.5627324142e-1,2.2928576802e-1,6.249897081107048e-1,5.237308772974416e-1,5.1345429886e1,5.065e-1
1303.977273,4.2077869073e-2,2.4506504299e-1,4.3260187055e-1,3.4775522167e-1,1.8247940336e-1,6.249897038186092e-1,5.237308495324761e-1,3.8457514708e1,4.887e-1
1304.924242,9.0836268571e-2,1.9010869347e-1,4.7307244416e-2,7.2702249238e-1,1.9470468419e-1,6.249896915156334e-1,5.237308580961578e-1,4.8991012809e1,2.916e-1
1305.871212,1.6360350227e-1,4.5241039427e-2,2.4703379243e-1,6.1959863183e-1,1.7450238075e-1,6.249896733533108e-1,5.237308203167059e-1,4.4312015124e1,4.448e-1
1306.818182,2.2677408049e-1,6.6638633089e-2,2.5608712512e-1,3.8722217672e-1,3.1325731209e-1,6.249896637560842e-1,5.237307845601091e-1,5.4783406910e1,5.470e-1
1307.765152,2.8862876487e-1,7.4449727479e-4,1.9519887551e-2,4.2297567582e-1,5.1811047413e-1,6.249896498250215e-1,5.237307584198320e-1,8.0155324793e1,4.462e-1
1308.712121,2.2549693754e-1,5.3248350399e-2,6.1970894672e-2,3.8560825461e-1,5.2365483035e-1,6.249896337903811e-1,5.237307303071472e-1,8.0082294760e1,5.776e-1
1309.659091,1.2558075915e-1,2.4243781248e-1,1.6094904581e-1,2.8522492226e-1,4.3578670351e-1,6.249896216062607e-1,5.237307075764170e-1,6.6743153933e1,6.447e-1
1310.606061,4.1496545209e-2,3.5503618718e-1,7.5476763108e-1,7.7063689918e-2,2.1615181290e-2,6.249896173362449e-1,5.237306989452917e-1,1.2001742978e1,4.111e-1
1311.553030,4.3314951341e-2,3.4087326285e-1,3.1083454846e-1,4.3728273196e-1,1.1767373188e-1,6.249896132446372e-1,5.237307031226335e-1,3.2245365492e1,5.985e-1
1312.500000,7.5356364411e-2,1.0285768207e-1,5.0413622553e-2,4.4095468453e-1,5.8039685060e-1,6.249896020814222e-1,5.237306754156100e-1,8.9048049309e1,6.791e-1
1313.446970,1.2555894135e-1,2.3852388527e-1,3.0654902822e-1,2.5655313699e-1,3.2279418348e-1,6.249895876494812e-1,5.237306476536095e-1,5.2519575335e1,4.339e-1
1314.393939,3.3557647675e-1,3.3335675040e-1,3.8083061899e-1,1.3273214594e-1,6.7483179735e-2,6.249895859124708e-1,5.237306425554149e-1,1.6766422367e1,4.311e-1
1315.340909,6.5228516706e-1,2.8761638143e-1,1.3310785829e-1,3.3152502555e-2,1.4381726191e-1,6.249895856191919e-1,5.237306408380044e-1,2.1435727818e1,3.254e-1
1316.287879,7.6243192417e-1,3.5261703023e-1,6.6301140515e-3,3.2746658612e-2,9.5553444402e-2,6.249895857329171e-1,5.237306406936078e-1,1.4418224894e1,5.159e-1
1317.234848,5.8617356639e-1,4.6573321813e-1,3.1262898632e-2,7.8687543593e-2,8.8121944048e-2,6.249895853988569e-1,5.237306407399303e-1,1.5272266642e1,5.580e-1
1318.181818,3.5424929640e-1,2.6737211513e-1,4.7731271826e-1,7.1047157435e-2,7.9997882742e-2,6.249895849816495e-1,5.237306405300201e-1,1.7043608653e1,5.864e-1
1319.128788,1.6242524516e-1,3.1639100712e-1,7.9264205529e-2,5.0306311642e-1,1.8883558590e-1,6.249895800686404e-1,5.237306476451180e-1,4.1617083002e1,4.346e-1
1320.075758,9.5510673884e-2,1.6382303209e-1,8.2600512281e-2,5.9324369594e-1,3.1480121922e-1,6.249895667073129e-1,5.237306369309318e-1,6.0314559830e1,4.215e-1
1321.022727,1.1979975485e-1,2.1105899443e-1,2.2496594335e-1,4.0271285529e-1,2.9144156775e-1,6.249895578354064e-1,5.237306080558628e-1,5.2473077454e1,4.692e-1
1321.969697,2.5081872390e-1,1.2707359412e-1,1.3804684281e-1,4.7738474896e-1,2.5665518463e-1,6.249895472062263e-1,5.237305959674812e-1,4.9612106892e1,6.404e-1
1322.916667,3.0500625314e-1,8.4947940514e-3,2.9089808037e-1,3.9247066388e-1,2.5310928814e-1,6.249895397915340e-1,5.237305791643780e-1,4.7453727484e1,5.972e-1
1323.863636,1.8805092106e-1,1.6851103370e-1,1.9934776330e-2,4.7464733853e-1,3.9883498408e-1,6.249895268512999e-1,5.237305599366793e-1,6.6830118534e1,6.744e-1
1324.810606,7.4628265544e-2,2.5268635516e-1,5.4308746938e-1,2.4516647582e-1,1.3441046875e-1,6.249895173279150e-1,5.237305404100923e-1,2.9937253825e1,7.352e-1
1325.757576,7.8516053311e-2,2.8672438755e-1,4.6593558511e-2,4.6096086921e-1,3.7718415574e-1,6.249895121574500e-1,5.237305370528909e-1,6.4015775019e1,6.151e-1
1326.704545,1.6877712729e-1,1.0416485361e-1,1.1304011164e-1,4.5234385098e-1,4.1165305069e-1,6.249894971080410e-1,5.237305147494737e-1,6.8363632884e1,3.737e-1
1327.651515,2.1820900968e-1,3.5139383078e-4,3.3391540389e-1,3.5744506081e-1,3.4005811012e-1,6.249894891649446e-1,5.237304987965891e-1,5.7746810565e1,4.439e-1
1328.598485,1.8253598660e-1,3.2945644933e-2,6.7248677850e-1,2.6895550169e-1,9.3055039167e-2,6.249894754487960e-1,5.237304766242884e-1,2.6054674579e1,7.712e-1
1329.545455,9.3237123153e-2,3.6012554849e-1,9.2421717271e-3,4.1602939075e-1,3.7134470568e-1,6.249894699003949e-1,5.237304671934797e-1,6.1685869863e1,5.749e-1
1330.492424,5.3082740647e-2,5.7946524952e-2,6.3434299724e-1,3.7379244091e-1,1.3081421874e-1,6.249894612436981e-1,5.237304586069536e-1,3.3922756506e1,5.061e-1
1331.439394,6.0170068462e-2,1.0478373517e-1,7.6682643126e-1,3.0494112302e-1,1.3257540316e-2,6.249894491121883e-1,5.237304331624397e-1,1.7829345052e1,7.818e-1
1332.386364,1.3774893275e-1,3.3662756099e-1,8.7877157264e-2,4.5379247534e-1,2.3393276356e-1,6.249894449491850e-1,5.237304288756116e-1,4.5909899793e1,5.191e-1
1333.333333,2.1635480702e-1,3.0619778188e-2,3.0059766598e-1,4.8826030505e-1,2.1414632325e-1,6.249894397489386e-1,5.237304246908246e-1,4.5609257426e1,2.697e-1
1334.280303,1.7512091430e-1,2.4484657496e-1,4.6561404647e-1,3.3081663449e-1,3.3580690798e-2,6.249894305057042e-1,5.237303996215467e-1,1.9186626704e1,5.273e-1
1335.227273,1.5746730122e-1,7.1726955906e-1,2.5695855442e-1,2.6802856027e-2,9.1480590299e-2,6.249894305155979e-1,5.237303923390006e-1,1.6136148155e1,7.913e-1
1336.174242,2.3571771603e-1,2.2356125600e-1,3.3349537721e-1,4.5444285431e-1,2.7616573402e-3,6.249894304468793e-1,5.237303962901098e-1,1.8128607865e1,4.113e-1
1337.121212,2.0707032994e-1,1.8336972991e-1,1.8413397018e-1,1.6141695403e-1,5.1398786781e-1,6.249894259325947e-1,5.237303832779707e-1,7.2899135994e1,4.121e-1
1338.068182,1.2327664414e-1,1.4029271729e-1,6.1732526008e-1,9.9427780601e-2,2.6965643421e-1,6.249894181601838e-1,5.237303738694096e-1,4.2978538395e1,5.087e-1
1339.015152,6.5391875766e-2,1.1029376087e-1,2.1000686287e-1,2.0907590143e-1,6.5521041974e-1,6.249894103364662e-1,5.237303534971866e-1,9.2490700935e1,5.685e-1
1339.962121,4.9069216258e-2,7.5996770413e-2,1.9701524221e-2,2.3536063330e-1,8.6985064333e-1,6.249893937634088e-1,5.237303154448851e-1,1.1920656295e2,4.230e-1
1340.909091,3.6641046421e-2,1.1281498249e-1,5.9275950640e-3,2.3797650884e-1,8.5661861244e-1,6.249893726274540e-1,5.237302734783567e-1,1.1755380192e2,8.853e-1
1341.856061,3.5409905051e-2,7.6645888963e-2,2.2334832637e-1,2.2017621054e-1,6.9439837029e-1,6.249893506039805e-1,5.237302353117333e-1,9.7886413476e1,3.982e-1
1342.803030,3.7634266371e-2,1.0088954824e-1,3.2100703708e-1,1.8445284384e-1,6.0599498351e-1,6.249893395239307e-1,5.237302171468240e-1,8.6258501419e1,5.666e-1
1343.750000,5.4325903712e-2,1.0012089831e-1,1.7278422778e-1,1.9842396155e-1,7.2432365742e-1,6.249893243831023e-1,5.237301842145703e-1,1.0067267349e2,7.635e-1
1344.696970,7.5821750098e-2,8.0723675213e-2,3.0341109437e-1,2.1905410152e-1,5.7096799763e-1,6.249893094136288e-1,5.237301603485831e-1,8.2720281925e1,5.034e-1
1345.643939,1.2521211488e-1,5.9146187450e-2,2.5829488955e-1,1.9279454831e-1,6.1453085195e-1,6.249892960682600e-1,5.237301327310865e-1,8.7076632144e1,6.523e-1
1346.590909,1.5402791044e-1,2.8523403036e-4,3.1976975100e-1,2.4285301952e-1,5.3304265221e-1,6.249892835959691e-1,5.237301126064476e-1,7.8636498539e1,7.141e-1
1347.537879,1.3048019762e-1,3.0951811252e-2,9.2330232955e-3,2.6002633380e-1,8.1928717354e-1,6.249892697542525e-1,5.237300776354404e-1,1.1339060880e2,3.553e-1
1348.484848,8.2794103244e-2,8.8113161644e-2,4.5102473714e-3,2.2753742321e-1,8.4702356542e-1,6.249892504451015e-1,5.237300385166916e-1,1.1595391927e2,9.099e-1
1349.431818,4.7827455440e-2,5.1676462456e-2,5.8076995204e-1,1.5204398703e-1,4.1766060115e-1,6.249892290582142e-1,5.237300082271759e-1,6.3099390801e1,3.558e-1
1350.378788,3.4756182585e-2,4.7436101270e-2,8.0926608407e-2,2.7483879061e-1,8.1202076295e-1,6.249892229105891e-1,5.237299871425724e-1,1.1349316212e2,4.466e-1
1351.325758,2.0095320164e-2,1.9764718820e-1,3.2303519966e-1,1.9569220976e-1,5.1350848849e-1,6.249892031352233e-1,5.237299531746040e-1,7.4980860872e1,7.107e-1
1352.272727,6.4371474529e-3,6.5240348390e-1,4.9964260521e-1,7.3070244237e-2,1.8424920082e-2,6.249892004412637e-1,5.237299486260671e-1,1.0001803969e1,4.666e-1
1353.219697,1.2706126486e-2,4.6668276401e-1,5.0688706056e-1,2.1240813114e-1,5.1294316818e-2,6.249891995057275e-1,5.237299482045121e-1,1.8357547825e1,6.826e-1
1354.166667,2.7905061470e-2,9.8924926562e-2,1.5589593858e-1,6.7674374006e-1,2.9050872008e-1,6.249891933729769e-1,5.237299644383306e-1,6.0299885744e1,4.690e-1
1355.113636,4.4103545616e-2,3.9166980733e-1,2.4779763109e-1,4.5614460762e-1,1.1026278049e-1,6.249891860747575e-1,5.237299345588660e-1,3.1498035782e1,4.696e-1
1356.060606,8.3049868920e-2,1.1506857147e-1,7.8035685186e-1,2.4898809511e-1,2.2514970413e-2,6.249891788885383e-1,5.237299169739853e-1,1.7364052149e1,7.500e-1
1357.007576,9.2613027937e-2,3.4757295286e-2,2.9269323518e-1,4.6144805781e-1,3.6846672771e-1,6.249891719601651e-1,5.237299079175243e-1,6.4387445982e1,3.104e-1
1357.954545,6.4976016381e-2,3.8725295128e-1,1.0538889801e-1,4.5904397896e-1,2.3331648378e-1,6.249891641973709e-1,5.237298972613305e-1,4.6204022345e1,3.232e-1
1358.901515,4.6804841966e-2,9.8141528741e-2,8.5106189575e-1,2.5335828116e-1,6.1176567109e-4,6.249891566440786e-1,5.237298815684359e-1,1.5213951647e1,8.995e-1
1359.848485,3.6841793985e-2,6.2513790827e-2,5.5438600506e-1,3.0429442024e-1,2.9194228528e-1,6.249891476939449e-1,5.237298622670057e-1,5.1684570482e1,5.759e-1
1360.795455,1.5858263490e-2,3.8232585387e-1,3.5943024017e-2,5.3806939932e-1,2.7778174566e-1,6.249891431830189e-1,5.237298631200485e-1,5.3834409255e1,5.026e-1
1361.742424,7.2732762348e-3,1.1316155870e-1,4.7464949022e-1,6.0568411814e-1,4.9209819451e-2,6.249891313739756e-1,5.237298543687039e-1,2.9707904348e1,6.886e-1
1362.689394,3.1409046699e-3,2.6548711051e-1,5.6746885041e-3,7.8174206382e-1,1.9393346697e-1,6.249891172381794e-1,5.237298427386122e-1,5.0417171995e1,8.722e-1
1363.636364,1.3028003502e-3,2.2402729116e-1,1.8430811354e-2,7.3338040827e-1,2.7283688533e-1,6.249890982346892e-1,5.237298039005343e-1,5.8987446861e1,8.048e-1
1364.583333,5.3795256659e-4,2.8741401150e-1,2.3792429066e-2,5.5900740025e-1,3.7922636755e-1,6.249890804680719e-1,5.237297526898216e-1,6.7194648286e1,5.126e-1
1365.530303,2.0820786460e-4,1.3336547128e-1,7.0829320617e-1,3.6516514855e-1,4.2946100333e-2,6.249890670979219e-1,5.237297291546967e-1,2.3115566292e1,8.093e-1
1366.477273,1.4698024956e-4,1.0459651825e-2,2.9340539084e-1,3.7382506295e-1,5.7214102524e-1,6.249890555530485e-1,5.237297010837212e-1,8.7564689166e1,5.196e-1
1367.424242,1.3277458554e-4,1.2496293898e-3,1.4826163203e-1,3.2073862959e-1,7.7959543980e-1,6.249890526971702e-1,5.237296841582186e-1,1.1124051114e2,4.701e-1
1368.371212,1.2212783093e-4,9.7104796625e-3,4.8439553604e-1,3.6971682657e-1,3.8603310537e-1,6.249890377394056e-1,5.237296730835783e-1,6.5137822250e1,6.053e-1
1369.318182,9.4232194112e-5,1.1266171717e-1,8.2037589105e-1,3.1231494182e-1,4.5312689306e-3,6.249890255804509e-1,5.237296486524413e-1,1.7362458240e1,8.793e-1
1370.265152,4.4839292976e-5,3.0368152055e-1,3.8632472765e-2,5.6345136729e-1,3.4416783564e-1,6.249890177646175e-1,5.237296426921003e-1,6.3000371958e1,6.853e-1
1371.212121,4.2420334316e-5,2.8587537906e-1,9.2072145177e-2,7.1124134764e-1,1.6074671328e-1,6.249890027458664e-1,5.237296330887297e-1,4.4643651554e1,6.341e-1
1372.159091,8.9954781547e-5,1.5299112848e-1,6.3235308067e-1,3.1544160226e-1,1.4910221756e-1,6.249889918764862e-1,5.237295859115308e-1,3.4544067000e1,7.441e-1
1373.106061,1.1514965183e-4,2.8282346627e-2,2.9149616741e-1,7.1025072579e-1,2.1983357918e-1,6.249889843261636e-1,5.237296022074331e-1,5.3255312967e1,5.192e-1
1374.053030,1.0740991533e-4,1.8997892505e-1,1.0112166988e-1,6.0917929387e-1,3.4959065123e-1,6.249889749714479e-1,5.237295683953371e-1,6.5430325675e1,5.387e-1
1375.000000,1.2748313468e-4,3.9838500493e-1,1.0912988271e-1,5.6830590275e-1,1.7402965349e-1,6.249889635027562e-1,5.237295426329911e-1,4.2131457347e1,6.285e-1
1375.946970,2.3782177971e-4,6.7096382281e-1,2.7742065142e-1,2.4557705534e-1,5.5778576275e-2,6.249889638134291e-1,5.237295254480034e-1,1.8559535302e1,3.028e-1
1376.893939,5.0268574215e-4,2.3279021228e-1,6.0660564636e-1,1.0607699627e-1,3.0400238184e-1,6.249889612427604e-1,5.237295210774340e-1,4.7625445695e1,3.888e-1
1377.840909,7.2407874218e-4,2.6708067940e-1,3.2730028090e-1,2.0322348210e-1,4.5164938074e-1,6.249889509401856e-1,5.237294998174699e-1,6.7467197807e1,5.146e-1
1378.787879,1.4748555834e-3,9.8154117922e-1,1.8012521389e-1,7.8558820935e-2,8.2778332796e-3,6.249889514547642e-1,5.237294987824284e-1,6.9782664271e0,3.954e-1
1379.734848,4.1583279886e-3,3.7084739235e-1,2.0064584396e-1,3.6152331634e-1,3.1280301588e-1,6.249889482572437e-1,5.237295027740363e-1,5.3956472856e1,4.360e-1
1380.681818,8.5591366315e-3,2.6573928947e-1,5.7660063914e-1,1.0009224685e-1,2.9898656296e-1,6.249889375245075e-1,5.237294816554795e-1,4.6621795219e1,6.601e-1
1381.628788,1.7559115346e-2,5.3027137069e-1,2.7611507595e-1,1.5230922441e-1,2.7372308651e-1,6.249889364535329e-1,5.237294798358207e-1,4.3188693161e1,4.985e-1
1382.575758,2.9148752118e-2,1.0017135391e-1,1.3097588923e-1,3.7769029682e-1,6.1199157492e-1,6.249889334966936e-1,5.237294728797895e-1,9.1683735285e1,7.589e-1
1383.522727,3.5105823285e-2,5.0313573751e-1,4.6187833258e-1,1.0429767049e-1,1.4556028700e-1,6.249889254319925e-1,5.237294588973921e-1,2.6688093239e1,7.077e-1
1384.469697,6.7496773383e-2,5.3621664616e-1,4.1093423614e-1,1.7252324346e-1,6.2806950301e-2,6.249889247257636e-1,5.237294576999142e-1,1.7953688998e1,3.620e-1
1385.416667,1.3653102445e-1,2.0490979716e-1,2.9858419994e-1,2.8506349329e-1,3.2488932126e-1,6.249889180503040e-1,5.237294526537577e-1,5.3574623613e1,4.208e-1
1386.363636,2.1977737201e-1,3.5935929714e-2,3.9363250620e-2,3.9264005509e-1,5.6226120424e-1,6.249889058356063e-1,5.237294317792898e-1,8.5030582456e1,4.655e-1
1387.310606,2.5673462475e-1,4.1464182994e-4,5.1063883288e-1,3.6522538289e-1,1.1696430357e-1,6.249888929588623e-1,5.237294170241295e-1,3.0872950369e1,5.050e-1
1388.257576,1.9480729843e-1,6.7317044448e-2,1.7460033370e-2,6.1795314393e-1,3.5244024412e-1,6.249888821455712e-1,5.237294094681996e-1,6.5258569858e1,7.425e-1
1389.204545,1.2201464766e-1,9.5283477886e-2,4.5040778071e-1,4.2818513426e-1,1.5408669516e-1,6.249888678359895e-1,5.237293740388461e-1,3.7279857802e1,6.487e-1
1390.151515,1.1181452616e-1,1.6749161256e-2,8.4453511070e-2,7.7345345974e-1,2.6350705803e-1,6.249888581292889e-1,5.237293885395752e-1,5.9244447813e1,8.777e-1
1391.098485,8.1036316605e-2,1.7667047435e-1,4.9652701955e-1,3.4697035710e-1,1.4877352431e-1,6.249888459564963e-1,5.237293323366993e-1,3.4512137802e1,5.860e-1
1392.045455,7.0270447522e-2,1.9650732607e-1,5.1208877532e-1,4.2325337583e-1,4.7857749601e-2,6.249888371692640e-1,5.237293244537798e-1,2.4194760054e1,5.644e-1
1392.992424,9.2178128640e-2,2.9556102931e-2,8.1161344339e-2,4.5620959037e-1,5.9087248724e-1,6.249888267598239e-1,5.237292978754624e-1,9.0984877283e1,7.272e-1
1393.939394,1.0262145214e-1,2.0338943426e-1,5.0911253406e-1,1.9431158983e-1,2.4054262217e-1,6.249888162305851e-1,5.237292780706182e-1,4.1538416379e1,4.899e-1
1394.886364,2.2174701081e-1,9.7142033294e-2,4.1864410585e-1,2.4485531418e-1,2.6758915153e-1,6.249888078326193e-1,5.237292642289525e-1,4.5741091869e1,3.981e-1
1395.833333,2.6611382208e-1,4.4342489339e-3,1.0456946116e-1,3.3471054514e-1,5.4014952256e-1,6.249887999405841e-1,5.237292483218240e-1,8.0828357430e1,4.290e-1
1396.780303,1.8633881639e-1,1.1731485776e-1,1.9202080176e-1,3.2315251374e-1,4.3115058056e-1,6.249887851038076e-1,5.237292241304926e-1,6.7392120290e1,6.196e-1
1397.727273,6.9398412656e-2,5.3033584114e-1,3.4128180939e-1,9.4073244881e-2,2.1488825219e-1,6.249887801256322e-1,5.237292115648069e-1,3.4341665480e1,4.044e-1
1398.674242,2.0632389898e-2,4.2450124581e-1,5.4047794123e-1,1.2094714325e-1,1.4341883655e-1,6.249887783710180e-1,5.237292104945303e-1,2.7411061879e1,6.505e-1
1399.621212,2.4502400279e-2,4.5562205950e-2,9.6368747699e-2,3.0875653118e-1,7.7478765716e-1,6.249887711354490e-1,5.237291900013240e-1,1.0992735471e2,7.918e-1
1400.568182,2.6950784102e-2,3.5863974693e-2,4.3187686487e-1,3.5975384574e-1,3.9553204465e-1,6.249887570313540e-1,5.237291799699164e-1,6.5680443040e1,5.738e-1
1401.515152,3.0318562497e-2,2.3704972225e-1,5.8490829867e-1,2.8118056113e-1,1.1652034292e-1,6.249887437281790e-1,5.237291509837189e-1,2.9080906965e1,4.277e-1
1402.462121,1.0479311759e-1,6.2546893439e-1,4.5931109330e-1,4.7039293076e-3,5.5700411609e-2,6.249887431000161e-1,5.237291448625913e-1,1.2258001598e1,7.012e-1
1403.409091,3.3798062157e-1,2.6620059497e-1,2.3764097913e-1,3.1680952470e-1,9.1345761051e-2,6.249887407103629e-1,5.237291474400155e-1,2.4432681539e1,2.777e-1
1404.356061,4.1327762968e-1,7.0104946939e-2,1.2742126099e-1,4.6470518273e-1,1.7446845071e-1,6.249887355215752e-1,5.237291461745760e-1,3.8568746335e1,3.854e-1
1405.303030,2.1172762046e-1,2.2398194154e-1,2.9034330968e-1,3.6398659671e-1,1.5993798908e-1,6.249887287281266e-1,5.237291323724524e-1,3.4996207867e1,5.182e-1
1406.250000,1.1249585179e-1,6.5001944184e-2,1.3907582133e-1,6.0986155374e-1,3.2354227298e-1,6.249887220130704e-1,5.237291380189145e-1,6.2227839046e1,5.836e-1
1407.196970,8.9365409715e-2,6.3919932315e-2,6.8322696009e-1,2.8851227264e-1,1.2495284728e-1,6.249887110204003e-1,5.237291034888535e-1,3.0864695427e1,8.095e-1
1408.143939,1.2773091867e-1,1.0373493345e-1,5.5869274984e-1,3.4559072446e-1,1.1422807271e-1,6.249886995636034e-1,5.237290869240048e-1,3.0420973815e1,5.537e-1
1409.090909,2.8880085309e-1,2.4934104987e-1,7.7842278397e-2,3.8458406270e-1,2.4940914827e-1,6.249886961642840e-1,5.237290785852731e-1,4.5496881739e1,4.576e-1
1410.037879,4.4715464605e-1,6.1012614354e-2,3.5660978015e-1,3.3539548473e-1,4.9804856265e-2,6.249886907748747e-1,5.237290694854375e-1,2.0306157906e1,5.917e-1
1410.984848,2.5704132159e-1,5.2459097217e-1,8.9013705841e-2,2.1089625346e-1,1.6843512498e-1,6.249886890205016e-1,5.237290616852185e-1,3.0198188360e1,3.225e-1
1411.931818,1.0449335303e-1,6.4117896473e-1,1.6019070678e-1,2.4056533925e-1,1.0354901310e-1,6.249886884469974e-1,5.237290607431299e-1,2.3568494793e1,7.662e-1
1412.878788,5.9733362758e-2,8.4411141051e-2,2.8592745507e-1,6.5319345440e-1,1.6671195861e-1,6.249886859489587e-1,5.237290782833202e-1,4.4727429847e1,7.525e-1
1413.825758,4.5236038123e-2,5.0367444109e-2,7.9332107583e-1,2.9163653374e-1,6.9416251389e-2,6.249886715957408e-1,5.237290335866694e-1,2.4687570771e1,8.649e-1
1414.772727,2.5546588200e-2,1.8972366917e-1,1.0680836332e-1,6.7732435230e-1,2.5057435229e-1,6.249886626420250e-1,5.237290371834974e-1,5.4994583906e1,5.629e-1
1415.719697,2.2955355061e-2,6.6507546657e-1,3.4870530588e-1,8.4921375377e-2,1.2831981379e-1,6.249886583376675e-1,5.237290000988404e-1,2.3273691235e1,8.154e-1
1416.666667,1.0614884109e-1,4.9964622006e-1,4.9081743643e-1,5.4742695534e-2,9.8622124832e-2,6.249886589693567e-1,5.237290010081940e-1,1.9354304588e1,6.436e-1
1417.613636,2.2038523562e-1,9.6283563344e-2,1.3101077329e-1,2.4947539947e-1,5.5282233555e-1,6.249886536403713e-1,5.237289904072778e-1,8.0095317664e1,4.660e-1
1418.560606,2.4385300612e-1,4.4529887044e-2,6.1407623569e-3,4.6743950733e-1,4.8801411537e-1,6.249886391065655e-1,5.237289715734729e-1,7.7683983378e1,6.366e-1
1419.507576,1.8628769778e-1,1.4354348341e-1,6.7159541757e-2,6.6050057489e-1,1.9248595716e-1,6.249886274994279e-1,5.237289667325968e-1,4.6691728063e1,8.054e-1
1420.454545,9.0319229131e-2,4.3198414191e-1,4.3459471827e-1,1.5455271377e-1,1.3852644098e-1,6.249886220253663e-1,5.237289351030382e-1,2.7062956930e1,5.355e-1
1421.401515,2.2274674171e-2,6.6154977618e-1,5.2899350994e-1,4.3831331050e-3,3.2776151593e-2,6.249886224940884e-1,5.237289355703426e-1,9.9017926323e0,7.005e-1
1422.348485,3.9417830451e-2,2.4987329539e-1,2.4977709611e-1,5.5055472573e-1,1.6035429235e-1,6.249886200155954e-1,5.237289432914566e-1,4.0660772919e1,4.951e-1
1423.295455,7.3474666918e-2,4.7972476043e-2,2.7917418523e-2,8.2467172659e-1,2.7594091971e-1,6.249886038925998e-1,5.237289401560481e-1,6.2065954608e1,2.796e-1
1424.242424,9.7613774891e-2,1.7208842006e-2,5.2387506401e-1,5.4783680989e-1,6.3442682204e-2,6.249885865004874e-1,5.237288856686139e-1,2.9925666322e1,5.065e-1
1425.189394,1.3094422300e-1,2.6544920928e-2,5.5280789100e-2,5.4169860495e-1,4.9550861191e-1,6.249885749411030e-1,5.237288539582138e-1,8.1320265949e1,6.065e-1
1426.136364,1.5809886907e-1,1.5835871135e-3,1.2798772970e-1,6.3015066397e-1,3.3215626076e-1,6.249885553135683e-1,5.237288276669799e-1,6.3786941071e1,7.874e-1
1427.083333,1.5045234447e-1,9.6174451940e-3,3.9291720934e-1,4.0718088504e-1,2.8980920346e-1,6.249885437506867e-1,5.237287940842363e-1,5.3363165101e1,6.254e-1
1428.030303,1.0939270087e-1,9.9088071102e-2,7.5004245759e-3,5.2421877033e-1,5.0977709213e-1,6.249885295005058e-1,5.237287654936968e-1,8.2339344332e1,4.691e-1
1428.977273,6.6987189209e-2,9.4174791149e-2,1.5645392832e-1,6.8596933177e-1,2.4639178379e-1,6.249885121187225e-1,5.237287521347571e-1,5.4962641546e1,3.778e-1
1429.924242,5.9027193208e-2,2.1346303535e-1,9.8621083398e-2,5.4344431259e-1,3.3542137391e-1,6.249884992278504e-1,5.237287115620605e-1,6.1569562198e1,5.601e-1
1430.871212,7.1287149075e-2,2.4360956650e-1,4.7473535117e-1,2.8347930316e-1,1.7686561757e-1,6.249884937379852e-1,5.237286899336308e-1,3.6030882267e1,5.078e-1
1431.818182,6.4275960311e-2,5.1478047065e-1,2.0424577000e-1,5.8768285348e-2,4.0790649943e-1,6.249884928688625e-1,5.237286864577988e-1,5.6788282140e1,5.422e-1
1432.765152,6.1662609072e-2,3.5637219672e-1,2.0025349540e-1,1.5476707560e-1,4.7692160814e-1,6.249884924665929e-1,5.237286841171933e-1,6.8344115923e1,6.661e-1
1433.712121,5.9018528014e-2,1.1097414745e-1,4.3986021683e-1,5.6135095312e-1,7.8773119102e-2,6.249884822595634e-1,5.237286859237024e-1,3.1816529038e1,3.412e-1
1434.659091,8.0101904046e-2,7.5889300727e-2,2.5037313899e-2,5.9752221096e-1,4.7142620521e-1,6.249884674223294e-1,5.237286532644556e-1,7.9855393082e1,6.285e-1
1435.606061,1.3197432757e-1,1.1457307116e-1,2.3543480427e-1,5.2072850097e-1,2.4726620066e-1,6.249884523140951e-1,5.237286235329226e-1,5.0491997455e1,5.548e-1
1436.553030,2.3700814025e-1,2.3802503186e-1,3.0599641105e-1,4.6513334204e-1,3.8139716994e-3,6.249884484469095e-1,5.237286086743214e-1,1.8414980745e1,6.785e-1
1437.500000,3.6987333578e-1,4.9834020216e-1,2.1947765031e-1,8.5577805701e-3,1.5372792558e-1,6.249884471933206e-1,5.237286001340233e-1,2.2888461727e1,4.466e-1
1438.446970,6.4215845438e-1,2.5779627065e-1,2.7551712113e-1,5.5909241033e-2,1.8595807075e-2,6.249884471339138e-1,5.237286001425430e-1,7.2101677562e0,5.249e-1
1439.393939,5.5379558495e-1,5.5676126688e-1,1.0626376839e-2,1.4055381829e-2,1.1473828343e-1,6.249884469620947e-1,5.237285999221262e-1,1.6611703838e1,4.416e-1
1440.340909,4.9514651339e-1,2.4250766058e-1,3.5825394168e-1,3.3685501616e-2,1.2038327676e-1,6.249884470168666e-1,5.237285999334036e-1,2.0085615589e1,6.615e-1
1441.287879,2.3674371199e-1,3.9637702624e-1,3.5553639277e-1,1.3753517702e-1,1.2378458390e-1,6.249884459600281e-1,5.237285993761849e-1,2.4000969454e1,5.351e-1
1442.234848,9.5823812107e-2,2.9398457895e-1,8.7476698621e-2,4.0260828887e-1,3.7008350704e-1,6.249884427933614e-1,5.237286004900710e-1,6.1589848798e1,6.040e-1
1443.181818,3.7976094854e-2,1.9654402816e-1,1.9320616881e-1,3.6161739693e-1,4.6063317191e-1,6.249884303277833e-1,5.237285798683429e-1,7.2490528160e1,4.126e-1
1444.128788,3.3102700158e-2,8.7959973353e-2,1.6536982721e-1,5.4037557184e-1,4.2316877251e-1,6.249884225340211e-1,5.237285809507687e-1,7.2973051094e1,5.583e-1
1445.075758,6.9876375402e-2,4.8424762367e-1,5.0593786507e-1,1.8675058316e-1,3.1643806234e-3,6.249884139600849e-1,5.237285509765188e-1,1.1431995736e1,3.642e-1
1446.022727,2.6463593777e-1,4.0941613148e-1,4.7846410835e-1,3.5082426030e-2,6.2378224433e-2,6.249884140296804e-1,5.237285483442369e-1,1.3885913459e1,5.551e-1
1446.969697,4.9902967383e-1,1.8897667575e-1,1.4026089021e-1,3.7774828435e-1,4.3961301029e-2,6.249884125875895e-1,5.237285508670094e-1,1.9464546941e1,5.754e-1
1447.916667,4.0309653292e-1,5.3871020038e-1,1.9167756600e-1,2.5994938653e-2,9.0497585433e-2,6.249884116931222e-1,5.237285441488626e-1,1.5227918168e1,6.418e-1
1448.863636,3.0432935607e-1,4.5342648339e-1,2.2960355874e-1,1.4094047064e-1,1.2167695336e-1,6.249884110940738e-1,5.237285445119793e-1,2.2980591205e1,5.962e-1
1449.810606,3.2071995988e-1,3.5502357557e-1,3.4690098158e-2,2.7237581609e-1,2.6716736658e-1,6.249884081409598e-1,5.237285440313515e-1,4.4061376954e1,4.986e-1
1450.757576,4.0133262484e-1,2.9616904269e-1,3.9225063860e-2,2.7282142459e-1,2.4042865554e-1,6.249884057574988e-1,5.237285410532226e-1,4.0611958405e1,6.259e-1
1451.704545,4.7679342681e-1,4.2185011427e-1,9.1537224491e-2,1.8238073899e-1,7.7415305554e-2,6.249884050589819e-1,5.237285372468746e-1,1.7559737496e1,6.387e-1
1452.651515,6.5661968178e-1,2.9621318760e-1,8.3489661861e-2,1.3738427386e-1,7.6270004865e-2,6.249884049842727e-1,5.237285367345099e-1,1.5747510897e1,4.244e-1
1453.598485,5.3057910131e-1,3.5679579783e-1,1.8747008633e-1,1.5050901835e-1,2.4622804701e-2,6.249884042597581e-1,5.237285361252104e-1,1.0446649426e1,5.078e-1
1454.545455,1.4917799175e-1,6.7663899858e-1,2.9078469959e-1,1.2266153520e-1,1.0713583363e-2,6.249884042415937e-1,5.237285355462369e-1,9.0506523866e0,3.623e-1
1455.492424,5.0444096985e-2,1.4613323314e-1,1.6029244962e-1,5.2910159302e-1,3.6400542460e-1,6.249883986780629e-1,5.237285433379524e-1,6.5123773437e1,6.015e-1
1456.439394,3.5548263425e-2,6.9687629168e-2,7.9606791403e-1,3.0562996002e-1,4.3043008160e-2,6.249883874008928e-1,5.237285165735724e-1,2.1815356467e1,7.034e-1
1457.386364,5.6132208445e-2,1.8812668965e-1,4.6236594389e-1,4.2771947199e-1,1.1563244338e-1,6.249883786810664e-1,5.237285028792655e-1,3.2591222891e1,2.519e-1
1458.333333,1.9720933741e-1,6.4911751365e-1,2.3433763809e-1,4.7843170700e-2,1.2146909246e-1,6.249883761539083e-1,5.237284893723566e-1,2.0350566098e1,3.862e-1
1459.280303,5.1587379515e-1,2.8997235042e-1,1.3684024008e-1,1.1142816002e-1,1.9586220645e-1,6.249883760604261e-1,5.237284890504272e-1,3.0568667066e1,5.116e-1
1460.227273,5.8255623664e-1,3.8471688867e-1,1.4197769428e-1,1.6443403706e-2,1.2428252818e-1,6.249883757410957e-1,5.237284877401327e-1,1.8630885976e1,6.109e-1
1461.174242,5.4782796336e-1,3.4888335671e-1,1.5946574376e-1,1.5342739300e-1,4.0372293715e-2,6.249883752720440e-1,5.237284881574444e-1,1.2324736817e1,7.396e-1
1462.121212,4.6522235221e-1,2.2010434023e-1,7.2888955153e-2,2.4016398674e-1,2.5159711136e-1,6.249883728416895e-1,5.237284876785593e-1,4.1145609327e1,6.081e-1
1463.068182,2.4364751293e-1,1.3729475992e-1,5.5595689286e-1,2.4429489856e-1,6.8782670845e-2,6.249883675542760e-1,5.237284834636199e-1,2.1465687041e1,7.278e-1
1464.015152,1.5241716702e-1,6.6984549184e-2,1.9057522129e-1,3.8873896399e-1,4.5126081390e-1,6.249883576877455e-1,5.237284697152876e-1,7.1935810479e1,6.288e-1
1464.962121,1.1199670472e-1,1.9789939051e-2,1.8556490031e-1,4.4622031261e-1,4.8640484432e-1,6.249883505072791e-1,5.237284606753585e-1,7.8118967510e1,5.544e-1
1465.909091,9.4213171057e-2,3.9441843214e-2,6.3006319984e-1,3.6498238745e-1,1.2127607772e-1,6.249883396408440e-1,5.237284439710636e-1,3.2369270217e1,7.930e-1
1466.856061,9.6321035148e-2,2.3552722971e-1,4.8666182101e-1,3.6774283222e-1,6.3723741765e-2,6.249883299246541e-1,5.237284229728174e-1,2.4336919122e1,6.236e-1
1467.803030,2.1789649554e-1,6.5106934627e-1,2.5888005157e-1,1.8346228079e-2,1.0378453738e-1,6.249883294194415e-1,5.237284124320403e-1,1.7353627436e1,7.837e-1
1468.750000,4.7257545319e-1,2.2163814362e-1,3.0836461930e-1,1.2152495805e-1,1.2587348400e-1,6.249883290726179e-1,5.237284124201662e-1,2.3147085577e1,5.804e-1
1469.696970,4.2367820409e-1,5.2264603687e-1,6.5118729329e-2,2.3569377401e-1,2.8399133770e-3,6.249883288404405e-1,5.237284117735642e-1,9.6837906910e0,7.157e-1
1470.643939,3.8347544809e-1,3.4943737954e-1,4.1270280910e-1,5.4749354397e-2,4.9611666100e-2,6.249883286139821e-1,5.237284109636657e-1,1.2294507557e1,6.330e-1
1471.590909,2.6540013064e-1,4.4461102922e-1,2.0369997521e-1,7.8748467831e-2,2.5751705383e-1,6.249883283621744e-1,5.237284106403671e-1,3.8133655786e1,6.521e-1
1472.537879,1.1002671490e-1,6.5028456519e-1,2.0166205288e-1,7.7693917037e-2,2.1030940415e-1,6.249883270823182e-1,5.237284095719816e-1,3.2374687987e1,3.727e-1
1473.484848,4.4407323865e-2,1.6462145919e-1,5.5138239766e-1,4.7533453616e-1,1.4230934498e-2,6.249883256845198e-1,5.237284176248957e-1,2.1794770534e1,2.646e-1
1474.431818,2.6922439844e-2,7.9522358873e-2,4.4244711204e-1,4.5738884124e-1,2.4369587936e-1,6.249883156800536e-1,5.237283964674493e-1,4.9541598312e1,5.235e-1
1475.378788,1.6136834602e-2,3.1230979588e-1,6.6825536759e-2,6.8270145623e-1,1.7200299343e-1,6.249883084528297e-1,5.237284025142662e-1,4.5030122062e1,4.047e-1
1476.325758,2.2308637160e-2,1.1472496320e-1,3.7003473807e-1,7.0518003146e-1,3.7728217644e-2,6.249882937674074e-1,5.237283822532446e-1,3.0595855015e1,6.920e-1
1477.272727,3.8468452144e-2,2.4282782328e-1,6.6580366658e-2,7.6499471165e-1,1.3710520858e-1,6.249882811554802e-1,5.237283633706812e-1,4.3066830277e1,8.727e-1
1478.219697,6.6930622416e-2,1.5489786721e-2,4.0273326650e-1,5.5487913401e-1,2.0994373615e-1,6.249882728954170e-1,5.237283264386609e-1,4.7915241532e1,7.431e-1
1479.166667,7.7349876005e-2,1.4955671014e-2,7.0608687865e-1,4.3665486765e-1,1.4929217298e-2,6.249882553099386e-1,5.237282950072348e-1,2.1601176888e1,6.022e-1
1480.113636,1.0185873365e-1,5.2409718291e-2,4.9007028430e-2,4.4011489064e-1,6.0658612010e-1,6.249882455560929e-1,5.237282642261766e-1,9.2274504904e1,7.761e-1
1481.060606,1.6328808555e-1,1.0022897817e-1,6.5693944094e-1,1.9991905434e-1,1.2960090844e-1,6.249882337187381e-1,5.237282448858775e-1,2.8523943546e1,3.301e-1
1482.007576,2.8655582311e-1,1.3721666752e-1,5.8414551129e-2,3.8745373880e-1,3.8033567621e-1,6.249882283854976e-1,5.237282347226673e-1,6.1966513852e1,2.168e-1
1482.954545,3.2657334425e-1,1.1820876306e-1,2.7214150499e-1,5.1200320456e-1,2.1049628652e-2,6.249882227514181e-1,5.237282313048384e-1,2.1655291251e1,3.647e-1
1483.901515,1.5800644558e-1,6.8812544212e-1,2.2725011072e-1,7.7589478928e-3,1.6883549441e-1,6.249882203580144e-1,5.237282165224787e-1,2.5132484609e1,4.397e-1
1484.848485,6.0213055962e-2,3.4279178561e-1,6.7258469644e-1,6.3566204449e-2,1.1082069763e-1,6.249882200415073e-1,5.237282165799915e-1,2.2315535509e1,7.360e-1
1485.795455,3.2412207189e-2,1.6825296968e-1,1.3020926218e-1,3.1181483671e-1,6.0728714572e-1,6.249882107361460e-1,5.237281977727848e-1,8.9105215567e1,4.783e-1
1486.742424,1.1991467930e-2,6.5216400980e-1,2.8418942199e-1,1.1316023991e-1,1.8847127407e-1,6.249882068511439e-1,5.237281929653299e-1,3.1329289887e1,5.248e-1
1487.689394,8.1311529475e-3,4.2501318600e-1,3.7403812745e-1,4.3047295230e-1,1.2320996201e-2,6.249882074443759e-1,5.237281974081927e-1,1.9198618955e1,6.505e-1
1488.636364,2.1548833940e-2,1.3532060462e-1,1.7493682324e-1,5.6119270008e-1,3.5697743101e-1,6.249881964398727e-1,5.237281907800935e-1,6.5332187783e1,7.152e-1
1489.583333,3.8021376672e-2,6.3185286945e-2,2.0707877161e-1,5.8354242296e-1,3.5814849994e-1,6.249881790630307e-1,5.237281563985332e-1,6.6318376962e1,7.291e-1
1490.530303,7.3125430089e-2,2.9888654852e-1,2.2659414123e-1,5.2853268413e-1,1.2283753088e-1,6.249881674247788e-1,5.237281325466271e-1,3.5083338787e1,5.906e-1
1491.477273,1.8964894553e-1,3.0225839175e-1,6.4438504922e-1,6.6378194018e-2,4.7305746581e-2,6.249881635511989e-1,5.237281139550246e-1,1.4033659421e1,5.895e-1
1492.424242,3.6170562741e-1,4.0106880461e-1,1.7646421191e-1,2.6638254719e-1,4.4355136291e-2,6.249881637056292e-1,5.237281132019315e-1,1.6596403074e1,6.012e-1
1493.371212,5.4497322986e-1,5.6061127989e-1,2.0122403793e-2,2.0381826012e-2,1.0388758675e-1,6.249881631492744e-1,5.237281117462871e-1,1.5504517941e1,5.876e-1
1494.318182,7.4140341767e-1,2.1727728963e-1,1.1058485939e-1,4.4655675171e-2,1.3605508350e-1,6.249881626811520e-1,5.237281116412880e-1,2.0533967457e1,3.830e-1
1495.265152,4.1582438067e-1,6.1286620166e-1,1.2006330695e-1,7.8455754846e-2,2.2766681495e-2,6.249881628077852e-1,5.237281114045219e-1,7.8188704357e0,5.086e-1
1496.212121,2.2900459362e-1,3.4457245387e-1,3.1561131512e-1,3.3489044025e-1,2.5897523028e-2,6.249881629439440e-1,5.237281147707654e-1,1.7359914761e1,4.308e-1
1497.159091,1.4527028101e-1,1.5304882703e-1,1.4742814126e-1,2.4164150512e-1,5.6258755725e-1,6.249881558359482e-1,5.237281001452223e-1,8.1301893417e1,4.539e-1
1498.106061,1.1462904201e-1,7.6574541755e-2,1.5558996337e-1,2.1110251075e-1,6.9208022531e-1,6.249881415969493e-1,5.237280723264858e-1,9.6796732495e1,7.479e-1
1499.053030,9.2564398600e-2,1.9862895843e-2,3.9732648109e-1,2.5119077168e-1,4.8903171563e-1,6.249881314216696e-1,5.237280614188730e-1,7.3898784134e1,6.077e-1
1500.000000,6.6910620774e-2,6.4711868743e-2,5.9462182918e-1,1.8968831610e-1,3.3404359611e-1,6.249881154549176e-1,5.237280317162930e-1,5.3747460098e1,4.802e-1
1500.946970,6.2810459828e-2,2.5322766774e-1,1.3298430633e-1,2.7895143666e-1,5.2200235314e-1,6.249881118478686e-1,5.237280220218485e-1,7.7344482191e1,4.919e-1
1501.893939,1.1052100475e-1,4.0962974949e-2,4.5781896326e-1,3.6425651453e-1,2.7641673780e-1,6.249880976442537e-1,5.237280061217254e-1,5.0837289061e1,6.415e-1
1502.840909,1.4988037616e-1,5.2222497830e-2,2.2867124195e-2,5.4286386442e-1,4.8214230711e-1,6.249880848610528e-1,5.237279840125927e-1,7.9448181149e1,6.212e-1
1503.787879,1.8436809286e-1,1.1273373191e-2,1.1745341206e-3,5.9565260015e-1,4.5750753131e-1,6.249880658159628e-1,5.237279524892223e-1,7.7745974278e1,7.713e-1
1504.734848,1.6993544088e-1,2.5754477637e-2,2.6279332779e-2,6.2752437679e-1,4.0048246544e-1,6.249880467616251e-1,5.237279203855614e-1,7.1689246971e1,6.229e-1
1505.681818,1.2346174357e-1,9.7050632394e-2,1.8029041179e-1,6.5927252254e-1,1.8990074931e-1,6.249880298017529e-1,5.237278942528878e-1,4.7102172064e1,4.355e-1
1506.628788,7.8131791883e-2,2.4722621819e-1,4.9254740187e-1,2.8430046706e-1,1.4777016089e-1,6.249880199428821e-1,5.237278547754531e-1,3.2486093086e1,5.089e-1
1507.575758,1.6128611588e-1,1.8999278699e-1,2.0058062681e-1,3.6955490216e-1,3.2856160132e-1,6.249880165846351e-1,5.237278508555945e-1,5.5946915484e1,3.411e-1
1508.522727,2.5820750552e-1,1.7462673261e-2,2.2156696956e-1,3.2104437142e-1,4.3169449177e-1,6.249880057658896e-1,5.237278290632994e-1,6.7466879688e1,5.279e-1
1509.469697,2.1347664751e-1,7.7367810824e-2,1.5832276630e-1,2.9358067907e-1,5.0722808566e-1,6.249879946778505e-1,5.237278070302159e-1,7.5847832770e1,6.212e-1
1510.416667,1.1613302253e-1,9.4196324261e-2,5.7639625565e-1,2.2618765706e-1,2.3706270639e-1,6.249879829453711e-1,5.237277906179744e-1,4.2439660649e1,4.539e-1
1511.363636,8.9483528961e-2,3.6044035030e-2,5.1319262666e-2,5.1167200950e-1,5.6145711007e-1,6.249879731165001e-1,5.237277759924437e-1,8.8767398329e1,5.765e-1
1512.310606,5.7121240758e-2,1.9599953650e-1,4.3372317032e-1,4.4883964294e-1,1.1429232231e-1,6.249879564198151e-1,5.237277473116726e-1,3.2882630886e1,3.974e-1
1513.257576,4.3700035957e-2,5.4327272212e-1,5.2542183630e-1,1.1951268561e-2,1.2563004302e-1,6.249879529772991e-1,5.237277309369480e-1,2.1774856253e1,6.357e-1
1514.204545,1.5915287170e-1,3.0252170010e-1,4.6938388430e-1,1.6514893522e-1,1.5376851001e-1,6.249879506630415e-1,5.237277303436828e-1,2.9406826119e1,4.038e-1
1515.151515,2.4168468460e-1,2.7452082407e-2,7.1074350116e-2,3.4913780125e-1,5.6062697060e-1,6.249879444882342e-1,5.237277170946523e-1,8.3677003185e1,7.436e-1
1516.098485,2.0414384717e-1,1.3398216344e-1,2.5968787456e-1,3.8089228810e-1,2.7126968896e-1,6.249879311073834e-1,5.237276994885468e-1,4.9358612653e1,5.575e-1
1517.045455,1.2845229418e-1,6.4733170071e-1,1.8388137222e-1,1.6022040638e-1,1.3009008693e-1,6.249879302167578e-1,5.237276894931309e-1,2.4608524658e1,3.965e-1
1517.992424,1.2236579049e-1,6.0043456015e-1,4.3122544807e-1,2.7867546751e-2,6.8082515866e-2,6.249879306679718e-1,5.237276892321672e-1,1.4318179127e1,7.638e-1
1518.939394,1.4496766851e-1,2.3367550121e-1,1.9695268876e-1,6.4409717198e-1,3.0282829830e-2,6.249879301412815e-1,5.237277048102629e-1,2.6602768068e1,7.831e-1
1519.886364,1.3335996984e-1,9.4036323891e-2,2.5966352551e-1,3.7441556347e-1,3.8850045745e-1,6.249879200811880e-1,5.237276755921306e-1,6.4041417422e1,6.233e-1
1520.833333,1.2954296172e-1,3.0984011010e-2,1.4602158370e-1,4.6011140916e-1,4.8331584872e-1,6.249879071534989e-1,5.237276544748064e-1,7.7882905902e1,4.019e-1
1521.780303,1.3452359124e-1,3.3383337391e-2,5.2180425712e-2,3.2093432596e-1,7.0895410267e-1,6.249878914811011e-1,5.237276116424341e-1,1.0156749545e2,6.689e-1
1522.727273,1.4313404414e-1,7.6769644375e-2,2.6290730305e-1,2.4339406351e-1,5.2377069494e-1,6.249878750038342e-1,5.237275834424485e-1,7.7159623720e1,5.816e-1
1523.674242,1.5586607319e-1,2.4647298513e-1,2.4388325010e-1,9.2523315887e-2,5.1123010975e-1,6.249878670250629e-1,5.237275663209173e-1,7.0920145164e1,3.217e-1
1524.621212,1.4571782896e-1,6.7057600207e-1,2.0738676794e-1,1.0582888377e-1,1.2046624714e-1,6.249878649365508e-1,5.237275646311399e-1,2.1879308976e1,4.521e-1
1525.568182,2.1171290789e-1,5.7992637459e-1,1.7533109275e-1,8.7074554864e-2,1.9593079764e-1,6.249878638632986e-1,5.237275649750680e-1,3.0533885798e1,7.603e-1
1526.515152,3.4011129630e-1,7.3170592775e-2,9.3438013188e-2,4.8692090194e-1,2.5633491155e-1,6.249878578753818e-1,5.237275683254816e-1,4.9456238480e1,5.053e-1
1527.462121,3.0306939872e-1,1.2908669057e-1,1.0107818809e-1,5.6855920452e-1,1.4818221599e-1,6.249878489454372e-1,5.237275604357753e-1,3.8379551777e1,6.740e-1
1528.409091,1.4984202537e-1,6.4677920147e-1,2.1111191866e-1,5.0810794482e-2,1.9143175266e-1,6.249878463177495e-1,5.237275367206480e-1,2.9186584528e1,7.661e-1
1529.356061,7.0605525401e-2,5.4102112288e-1,3.9769441647e-1,2.6802938367e-2,2.1385168987e-1,6.249878464926355e-1,5.237275364276167e-1,3.2529610671e1,6.173e-1
1530.303030,5.6207199570e-2,1.6729650759e-1,6.7124454053e-2,5.9640845483e-1,3.6293905975e-1,6.249878378954974e-1,5.237275379034017e-1,6.6440962450e1,7.722e-1
1531.250000,5.6026108761e-2,8.5734411856e-2,7.2189459025e-1,3.6197856219e-1,2.4341979342e-2,6.249878261994032e-1,5.237275076887531e-1,2.0673725946e1,8.495e-1
1532.196970,3.3016495427e-2,2.3965587104e-1,1.5872463307e-2,7.5987361032e-1,2.0155720030e-1,6.249878201983176e-1,5.237275213421889e-1,5.0738076865e1,6.665e-1
1533.143939,2.0262800773e-2,1.5610428283e-1,4.3297919133e-2,8.2486094446e-1,2.0544965879e-1,6.249878029949018e-1,5.237275000558244e-1,5.3361829867e1,2.513e-1
1534.090909,2.5090498357e-2,1.3871469712e-1,3.4779555865e-1,6.0249155332e-1,1.3588326081e-1,6.249877841266682e-1,5.237274449024550e-1,3.9745126203e1,4.274e-1
1535.037879,6.2506923079e-2,3.9935201578e-1,2.9109947315e-1,4.5638819968e-1,4.0628947203e-2,6.249877794515295e-1,5.237274207690154e-1,2.2963680910e1,5.654e-1
1535.984848,1.4760941347e-1,5.5754405814e-1,1.6017965390e-1,8.7282880945e-2,2.9735954727e-1,6.249877768579547e-1,5.237274113223840e-1,4.3325404295e1,5.791e-1
1536.931818,2.5898730353e-1,2.6046659161e-1,3.1013862733e-1,1.2604626639e-1,2.9433676205e-1,6.249877754509734e-1,5.237274095779597e-1,4.4840121920e1,3.477e-1
1537.878788,2.7735997926e-1,2.8939916391e-1,2.3664444434e-1,7.1990361085e-2,3.7458159811e-1,6.249877733514482e-1,5.237274057696926e-1,5.2860769985e1,5.753e-1
1538.825758,1.9919320717e-1,6.7086181330e-1,1.1210726811e-1,1.5587125080e-1,1.1194200699e-1,6.249877731870196e-1,5.237274054491924e-1,2.1654635295e1,7.492e-1
1539.772727,1.6678078770e-1,4.2462775086e-1,1.0646155018e-1,2.6663146306e-1,2.8547398898e-1,6.249877703868945e-1,5.237274051514064e-1,4.6857215705e1,3.004e-1
1540.719697,2.0717909365e-1,1.4019943432e-1,5.3281228248e-2,6.4668974942e-1,2.0262601787e-1,6.249877617541931e-1,5.237274157833425e-1,4.7440440510e1,5.290e-1
1541.666667,1.9862030273e-1,3.2078571704e-1,4.8405278839e-1,2.3341520946e-1,1.3101495017e-2,6.249877563175302e-1,5.237273849592504e-1,1.3759581958e1,6.932e-1
1542.613636,1.3953466391e-1,4.9208750465e-1,5.7970561597e-1,8.1050025452e-3,3.0542724943e-2,6.249877560068612e-1,5.237273823323390e-1,9.8604161432e0,7.515e-1
1543.560606,1.2959264465e-1,3.7747987614e-1,3.3678754740e-1,3.7153670868e-1,3.4578732595e-2,6.249877547270147e-1,5.237273857013460e-1,1.9829308904e1,5.975e-1
1544.507576,1.3954608632e-1,4.1871391158e-2,9.7991432497e-2,7.6858392986e-1,2.0198265758e-1,6.249877487085336e-1,5.237274101167988e-1,5.1385913211e1,8.090e-1
1545.454545,1.0028601585e-1,2.5484930849e-1,5.4960412588e-1,3.2586639938e-1,1.9369625863e-2,6.249877377352886e-1,5.237273556468273e-1,1.7863711523e1,6.764e-1
1546.401515,2.9908000221e-2,5.0529872685e-1,5.5087093318e-1,7.5088142266e-3,1.5638899647e-1,6.249877354713429e-1,5.237273494214999e-1,2.5690592523e1,6.824e-1
1547.348485,1.0875463184e-2,3.5982443589e-1,1.3791430501e-1,3.6545011825e-1,3.7591113602e-1,6.249877291818735e-1,5.237273476726875e-1,6.1639430238e1,4.988e-1
1548.295455,1.1445575853e-2,1.1077962668e-1,3.9733616298e-1,3.8680026157e-1,3.4361379859e-1,6.249877128317005e-1,5.237273260132357e-1,5.9766145934e1,6.211e-1
1549.242424,1.3764147599e-2,3.8865182028e-1,2.5455817576e-2,5.4458785606e-1,2.7751576757e-1,6.249877045450478e-1,5.237273184437604e-1,5.3936661898e1,6.191e-1
1550.189394,2.9007316201e-2,5.6067307388e-2,7.2131042255e-1,3.9814813624e-1,4.5442206445e-2,6.249876944091657e-1,5.237272984671709e-1,2.4454464438e1,6.323e-1
1551.136364,3.9696906015e-2,1.1195507573e-1,6.9277590028e-1,3.8401133732e-1,2.1536144021e-2,6.249876816823484e-1,5.237272753087157e-1,2.0830955036e1,8.013e-1
1552.083333,1.0482277446e-1,4.3982348338e-1,2.5958653372e-1,3.4697392159e-1,9.8768644148e-2,6.249876786464320e-1,5.237272646265976e-1,2.6754302566e1,6.353e-1
1553.030303,2.2916959920e-1,2.0521801105e-1,1.2000670610e-1,4.8793666367e-1,2.0764437146e-1,6.249876757409515e-1,5.237272674654563e-1,4.3677527255e1,3.924e-1
1553.977273,3.5888811698e-1,1.4800572211e-1,5.5327320135e-4,4.0954257059e-1,3.3298565282e-1,6.249876678552386e-1,5.237272495699764e-1,5.6207407509e1,5.671e-1
1554.924242,4.2448998075e-1,6.9979590403e-2,4.1993988269e-3,3.2022382898e-1,4.3108252036e-1,6.249876596588343e-1,5.237272332748155e-1,6.5811524495e1,6.510e-1
1555.871212,3.0748013976e-1,1.3841471908e-1,4.8343162893e-2,3.5173820789e-1,4.0399907080e-1,6.249876502123052e-1,5.237272207111491e-1,6.3784818526e1,5.398e-1
1556.818182,2.0645753023e-1,1.3234983827e-1,1.9268695218e-1,3.6128156008e-1,3.5719939779e-1,6.249876392699922e-1,5.237272068950843e-1,5.9191956899e1,5.711e-1
1557.765152,1.6438299407e-1,2.4568092711e-2,1.9826995533e-1,3.6255124562e-1,5.0020297982e-1,6.249876337795689e-1,5.237271949089503e-1,7.7345108602e1,5.430e-1
1558.712121,1.3481839966e-1,1.5995658881e-2,8.5609663546e-1,1.9564721820e-1,4.7417331267e-2,6.249876217330328e-1,5.237271773428490e-1,1.9278302986e1,6.618e-1
1559.659091,1.0337186204e-1,4.5966236366e-2,5.3062172985e-1,2.8105318343e-1,2.8896221158e-1,6.249876116328307e-1,5.237271578715125e-1,5.0369457195e1,5.022e-1
1560.606061,1.0533752264e-1,1.6888080323e-1,5.3882081580e-2,5.5101744802e-1,3.7085735601e-1,6.249876057387358e-1,5.237271579139632e-1,6.5923786926e1,4.943e-1
1561.553030,1.9009967661e-1,1.1532083261e-1,2.7685799661e-1,4.3298211257e-1,2.3471456661e-1,6.249875925045852e-1,5.237271296939411e-1,4.6439447605e1,4.044e-1
1562.500000,2.8676340662e-1,7.1697124062e-2,1.6607255837e-1,5.0821420121e-1,2.1722788268e-1,6.249875864700049e-1,5.237271249780421e-1,4.5683379840e1,4.685e-1
1563.446970,3.2056902813e-1,1.0961148111e-1,1.9040072348e-1,4.2951551640e-1,1.9987840544e-1,6.249875772831150e-1,5.237271041422020e-1,4.1231645685e1,4.246e-1
1564.393939,3.9695703541e-1,2.4342198452e-1,2.1004453195e-2,2.3980670182e-1,3.4878497044e-1,6.249875726948182e-1,5.237270880354848e-1,5.3171648787e1,5.466e-1
1565.340909,4.6485408513e-1,2.3141365719e-1,1.0810433442e-1,3.2159209106e-1,1.2401097210e-1,6.249875699494859e-1,5.237270858325046e-1,2.7724440375e1,4.682e-1
1566.287879,4.1508216751e-1,6.3464884648e-1,3.5183844628e-2,9.7647506064e-2,6.7412775638e-2,6.249875701607037e-1,5.237270810544279e-1,1.3511865010e1,4.269e-1
1567.234848,5.3723475373e-1,2.1610823289e-1,1.1957814881e-1,3.0144830865e-1,7.5605694816e-2,6.249875694473971e-1,5.237270829174775e-1,2.0981333847e1,7.134e-1
1568.181818,3.8717671381e-1,2.8101176457e-1,2.6488147600e-1,7.6709960164e-2,2.4019521977e-1,6.249875671560532e-1,5.237270781201087e-1,3.6074370550e1,6.110e-1
1569.128788,1.2756807162e-1,6.2392818981e-1,2.7360163786e-1,1.8397086525e-1,4.0906369136e-2,6.249875668335789e-1,5.237270779546784e-1,1.4623536456e1,6.528e-1
1570.075758,7.1713605225e-2,2.1066407244e-1,3.7269548097e-1,5.2151414454e-1,7.3387827907e-2,6.249875655407325e-1,5.237270892092014e-1,2.9520843393e1,3.959e-1
1571.022727,1.2077492684e-1,6.5267510275e-2,3.4472218712e-1,5.6624470584e-1,1.5296577633e-1,6.249875532002092e-1,5.237270726125046e-1,4.0648149938e1,6.735e-1
1571.969697,1.7208468853e-1,8.3012914573e-2,1.0324718112e-1,6.6989280245e-1,2.2173750378e-1,6.249875452298731e-1,5.237270679403755e-1,5.0897015785e1,6.817e-1
1572.916667,2.3634361774e-1,1.9332103602e-1,2.7577286860e-1,5.0215294489e-1,4.2384603289e-2,6.249875352684953e-1,5.237270344760970e-1,2.4205120287e1,7.076e-1
1573.863636,4.2555427780e-1,4.3415545416e-1,1.4746090321e-1,3.6185606677e-2,2.0661882535e-1,6.249875335980762e-1,5.237270182666925e-1,2.9865924332e1,4.763e-1
1574.810606,7.3331356270e-1,3.8421874402e-1,3.0188049734e-2,5.4092553007e-2,4.8162158034e-2,6.249875337454797e-1,5.237270181611852e-1,9.2723165918e0,4.022e-1
1575.757576,8.3179355097e-1,2.6556434453e-1,4.8154082833e-2,1.4330172718e-2,9.0132916347e-2,6.249875336997600e-1,5.237270181238787e-1,1.3327836947e1,3.324e-1
1576.704545,4.1969446846e-1,5.3034229428e-1,2.4831864273e-1,3.9483777453e-2,1.2135884627e-2,6.249875337776318e-1,5.237270181376268e-1,6.0739550754e0,5.005e-1
1577.651515,1.5399562175e-1,3.1302786730e-1,4.6189637579e-1,2.7445205885e-1,4.6603141095e-2,6.249875323886985e-1,5.237270194270435e-1,1.9145892495e1,5.340e-1
1578.598485,7.8484524069e-2,1.0275591302e-1,1.0289964132e-1,6.9920919603e-1,2.6662577068e-1,6.249875225595563e-1,5.237270311798582e-1,5.7570744138e1,7.439e-1
1579.545455,4.5475891776e-2,1.9432211218e-1,3.6261756683e-1,3.8098802277e-1,2.6657144176e-1,6.249875176542498e-1,5.237269962256144e-1,4.9625083979e1,5.939e-1
1580.492424,5.9096110390e-2,1.9236328858e-1,2.9434713171e-2,6.9004019085e-1,2.7904070185e-1,6.249875024182860e-1,5.237269922248979e-1,5.8448248281e1,5.260e-1
1581.439394,9.8449770659e-2,5.4227076477e-2,4.4840524375e-1,4.8581973543e-1,1.6307314061e-1,6.249874834614186e-1,5.237269503557818e-1,4.0164514520e1,2.639e-1
1582.386364,1.4260606329e-1,1.6828339815e-1,1.1330753653e-1,3.3169906334e-1,4.9407889016e-1,6.249874757350600e-1,5.237269202663568e-1,7.5170798087e1,4.523e-1
1583.333333,2.3704091835e-1,1.5453768090e-2,3.2173949296e-1,2.9585176388e-1,3.7988898009e-1,6.249874616895490e-1,5.237268978743072e-1,6.0816389835e1,6.117e-1
1584.280303,2.4340100917e-1,1.1914220678e-2,1.5318662113e-1,3.0922262365e-1,5.3225042634e-1,6.249874504837918e-1,5.237268756584497e-1,7.9394200443e1,4.865e-1
1585.227273,1.6425440111e-1,9.6545588567e-2,5.3489388515e-2,3.3966102276e-1,5.9602446980e-1,6.249874353789098e-1,5.237268488188636e-1,8.7863418349e1,4.469e-1
1586.174242,9.4846795576e-2,1.8740258029e-1,1.3967720493e-1,4.0146010944e-1,4.2658814890e-1,6.249874195643955e-1,5.237268272250726e-1,6.8989652758e1,6.274e-1
1587.121212,4.8698595266e-2,2.0905001629e-1,6.9083537540e-1,1.1798235866e-1,1.8340847245e-1,6.249874090344167e-1,5.237268054886782e-1,3.3220852285e1,8.271e-1
1588.068182,8.4755206811e-2,1.6036555068e-1,4.1692870653e-2,3.6145737292e-1,6.0170380834e-1,6.249874047000106e-1,5.237267953304163e-1,8.9281375070e1,6.594e-1
1589.015152,1.8255767147e-1,2.1477725714e-1,5.3227494681e-1,1.2374073351e-1,1.9662417706e-1,6.249873929950767e-1,5.237267750671685e-1,3.3906631060e1,7.184e-1
1589.962121,3.9828138040e-1,4.7629551963e-1,1.2085253583e-1,1.8369157202e-1,7.0853778551e-2,6.249873932130512e-1,5.237267739781287e-1,1.7065965975e1,6.855e-1
1590.909091,7.0028963377e-1,3.1990295787e-1,1.9656101215e-2,1.0357055422e-1,1.0655553895e-1,6.249873930144295e-1,5.237267731158208e-1,1.8100566263e1,6.037e-1
1591.856061,6.8381196753e-1,3.7659810590e-1,1.8064227707e-2,7.5832538219e-3,1.6391723103e-1,6.249873929934722e-1,5.237267725632873e-1,2.2463685711e1,8.016e-1
1592.803030,4.3811726479e-1,4.8514870392e-1,1.6815513018e-1,4.3811472719e-2,1.1474221458e-1,6.249873930948944e-1,5.237267724947487e-1,1.8623567675e1,6.217e-1
1593.750000,2.4007073494e-1,5.5598576349e-1,2.9134434967e-1,1.3226105384e-1,3.0312885224e-2,6.249873935791408e-1,5.237267725572444e-1,1.1675164723e1,5.994e-1
1594.696970,1.2571366653e-1,5.0867686702e-1,2.9334206898e-1,1.6847752347e-1,1.5376466015e-1,6.249873930762251e-1,5.237267720368708e-1,2.8500104370e1,5.753e-1
1595.643939,5.9000891398e-2,4.3618422735e-1,4.5362654308e-1,1.4650523861e-2,2.8651259950e-1,6.249873925964368e-1,5.237267713697783e-1,4.1673310745e1,3.812e-1
1596.590909,2.3289843194e-2,3.0182292280e-1,3.2984932695e-1,2.9727597451e-1,2.9773671590e-1,6.249873916759757e-1,5.237267707761795e-1,5.0877216202e1,5.369e-1
1597.537879,1.1725167470e-2,1.0501465439e-1,3.4837879152e-1,7.4913854132e-1,3.5717614599e-2,6.249873846491493e-1,5.237267806606367e-1,3.1547210216e1,6.952e-1
1598.484848,1.1034222868e-2,3.9134910164e-2,3.3545599821e-2,9.3813535892e-1,2.2812464491e-1,6.249873683402012e-1,5.237267738638993e-1,5.9572437764e1,9.633e-1
1599.431818,1.0255581679e-2,8.2041486489e-2,1.7027771696e-1,9.3283847954e-1,5.4561433019e-2,6.249873488435614e-1,5.237267309253469e-1,3.8366127271e1,7.765e-1
1600.378788,1.5980764917e-2,2.9405468273e-1,3.7766566722e-1,5.0818192437e-1,5.4091636421e-2,6.249873378320486e-1,5.237266661802987e-1,2.6802976127e1,5.404e-1
1601.325758,5.0271867142e-2,5.6899855162e-1,4.5928832130e-1,6.8799018961e-3,1.6453602799e-1,6.249873349795592e-1,5.237266572442461e-1,2.6118208051e1,7.148e-1
1602.272727,1.4507994762e-1,5.8317637966e-1,2.3997084005e-1,2.2014966014e-1,6.1597843105e-2,6.249873352850418e-1,5.237266568987652e-1,1.8087972495e1,4.492e-1
1603.219697,2.9154536349e-1,4.1971475738e-1,3.2624038642e-1,8.7608531487e-2,1.2486563147e-1,6.249873351232481e-1,5.237266569961525e-1,2.2381399123e1,5.305e-1
1604.166667,4.5509251106e-1,4.9908131877e-1,1.9550179851e-1,9.2993948679e-2,7.3050932948e-3,6.249873351576534e-1,5.237266566655991e-1,6.7005815806e0,6.055e-1
1605.113636,7.0934428143e-1,3.2013607430e-1,1.2297908363e-1,5.9682533146e-2,3.7832697448e-2,6.249873349781478e-1,5.237266566420580e-1,8.7312032924e0,3.942e-1
1606.060606,7.0784614899e-1,3.8044618289e-1,3.6243964163e-2,4.2963008840e-2,8.2475364757e-2,6.249873348200831e-1,5.237266566360190e-1,1.3336430125e1,5.972e-1
1607.007576,5.3430649945e-1,2.9453923876e-1,2.2924891221e-1,8.9763860681e-2,1.0211615765e-1,6.249873343716904e-1,5.237266568993388e-1,1.8633534746e1,4.185e-1
1607.954545,1.9794294991e-1,4.7219823784e-1,4.0510923791e-1,1.2523557905e-1,4.9488662162e-2,6.249873334386737e-1,5.237266561066590e-1,1.4626329140e1,6.789e-1
1608.901515,8.2488409677e-2,2.1369569675e-1,3.7144430805e-1,5.4290569644e-1,3.9440550964e-2,6.249873309402358e-1,5.237266663523030e-1,2.5861562872e1,5.854e-1
1609.848485,8.8835647896e-2,5.4515673749e-2,1.1344539858e-1,7.1208071118e-1,2.8109719630e-1,6.249873138548506e-1,5.237266548390159e-1,5.9828036245e1,7.515e-1
1610.795455,8.5178745585e-2,2.6733864672e-1,3.3150517918e-1,3.0473405698e-1,2.6121797948e-1,6.249873039728335e-1,5.237266080943213e-1,4.6416699296e1,5.660e-1
1611.742424,1.8144288650e-1,1.5808504756e-1,6.2445274120e-1,2.5824876983e-1,2.7745152368e-2,6.249872987276993e-1,5.237265991219464e-1,1.7217853606e1,7.804e-1
1612.689394,2.7354782671e-1,8.3955553493e-2,2.1741586610e-2,6.2289685861e-1,2.4783276016e-1,6.249872927903797e-1,5.237266041909888e-1,5.2133910489e1,7.569e-1
1613.636364,3.0485064576e-1,1.1474313793e-1,4.9708702310e-2,6.5986099023e-1,1.2081109110e-1,6.249872836617513e-1,5.237265916118912e-1,3.7358952565e1,3.775e-1
1614.583333,3.1411078536e-1,1.8460126036e-1,1.0774298470e-2,3.6598600628e-1,3.7450220189e-1,6.249872761762573e-1,5.237265594431726e-1,6.0260286343e1,3.958e-1
1615.530303,2.7981215320e-1,2.9942610012e-1,3.4931143425e-1,1.1928926329e-1,2.0213559127e-1,6.249872710650647e-1,5.237265468659620e-1,3.3223861858e1,5.144e-1
1616.477273,1.9790173333e-1,8.3733249384e-1,1.1225158863e-1,8.1323242470e-2,2.1165483993e-2,6.249872711302298e-1,5.237265461416187e-1,7.9831542734e0,6.689e-1
1617.424242,2.8252035115e-1,1.4769538907e-1,1.9560091660e-1,2.8175733077e-1,3.4240054778e-1,6.249872676841458e-1,5.237265460251369e-1,5.4844962987e1,4.142e-1
1618.371212,2.8417428592e-1,1.7399103309e-1,3.8495847567e-1,2.4009067025e-1,1.6676005496e-1,6.249872599451591e-1,5.237265343892836e-1,3.2597925497e1,4.735e-1
1619.318182,1.9791257625e-1,8.6838284237e-1,1.0794276885e-1,4.5847090916e-3,7.1151623753e-2,6.249872601545083e-1,5.237265304000046e-1,1.1953382655e1,6.144e-1
1620.265152,2.6655143624e-1,2.3338400395e-1,2.2155939817e-1,3.3839930631e-1,1.9008037371e-1,6.249872591981624e-1,5.237265351855123e-1,3.7531584549e1,4.612e-1
1621.212121,2.8641102238e-1,2.9250850638e-1,3.2145480556e-2,2.3218603756e-1,4.0672346081e-1,6.249872538429195e-1,5.237265224861996e-1,6.0475942554e1,5.384e-1
1622.159091,3.6028535403e-1,3.3860789456e-1,1.3249646810e-1,3.0673714212e-1,1.1184764480e-1,6.249872518012118e-1,5.237265205713573e-1,2.6049417293e1,5.086e-1
1623.106061,4.9863420940e-1,5.7379433105e-1,2.9891633978e-2,2.3509293722e-2,1.2414503539e-1,6.249872517693135e-1,5.237265165166048e-1,1.8278900768e1,3.305e-1
1624.053030,6.9056175404e-1,1.7465920386e-1,1.9947465785e-1,1.0267996585e-1,8.2598920664e-2,6.249872511326431e-1,5.237265165935897e-1,1.6148817300e1,3.528e-1
1625.000000,3.2974935334e-1,6.7714337387e-1,1.3952921089e-1,2.1317051508e-3,1.0142085867e-1,6.249872509639570e-1,5.237265156139045e-1,1.5685479586e1,3.519e-1
1625.946970,1.3724104769e-1,2.9900894191e-1,3.6400791352e-1,3.9307577572e-1,5.6640822994e-2,6.249872509140216e-1,5.237265220038886e-1,2.3407151882e1,5.464e-1
1626.893939,6.5806781318e-2,2.1807261854e-1,8.1035324045e-2,4.0116904130e-1,4.8389071870e-1,6.249872419534079e-1,5.237265062464330e-1,7.5892752536e1,3.655e-1
1627.840909,2.4911551250e-2,5.3613410180e-1,3.9076490465e-1,7.3075520194e-2,2.2508839563e-1,6.249872367666647e-1,5.237264938253645e-1,3.5360574503e1,5.860e-1
1628.787879,1.9160540872e-2,2.6835114686e-1,6.0656290941e-1,1.1337171382e-1,2.4252815734e-1,6.249872341519990e-1,5.237264901396126e-1,4.0070284821e1,7.291e-1
1629.734848,4.4969272187e-2,2.2834078741e-1,1.5863325970e-1,5.2589139845e-1,2.9213973065e-1,6.249872242026637e-1,5.237264850284025e-1,5.5970642563e1,6.266e-1
1630.681818,1.2401723712e-1,7.4846916343e-1,2.5015584066e-1,1.0922860225e-1,1.8103602619e-2,6.249872230423341e-1,5.237264676804101e-1,9.3727700781e0,4.972e-1
1631.628788,3.8461770892e-1,3.6677802526e-1,1.5416506493e-1,2.3518634364e-1,1.0922730128e-1,6.249872220135581e-1,5.237264691494947e-1,2.3666242985e1,6.040e-1
1632.575758,5.6026170989e-1,1.1673968515e-1,7.4246657055e-2,2.4999742657e-1,2.4872895863e-1,6.249872186528070e-1,5.237264658533789e-1,4.0944807837e1,5.651e-1
1633.522727,3.2080711971e-1,4.5538920947e-1,3.2263773354e-1,1.2994408718e-1,2.1196284111e-2,6.249872170067751e-1,5.237264611584065e-1,1.0523619003e1,6.744e-1
1634.469697,6.9622137344e-2,6.1913836504e-1,4.7585234714e-1,8.4472979815e-2,8.8860419660e-4,6.249872167665572e-1,5.237264608244728e-1,7.8967832671e0,6.822e-1
1635.416667,4.6460478406e-2,1.3272793754e-1,1.2280416949e-1,4.8677294017e-1,4.6120889154e-1,6.249872085740373e-1,5.237264604448062e-1,7.5882591672e1,6.571e-1
1636.363636,7.7068510847e-2,1.5260762416e-1,2.4900838631e-1,3.8793213965e-1,3.8335774406e-1,6.249872025070775e-1,5.237264466277676e-1,6.3819436302e1,6.140e-1
1637.310606,1.7895544884e-1,3.3894902023e-1,2.7362546250e-1,2.8821263735e-1,1.7023181818e-1,6.249871935528302e-1,5.237264266891870e-1,3.3968856588e1,5.182e-1
1638.257576,5.1820864846e-1,5.6520803856e-1,1.5263755409e-1,1.0745836130e-2,3.1743101444e-3,6.249871936923473e-1,5.237264214596300e-1,3.3607992887e0,3.609e-1
1639.204545,9.8735346250e-1,2.2810179816e-1,2.9070186899e-2,1.4004913484e-3,4.0484484513e-3,6.249871936800911e-1,5.237264213835746e-1,1.7454589477e0,4.721e-1
1640.151515,7.2541672773e-1,3.6921280335e-1,1.4289309854e-1,7.6522171571e-3,4.7995405715e-3,6.249871936782629e-1,5.237264213931206e-1,3.1034909011e0,5.085e-1
1641.098485,3.0148656320e-1,4.3146981065e-1,2.6698449838e-1,2.1796808741e-1,3.2065426562e-2,6.249871930998551e-1,5.237264230161762e-1,1.4228912287e1,6.561e-1
1642.045455,1.2421004650e-1,1.2613376987e-1,1.7876230889e-1,5.3668238156e-1,2.8418586554e-1,6.249871861743024e-1,5.237264293221601e-1,5.5294098033e1,4.674e-1
1642.992424,7.5812414250e-2,3.0179725691e-2,8.3238940185e-1,2.9601346812e-1,1.5579336385e-2,6.249871731467682e-1,5.237263993697772e-1,1.8223966910e1,7.682e-1
1643.939394,6.4798625784e-2,6.8904709067e-2,6.3740107194e-1,4.0510334818e-1,7.3766570914e-2,6.249871629397863e-1,5.237263863248734e-1,2.7674845525e1,4.317e-1
1644.886364,9.2094373605e-2,4.4896396625e-1,4.5968157071e-2,4.6885071737e-1,1.9409710286e-1,6.249871585776429e-1,5.237263767531681e-1,4.1159372498e1,6.281e-1
1645.833333,1.4569763084e-1,1.1269808964e-1,3.8105652434e-1,4.1176976257e-1,1.9875230482e-1,6.249871561014504e-1,5.237263711007051e-1,4.1963624609e1,6.139e-1
1646.780303,1.4419375861e-1,3.9113415171e-1,2.4224741193e-1,3.5825124633e-1,1.1414772951e-1,6.249871490488809e-1,5.237263539086612e-1,2.8867293738e1,4.933e-1
1647.727273,2.6784046725e-1,6.9053547246e-1,1.7080406896e-1,2.9565246907e-2,9.1229043051e-2,6.249871493111576e-1,5.237263466819162e-1,1.5504829142e1,8.012e-1
1648.674242,5.2306990467e-1,2.3361655801e-1,7.7646310193e-2,3.4957499467e-1,6.6066529375e-2,6.249871484570149e-1,5.237263502336456e-1,2.0992854139e1,5.992e-1
1649.621212,4.9335011427e-1,2.5068141920e-1,2.0419774388e-1,1.0299457051e-1,1.9875044495e-1,6.249871464058050e-1,5.237263438424686e-1,3.1117503056e1,6.934e-1
1650.568182,1.9747256942e-1,8.6332286597e-1,1.5262306088e-1,2.4500708760e-2,1.2055088408e-2,6.249871467210421e-1,5.237263431472792e-1,5.3734405003e0,4.150e-1
1651.515152,9.2767199886e-2,2.2805423225e-1,3.5056095073e-1,2.3979078196e-1,3.3880112340e-1,6.249871441174804e-1,5.237263427730311e-1,5.4346828488e1,5.579e-1
1652.462121,6.9158006700e-2,1.3367355118e-1,8.4361561901e-1,1.1608690546e-1,8.7440182736e-2,6.249871325436755e-1,5.237263265341670e-1,2.1957975423e1,9.133e-1
1653.409091,2.6662014122e-2,4.2109264469e-1,1.0444167963e-1,2.9288322422e-1,4.0489469452e-1,6.249871285913520e-1,5.237263201868081e-1,6.2889833807e1,5.674e-1
1654.356061,1.3221490151e-2,9.9475748814e-2,2.2952754672e-1,3.5836718459e-1,5.4938227066e-1,6.249871204678847e-1,5.237263072898405e-1,8.3830463168e1,7.185e-1
1655.303030,1.4645672962e-2,4.1752654820e-1,3.9095834671e-1,2.5984078439e-1,1.6700286142e-1,6.249871068396370e-1,5.237262834087889e-1,3.3661314069e1,6.174e-1
1656.250000,4.2619607632e-2,6.6660205938e-1,2.8552575958e-1,1.0549067369e-1,1.4973611498e-1,6.249871076331281e-1,5.237262783844144e-1,2.6180644275e1,5.339e-1
1657.196970,8.9912436634e-2,1.0718642414e-1,3.6498856248e-1,1.5989271555e-1,5.2799406967e-1,6.249871042384405e-1,5.237262709530155e-1,7.5879045382e1,6.959e-1
1658.143939,1.0640672871e-1,5.5556120632e-2,2.9267168026e-1,1.9121456134e-1,6.0412508625e-1,6.249870885965294e-1,5.237262398096741e-1,8.5952566051e1,5.380e-1
1659.090909,8.4535612986e-2,3.8776471836e-1,2.6346450006e-1,1.1872903816e-1,3.9548029967e-1,6.249870846177323e-1,5.237262350033652e-1,5.7346320823e1,4.329e-1
1660.037879,5.5534242150e-2,4.9697806596e-1,3.7276280452e-1,9.1197403203e-2,2.3350164772e-1,6.249870817743051e-1,5.237262319433105e-1,3.6810353499e1,6.651e-1
1660.984848,4.2567913905e-2,2.2262143378e-1,6.4210668740e-1,2.0793506110e-1,1.3474305945e-1,6.249870778164810e-1,5.237262305880170e-1,2.9504413889e1,5.005e-1
1661.931818,4.4247743609e-2,2.7773450850e-2,9.5932564413e-2,4.3057744526e-1,6.5144293634e-1,6.249870702368880e-1,5.237262130954266e-1,9.8008305389e1,3.084e-1
1662.878788,4.4557279892e-2,2.2352276533e-3,4.3276858959e-1,6.4020297084e-1,1.3021004552e-1,6.249870567484224e-1,5.237262174662598e-1,4.0642278706e1,2.563e-1
1663.825758,4.0174239253e-2,1.1840841869e-2,6.9951834432e-1,4.0220745189e-1,9.6233206627e-2,6.249870419800838e-1,5.237261649122725e-1,3.0828404467e1,4.444e-1
1664.772727,2.9598673153e-2,8.5146949430e-2,8.1909914524e-2,8.8967660341e-1,1.6364192852e-1,6.249870345204800e-1,5.237261957504453e-1,5.0256190711e1,6.655e-1
1665.719697,3.0274327151e-2,5.0051918291e-1,3.8999810529e-1,3.0314697109e-1,2.6035460121e-2,6.249870232772503e-1,5.237261219870852e-1,1.7169402342e1,5.002e-1
1666.666667,1.3325593031e-1,6.1377797527e-1,3.4967765038e-1,3.8533715827e-2,1.1472877416e-1,6.249870229676512e-1,5.237261204047096e-1,2.0009967117e1,5.490e-1
1667.613636,2.9746645525e-1,1.4266252637e-1,1.9828990100e-1,2.3382072219e-1,3.7773443790e-1,6.249870213537355e-1,5.237261176382649e-1,5.7852648650e1,4.827e-1
1668.560606,3.0624178455e-1,1.2975629260e-1,5.1102148016e-2,6.6830447269e-1,9.4569331330e-2,6.249870145899118e-1,5.237261284430905e-1,3.4312068198e1,5.304e-1
1669.507576,2.0492018917e-1,1.5163779866e-1,5.1390676479e-1,3.4624581247e-1,3.3263449888e-2,6.249870074902074e-1,5.237260998136923e-1,1.9854577395e1,5.041e-1
1670.454545,9.5301171726e-2,2.1453674448e-1,2.8132073570e-1,4.3447064967e-1,2.2434470376e-1,6.249870026651019e-1,5.237260962600355e-1,4.5346472831e1,4.345e-1
1671.401515,8.0945072661e-2,7.9238940782e-2,1.1998708137e-1,7.9668268215e-1,1.7312020441e-1,6.249869906846500e-1,5.237261088418432e-1,4.8812079062e1,3.638e-1
1672.348485,6.8202369020e-2,1.4960701965e-1,1.0667576164e-2,8.5935460676e-1,1.6214237361e-1,6.249869726084860e-1,5.237260796847937e-1,4.8672227072e1,7.910e-1
1673.295455,8.5012970019e-2,7.4469089637e-2,4.3051248518e-1,5.9848088860e-1,6.1498479735e-2,6.249869565819064e-1,5.237260211407714e-1,3.0658738387e1,7.733e-1
1674.242424,1.0036336748e-1,1.3686735757e-2,7.1800871348e-2,7.2693914120e-1,3.3718377332e-1,6.249869445530604e-1,5.237260098660385e-1,6.7073537630e1,8.514e-1
1675.189394,1.0165207942e-1,6.8261928537e-2,6.7603806350e-1,3.2588223451e-1,7.8139553781e-2,6.249869298712776e-1,5.237259613967813e-1,2.6025748793e1,8.207e-1
1676.136364,1.6053536723e-1,7.3916386679e-2,2.6720019005e-2,4.6306031058e-1,5.2574175596e-1,6.249869197232394e-1,5.237259388363924e-1,8.2554735310e1,6.171e-1
1677.083333,2.2225993562e-1,4.7036781546e-3,9.2299455265e-2,4.5606166008e-1,4.7464907457e-1,6.249869018502534e-1,5.237259080878648e-1,7.6207987634e1,2.999e-1
1678.030303,2.0853596316e-1,1.7633914574e-2,4.2720895485e-1,2.8664420254e-1,3.0995074500e-1,6.249868900685549e-1,5.237258849309815e-1,5.2403517291e1,4.816e-1
1678.977273,1.2222049353e-1,1.9821614948e-1,2.7800882004e-2,3.3180968974e-1,5.6992654491e-1,6.249868798305793e-1,5.237258614087485e-1,8.4248457422e1,6.279e-1
1679.924242,6.0071327483e-2,5.5084725304e-2,7.7918976462e-1,2.1830403584e-1,1.3732388311e-1,6.249868681790811e-1,5.237258486237018e-1,3.0936909417e1,3.914e-1
1680.871212,4.3062927899e-2,4.8018392713e-2,3.1109198546e-1,2.6031061417e-1,5.8748979046e-1,6.249868553517431e-1,5.237258155469382e-1,8.6134936965e1,4.452e-1
1681.818182,3.4710220221e-2,4.4803764104e-1,1.6414754857e-1,1.3382053782e-1,4.6925775293e-1,6.249868502876139e-1,5.237258062252679e-1,6.6573860366e1,4.346e-1
1682.765152,3.7398451609e-2,4.2180096555e-1,3.6050663024e-1,8.5554122461e-2,3.4471352327e-1,6.249868465657162e-1,5.237258026648268e-1,5.0607417096e1,4.631e-1
1683.712121,4.6819642888e-2,1.9161484792e-1,3.9290079338e-1,5.9977990748e-1,1.8858488512e-2,6.249868400869578e-1,5.237258127669356e-1,2.5156689433e1,7.537e-1
1684.659091,7.8147236913e-2,1.1651675368e-1,3.4261789097e-2,7.5970826624e-1,2.6133960564e-1,6.249868257884601e-1,5.237258031458867e-1,5.8308335480e1,7.359e-1
1685.606061,1.5653866766e-1,1.8372815227e-1,1.7699750755e-1,5.7208818484e-1,1.6062111158e-1,6.249868119475579e-1,5.237257581853941e-1,4.0728029895e1,3.627e-1
1686.553030,3.1649423629e-1,2.4702023410e-1,3.6612961397e-1,3.1521481564e-1,5.1147167970e-3,6.249868083990306e-1,5.237257367413218e-1,1.4322882349e1,4.447e-1
1687.500000,5.1165104675e-1,4.0619896478e-1,1.0560057605e-1,7.2159082158e-2,1.5436394639e-1,6.249868080663871e-1,5.237257333678674e-1,2.3980703829e1,3.833e-1
1688.446970,7.0196202894e-1,2.7561706547e-1,9.4556896157e-2,1.0272109626e-1,7.5116529277e-2,6.249868080509835e-1,5.237257331800123e-1,1.4560661142e1,5.034e-1
1689.393939,5.5696405360e-1,4.8378898650e-1,6.2345030369e-2,1.0730185137e-1,3.9573694140e-2,6.249868079919504e-1,5.237257330057918e-1,1.0243912337e1,5.239e-1
1690.340909,3.9463766612e-1,4.6038486772e-1,9.7332424099e-2,6.0869066389e-2,2.3674959008e-1,6.249868072021053e-1,5.237257326143894e-1,3.4148505616e1,6.783e-1
1691.287879,2.4712295151e-1,3.0978400494e-1,5.6811906746e-1,5.6810324557e-2,6.8137265864e-2,6.249868071631487e-1,5.237257329607752e-1,1.5827582442e1,7.145e-1
1692.234848,9.0117758072e-2,3.0830246871e-1,6.0013100106e-1,2.2360986928e-1,2.7812511221e-2,6.249868041662511e-1,5.237257318921141e-1,1.6178229078e1,7.393e-1
1693.181818,4.4982107849e-2,9.5735576885e-2,6.5212311927e-2,4.9569847722e-1,5.4834511872e-1,6.249867963006899e-1,5.237257190849709e-1,8.6786187171e1,2.778e-1
1694.128788,4.0698139203e-2,1.7811596797e-1,7.3115946586e-1,1.9337075616e-1,1.0662924182e-1,6.249867855046274e-1,5.237256973860243e-1,2.6062263882e1,6.593e-1
1695.075758,1.0380097036e-1,2.2873291018e-1,2.2215940248e-1,5.3490693437e-1,1.6037334174e-1,6.249867795636672e-1,5.237256986784639e-1,3.9931451168e1,4.005e-1
1696.022727,1.6394122752e-1,9.0432718051e-3,2.0778205857e-1,4.4612025279e-1,4.2308673222e-1,6.249867714547557e-1,5.237256739840457e-1,7.0193263440e1,6.432e-1
1696.969697,1.7231345948e-1,2.8424960887e-3,3.3304605951e-1,4.2297672669e-1,3.1879476319e-1,6.249867524833507e-1,5.237256436282146e-1,5.7097195141e1,5.783e-1
1697.916667,1.1566651952e-1,1.6819184093e-1,2.0220880217e-1,2.6025413523e-1,5.0365219509e-1,6.249867464691292e-1,5.237256221592270e-1,7.4807500658e1,4.703e-1
1698.863636,7.0883903614e-2,8.8883856688e-2,5.8900418548e-1,2.5821296323e-1,2.4298855549e-1,6.249867322534247e-1,5.237256041167543e-1,4.4290593075e1,5.066e-1
1699.810606,5.5430659029e-2,1.4122542271e-1,1.3713035569e-2,2.9187549639e-1,7.4772883238e-1,6.249867230380104e-1,5.237255749597934e-1,1.0546917689e2,8.435e-1
1700.757576,5.0969290116e-2,1.5315947545e-1,1.0325718247e-2,3.0869806330e-1,7.2682086080e-1,6.249867039554853e-1,5.237255404352156e-1,1.0332581755e2,4.357e-1
1701.704545,6.3650436557e-2,6.6749073967e-2,5.2211541223e-1,2.8000167667e-1,3.1745676803e-1,6.249866837299147e-1,5.237255134761597e-1,5.3936766626e1,4.913e-1
1702.651515,9.3449715564e-2,2.6696187244e-1,1.7171261074e-1,2.7618950040e-1,4.4165965506e-1,6.249866771020112e-1,5.237254971401296e-1,6.7324849349e1,6.610e-1
1703.598485,1.8307224980e-1,6.9493658546e-2,5.0479973908e-1,2.4594819516e-1,2.4665949747e-1,6.249866700268717e-1,5.237254889983372e-1,4.3711679276e1,6.321e-1
1704.545455,2.1495331468e-1,8.4738731789e-2,4.9743795907e-2,2.5253057569e-1,6.4800690375e-1,6.249866609087291e-1,5.237254637923681e-1,9.1700766591e1,3.316e-1
1705.492424,2.3963880839e-1,2.1868251883e-1,1.3460251575e-1,1.8475235125e-1,4.7229710757e-1,6.249866508956731e-1,5.237254468213268e-1,6.8000109577e1,6.872e-1
1706.439394,2.8153055775e-1,4.8707641455e-1,1.7507966484e-1,1.1352012795e-1,1.9276653375e-1,6.249866494193764e-1,5.237254434746207e-1,3.0822315841e1,6.920e-1
1707.386364,4.5254618635e-1,6.0974415347e-1,1.0875749943e-1,4.3215786036e-2,3.5709674628e-2,6.249866499594212e-1,5.237254431539169e-1,8.2695649011e0,4.316e-1
1708.333333,6.2405331442e-1,3.4666223103e-1,8.3059362072e-2,8.8926526856e-2,1.0727186569e-1,6.249866500376547e-1,5.237254431810211e-1,1.8246273684e1,5.723e-1
1709.280303,5.7059707271e-1,3.8854147804e-1,1.7193282235e-1,1.7398207697e-2,1.0150371837e-1,6.249866495849702e-1,5.237254431021866e-1,1.5987062669e1,3.973e-1
1710.227273,4.1811865004e-1,5.2386052258e-1,6.9124572020e-2,1.3298967743e-2,2.2557058590e-1,6.249866491394624e-1,5.237254430502865e-1,3.1108378909e1,5.829e-1
1711.174242,2.9971710629e-1,4.8815354558e-1,6.9083726802e-2,1.3679061360e-1,2.5622830326e-1,6.249866477672068e-1,5.237254430450580e-1,3.8853357911e1,6.206e-1
1712.121212,3.1583186163e-1,2.0832672644e-1,5.9770339930e-2,4.6062921326e-1,2.0541514503e-1,6.249866431430123e-1,5.237254484353252e-1,4.2086005492e1,6.707e-1
1713.068182,3.0465125138e-1,3.0199796876e-1,3.6696780066e-1,1.1905166146e-1,1.5730459505e-1,6.249866386473648e-1,5.237254317250319e-1,2.7636705301e1,4.873e-1
1714.015152,2.6631437164e-1,7.9273090508e-1,1.4258761546e-1,4.7008386162e-2,1.3319999420e-3,6.249866391434843e-1,5.237254310301372e-1,4.5340842694e0,7.850e-1
1714.962121,3.7379746541e-1,1.4981766628e-1,1.0753319750e-1,2.8742793773e-1,3.3139700710e-1,6.249866370070031e-1,5.237254324142461e-1,5.2963310562e1,5.287e-1
1715.909091,3.2347438481e-1,3.1344862739e-1,1.4123374759e-2,3.1545451514e-1,2.8347236130e-1,6.249866316992522e-1,5.237254248024965e-1,4.7280628176e1,5.570e-1
1716.856061,3.4375557876e-1,2.4108109721e-1,7.4537694152e-2,3.6388047219e-1,2.2671841397e-1,6.249866281393101e-1,5.237254222209782e-1,4.1914473635e1,5.576e-1
1717.803030,3.1034668468e-1,6.8921417516e-1,1.8322253753e-1,2.2089842011e-2,4.5100015939e-2,6.249866276615593e-1,5.237254144580116e-1,9.4790589774e0,4.198e-1
1718.750000,4.4748699783e-1,2.6925513075e-1,3.6740740087e-1,1.3727688582e-1,2.8546839239e-2,6.249866272555695e-1,5.237254148088880e-1,1.1748368736e1,5.542e-1
1719.696970,4.0653113776e-1,2.4253212760e-1,8.8278201955e-3,3.3486686599e-1,2.5721529678e-1,6.249866241639546e-1,5.237254152585492e-1,4.4398250085e1,5.719e-1
1720.643939,2.7055817854e-1,1.1500111797e-1,6.3723989041e-1,2.0765161515e-1,1.9522435778e-2,6.249866189243026e-1,5.237254078497121e-1,1.4606923913e1,7.629e-1
1721.590909,1.8309604613e-1,7.7816012532e-2,1.3319308111e-1,4.2141598274e-1,4.3445209994e-1,6.249866112260064e-1,5.237253997480247e-1,7.0407904937e1,4.127e-1
1722.537879,9.4630402952e-2,4.0070162646e-1,2.9896276445e-1,2.6014567298e-1,1.9553274551e-1,6.249866061770118e-1,5.237253880067273e-1,3.6593273531e1,4.426e-1
1723.484848,1.3409989847e-1,7.4855773110e-2,6.3218626880e-1,3.2264999800e-1,8.6181258880e-2,6.249865986310181e-1,5.237253810442989e-1,2.6630252718e1,6.933e-1
1724.431818,1.6009947433e-1,4.9915428742e-2,2.9734441025e-1,4.6510178016e-1,2.7751207856e-1,6.249865860181201e-1,5.237253634610903e-1,5.2963438897e1,5.452e-1
1725.378788,2.2650251289e-1,1.7589850010e-1,2.4801580884e-1,4.3383169684e-1,1.6572463929e-1,6.249865789809484e-1,5.237253496258696e-1,3.7544542855e1,5.315e-1
1726.325758,3.6330956625e-1,2.8979567390e-3,1.1799201509e-1,5.3101833192e-1,2.3475526675e-1,6.249865683785975e-1,5.237253382320513e-1,4.8172647583e1,3.545e-1
1727.272727,2.8380490516e-1,1.0652797165e-1,3.6814569579e-2,5.4948958019e-1,2.7333608628e-1,6.249865564287505e-1,5.237253200065670e-1,5.3220160562e1,5.223e-1
1728.219697,1.2987744171e-1,1.4860810022e-1,6.1985434846e-1,2.9957000908e-1,5.2063193108e-2,6.249865462886280e-1,5.237252949012831e-1,2.1571318717e1,5.666e-1
1729.166667,9.4022177408e-2,2.9533211993e-2,1.8170796766e-1,5.4815465439e-1,3.9655506228e-1,6.249865368623571e-1,5.237252903115645e-1,6.9859738166e1,5.723e-1
1730.113636,7.0040643942e-2,8.1993861867e-2,1.5915062868e-1,4.6011929075e-1,4.7866863286e-1,6.249865290523552e-1,5.237252675371391e-1,7.7465615386e1,5.507e-1
1731.060606,2.8724416536e-2,5.8777956026e-1,3.4267593078e-1,1.9834938096e-1,9.2443750383e-2,6.249865194611945e-1,5.237252417685533e-1,2.2111309015e1,4.755e-1
1732.007576,2.0271133829e-2,6.8898969850e-1,3.3595797065e-1,1.6627402816e-1,3.8480208389e-2,6.249865197632865e-1,5.237252392042575e-1,1.4322014304e1,7.465e-1
1732.954545,5.3785465227e-2,1.0404590426e-1,9.3151198195e-2,8.0406900799e-1,1.9492145164e-1,6.249865136552419e-1,5.237252721447696e-1,5.1660348192e1,6.676e-1
1733.901515,7.9874608614e-2,5.6848672035e-2,6.5036490180e-1,3.4708571676e-1,1.1579910318e-1,6.249865011951808e-1,5.237252132029426e-1,3.1285582006e1,6.734e-1
1734.848485,8.8620928902e-2,1.8396877948e-1,1.2881461509e-1,7.2229023918e-1,1.2627842002e-1,6.249864913329884e-1,5.237252208490991e-1,4.0719690361e1,3.562e-1
1735.795455,1.5016561034e-1,5.7286498816e-1,2.3850655055e-1,7.0873154109e-2,2.1756267039e-1,6.249864867759500e-1,5.237251793604808e-1,3.3244827927e1,7.526e-1
1736.742424,3.7617532606e-1,6.1397966209e-1,1.3811984975e-1,4.3273036259e-2,7.8425100443e-2,6.249864872991130e-1,5.237251792487241e-1,1.3944155802e1,4.680e-1
1737.689394,6.2826809072e-1,2.8620359832e-1,1.4915270907e-1,7.6863436736e-2,1.0948514005e-1,6.249864874476400e-1,5.237251792477416e-1,1.8553490817e1,7.774e-1
1738.636364,6.1936211127e-1,4.2660162238e-1,8.7402113251e-2,6.1031774950e-2,5.5575352717e-2,6.249864872845898e-1,5.237251791804006e-1,1.0928763153e1,7.122e-1
1739.583333,4.9369008672e-1,5.1447362376e-1,3.1491962022e-2,8.6602013981e-2,1.2371528767e-1,6.249864870789611e-1,5.237251791253952e-1,2.0134549256e1,5.224e-1
1740.530303,3.3394124930e-1,4.0287970523e-1,9.1373288343e-2,1.9456106158e-1,2.2721766647e-1,6.249864854667256e-1,5.237251790807362e-1,3.7013531621e1,5.788e-1
1741.477273,2.6575676299e-1,1.3338730654e-1,2.1332896599e-1,5.2345622788e-1,1.1404369764e-1,6.249864805232414e-1,5.237251864770898e-1,3.3454477312e1,6.453e-1
1742.424242,2.3134527513e-1,6.7897032874e-2,5.0763044676e-2,4.9461050159e-1,4.0535708627e-1,6.249864702683706e-1,5.237251662316448e-1,6.8370814154e1,6.362e-1
1743.371212,1.4628819286e-1,1.8249752572e-1,5.7985937890e-1,3.0383120055e-1,3.7496625796e-2,6.249864619148655e-1,5.237251489522633e-1,1.9599180699e1,6.324e-1
1744.318182,7.8051356289e-2,1.7389276129e-1,3.9521780594e-1,3.6279784831e-1,2.4001313808e-1,6.249864549555710e-1,5.237251374820562e-1,4.5879766468e1,4.892e-1
1745.265152,7.1011339560e-2,1.2783196882e-1,3.6509966447e-2,7.5128423169e-1,2.6333538024e-1,6.249864433778084e-1,5.237251459595209e-1,5.8331273424e1,3.240e-1
1746.212121,7.3154158925e-2,1.8589630183e-1,1.0361825298e-2,7.8977846014e-1,1.9078210539e-1,6.249864257914346e-1,5.237251170543010e-1,5.0184284500e1,7.259e-1
1747.159091,1.1122971083e-1,2.6087437878e-2,6.7799622663e-1,4.1999332471e-1,1.4666122962e-2,6.249864115061502e-1,5.237250618713617e-1,2.0848809674e1,8.109e-1
1748.106061,1.2105012645e-1,8.5250916124e-3,2.2344243550e-1,6.5469392748e-1,2.4226121562e-1,6.249863983342652e-1,5.237250569555675e-1,5.3824756009e1,8.042e-1
1749.053030,1.2356255564e-1,3.2836546569e-2,2.3609710758e-1,3.6688722082e-1,4.9058935284e-1,6.249863917240385e-1,5.237250176830851e-1,7.6552059462e1,5.826e-1
1750.000000,1.4761887298e-1,1.5116687101e-2,6.7049265050e-1,2.4421109385e-1,1.7253344315e-1,6.249863737950710e-1,5.237249904759494e-1,3.5367019742e1,7.964e-1
1750.946970,1.6150584730e-1,5.9624236262e-4,5.5864260876e-2,3.1421163101e-1,7.1779475379e-1,6.249863676680294e-1,5.237249691953487e-1,1.0246136017e2,8.469e-1
1751.893939,1.3501630418e-1,3.8221790538e-2,7.2232321711e-1,2.2819228106e-1,1.2621911448e-1,6.249863536817553e-1,5.237249546555803e-1,2.9380737117e1,8.346e-1
1752.840909,1.2215296831e-1,6.0415270894e-2,8.4533786629e-2,4.3479854403e-1,5.4807211643e-1,6.249863431490403e-1,5.237249324677609e-1,8.4924961631e1,6.376e-1
1753.787879,1.5021652713e-1,2.8497572290e-2,5.0542575397e-1,4.8921836105e-1,7.6614449405e-2,6.249863319202245e-1,5.237249252730868e-1,2.9637146517e1,6.947e-1
1754.734848,1.7975067438e-1,1.3361421574e-3,3.0564406492e-1,5.4803119229e-1,2.1521056764e-1,6.249863206896744e-1,5.237249029559777e-1,4.7621650952e1,5.814e-1
1755.681818,1.6884591509e-1,8.2984146092e-3,1.3893709451e-1,7.5283232691e-1,1.8105887064e-1,6.249863108789709e-1,5.237249071753296e-1,4.8478686446e1,6.780e-1
1756.628788,1.3577766763e-1,2.2758610244e-2,6.5197487518e-1,4.3521934491e-1,4.2420938202e-3,6.249862958896246e-1,5.237248546362783e-1,1.9799212102e1,7.391e-1
1757.575758,1.0007062641e-1,1.7622208869e-1,3.5483121221e-2,6.6296494942e-1,2.7523178649e-1,6.249862861125182e-1,5.237248499121073e-1,5.7130891513e1,3.986e-1
1758.522727,1.0190107631e-1,2.5105645759e-1,7.5228538608e-3,6.9132396397e-1,1.9816819712e-1,6.249862744261493e-1,5.237248307934970e-1,4.8101142363e1,4.958e-1
1759.469697,1.3534339576e-1,9.5305293106e-2,6.7885146475e-1,2.6376545445e-1,7.6706922298e-2,6.249862651807918e-1,5.237247922535553e-1,2.3948074599e1,3.665e-1
1760.416667,9.8740628555e-2,2.6442414625e-1,3.5916959776e-3,6.9157357167e-1,1.9164247733e-1,6.249862598920177e-1,5.237248068889753e-1,4.7267543566e1,7.668e-1
1761.363636,9.9683697733e-2,1.5888085575e-1,6.3334914230e-2,7.1334921268e-1,2.1472381045e-1,6.249862454259471e-1,5.237247881381371e-1,5.1186105418e1,8.135e-1
1762.310606,1.5513278866e-1,7.0211573365e-2,3.7428606996e-1,5.9330712938e-1,5.7034900326e-2,6.249862308419493e-1,5.237247511778571e-1,2.9498573483e1,5.535e-1
1763.257576,2.8182498331e-1,1.2375652175e-1,1.0261925018e-1,6.2916075283e-1,1.1261093770e-1,6.249862228868149e-1,5.237247377837846e-1,3.5756723653e1,5.287e-1
1764.204545,3.6767632122e-1,9.3975542630e-2,2.3521020844e-1,3.7684428481e-1,1.7626607388e-1,6.249862154880249e-1,5.237247098481194e-1,3.6874545484e1,5.737e-1
1765.151515,2.4876415904e-1,5.3365869362e-1,1.5047265868e-1,6.6071971779e-2,2.5100494311e-1,6.249862131149964e-1,5.237246983940174e-1,3.6638416551e1,5.006e-1
1766.098485,1.8544726720e-1,4.4041332424e-1,3.6942961538e-1,1.3413292246e-1,1.2054929798e-1,6.249862136350884e-1,5.237246979757815e-1,2.3651550866e1,6.622e-1
1767.045455,1.4454732916e-1,3.3716419240e-1,1.1989802365e-1,2.0992837350e-1,4.3843450694e-1,6.249862128197512e-1,5.237246960848085e-1,6.4543111079e1,5.844e-1
1767.992424,1.1923538353e-1,5.5474176512e-2,5.5472378564e-1,1.9753026880e-1,3.2300879245e-1,6.249862034626259e-1,5.237246840571714e-1,5.2274450365e1,6.620e-1
1768.939394,1.1344390087e-1,1.9510200234e-2,1.3186131224e-1,2.3864914506e-1,7.4650782634e-1,6.249861923720774e-1,5.237246533923454e-1,1.0434040726e2,7.370e-1
1769.886364,1.0274679964e-1,5.2215350369e-3,4.6521925826e-1,3.3020048797e-1,3.4658427677e-1,6.249861788374145e-1,5.237246429950736e-1,5.8712773577e1,5.355e-1
1770.833333,8.8092865646e-2,9.8846172121e-3,3.7651678493e-1,2.9517636594e-1,4.8030169641e-1,6.249861650673452e-1,5.237246084762303e-1,7.4000210797e1,5.059e-1
1771.780303,7.5431621034e-2,6.5545794258e-3,1.5543959134e-1,6.5744042010e-1,3.5510609795e-1,6.249861549194391e-1,5.237246156778722e-1,6.7786015681e1,3.743e-1
1772.727273,6.1949531395e-2,3.4656412826e-2,6.3698439325e-1,4.6707443557e-1,4.9307503266e-2,6.249861381535008e-1,5.237245679336973e-1,2.6453905094e1,3.803e-1
1773.674242,3.5190994411e-2,2.3136093365e-1,1.8940493964e-2,7.2875950826e-1,2.3572033187e-1,6.249861310790414e-1,5.237245724247409e-1,5.4124348060e1,6.551e-1
1774.621212,2.1467539782e-2,8.0740766771e-2,4.6288531184e-1,6.6148206251e-1,2.3396550249e-2,6.249861155727134e-1,5.237245402734121e-1,2.8037482230e1,7.844e-1
1775.568182,2.7138089470e-2,2.3845277729e-1,2.8615586487e-2,7.7708568718e-1,1.7868006957e-1,6.249861050008558e-1,5.237245293077597e-1,4.8457190186e1,8.387e-1
1776.515152,3.9495577298e-2,2.4413482417e-2,5.8498650466e-1,5.8830255536e-1,1.2774066765e-2,6.249860932480988e-1,5.237244905050257e-1,2.5209229108e1,6.800e-1
1777.462121,4.7731302674e-2,9.3410620200e-3,3.4139303473e-1,7.5143099443e-1,1.0007576723e-1,6.249860805396558e-1,5.237244819201425e-1,3.9629182080e1,4.268e-1
1778.409091,6.4553551897e-2,5.6355733629e-2,1.1659880175e-1,7.2550353629e-1,2.8696051330e-1,6.249860684288063e-1,5.237244541321122e-1,6.1024837520e1,4.041e-1
1779.356061,1.0473914824e-1,1.1177159558e-1,3.4184077838e-1,6.4606780492e-1,4.5552778099e-2,6.249860526172757e-1,5.237244182389647e-1,2.9515564347e1,2.929e-1
1780.303030,2.1035046606e-1,3.9535905617e-1,2.2253847400e-1,3.9446505784e-1,2.7259043821e-2,6.249860489400949e-1,5.237243933699828e-1,1.8788240597e1,4.155e-1
1781.250000,4.2547053473e-1,4.6700134538e-1,1.7860397155e-1,6.7242890753e-2,1.1165335371e-1,6.249860480620100e-1,5.237243876735137e-1,1.9018971510e1,6.652e-1
1782.196970,7.7053204434e-1,3.7599692854e-1,2.2762083840e-2,5.8317262979e-3,7.4849313106e-2,6.249860480637526e-1,5.237243876859686e-1,1.1086683869e1,7.246e-1
1783.143939,7.7037794339e-1,3.7393557810e-1,4.9044843295e-3,5.6950913911e-2,4.3803176226e-2,6.249860479813127e-1,5.237243877262217e-1,8.6015318046e0,8.727e-1
1784.090909,4.3056626244e-1,4.6406200328e-1,1.6812760420e-1,1.2535246563e-1,6.1863760825e-2,6.249860481873108e-1,5.237243875683183e-1,1.4418268257e1,5.862e-1
1785.037879,1.7895109720e-1,4.3339284730e-1,3.3399172157e-1,6.7100086133e-2,2.3653634297e-1,6.249860475844358e-1,5.237243873923279e-1,3.6052049672e1,6.397e-1
1785.984848,6.6177733092e-2,1.5994805716e-1,3.9023500232e-1,3.8717875378e-1,2.4643254265e-1,6.249860445023364e-1,5.237243873419622e-1,4.7407950579e1,5.493e-1
1786.931818,4.6426958589e-2,5.2697631745e-2,1.4833499671e-1,5.5603979285e-1,4.4647267155e-1,6.249860257186290e-1,5.237243607130682e-1,7.6257064046e1,3.807e-1
1787.878788,4.1091606549e-2,2.1783996372e-2,3.6036527508e-1,2.5228711044e-1,5.7444404973e-1,6.249860190860137e-1,5.237243326475349e-1,8.4549061896e1,3.605e-1
1788.825758,2.9529176206e-2,1.2893344744e-1,4.8813618450e-1,2.2708343976e-1,3.7628975077e-1,6.249859993435199e-1,5.237242985016493e-1,5.9609479130e1,6.134e-1
1789.772727,3.7623136128e-2,6.4309522305e-1,3.5456500924e-1,1.6244341780e-1,5.2245210973e-2,6.249859985944798e-1,5.237242956851603e-1,1.6027098462e1,4.582e-1
1790.719697,1.5921453686e-1,4.3636635695e-1,2.6580471584e-1,3.5336948298e-1,3.5216900558e-2,6.249859965918310e-1,5.237242988180890e-1,1.8894364436e1,4.638e-1
1791.666667,2.7976314917e-1,1.3968307173e-2,9.0980631123e-2,6.4804657328e-1,2.1721331755e-1,6.249859891488542e-1,5.237243078121299e-1,4.9436458229e1,4.947e-1
1792.613636,2.4563915854e-1,8.7875660279e-2,4.0475155845e-1,4.6807022409e-1,4.3635353407e-2,6.249859773790961e-1,5.237242746038727e-1,2.4100155774e1,4.500e-1
1793.560606,9.4203869273e-2,6.4373915865e-1,2.2171730433e-1,1.2189136209e-1,1.6842025555e-1,6.249859749442516e-1,5.237242576040197e-1,2.8566634984e1,7.093e-1
1794.507576,2.2772348732e-2,5.0604981694e-1,4.0402289436e-1,6.3563133142e-2,2.5356375577e-1,6.249859744706697e-1,5.237242564493242e-1,3.8745849962e1,5.547e-1
1795.454545,1.4197506959e-2,6.1075310271e-2,1.4872483100e-1,2.4783058711e-1,7.7814370418e-1,6.249859697577697e-1,5.237242400008880e-1,1.0885202094e2,4.162e-1
1796.401515,1.4604634647e-2,8.1470828793e-3,9.9298247768e-1,1.5364710441e-1,8.0590602763e-2,6.249859511878619e-1,5.237242191858702e-1,2.3199760799e1,3.058e-1
1797.348485,1.3452503096e-2,3.3879718435e-2,3.4998608381e-1,2.6248792534e-1,5.9016565242e-1,6.249859415519097e-1,5.237241891050495e-1,8.6815191479e1,7.674e-1
1798.295455,1.5103380847e-2,3.5344539840e-1,1.6202515332e-1,2.7062290071e-1,4.4877503548e-1,6.249859343810845e-1,5.237241797158053e-1,6.8113781078e1,6.698e-1
1799.242424,3.6848777890e-2,1.0234974926e-1,9.0731597876e-1,1.3151662307e-1,7.1940723856e-2,6.249859264165613e-1,5.237241692195628e-1,2.0898596309e1,3.611e-1
1800.189394,5.1251163117e-2,6.7138454926e-2,2.1519935646e-1,2.2439958559e-1,6.9198327567e-1,6.249859178855142e-1,5.237241417753603e-1,9.7636143368e1,4.211e-1
1801.136364,6.8550732745e-2,4.6529206487e-1,2.9489346703e-1,6.7323650527e-2,3.5391190652e-1,6.249859108450411e-1,5.237241345980103e-1,5.0779088084e1,4.469e-1
1802.083333,1.2234057479e-1,5.2283884943e-1,2.6163253896e-1,9.0743265847e-2,2.5241658890e-1,6.249859089619033e-1,5.237241326277696e-1,3.8413016185e1,5.010e-1
1803.030303,2.2969685793e-1,1.4657885506e-1,4.4277424725e-1,4.0051248108e-1,3.0409368273e-2,6.249859047955485e-1,5.237241355536663e-1,2.0658998651e1,4.208e-1
1803.977273,2.6796917845e-1,1.3008991429e-2,4.0016553257e-2,6.7484902491e-1,2.5412804399e-1,6.249858960203565e-1,5.237241411524252e-1,5.4603693426e1,4.450e-1
1804.924242,1.6863157750e-1,3.0291328390e-1,4.0756345030e-1,3.5108719157e-1,1.9776269279e-2,6.249858862769658e-1,5.237241018492311e-1,1.7716802557e1,5.376e-1
1805.871212,4.6151208785e-2,7.1123461446e-1,4.6784102196e-1,2.2172173021e-2,2.5727535712e-3,6.249858859007302e-1,5.237240952899275e-1,6.2270950028e0,8.172e-1
1806.818182,9.1392975850e-2,1.9480832609e-1,4.3546428833e-1,2.3865892308e-1,2.8964725033e-1,6.249858818383958e-1,5.237240921995612e-1,4.8630961027e1,5.809e-1
1807.765152,1.4650352401e-1,1.7152541478e-2,2.0491193113e-1,2.9943714541e-1,5.8196659264e-1,6.249858673336499e-1,5.237240634976239e-1,8.5820564805e1,3.545e-1
1808.712121,1.6339879345e-1,1.0894155037e-2,3.0864433952e-1,3.3068853030e-1,4.3634589772e-1,6.249858580152658e-1,5.237240522583860e-1,6.9006950301e1,5.539e-1
1809.659091,1.5996777774e-1,1.0101967898e-2,4.8425279645e-1,3.1749948172e-1,2.7814966179e-1,6.249858427994672e-1,5.237240258220955e-1,4.9737350320e1,6.056e-1
1810.606061,1.0008576310e-1,2.1110716012e-1,8.6302117944e-2,5.5506038931e-1,2.9741624050e-1,6.249858354919073e-1,5.237240235337658e-1,5.6993885388e1,5.776e-1
1811.553030,7.7830184285e-2,9.2954911349e-2,3.6116604566e-1,6.4159296166e-1,7.6427538481e-2,6.249858207194109e-1,5.237240089719322e-1,3.3427852979e1,7.604e-1
1812.500000,7.3739228356e-2,2.3411937507e-1,1.3111990147e-1,6.6944733599e-1,1.4154577753e-1,6.249858092090232e-1,5.237239876740483e-1,4.1094241852e1,8.088e-1
1813.446970,1.1038064421e-1,1.1309579951e-2,2.9025359497e-1,6.0852298101e-1,2.2950480306e-1,6.249858015980162e-1,5.237239667201928e-1,5.1249188426e1,7.783e-1
1814.393939,1.1498785628e-1,1.1940701582e-2,7.5106569794e-1,3.6488520909e-1,7.0921054410e-3,6.249857851655546e-1,5.237239284646733e-1,1.8674017102e1,8.665e-1
1815.340909,1.1954765078e-1,2.6025068089e-2,9.1994202851e-2,4.3065785917e-1,5.8174676802e-1,6.249857744565670e-1,5.237239010433564e-1,8.9092415384e1,7.075e-1
1816.287879,1.4388497170e-1,1.9039988882e-2,5.2673621872e-1,2.1584276083e-1,3.4446758929e-1,6.249857647060193e-1,5.237238838125807e-1,5.5322731989e1,6.719e-1
1817.234848,1.6730340222e-1,6.9754655040e-4,4.7350856405e-1,2.2911380289e-1,3.7934818482e-1,6.249857502646228e-1,5.237238570887759e-1,5.9761324656e1,6.881e-1
1818.181818,1.5496554800e-1,8.2105039915e-3,1.0363015608e-1,3.9595033919e-1,5.8721494076e-1,6.249857440095986e-1,5.237238460742679e-1,8.8756868302e1,5.679e-1
1819.128788,1.2412443650e-1,1.6515214400e-2,7.6607524420e-1,3.2274005153e-1,2.0516511523e-2,6.249857290771978e-1,5.237238267060470e-1,1.9177489725e1,7.925e-1
1820.075758,1.0479032808e-1,1.3553038517e-2,2.4481538858e-1,5.8444510183e-1,3.0236758340e-1,6.249857202071334e-1,5.237238188651593e-1,5.9443318283e1,5.272e-1
1821.022727,7.0165182416e-2,1.6063196043e-1,1.2740412776e-1,7.1348105359e-1,1.7828909464e-1,6.249857094224847e-1,5.237238143770533e-1,4.7027977364e1,6.413e-1
1821.969697,2.8929975315e-2,2.3615245773e-1,2.8851502340e-2,7.8704870228e-1,1.6898875060e-1,6.249856941319674e-1,5.237237949077562e-1,4.7533700471e1,3.659e-1
1822.916667,1.4516594306e-2,1.1854184997e-1,3.8451141717e-1,6.5088911993e-1,8.1512369611e-2,6.249856754961088e-1,5.237237532213492e-1,3.4582468482e1,5.162e-1
1823.863636,1.6641056544e-2,4.4334955317e-1,6.3132483282e-2,4.9131219179e-1,2.3553604878e-1,6.249856667817453e-1,5.237237179076866e-1,4.7270683882e1,4.330e-1
1824.810606,2.7884859855e-2,2.6072858566e-1,4.1469833347e-1,3.5161034466e-1,1.9504920679e-1,6.249856652235177e-1,5.237237083915847e-1,4.0070815768e1,4.289e-1
1825.757576,4.0055038036e-2,2.7281367012e-1,2.8495671530e-2,7.1990753523e-1,1.8869939431e-1,6.249856546145134e-1,5.237237185658600e-1,4.7984183831e1,7.086e-1
1826.704545,7.2303977286e-2,6.6117557372e-2,5.6237357377e-1,4.3212007291e-1,1.1705610000e-1,6.249856406653614e-1,5.237236736350794e-1,3.3478398826e1,6.570e-1
1827.651515,8.5239456689e-2,1.6954880244e-3,1.4509242813e-1,7.5431806031e-1,2.6362582762e-1,6.249856303873034e-1,5.237236854067413e-1,5.9089033995e1,8.646e-1
1828.598485,7.8111920028e-2,2.3244264212e-2,2.7329237503e-1,4.2799897850e-1,4.4732370873e-1,6.249856232493114e-1,5.237236358439491e-1,7.3225285518e1,6.238e-1
1829.545455,4.6646994506e-2,2.4918712014e-1,6.5256941018e-1,2.5017170517e-1,5.1395988530e-2,6.249856092631473e-1,5.237236103803343e-1,2.0326434116e1,4.947e-1
1830.492424,1.2903000707e-2,6.9910436945e-1,3.3805847149e-1,8.6782297239e-3,1.9122714542e-1,6.249856083957672e-1,5.237236039581485e-1,2.8863905976e1,5.865e-1
1831.439394,2.1463334103e-2,1.4552241164e-1,2.8383334591e-1,4.2674554754e-1,3.7240656416e-1,6.249856016722373e-1,5.237236002249880e-1,6.3896340991e1,5.582e-1
1832.386364,3.4144786497e-2,5.7493780192e-2,6.1860671854e-1,2.9556137546e-1,2.4416450216e-1,6.249855814229164e-1,5.237235655939432e-1,4.5791933993e1,5.361e-1
1833.333333,6.3953441548e-2,3.3012914703e-1,9.8156513725e-2,2.2608363024e-1,5.3164842198e-1,6.249855772614715e-1,5.237235486009176e-1,7.6763161306e1,6.267e-1
1834.280303,1.3717892769e-1,5.8113759373e-2,6.1903846638e-1,1.6414815385e-1,2.7149183270e-1,6.249855699973248e-1,5.237235406171756e-1,4.5140820223e1,4.014e-1
1835.227273,1.5358157268e-1,7.8111427659e-2,2.5553180344e-1,2.9110860169e-1,4.7163771033e-1,6.249855579004292e-1,5.237235165062116e-1,7.1962370245e1,4.290e-1
1836.174242,1.7260910267e-1,5.5588733700e-1,1.8944307715e-1,2.0815952374e-1,1.2387207070e-1,6.249855556273286e-1,5.237235109754391e-1,2.5230353652e1,4.591e-1
1837.121212,3.1408243537e-1,3.9400062908e-1,2.6614549671e-1,2.6781124394e-1,7.9313058256e-3,6.249855554572350e-1,5.237235103766835e-1,1.2659373401e1,5.313e-1
1838.068182,3.4645757921e-1,2.9390934257e-1,1.6585946637e-1,8.5061851119e-2,3.5868286962e-1,6.249855544436009e-1,5.237235077948069e-1,5.0721309753e1,5.907e-1
1839.015152,2.3162863750e-1,4.2307886107e-1,2.6713486805e-1,1.4290863433e-2,3.1383787554e-1,6.249855527930324e-1,5.237235050321176e-1,4.3727606684e1,4.672e-1
1839.962121,1.4008809856e-1,2.8615145690e-1,5.4704856094e-1,1.1188177361e-1,1.6480121135e-1,6.249855506795451e-1,5.237235035651141e-1,2.9693507259e1,7.013e-1
1840.909091,8.5683026103e-2,1.4846382367e-1,8.1798809905e-2,2.2031781646e-1,7.1370761877e-1,6.249855474556409e-1,5.237234915625382e-1,9.9398904969e1,8.251e-1
1841.856061,4.2133282013e-2,2.0979604138e-1,2.9177079944e-1,1.6913103504e-1,5.3713990526e-1,6.249855315676081e-1,5.237234651915680e-1,7.6940926114e1,5.349e-1
1842.803030,1.8316136340e-2,6.2033507744e-1,2.2119816523e-1,1.6046126557e-1,2.2966041657e-1,6.249855305784353e-1,5.237234647088741e-1,3.7550707364e1,7.811e-1
1843.750000,4.2621917318e-2,2.9788676118e-1,3.6561428927e-1,4.7204826196e-1,7.1799832410e-2,6.249855310741192e-1,5.237234709475352e-1,2.7837921727e1,5.314e-1
1844.696970,9.8035190743e-2,1.5166428200e-1,3.3393621938e-2,6.7540499002e-1,2.9147295489e-1,6.249855197972936e-1,5.237234696753977e-1,5.9540993042e1,4.690e-1
1845.643939,1.5802287514e-1,3.1527410579e-2,4.0915545159e-1,4.0411527248e-1,2.4715000102e-1,6.249855054082987e-1,5.237234252710347e-1,4.7982198722e1,4.076e-1
1846.590909,1.4322803466e-1,9.2022407271e-2,1.0044441266e-1,6.6483357495e-1,2.4944256590e-1,6.249854977174680e-1,5.237234311742799e-1,5.4262536967e1,5.337e-1
1847.537879,9.1866463741e-2,2.0857158827e-1,1.9625185749e-3,5.2589258338e-1,4.2167781326e-1,6.249854836134230e-1,5.237233894764208e-1,7.1282099323e1,7.228e-1
1848.484848,7.4481911458e-2,1.3724616193e-1,4.3152956394e-1,1.7387245688e-1,4.3284084768e-1,6.249854709448165e-1,5.237233560152565e-1,6.4731516914e1,4.888e-1
1849.431818,4.6118084872e-2,1.9816647470e-1,9.5691036825e-2,2.9275128553e-1,6.1724405347e-1,6.249854676976954e-1,5.237233470946945e-1,8.9560200267e1,4.111e-1
1850.378788,2.0262132630e-2,2.0740079897e-1,1.7034380449e-2,2.9158900071e-1,7.1368459153e-1,6.249854521421431e-1,5.237233163229196e-1,1.0124368345e2,8.059e-1
1851.325758,1.1077957222e-2,4.2677408520e-2,9.7707819653e-1,1.7101859435e-1,4.8118719476e-2,6.249854380528277e-1,5.237233024973869e-1,1.9539310480e1,8.585e-1
1852.272727,8.5711468405e-3,2.7918693186e-2,4.8461318661e-1,2.3752817661e-1,4.9133965270e-1,6.249854279712010e-1,5.237232743371634e-1,7.4429405650e1,4.154e-1
1853.219697,9.9695457743e-3,1.7557148431e-1,6.7995256343e-2,4.8912442509e-1,5.0731013270e-1,6.249854221113744e-1,5.237232695730788e-1,8.1487768381e1,4.097e-1
1854.166667,2.2272804158e-2,2.4896884132e-1,5.4557608110e-2,3.6505692888e-1,5.5911463230e-1,6.249854073825871e-1,5.237232338938825e-1,8.4194029608e1,6.729e-1
1855.113636,5.0448135964e-2,2.8035827382e-1,6.6566474165e-1,8.2563901551e-2,1.7093574817e-1,6.249854005761331e-1,5.237232220350638e-1,3.0433079164e1,8.096e-1
1856.060606,1.0457551706e-1,2.0302963336e-1,5.5412079883e-1,1.8688267421e-1,2.0136216547e-1,6.249853944701238e-1,5.237232129702269e-1,3.6645916171e1,7.439e-1
1857.007576,1.2846724071e-1,2.0905593068e-2,7.0039163286e-2,2.8516758256e-1,7.4539119938e-1,6.249853895026226e-1,5.237231942071893e-1,1.0520179427e2,5.468e-1
1857.954545,1.0131357785e-1,1.8217997060e-1,7.0486292584e-1,1.3886001892e-1,1.2275425906e-1,6.249853761379495e-1,5.237231783528326e-1,2.6209985902e1,7.613e-1
1858.901515,3.9905993941e-2,4.9543109899e-1,4.7467827516e-1,2.1463507400e-1,2.5320309164e-2,6.249853756246002e-1,5.237231743124970e-1,1.4917563337e1,6.649e-1
1859.848485,1.1324514757e-2,4.7290191380e-1,2.3124386546e-1,3.7111012778e-1,1.6339032704e-1,6.249853744165323e-1,5.237231773063047e-1,3.5590902958e1,4.398e-1
1860.795455,5.5064792668e-3,5.6928514809e-2,1.6170241904e-1,8.1994875199e-1,2.0588456706e-1,6.249853660839743e-1,5.237232067326981e-1,5.4001814269e1,4.515e-1
1861.742424,3.4989446546e-3,1.3906334569e-1,5.9794866064e-1,4.6579878655e-1,4.3660962815e-2,6.249853501700111e-1,5.237231378305546e-1,2.5557629859e1,4.678e-1
1862.689394,1.2343101873e-3,3.1449186089e-1,2.8966267906e-1,5.1566999733e-1,1.2891184211e-1,6.249853447845479e-1,5.237231314393901e-1,3.5949058014e1,4.302e-1
1863.636364,7.6013906000e-4,5.3607692438e-2,1.4269722335e-1,8.4053959598e-1,2.1236602258e-1,6.249853367071243e-1,5.237231564213809e-1,5.5329291203e1,4.201e-1
1864.583333,1.0795800637e-3,2.7779067835e-1,5.2070931008e-1,3.3640982306e-1,1.1398125878e-1,6.249853251636369e-1,5.237230893780385e-1,3.0076511089e1,5.170e-1
1865.530303,3.4991635845e-3,2.8972348720e-1,5.4424559591e-1,1.7051210414e-1,2.4199029055e-1,6.249853206898131e-1,5.237230796026744e-1,4.1366305846e1,4.137e-1
1866.477273,5.8914510454e-3,1.4861087124e-1,7.1068247648e-2,4.8372186678e-1,5.4067819730e-1,6.249853170082024e-1,5.237230757186379e-1,8.5554622441e1,6.917e-1
1867.424242,1.0104348718e-2,5.9293547256e-1,5.4575442815e-1,4.0171503359e-2,6.1004862470e-2,6.249853076245989e-1,5.237230512065201e-1,1.4651069048e1,7.084e-1
1868.371212,3.0819801091e-2,6.4101588562e-1,2.5718644006e-1,1.9302587902e-1,1.2792260699e-1,6.249853063900399e-1,5.237230520567038e-1,2.5905855015e1,6.558e-1
1869.318182,7.3927485607e-2,1.7218973015e-1,1.5421005237e-1,4.6568936837e-1,3.8395395677e-1,6.249852966330891e-1,5.237230513043806e-1,6.5663189876e1,5.356e-1
1870.265152,1.0452798903e-1,2.5642519561e-1,1.5398750133e-1,4.0519131957e-1,3.2983857932e-1,6.249852924296577e-1,5.237230408259319e-1,5.6982474775e1,4.435e-1
1871.212121,1.7025050378e-1,2.5294953557e-1,3.8164750166e-2,5.0203828505e-1,2.8656748965e-1,6.249852821086916e-1,5.237230300511031e-1,5.3642206122e1,6.760e-1
1872.159091,2.9330586838e-1,3.3386666463e-2,2.8200767258e-1,4.2877337599e-1,2.1249695757e-1,6.249852704899861e-1,5.237230112016698e-1,4.3389846248e1,6.273e-1
1873.106061,2.5604545762e-1,9.9689490517e-2,1.3988555210e-1,4.5962894253e-1,2.9472108496e-1,6.249852638696703e-1,5.237230006014847e-1,5.3878911163e1,6.573e-1
1874.053030,1.1240125853e-1,2.3371370982e-1,7.8774782162e-2,5.2051261197e-1,3.0456813973e-1,6.249852511008482e-1,5.237229851179482e-1,5.6794951774e1,4.884e-1
1875.000000,5.7417114557e-2,2.4109109786e-1,7.8207116985e-2,5.2740439627e-1,3.4585074670e-1,6.249852361879269e-1,5.237229623563732e-1,6.2282383947e1,4.401e-1
1875.946970,7.2848991131e-2,2.9990350459e-1,1.3524323513e-2,5.0780715499e-1,3.5588647141e-1,6.249852228151007e-1,5.237229382843877e-1,6.2547723393e1,5.954e-1
1876.893939,1.4165305298e-1,5.2546114732e-2,7.3447195665e-1,2.9335448997e-1,2.7944805495e-2,6.249852099095635e-1,5.237229149139935e-1,1.9015973191e1,6.415e-1
1877.840909,2.0997643761e-1,3.8760743887e-2,1.0095919935e-1,5.0729580419e-1,3.9297821628e-1,6.249852006558192e-1,5.237229039138294e-1,6.7524860719e1,4.825e-1
1878.787879,2.9000986284e-1,1.9128788693e-2,4.1387345055e-1,3.7636527354e-1,1.5059300791e-1,6.249851917647256e-1,5.237228850879747e-1,3.4813843878e1,5.900e-1
1879.734848,2.9663760748e-1,1.6239855524e-2,2.2833003799e-1,4.4339616077e-1,2.6536669993e-1,6.249851808438246e-1,5.237228697167086e-1,5.0163053554e1,4.016e-1
1880.681818,2.1525416561e-1,3.7269863291e-2,2.3251951399e-1,4.9146985902e-1,2.7345694409e-1,6.249851729981303e-1,5.237228601626921e-1,5.2771847253e1,4.815e-1
1881.628788,1.4848507437e-1,3.7077301054e-2,7.1230054614e-1,3.1988252770e-1,3.2224868252e-2,6.249851587568260e-1,5.237228326357030e-1,2.0207825531e1,7.091e-1
1882.575758,8.0114494312e-2,2.5949018821e-1,2.7426529936e-2,5.3730437170e-1,3.4563471642e-1,6.249851502914343e-1,5.237228235426412e-1,6.2213433460e1,4.738e-1
1883.522727,4.3743399566e-2,2.6019243082e-1,5.1278092050e-2,5.3949736951e-1,3.5525898034e-1,6.249851361436306e-1,5.237228024385098e-1,6.3689546605e1,6.891e-1
1884.469697,5.7937037373e-2,1.5226380593e-1,6.1323485381e-1,3.4323916020e-1,8.3295388826e-2,6.249851230716035e-1,5.237227768387747e-1,2.6884837857e1,7.822e-1
1885.416667,1.4970653800e-1,2.3918563860e-1,1.2643613877e-1,4.0371331756e-1,3.3092859746e-1,6.249851151995696e-1,5.237227618934261e-1,5.6842400294e1,6.343e-1
1886.363636,2.2711045707e-1,1.9825967359e-3,2.4354071991e-1,4.4626885180e-1,3.3106759052e-1,6.249851080172075e-1,5.237227532821572e-1,5.8723101025e1,6.623e-1
1887.310606,1.9625060425e-1,6.3493910525e-2,6.9361325023e-1,2.7761986243e-1,1.8992563806e-2,6.249850956228132e-1,5.237227290622921e-1,1.7088902890e1,8.326e-1
1888.257576,7.6891070110e-2,4.1627359356e-1,1.5144462513e-1,3.4408766691e-1,2.6127322711e-1,6.249850914113683e-1,5.237227209973842e-1,4.6536328134e1,5.437e-1
1889.204545,3.5316639267e-2,8.5516509672e-2,1.8133940044e-1,5.0244728265e-1,4.4535034094e-1,6.249850864858950e-1,5.237227213593586e-1,7.4722563227e1,7.086e-1
1890.151515,3.7842868958e-2,3.9219901264e-1,4.5403860318e-1,2.2857540664e-1,1.3731426656e-1,6.249850789868543e-1,5.237226988600885e-1,2.9326267417e1,6.609e-1
1891.098485,1.1720345847e-1,1.4800389703e-1,7.7058876493e-1,2.1209791984e-1,2.0761071219e-3,6.249850736946254e-1,5.237226910870686e-1,1.3572194789e1,8.764e-1
1892.045455,1.5796360222e-1,1.5315120978e-2,4.1435038739e-1,4.1391835258e-1,2.4842266727e-1,6.249850652197826e-1,5.237226836387509e-1,4.8467903835e1,6.429e-1
1892.992424,1.4392093468e-1,2.0214357576e-1,5.4848679868e-2,4.8863199237e-1,3.6042493562e-1,6.249850591478198e-1,5.237226743974001e-1,6.2685652573e1,6.698e-1
1893.939394,1.8025623901e-1,3.1133632236e-1,2.5743374296e-3,4.6442657901e-1,2.9137662163e-1,6.249850497198725e-1,5.237226571215764e-1,5.2891253561e1,6.154e-1
1894.886364,2.9211046557e-1,9.7337028239e-2,5.8868802597e-1,2.0259154589e-1,6.9243019775e-2,6.249850427227067e-1,5.237226396156928e-1,2.0396269497e1,7.336e-1
1895.833333,2.3395305623e-1,4.3995558164e-1,1.6666365478e-2,3.2954081196e-1,2.2985426654e-1,6.249850409231517e-1,5.237226380126206e-1,4.1096870715e1,6.300e-1
1896.780303,2.0034680388e-1,2.1537740816e-1,4.6377419784e-1,1.7293828964e-1,1.9753337787e-1,6.249850386989660e-1,5.237226328231258e-1,3.5059419437e1,3.159e-1
1897.727273,1.1529066092e-1,3.2731432243e-1,8.4631982357e-2,4.1758213985e-1,3.0515095681e-1,6.249850311792967e-1,5.237226287480716e-1,5.3811280782e1,4.489e-1
1898.674242,1.4087195114e-1,1.5439510618e-1,8.3081027486e-2,4.6161339522e-1,4.1000855627e-1,6.249850181481732e-1,5.237226115254900e-1,6.8296598258e1,6.370e-1
1899.621212,2.5815013540e-1,1.7884412541e-1,2.3365794467e-1,3.5368546597e-1,2.2563234603e-1,6.249850087433930e-1,5.237225923443590e-1,4.2554902079e1,5.788e-1
1900.568182,4.6458734078e-1,7.1347399278e-2,1.9820542377e-1,3.1027041137e-1,2.0555943070e-1,6.249850029466832e-1,5.237225806226609e-1,3.8200892153e1,6.806e-1
1901.515152,3.9190169727e-1,4.0701474285e-1,8.5458064873e-2,2.3554570886e-1,1.3004978781e-1,6.249850008323817e-1,5.237225738443874e-1,2.5877480377e1,5.934e-1
1902.462121,3.1657197001e-1,4.8713725207e-1,2.0500425373e-1,4.0170942075e-2,2.0108558410e-1,6.249850009932225e-1,5.237225709579537e-1,2.9797019430e1,3.220e-1
1903.409091,3.1678856315e-1,4.2272572274e-1,4.5193260337e-1,3.1489635104e-2,2.7033477745e-2,6.249850010597016e-1,5.237225705909015e-1,9.0872600287e0,6.377e-1
1904.356061,3.1208601947e-1,5.3273327011e-1,1.7086012819e-1,1.4506162932e-1,8.9228953187e-2,6.249850001421552e-1,5.237225709162743e-1,1.8651668722e1,4.109e-1
1905.303030,4.3196717057e-1,3.0368910004e-1,1.1342838211e-1,3.5656594688e-1,4.4319398014e-2,6.249849988064772e-1,5.237225741071477e-1,1.8813782088e1,6.539e-1
1906.250000,4.2703926601e-1,1.3738255703e-1,2.4177464206e-1,2.2626783136e-1,2.1750569402e-1,6.249849952358989e-1,5.237225677757857e-1,3.7503781321e1,6.306e-1
1907.196970,1.8220732029e-1,2.9610391249e-1,5.9389895294e-1,1.0980981993e-1,6.7949977125e-2,6.249849913883850e-1,5.237225620459486e-1,1.7646014418e1,5.472e-1
1908.143939,1.1783147487e-1,1.5179720408e-1,1.9844817466e-1,3.2525761345e-1,4.5663550413e-1,6.249849856043788e-1,5.237225530025394e-1,7.0807683703e1,6.537e-1
1909.090909,1.4124591065e-1,4.1697782326e-2,2.0724189275e-1,3.4954163804e-1,5.1024271290e-1,6.249849683364760e-1,5.237225241203329e-1,7.8308353331e1,3.725e-1
1910.037879,1.4492495185e-1,2.1342861375e-1,2.9399395813e-1,3.5914812222e-1,2.3847427139e-1,6.249849586699139e-1,5.237225124041620e-1,4.4868718017e1,4.302e-1
1910.984848,2.5039621121e-1,2.8916765236e-2,4.3562112662e-1,4.1065861618e-1,1.2437718054e-1,6.249849498950422e-1,5.237225012073004e-1,3.2729355476e1,4.204e-1
1911.931818,2.5613877939e-1,1.2996201129e-2,2.2080142736e-2,6.5692642830e-1,3.0182832587e-1,6.249849387143239e-1,5.237224966391664e-1,5.9986374350e1,7.104e-1
1912.878788,1.7072430714e-1,1.3297678134e-1,2.7048651337e-1,5.8059830489e-1,9.5183941997e-2,6.249849243670800e-1,5.237224661159887e-1,3.3277898155e1,7.612e-1
1913.825758,5.6559004272e-2,5.3577280496e-1,3.4325344069e-1,8.0325893547e-2,2.3405869601e-1,6.249849197424903e-1,5.237224369689504e-1,3.6375794321e1,4.835e-1
1914.772727,3.2839345478e-2,4.3094351587e-1,4.5677357269e-1,9.0485750151e-2,2.3892765394e-1,6.249849190633886e-1,5.237224356330681e-1,3.8010778995e1,3.894e-1
1915.719697,6.2714308205e-2,3.9815596429e-2,1.1028892161e-1,2.8251875214e-1,7.5463224958e-1,6.249849139761405e-1,5.237224197114936e-1,1.0662682773e2,6.234e-1
1916.666667,7.8202253236e-2,3.4102716940e-3,8.7076081920e-1,2.3272227710e-1,6.4874173668e-2,6.249848974484755e-1,5.237224028538754e-1,2.2763015320e1,4.762e-1
1917.613636,7.4341393560e-2,1.8313785717e-2,3.2356648323e-1,3.3587013402e-1,4.9787798020e-1,6.249848883618094e-1,5.237223765670400e-1,7.7138555888e1,4.738e-1
1918.560606,5.7270811753e-2,2.7539216808e-1,1.2757289755e-1,4.3180933489e-1,3.5792454769e-1,6.249848799837151e-1,5.237223691639592e-1,6.1232243744e1,5.218e-1
1919.507576,4.7524138753e-2,9.7561796315e-2,7.2963443074e-1,2.3491312559e-1,1.4033624493e-1,6.249848681628090e-1,5.237223465130356e-1,3.1536220477e1,5.105e-1
1920.454545,5.1961702898e-2,1.9359704753e-2,1.3388011064e-1,5.2837849145e-1,5.1638971254e-1,6.249848611409097e-1,5.237223362105240e-1,8.4141736078e1,6.448e-1
1921.401515,6.8250718555e-2,7.1704233665e-2,2.8947851010e-1,7.0783619960e-1,1.1270003609e-1,6.249848490053362e-1,5.237223381529393e-1,3.9569724914e1,5.106e-1
1922.348485,1.1719712159e-1,1.5006426212e-1,1.9957240868e-1,6.4944755127e-1,1.3368832819e-1,6.249848359246042e-1,5.237223008026517e-1,3.9849734004e1,3.345e-1
1923.295455,2.5641526255e-1,4.2835067262e-1,3.3234108474e-1,1.0165987831e-1,1.3120276234e-1,6.249848302784167e-1,5.237222686303857e-1,2.3690707340e1,5.767e-1
1924.242424,5.9278865848e-1,5.3011606571e-1,4.9910068486e-2,2.5691130610e-2,5.1463737561e-2,6.249848304271349e-1,5.237222679880884e-1,9.1653815959e0,2.991e-1
1925.189394,8.6884636367e-1,2.7278892219e-1,6.4767539322e-2,2.6157100366e-3,4.0951125587e-2,6.249848304064678e-1,5.237222678722590e-1,6.8235881371e0,4.838e-1
1926.136364,6.2943308356e-1,3.4673692159e-1,2.1785859416e-1,2.2377991417e-2,3.3563070011e-2,6.249848303683436e-1,5.237222678939969e-1,7.7632278249e0,5.011e-1
1927.083333,3.4206221696e-1,3.8694142231e-1,1.9668552450e-1,2.1358934902e-1,1.1069114637e-1,6.249848295773417e-1,5.237222691596410e-1,2.3521724053e1,6.211e-1
1928.030303,1.6171841588e-1,1.4587400565e-1,3.3498080121e-1,2.7993319351e-1,3.2746323479e-1,6.249848255191428e-1,5.237222659209038e-1,5.3925609874e1,5.771e-1
1928.977273,8.3414732008e-2,1.2151295873e-1,3.0614340156e-1,2.5607150505e-1,4.8282702951e-1,6.249848134267958e-1,5.237222425878746e-1,7.2730028434e1,6.422e-1
1929.924242,7.0040625154e-2,1.7490742110e-1,1.5175032076e-1,3.9575314556e-1,4.5751810264e-1,6.249848076082812e-1,5.237222376730893e-1,7.2825255517e1,6.441e-1
1930.871212,1.3107404735e-1,1.5028683551e-1,1.4120964609e-1,3.6376176916e-1,4.6363728977e-1,6.249847939405961e-1,5.237222110820352e-1,7.2481737568e1,5.818e-1
1931.818182,2.3376847693e-1,1.4698473539e-1,3.8621944257e-1,2.6137919067e-1,2.2161772890e-1,6.249847872310980e-1,5.237222013736283e-1,4.0231812650e1,5.199e-1
1932.765152,3.3224319029e-1,1.3171435283e-1,1.5273617649e-2,2.4408059906e-1,5.2665780148e-1,6.249847806584237e-1,5.237221850472517e-1,7.5774517002e1,6.470e-1
1933.712121,3.1776838036e-1,1.1174968254e-1,5.0132683750e-1,2.2024743196e-1,9.8877214154e-2,6.249847732564580e-1,5.237221774104571e-1,2.4097199490e1,5.503e-1
1934.659091,1.1458206364e-1,4.9674226742e-1,3.7583116614e-1,2.5711938893e-1,5.6946571761e-3,6.249847716559098e-1,5.237221736029459e-1,1.3014161460e1,5.758e-1
1935.606061,9.7909139174e-2,3.3006013901e-1,2.3000513854e-1,5.1891176998e-1,7.3083352259e-2,6.249847694800174e-1,5.237221821446968e-1,2.8508961684e1,5.042e-1
1936.553030,1.8649119303e-1,4.4558353817e-2,7.6279006337e-2,7.6396278699e-1,1.7867817363e-1,6.249847568998733e-1,5.237221867908407e-1,4.8110209763e1,8.264e-1
1937.500000,2.2719568834e-1,1.6839085331e-2,1.2850487057e-1,7.0985625165e-1,1.6757358241e-1,6.249847391475342e-1,5.237221496334468e-1,4.5340133581e1,8.240e-1
1938.446970,2.0583830538e-1,5.2405632238e-2,3.3377503787e-1,4.5500145609e-1,2.0294902270e-1,6.249847271384251e-1,5.237221075953831e-1,4.3415452221e1,6.173e-1
1939.393939,1.4111460205e-1,1.0606509556e-1,2.4331415011e-1,4.4115998473e-1,3.1831559447e-1,6.249847134569295e-1,5.237220833923379e-1,5.7090716297e1,4.764e-1
1940.340909,1.0839412974e-1,1.8593973166e-1,8.7988499005e-2,3.2906235819e-1,5.3858468404e-1,6.249847013142633e-1,5.237220522459421e-1,8.0598819539e1,3.520e-1
1941.287879,1.1606412233e-1,4.9643715942e-2,7.4861845317e-1,2.1038033092e-1,1.2526275387e-1,6.249846881197576e-1,5.237220354846281e-1,2.8912070203e1,4.405e-1
1942.234848,1.1856130581e-1,6.4348983832e-2,6.0538598389e-2,4.2473621743e-1,5.8178425075e-1,6.249846781053288e-1,5.237220140301473e-1,8.8732230461e1,6.860e-1
1943.181818,1.4441474281e-1,2.4087439452e-1,5.5636680011e-1,2.3509353445e-1,7.3219860767e-2,6.249846663274302e-1,5.237219942938975e-1,2.1900025842e1,4.790e-1
1944.128788,3.4999376675e-1,1.6544698974e-1,2.9790075227e-1,1.8750751910e-1,2.4912029951e-1,6.249846636874415e-1,5.237219867732136e-1,4.0776735829e1,4.239e-1
1945.075758,4.3269617811e-1,1.8961765177e-1,1.6781896056e-1,1.8619404265e-1,2.7364248801e-1,6.249846605478191e-1,5.237219804433093e-1,4.2922582907e1,4.030e-1
1946.022727,3.2145775909e-1,4.7669024866e-1,1.0989856273e-1,3.9395864568e-2,3.0252688491e-1,6.249846599783198e-1,5.237219773302303e-1,4.1977406813e1,5.482e-1
1946.969697,2.7341219339e-1,6.3407545382e-1,8.3236773340e-2,5.2608348148e-2,2.0663655106e-1,6.249846598784100e-1,5.237219772088767e-1,3.0203696867e1,7.728e-1
1947.916667,3.7424776248e-1,1.5701816984e-1,2.3189469375e-1,3.4438609662e-1,1.4242259053e-1,6.249846566148618e-1,5.237219801855970e-1,3.1606764451e1,5.586e-1
1948.863636,3.5700747279e-1,9.0629839705e-2,1.2598841634e-2,3.5843292369e-1,4.3130022010e-1,6.249846489609445e-1,5.237219676465857e-1,6.7136835880e1,5.852e-1
1949.810606,1.9831131130e-1,2.9923013296e-1,8.8833098635e-2,2.6880165673e-1,3.9479308252e-1,6.249846410700521e-1,5.237219527911349e-1,6.0543448289e1,5.433e-1
1950.757576,6.3970675468e-2,7.3484833335e-1,2.2371939604e-1,1.1384496551e-1,1.1358590924e-1,6.249846398038829e-1,5.237219491289397e-1,2.1473472452e1,3.893e-1
1951.704545,2.3545283362e-2,1.8096861828e-1,4.0493240964e-1,3.2577630453e-1,3.1474665982e-1,6.249846378172621e-1,5.237219508910473e-1,5.4325583357e1,4.982e-1
1952.651515,3.7091937285e-2,2.3924982586e-1,8.3737264846e-1,1.1149153056e-1,2.4763314379e-2,6.249846282709733e-1,5.237219327049187e-1,1.3933460026e1,6.352e-1
1953.598485,1.2198380496e-1,3.2436852373e-1,4.4624812875e-1,2.4856574112e-1,1.0880305294e-1,6.249846257512656e-1,5.237219306149332e-1,2.6160608472e1,5.545e-1
1954.545455,1.8407478553e-1,4.2967364873e-2,1.0313882109e-1,4.7070424860e-1,4.4908401964e-1,6.249846198699412e-1,5.237219266508621e-1,7.3548373161e1,6.501e-1
1955.492424,1.7876935891e-1,4.4023987238e-1,3.0560169352e-1,1.9603362250e-1,1.2932468142e-1,6.249846143670006e-1,5.237219089255456e-1,2.6241313114e1,6.635e-1
1956.439394,2.5751399576e-1,4.4746560102e-1,3.7186605408e-1,4.7613852635e-2,1.2550972423e-1,6.249846138611704e-1,5.237219056019433e-1,2.1587504618e1,3.266e-1
1957.386364,3.8933642693e-1,2.3064124004e-1,3.0562887348e-1,3.0125694710e-1,2.3105737512e-2,6.249846125254419e-1,5.237219068059209e-1,1.5698738390e1,5.962e-1
1958.333333,3.0560600922e-1,3.6041760164e-1,1.2286878525e-1,2.0261975073e-1,2.5845707481e-1,6.249846108276718e-1,5.237219031080532e-1,4.1422926089e1,5.503e-1
1959.280303,1.3222008318e-1,3.8798275189e-1,4.5726518106e-1,4.0570976313e-2,2.3193022518e-1,6.249846088113239e-1,5.237218989269958e-1,3.5485537059e1,4.127e-1
1960.227273,4.2905151018e-2,2.2801501934e-1,3.7916380674e-1,4.9148083850e-1,1.0840438760e-1,6.249846016031320e-1,5.237219035898220e-1,3.3113941514e1,4.598e-1
1961.174242,2.3818305330e-2,1.8899209827e-1,7.2739788908e-2,4.6831126051e-1,4.9610771981e-1,6.249845864133823e-1,5.237218689154490e-1,7.9459560133e1,3.236e-1
1962.121212,2.8272965156e-2,3.6818008724e-1,3.3631416556e-2,3.4758067623e-1,4.7230400438e-1,6.249845747843608e-1,5.237218418529372e-1,7.2597042190e1,6.872e-1
1963.068182,4.7275953453e-2,2.8776215864e-1,4.4707560602e-1,1.4423134304e-1,3.2362407840e-1,6.249845697802237e-1,5.237218344061114e-1,5.0215052155e1,6.212e-1
1964.015152,7.2108160507e-2,2.4407405193e-1,1.9068295674e-1,5.9913756443e-1,1.4396638679e-1,6.249845601986678e-1,5.237218416223629e-1,3.9649765409e1,4.959e-1
1964.962121,1.4112364933e-1,1.6471996216e-1,1.2323594469e-2,5.5040066684e-1,3.8140121971e-1,6.249845462614890e-1,5.237218097635417e-1,6.6930767967e1,6.377e-1
1965.909091,2.6093638593e-1,4.3031427285e-2,3.9678872790e-2,5.2994953506e-1,3.7637284092e-1,6.249845309935630e-1,5.237217832733143e-1,6.5668070790e1,7.263e-1
1966.856061,2.9548564439e-1,6.2847848669e-3,2.7612743039e-1,3.9545956958e-1,2.7661160646e-1,6.249845178438481e-1,5.237217563598594e-1,5.0430323689e1,5.454e-1
1967.803030,1.9222109053e-1,1.3612990156e-1,3.0014094897e-1,3.1247291852e-1,3.0900415667e-1,6.249845081209162e-1,5.237217367652476e-1,5.2321163387e1,5.286e-1
1968.750000,1.4747005445e-1,6.6344064540e-2,2.0123013835e-1,3.5033500218e-1,4.8458973545e-1,6.249844974879257e-1,5.237217171066845e-1,7.5054470470e1,4.379e-1
1969.696970,9.5834461443e-2,1.6826527026e-1,4.1851363530e-4,4.2463452100e-1,5.6081619599e-1,6.249844811645590e-1,5.237216895077033e-1,8.5760573639e1,6.313e-1
1970.643939,7.5705628978e-2,1.2623841438e-1,1.1288476558e-1,4.8762381312e-1,4.4751630436e-1,6.249844632094866e-1,5.237216656098111e-1,7.4079456746e1,5.849e-1
1971.590909,6.8551375355e-2,3.6271947396e-1,1.6632243666e-1,4.8563773031e-1,1.6673788557e-1,6.249844509253047e-1,5.237216460824244e-1,3.8973150851e1,5.997e-1
1972.537879,1.6367904841e-1,3.0425903425e-1,5.5806853506e-1,1.8366760229e-1,4.0294676289e-2,6.249844481457918e-1,5.237216305089961e-1,1.6189987711e1,2.687e-1
1973.484848,3.6332014859e-1,1.2948699857e-1,1.8965998378e-1,2.1481024062e-1,3.5269151561e-1,6.249844435848479e-1,5.237216217515916e-1,5.3976355640e1,3.904e-1
1974.431818,3.4329747050e-1,1.8265829952e-1,2.6327157437e-1,2.1673999410e-1,2.4400153951e-1,6.249844389931035e-1,5.237216150717467e-1,4.0811014797e1,4.720e-1
1975.378788,1.2502840466e-1,4.8538205357e-1,4.4412663886e-1,6.0314007704e-2,1.3511776941e-1,6.249844370976809e-1,5.237216095846275e-1,2.3811414151e1,4.443e-1
1976.325758,4.3402573124e-2,3.2960693076e-1,4.5926446552e-1,3.3268388627e-1,8.5011016163e-2,6.249844359200228e-1,5.237216124302013e-1,2.5882325302e1,5.615e-1
1977.272727,4.8841967657e-2,4.8031619231e-2,8.6472904082e-2,8.0237298569e-1,2.6424937576e-1,6.249844262091317e-1,5.237216349708496e-1,6.0312123094e1,7.397e-1
1978.219697,4.8422982524e-2,1.9948684002e-1,3.6018685962e-1,4.8810570753e-1,1.5376643852e-1,6.249844141026838e-1,5.237215785205908e-1,3.8606166820e1,5.868e-1
1979.166667,8.8885369765e-2,1.4202277760e-1,4.1808466534e-1,5.6386587986e-1,3.7110114616e-2,6.249844035921052e-1,5.237215685265877e-1,2.6466968389e1,3.768e-1
1980.113636,1.2559224487e-1,3.8970503799e-2,5.4291610732e-2,5.5888788812e-1,4.7222653632e-1,6.249843919203617e-1,5.237215401790255e-1,7.8904479085e1,3.178e-1
1981.060606,1.6159514790e-1,6.8105829709e-2,6.0483920191e-1,2.8555931468e-1,1.2986925924e-1,6.249843767192491e-1,5.237215080273994e-1,3.0816886101e1,3.933e-1
1982.007576,2.5299146127e-1,3.6681483583e-2,7.4537230425e-2,3.2510462807e-1,5.6065393714e-1,6.249843702443875e-1,5.237214888368253e-1,8.2963208593e1,7.113e-1
1982.954545,2.7898078645e-1,1.4547368990e-2,1.1194231392e-1,3.6034304125e-1,4.8415519953e-1,6.249843550668991e-1,5.237214652437749e-1,7.4566966502e1,4.228e-1
1983.901515,2.2303625628e-1,1.1915408667e-1,2.5022008576e-1,2.8126835443e-1,3.7628990749e-1,6.249843453153417e-1,5.237214475192813e-1,5.9517282488e1,5.045e-1
1984.848485,1.5466744511e-1,3.0602864993e-1,1.6924243476e-1,4.3128187103e-1,1.8874827714e-1,6.249843389820473e-1,5.237214424108265e-1,4.0004129847e1,5.527e-1
1985.795455,9.0189310471e-2,5.3730624325e-1,2.2732675419e-1,2.6338034047e-1,1.3176602924e-1,6.249843388074645e-1,5.237214354193447e-1,2.8232543812e1,4.813e-1
1986.742424,4.4103983463e-2,2.1654088713e-1,7.0163201009e-1,8.6433129348e-2,2.0125866219e-1,6.249843361082760e-1,5.237214296351170e-1,3.4595158746e1,6.289e-1
1987.689394,2.0989422346e-2,2.6886403912e-1,1.7149216836e-1,2.6953255808e-1,5.1909046672e-1,6.249843273091116e-1,5.237214103669272e-1,7.6988781735e1,6.969e-1
1988.636364,5.7894563476e-3,9.1044406519e-1,1.9380455844e-1,4.2619856767e-2,9.7310715138e-2,6.249843259418708e-1,5.237214072338692e-1,1.7193826280e1,3.403e-1
1989.583333,6.4240120466e-3,3.1434108992e-1,1.8671709913e-1,3.7998568065e-1,3.6250076579e-1,6.249843237684117e-1,5.237214102036898e-1,6.0685270781e1,5.219e-1
1990.530303,1.7168541392e-2,3.8524861377e-1,6.2365486358e-1,1.3543828006e-1,8.8458334611e-2,6.249843167067213e-1,5.237213933353956e-1,2.1425012199e1,7.661e-1
1991.477273,6.0986825779e-2,5.3694086241e-1,5.4164940780e-1,1.3205482375e-2,9.7186054086e-2,6.249843162264532e-1,5.237213919632037e-1,1.8299960759e1,7.175e-1
1992.424242,1.3637577577e-1,3.2257041041e-1,4.6072194509e-2,4.1259198777e-1,3.3235825397e-1,6.249843112121669e-1,5.237213934532324e-1,5.6826706382e1,5.048e-1
1993.371212,2.8151842371e-1,4.0325484596e-1,4.0657072639e-1,8.7532550760e-2,7.1092070186e-2,6.249843085020762e-1,5.237213805833242e-1,1.6100661323e1,6.308e-1
1994.318182,6.4296356702e-1,4.5420939088e-1,1.1116298848e-1,7.1238397387e-3,3.4508831417e-2,6.249843087719028e-1,5.237213803281735e-1,6.7642977661e0,4.665e-1
1995.265152,8.2202800459e-1,3.2223001824e-1,1.4057072235e-2,7.2222464867e-2,1.9431057843e-2,6.249843088884971e-1,5.237213803022394e-1,5.9662248963e0,5.669e-1
1996.212121,5.6547543649e-1,4.0449590851e-1,2.3396024763e-1,3.8609382682e-2,7.4276425524e-3,6.249843089301022e-1,5.237213803016912e-1,5.1496500088e0,4.672e-1
1997.159091,2.5354700950e-1,5.3122831257e-1,3.1390612692e-1,5.3227729906e-2,9.8059438366e-2,6.249843086270473e-1,5.237213802697285e-1,1.7955374613e1,6.664e-1
1998.106061,1.0412793561e-1,3.8088175050e-1,2.8382553536e-1,3.7562164827e-1,1.0551174502e-1,6.249843073773730e-1,5.237213833313553e-1,2.8609827858e1,4.298e-1
1999.053030,5.2181284470e-2,7.0748620856e-2,2.0176514089e-1,7.5887522803e-1,1.6639832776e-1,6.249843010035334e-1,5.237213967744196e-1,4.7364702261e1,5.910e-1
2000.000000,3.7648998155e-2,3.1694152998e-2,3.8586865294e-1,7.5095584153e-1,4.3800918641e-2,6.249842821328836e-1,5.237213664312627e-1,3.2806266544e1,8.557e-1
2000.946970,3.6519736106e-2,1.7045571194e-1,8.9605453299e-2,5.6426323613e-1,3.8912440576e-1,6.249842716170291e-1,5.237213225629103e-1,6.8940362411e1,7.512e-1
2001.893939,4.6655949981e-2,1.0740787917e-1,2.4957099655e-1,7.7394210281e-1,7.2391585873e-2,6.249842571934630e-1,5.237213204531554e-1,3.6266981987e1,6.369e-1
2002.840909,7.1044834322e-2,1.1617532740e-1,1.3286270274e-1,5.6930050698e-1,3.6058511766e-1,6.249842445525713e-1,5.237212726069316e-1,6.5703285977e1,3.549e-1
2003.787879,1.2912665945e-1,7.4420601326e-2,1.2366775564e-1,7.8856313793e-1,1.3419030611e-1,6.249842302270959e-1,5.237212688294555e-1,4.3613126173e1,3.632e-1
2004.734848,1.5778449864e-1,1.6011712447e-3,3.4184662396e-1,5.9158181197e-1,1.5715433079e-1,6.249842183037972e-1,5.237212274966376e-1,4.1863239907e1,5.291e-1
2005.681818,1.3519799018e-1,2.6002239587e-2,1.2404578226e-2,7.6420332686e-1,3.1216026948e-1,6.249842021639054e-1,5.237212102146442e-1,6.4629861053e1,8.277e-1
2006.628788,8.8550996866e-2,8.1942956803e-2,1.5758690757e-1,7.8600437350e-1,1.3588313503e-1,6.249841848878833e-1,5.237211827762286e-1,4.4014037909e1,8.150e-1
2007.575758,6.9849222683e-2,4.9021854783e-2,4.2191335793e-1,4.7788479337e-1,2.3129912346e-1,6.249841761114483e-1,5.237211388828708e-1,4.8406876375e1,5.939e-1
2008.522727,8.3723980361e-2,1.4380148042e-2,1.2372593035e-1,6.9434423105e-1,3.3379402348e-1,6.249841566407204e-1,5.237211187110371e-1,6.6005080128e1,3.474e-1
2009.469697,9.2200069945e-2,2.2245885591e-4,4.5421324111e-1,3.2851711567e-1,3.7481540881e-1,6.249841471961726e-1,5.237210783282655e-1,6.2169170911e1,4.879e-1
2010.416667,8.5976049984e-2,5.4368665790e-3,2.1330707619e-1,4.2444000541e-1,5.2080825659e-1,6.249841273817529e-1,5.237210407116123e-1,8.2005855385e1,7.217e-1
2011.363636,7.6370746908e-2,6.2063338045e-3,3.7364249052e-1,2.1348434195e-1,5.8026432753e-1,6.249841203588048e-1,5.237210206967980e-1,8.4145070832e1,7.562e-1
2012.310606,5.8137460241e-2,5.0934152090e-2,3.2597600946e-1,2.4037848785e-1,5.7454209104e-1,6.249841003440391e-1,5.237209815679713e-1,8.3972244375e1,4.156e-1
2013.257576,2.5516957317e-2,4.5573877496e-1,3.3417693702e-1,1.2342896713e-1,3.1110655441e-1,6.249840954191644e-1,5.237209747179317e-1,4.7369017437e1,3.505e-1
2014.204545,2.4826569600e-2,6.6802852761e-1,2.9672953735e-1,2.1455332900e-1,4.5830226648e-2,6.249840951063531e-1,5.237209735395814e-1,1.6454282178e1,5.939e-1
2015.151515,8.7455288173e-2,2.2323936849e-1,7.0109122322e-1,1.1604386004e-1,1.2213844760e-1,6.249840937679589e-1,5.237209736228322e-1,2.5446060981e1,4.308e-1
2016.098485,1.3626713327e-1,1.1163752833e-1,1.7099738899e-2,2.1722314643e-1,7.6774062633e-1,6.249840866333110e-1,5.237209512863560e-1,1.0565014739e2,2.742e-1
2017.045455,1.7517487456e-1,1.4593242838e-1,3.4444187764e-1,2.4821168113e-1,3.3620728250e-1,6.249840721039411e-1,5.237209324868795e-1,5.4112293272e1,5.712e-1
2017.992424,1.8721588330e-1,6.8388411318e-1,1.5897985168e-1,1.9879655785e-1,2.1091737469e-2,6.249840717423514e-1,5.237209292945271e-1,1.1794447229e1,7.351e-1
2018.939394,3.2542224016e-1,4.6520689724e-1,2.5298873759e-1,5.6229618312e-2,1.5012064904e-1,6.249840711760409e-1,5.237209290082903e-1,2.4131825679e1,4.935e-1
2019.886364,3.9839955122e-1,1.9736642226e-1,2.0216054779e-1,3.9007694995e-1,6.1964669089e-2,6.249840701493362e-1,5.237209326657091e-1,2.2625157044e1,6.291e-1
2020.833333,2.2153086923e-1,4.2449007495e-1,4.8306808496e-1,6.8031363379e-2,5.2847744012e-2,6.249840682693770e-1,5.237209246116731e-1,1.3765805126e1,6.883e-1
2021.780303,6.5627359428e-2,5.4338280155e-1,4.3740846588e-1,1.5058119494e-1,5.2968312976e-2,6.249840673877368e-1,5.237209240911450e-1,1.6217389309e1,6.571e-1
2022.727273,2.6667438507e-2,1.6196632243e-1,1.1080767094e-1,6.7847586688e-1,2.7205082637e-1,6.249840625597251e-1,5.237209445052741e-1,5.7757461247e1,6.392e-1
2023.674242,1.7388659873e-2,6.5523807150e-1,3.6247050665e-1,1.9365104793e-1,2.1219829289e-2,6.249840576250449e-1,5.237209070047458e-1,1.3131906209e1,5.028e-1
2024.621212,6.2102595045e-2,3.6725357603e-1,3.5709986980e-1,3.0144730567e-1,1.6206476625e-1,6.249840563947715e-1,5.237209082276043e-1,3.4012961269e1,5.546e-1
2025.568182,1.5236878095e-1,2.4008972509e-1,1.0409418476e-1,3.3329936680e-1,4.2011603913e-1,6.249840483696405e-1,5.237208954053059e-1,6.5829550065e1,4.644e-1
2026.515152,2.9842379223e-1,5.1901479450e-1,2.6555604184e-1,4.9233294874e-2,1.1774016807e-1,6.249840457570748e-1,5.237208875350592e-1,1.9957896769e1,3.744e-1
2027.462121,6.2729616847e-1,3.4804359300e-1,2.2557025507e-1,1.3083343288e-2,3.5974732111e-2,6.249840459704350e-1,5.237208869607622e-1,7.8377300062e0,5.701e-1
2028.409091,8.1032277074e-1,2.7745779639e-1,3.1343106412e-2,2.9540906704e-2,1.0130351170e-1,6.249840459703349e-1,5.237208868521186e-1,1.5122980341e1,5.336e-1
2029.356061,5.2321203126e-1,5.9527844084e-1,1.1586523205e-1,1.3009255050e-2,2.6031329997e-3,6.249840461001692e-1,5.237208868199443e-1,3.1285819393e0,7.620e-1
2030.303030,2.3297058566e-1,3.9661896051e-1,3.3929366374e-1,1.7831478556e-1,1.0277009612e-1,6.249840457871864e-1,5.237208871014186e-1,2.2484717964e1,4.731e-1
2031.250000,1.2338507462e-1,2.3236434141e-1,6.3947089062e-2,4.4451243397e-1,3.8575914016e-1,6.249840396170528e-1,5.237208869866309e-1,6.4639565761e1,5.771e-1
2032.196970,7.4597708424e-2,1.8134451110e-1,5.8097223705e-1,1.1460286252e-1,2.9845073675e-1,6.249840279261879e-1,5.237208614640612e-1,4.6916751678e1,5.153e-1
2033.143939,2.6834911028e-2,4.6334883359e-1,1.2053948297e-1,1.9559459758e-1,4.4365022783e-1,6.249840265004695e-1,5.237208568072003e-1,6.4950687271e1,4.682e-1
2034.090909,1.3455678235e-2,5.0231767594e-2,3.3673728635e-1,3.0986344163e-1,5.3967986436e-1,6.249840190842033e-1,5.237208471723216e-1,8.1795742436e1,3.381e-1
2035.037879,9.2642314117e-3,1.0595093979e-1,8.4053878639e-1,2.7970420573e-1,1.4509844561e-2,6.249840039409996e-1,5.237208275159313e-1,1.7748638973e1,3.201e-1
2035.984848,3.8321335425e-3,3.0142728675e-1,8.1416063732e-2,4.0942929865e-1,4.5386321188e-1,6.249839972824489e-1,5.237208110046004e-1,7.2452327828e1,5.166e-1
2036.931818,2.2879634363e-3,2.1522990041e-1,1.8948716422e-1,6.5979456300e-1,1.8316837900e-1,6.249839850323061e-1,5.237208145164818e-1,4.6506479624e1,6.477e-1
2037.878788,1.5517668281e-3,1.9101637409e-1,2.3212819536e-1,6.4796939928e-1,1.7730220699e-1,6.249839712671563e-1,5.237207868189353e-1,4.5669537466e1,8.030e-1
2038.825758,1.5977478514e-3,3.7057870230e-1,4.4532414085e-2,6.3840198404e-1,1.9485706936e-1,6.249839588237374e-1,5.237207606366818e-1,4.6468783959e1,7.966e-1
2039.772727,3.3319673775e-3,1.0164298396e-1,7.5143855929e-1,2.5455836221e-1,1.3899602657e-1,6.249839497038781e-1,5.237207275130268e-1,3.2153819418e1,5.004e-1
2040.719697,5.1213771785e-3,1.0749312159e-1,6.5855172817e-1,4.3042576738e-1,4.8375885614e-2,6.249839399664329e-1,5.237207185024191e-1,2.5451698672e1,5.862e-1
2041.666667,1.0248392361e-2,5.2989998295e-1,1.5516034571e-1,4.8478187759e-1,6.9877274927e-2,6.249839367673364e-1,5.237207115823526e-1,2.6763518201e1,6.445e-1
2042.613636,1.8522290759e-2,1.8563155710e-1,2.3784823797e-1,6.0277764102e-1,2.0518813886e-1,6.249839328519179e-1,5.237207185435008e-1,4.7836276450e1,7.715e-1
2043.560606,2.7681358654e-2,4.0915685345e-1,2.9407708422e-1,2.2799427561e-1,2.9105827603e-1,6.249839239869142e-1,5.237206788093729e-1,4.7736047212e1,5.186e-1
2044.507576,7.1837592470e-2,8.5316198333e-1,2.6429157120e-1,2.7209362964e-2,3.3467337259e-2,6.249839236132891e-1,5.237206762438277e-1,9.0110941166e0,4.755e-1
2045.454545,1.6389274832e-1,2.1837542825e-1,9.5821984044e-2,4.5891350986e-1,3.1296416962e-1,6.249839200430218e-1,5.237206832242167e-1,5.6029919130e1,6.754e-1
2046.401515,2.7040121037e-1,4.9515720183e-1,3.6461469775e-1,8.6542493493e-2,3.3252229809e-2,6.249839166242782e-1,5.237206659189285e-1,1.1068077798e1,3.752e-1
2047.348485,6.5401597293e-1,4.2402454803e-1,1.2494656563e-1,4.6925441648e-2,5.5305412363e-5,6.249839168251734e-1,5.237206656450816e-1,3.6833228331e0,8.006e-1
2048.295455,7.4334040369e-1,3.6948691128e-1,2.4524333323e-2,7.5020763830e-2,3.7595421265e-2,6.249839166940246e-1,5.237206656603636e-1,8.5197170555e0,8.178e-1
2049.242424,5.1370273187e-1,3.3753527149e-1,1.5473860265e-1,1.7086327386e-1,7.3127952581e-2,6.249839162250266e-1,5.237206662214107e-1,1.6997833424e1,4.266e-1
2050.189394,3.3552824405e-1,2.9849878677e-1,5.5640683759e-2,3.1741102984e-1,2.4288908119e-1,6.249839127995642e-1,5.237206663503930e-1,4.2456842512e1,5.358e-1
2051.136364,2.3698278829e-1,1.8374310730e-1,6.2344794664e-2,5.1263052372e-1,2.5426659737e-1,6.249839056698033e-1,5.237206677219349e-1,4.9935037188e1,5.694e-1
2052.083333,1.4015220020e-1,4.5154377880e-1,4.1119472028e-1,1.8538349842e-1,6.1693608187e-2,6.249839029489186e-1,5.237206511342128e-1,1.8091775218e1,4.835e-1
2053.030303,4.1019349675e-2,2.8514963973e-1,7.3575740329e-1,1.3738971372e-1,5.0651695425e-2,6.249839009219129e-1,5.237206479881028e-1,1.7356756034e1,5.157e-1
2053.977273,1.9675007512e-2,3.1746531175e-1,2.4191054963e-1,3.0722721544e-1,3.6368970392e-1,6.249838941290962e-1,5.237206381407663e-1,5.8963605521e1,4.633e-1
2054.924242,5.0483159699e-2,9.0385170156e-1,2.1341946026e-1,4.7071209344e-2,3.5142255936e-2,6.249838934026916e-1,5.237206322383186e-1,9.5447881239e0,5.525e-1
2055.871212,1.7090997380e-1,2.3470753308e-1,1.3358963566e-1,3.4415966321e-1,3.6660097548e-1,6.249838906121850e-1,5.237206340717301e-1,5.9561621223e1,5.897e-1
2056.818182,2.9463676408e-1,1.8144131684e-1,3.6948385787e-1,1.9145999027e-1,2.1294583638e-1,6.249838827185930e-1,5.237206186938387e-1,3.6849858624e1,4.063e-1
2057.765152,4.6934746784e-1,6.1434618226e-1,4.6705496394e-2,9.3282745039e-2,2.6285874199e-2,6.249838828675729e-1,5.237206161790166e-1,8.1866498083e0,6.759e-1
2058.712121,7.9963425065e-1,2.4626547431e-1,6.9267330234e-2,7.5466985757e-2,5.9333725231e-2,6.249838830909807e-1,5.237206159665445e-1,1.1456147090e1,8.291e-1
2059.659091,6.3028344455e-1,5.2650331006e-1,4.3235246218e-2,2.8896878414e-2,2.1048887057e-2,6.249838831460897e-1,5.237206159706456e-1,5.3329879647e0,4.455e-1
2060.606061,4.6440712213e-1,4.6645495988e-1,9.3898472944e-2,6.8327243870e-2,1.5687996702e-1,6.249838829207014e-1,5.237206159959329e-1,2.4183408847e1,6.206e-1
2061.553030,2.5641208368e-1,6.8683179374e-1,1.1408070016e-1,4.1166102851e-2,1.5147708527e-1,6.249838828450666e-1,5.237206159422784e-1,2.3120897436e1,3.144e-1
2062.500000,1.8371130112e-1,3.1680621313e-1,5.3108052670e-1,3.5508598946e-2,1.8286112495e-1,6.249838824229472e-1,5.237206156593394e-1,2.9516611450e1,7.275e-1
2063.446970,1.0241721030e-1,2.8709236801e-1,2.8849885020e-1,5.6634364948e-1,5.6156840223e-3,6.249838810077363e-1,5.237206218016306e-1,2.1775188481e1,5.114e-1
2064.393939,4.7013959621e-2,1.5140078189e-1,3.6133494984e-1,6.7004911406e-1,2.0168948230e-2,6.249838768256936e-1,5.237206250934262e-1,2.7240185166e1,3.812e-1
2065.340909,3.1849714950e-2,5.4612442928e-2,8.7896481642e-2,8.4002132418e-1,2.3558776344e-1,6.249838635718411e-1,5.237206222529067e-1,5.7864237691e1,2.364e-1
2066.287879,2.7608116247e-2,3.8451665697e-2,1.0247091140e-1,7.1090575246e-1,3.7053123941e-1,6.249838426036006e-1,5.237205606445715e-1,7.1087457403e1,7.040e-1
2067.234848,2.3203904537e-2,1.9918263711e-1,2.9424974379e-1,5.9119722928e-1,1.4213413839e-1,6.249838265553207e-1,5.237205209054093e-1,3.9875446228e1,7.649e-1
2068.181818,4.9305874621e-2,3.5772856502e-1,5.7964779687e-1,1.0102418411e-1,1.6226121975e-1,6.249838201818660e-1,5.237204959782563e-1,2.9379502461e1,4.280e-1
2069.128788,1.4347269317e-1,4.9412831251e-1,3.6582437106e-1,1.6843349042e-1,7.8108773199e-2,6.249838201836508e-1,5.237204952556398e-1,1.9374382603e1,3.753e-1
2070.075758,3.1230010476e-1,4.9602675838e-1,3.3563850909e-1,8.5588853201e-3,9.7443381689e-2,6.249838196155161e-1,5.237204941675448e-1,1.6579948828e1,6.667e-1
2071.022727,5.9151467759e-1,4.1053541697e-1,1.9315848363e-1,5.3514456090e-2,1.2446052739e-3,6.249838197822741e-1,5.237204940645266e-1,4.5338681118e0,4.277e-1
2071.969697,8.3445698657e-1,2.7923129271e-1,3.4152149062e-2,9.5291301686e-2,6.8359094691e-3,6.249838197464969e-1,5.237204940754900e-1,5.1732263372e0,5.281e-1
2072.916667,5.9259338146e-1,5.1089330531e-1,6.3374146585e-2,6.3538327523e-2,1.9568478191e-2,6.249838195348337e-1,5.237204940976178e-1,6.3630681632e0,4.053e-1
2073.863636,3.0824317395e-1,2.9501889875e-1,4.1710449407e-1,1.6928784509e-1,6.0313226099e-2,6.249838189751041e-1,5.237204943172534e-1,1.7218299320e1,6.375e-1
2074.810606,1.5552502849e-1,2.4212016220e-1,4.1929402313e-2,5.3491868161e-1,2.7547435191e-1,6.249838132650100e-1,5.237205011373354e-1,5.3275552914e1,7.313e-1
2075.757576,7.0617957681e-2,2.4405612628e-1,5.4475171030e-1,1.3141440122e-1,2.5912741208e-1,6.249838037774013e-1,5.237204726114135e-1,4.2255004498e1,7.381e-1
2076.704545,2.7878127578e-2,4.7008250187e-1,1.8406293313e-1,2.2411607959e-1,3.4382796234e-1,6.249838022584782e-1,5.237204697170127e-1,5.3608301259e1,6.275e-1
2077.651515,3.2770688794e-2,5.6738359809e-2,1.7923788187e-1,4.9146466241e-1,4.8975599567e-1,6.249837942774661e-1,5.237204668819260e-1,7.9979401762e1,6.489e-1
2078.598485,3.4637539024e-2,2.4705741122e-1,5.5242463322e-1,3.8819191157e-1,2.7656068133e-2,6.249837815840775e-1,5.237204427077200e-1,2.0892948549e1,6.894e-1
2079.545455,8.1529190208e-2,2.3908041203e-1,6.0320314285e-1,1.7900643912e-1,1.4714836912e-1,6.249837766636739e-1,5.237204258308015e-1,2.9907747862e1,7.669e-1
2080.492424,1.3818905074e-1,9.0026272503e-2,1.0062490564e-1,5.1215802661e-1,4.0896928917e-1,6.249837723304786e-1,5.237204270703797e-1,6.9791272180e1,5.791e-1
2081.439394,2.1729977376e-1,5.0559163322e-1,3.2332046691e-1,1.3611083652e-1,6.7644821771e-2,6.249837660888519e-1,5.237204046130465e-1,1.6720480844e1,4.589e-1
2082.386364,5.0777840452e-1,4.2208065148e-1,1.1635093428e-1,1.4540346450e-1,5.8354077942e-2,6.249837663585427e-1,5.237204032600075e-1,1.4151090820e1,7.030e-1
2083.333333,6.5428210942e-1,3.1168297332e-1,1.0209837759e-1,1.2610677005e-1,5.5797301455e-2,6.249837659139728e-1,5.237204024206672e-1,1.2944765250e1,6.450e-1
2084.280303,5.1310921774e-1,4.5957973613e-1,1.9730725682e-1,3.7341617685e-2,4.2629703935e-2,6.249837661543127e-1,5.237204021399037e-1,9.4057060053e0,6.001e-1
2085.227273,3.7161259711e-1,4.6909944030e-1,1.8571084922e-1,2.4632567409e-2,1.9891207774e-1,6.249837658896202e-1,5.237204021133685e-1,2.8858680080e1,3.341e-1
2086.174242,2.1996088868e-1,5.2320885756e-1,1.4740778093e-1,2.7446632842e-1,8.4923672854e-2,6.249837642210663e-1,5.237204044626025e-1,2.1988813042e1,3.986e-1
2087.121212,2.3613836618e-1,7.7032976749e-2,8.7451525229e-2,5.4335156232e-1,3.0599308310e-1,6.249837567874956e-1,5.237204088164825e-1,5.7526111970e1,4.826e-1
2088.068182,2.2104441879e-1,7.8352742525e-2,6.4829360186e-1,2.7639043382e-1,2.5886299519e-2,6.249837482594821e-1,5.237203841635134e-1,1.7611516730e1,4.685e-1
2089.015152,9.2188656641e-2,2.8882538548e-1,7.6590113093e-2,5.3733226340e-1,2.5503106198e-1,6.249837402931249e-1,5.237203831910379e-1,5.1075074366e1,6.808e-1
2089.962121,4.0076123253e-2,2.9468661760e-1,5.9997999309e-2,5.4377470503e-1,3.1143200898e-1,6.249837270862335e-1,5.237203616692505e-1,5.8353483002e1,7.221e-1
2090.909091,2.2549600964e-2,1.4994123252e-1,6.2321452911e-1,3.5960407238e-1,9.4657993227e-2,6.249837140996963e-1,5.237203367077820e-1,2.8920426948e1,5.778e-1
2091.856061,2.8379450266e-2,1.1860278391e-1,1.9236502874e-1,4.7972812379e-1,4.3089202113e-1,6.249837039206043e-1,5.237203193634983e-1,7.2295794189e1,6.918e-1
2092.803030,7.9997850453e-2,7.2098139748e-1,1.9231130135e-1,1.4083213881e-1,1.1584471012e-1,6.249836991049069e-1,5.237202985904330e-1,2.2355203468e1,3.922e-1
2093.750000,2.8309922519e-1,4.0812595125e-1,2.6586163484e-1,1.7609326584e-1,1.1678732071e-1,6.249836989132845e-1,5.237202979285837e-1,2.3668456152e1,4.039e-1
2094.696970,4.0685909978e-1,1.8534184067e-1,2.2003840930e-1,3.4408014217e-1,9.3647903121e-2,6.249836975211007e-1,5.237202990585118e-1,2.5331916655e1,5.682e-1
2095.643939,2.7734455464e-1,4.5916707068e-1,2.9149395385e-1,1.6722858473e-1,5.4733228907e-2,6.249836964054319e-1,5.237202925022405e-1,1.5746126061e1,4.065e-1
2096.590909,1.6881291271e-1,5.0424607735e-1,4.5889408502e-1,6.6260294180e-2,5.1754021848e-2,6.249836955545754e-1,5.237202918359062e-1,1.3508895502e1,7.045e-1
2097.537879,1.4435595422e-1,1.7142255207e-1,9.8313344386e-2,4.2494696982e-1,4.1092856076e-1,6.249836906264140e-1,5.237202920273560e-1,6.7398688647e1,5.248e-1
2098.484848,9.6763290232e-2,8.3587410161e-1,2.3509882684e-1,5.8288343287e-2,2.3942814906e-2,6.249836884375659e-1,5.237202785253851e-1,8.5308277562e0,6.124e-1
2099.431818,1.3695746895e-1,3.8240901538e-1,3.4192323922e-1,2.6834736033e-1,1.2033029006e-1,6.249836869611761e-1,5.237202812367454e-1,2.7558075337e1,6.161e-1
2100.378788,2.0067101879e-1,1.2703113149e-1,4.1492014240e-1,2.6006501357e-1,2.4728005161e-1,6.249836789307285e-1,5.237202707473945e-1,4.3647685951e1,3.741e-1
2101.325758,2.1247692558e-1,6.4507353966e-1,5.9406327595e-2,1.7601808046e-1,1.5699248293e-1,6.249836781174987e-1,5.237202660586858e-1,2.7599252553e1,5.192e-1
2102.272727,3.0074627690e-1,4.2594947088e-1,8.0084914935e-2,2.6624861089e-1,1.7693808145e-1,6.249836775304078e-1,5.237202659354053e-1,3.2810981374e1,5.880e-1
2103.219697,3.8173087037e-1,1.3025634889e-1,5.2747226632e-1,1.5084672558e-1,5.9661138210e-2,6.249836746828605e-1,5.237202619887297e-1,1.7134877173e1,5.537e-1
2104.166667,2.1534315622e-1,3.9284371306e-1,1.2484031787e-1,1.7544917879e-1,3.4149097873e-1,6.249836723399669e-1,5.237202576310135e-1,5.1217300546e1,6.195e-1
2105.113636,8.4143793912e-2,2.4648181857e-1,3.4158295000e-1,2.6329063163e-1,3.1446814687e-1,6.249836704928979e-1,5.237202563704116e-1,5.1944922146e1,5.797e-1
2106.060606,4.8036882505e-2,2.0479217683e-1,3.4085598045e-2,5.6120391661e-1,4.0184873803e-1,6.249836560087676e-1,5.237202454797760e-1,7.0101451378e1,7.464e-1
2107.007576,6.3820866938e-2,7.5284312156e-2,6.5306620841e-1,2.0935429787e-1,2.4844160874e-1,6.249836470628243e-1,5.237202210554670e-1,4.3906872176e1,7.911e-1
2107.954545,1.0713676975e-1,1.2970181850e-1,5.2270393672e-1,3.0469971174e-1,1.8572503334e-1,6.249836350213857e-1,5.237202028665501e-1,3.8017798558e1,7.006e-1
2108.901515,2.5509212766e-1,5.3171086328e-1,1.4253596830e-1,2.6930546345e-1,5.1322846687e-2,6.249836346883909e-1,5.237201969039305e-1,1.7518354743e1,3.790e-1
2109.848485,5.4654192283e-1,3.6533819869e-1,7.0991659872e-2,1.2286904461e-1,1.4422644247e-1,6.249836342347295e-1,5.237201946588288e-1,2.3964674701e1,5.994e-1
2110.795455,6.7682025306e-1,2.9031647693e-1,9.5272056897e-2,3.3636358118e-2,1.5392212275e-1,6.249836338766824e-1,5.237201934100492e-1,2.2459614708e1,5.075e-1
2111.742424,5.2836548925e-1,4.2181741862e-1,1.7157554354e-1,4.1732133084e-2,8.6476682799e-2,6.249836336447525e-1,5.237201934410692e-1,1.4884865587e1,7.019e-1
2112.689394,3.9647620011e-1,2.5820129577e-1,2.3276294378e-1,2.7485432144e-1,8.7672504489e-2,6.249836327947920e-1,5.237201956846042e-1,2.2594163103e1,6.180e-1
2113.636364,1.5627980408e-1,2.2529493697e-1,6.8540266593e-1,1.2776968211e-1,5.5220169012e-2,6.249836290536114e-1,5.237201901988480e-1,1.7168762565e1,5.520e-1
2114.583333,8.5837069887e-2,9.4914705808e-2,6.0373310298e-2,3.7218241791e-1,6.3665973768e-1,6.249836207897597e-1,5.237201743506794e-1,9.4118018225e1,6.225e-1
2115.530303,8.3028583716e-2,5.0025692182e-2,6.2162649146e-1,3.4000732273e-1,1.5527912930e-1,6.249836096916852e-1,5.237201649791153e-1,3.5870540485e1,3.934e-1
2116.477273,1.2117153724e-1,5.8659153061e-2,5.7359823557e-1,3.1268756400e-1,1.8385070718e-1,6.249835985266239e-1,5.237201387075393e-1,3.8305582527e1,5.677e-1
2117.424242,2.1533636266e-1,1.6424247816e-1,3.6808071608e-2,5.2344993783e-1,3.1013033716e-1,6.249835937114492e-1,5.237201374701071e-1,5.7177698878e1,4.543e-1
2118.371212,3.3885776080e-1,4.4337926406e-2,2.1535957177e-2,4.1822030244e-1,4.2701521785e-1,6.249835823380288e-1,5.237201113616857e-1,6.8471389953e1,6.169e-1
2119.318182,3.0870799681e-1,6.0757896586e-2,2.2988502187e-1,3.1223454539e-1,3.3838168196e-1,6.249835713127060e-1,5.237200911445595e-1,5.5419310710e1,5.440e-1
2120.265152,1.7162060956e-1,1.3327297578e-1,4.7718155315e-1,3.0901839123e-1,1.5887359770e-1,6.249835637129766e-1,5.237200820811324e-1,3.4394217707e1,5.199e-1
2121.212121,1.3915588217e-1,5.6134962380e-2,3.5981084909e-2,6.4279015806e-1,3.7590501555e-1,6.249835515324280e-1,5.237200783287551e-1,6.9154823593e1,6.212e-1
2122.159091,9.5641048519e-2,2.3240906815e-1,3.3030748412e-1,5.3363308355e-1,5.7976388532e-2,6.249835364375028e-1,5.237200433122253e-1,2.7652334939e1,4.310e-1
2123.106061,1.3053301678e-1,4.8633404658e-1,5.0808387875e-1,8.9642543033e-2,3.5373580431e-2,6.249835327879690e-1,5.237200216466540e-1,1.2498985304e1,5.854e-1
2124.053030,3.9949095645e-1,2.0616066369e-1,3.5121838211e-1,1.2466771609e-1,1.6842934470e-1,6.249835315220168e-1,5.237200203620204e-1,2.8970136899e1,6.187e-1
2125.000000,4.5516416118e-1,2.6452390898e-1,9.6841578115e-2,3.0359862808e-1,1.2983878358e-1,6.249835299655148e-1,5.237200193804914e-1,2.7865882920e1,6.662e-1
2125.946970,3.2805806640e-1,4.8364438195e-1,2.1676412048e-1,3.3910256070e-2,1.8759023410e-1,6.249835295035396e-1,5.237200146355122e-1,2.7962108920e1,4.575e-1
2126.893939,2.6938804677e-1,3.4760083220e-1,4.9673804328e-1,3.8243634386e-2,9.7996501149e-2,6.249835288899454e-1,5.237200139234262e-1,1.8571148481e1,7.048e-1
2127.840909,1.8527080215e-1,4.9297591827e-1,1.4475030442e-1,3.4583535014e-1,8.1134682653e-2,6.249835288137000e-1,5.237200167461369e-1,2.3688560257e1,3.297e-1
2128.787879,1.0928472151e-1,4.4993047097e-1,3.7900957404e-1,3.2607027128e-2,2.7913525989e-1,6.249835267615808e-1,5.237200123992124e-1,4.0759318028e1,5.922e-1
2129.734848,4.8467548385e-2,3.7199599536e-1,4.9022012117e-1,2.0006556643e-1,1.3921781940e-1,6.249835253701390e-1,5.237200105944572e-1,2.8911965743e1,4.296e-1
2130.681818,1.7455893749e-2,3.0601632781e-1,2.8987320327e-1,9.5852876429e-2,5.4076874589e-1,6.249835235740699e-1,5.237200047431306e-1,7.5225437748e1,6.091e-1
2131.628788,9.8292523285e-3,4.2238529229e-2,3.9695968171e-1,1.7909874937e-1,6.2184081443e-1,6.249835135320378e-1,5.237199859292756e-1,8.8591853365e1,3.516e-1
2132.575758,7.3543432333e-3,4.7865422603e-2,2.1574495831e-1,1.9163254614e-1,7.8736972010e-1,6.249834951899719e-1,5.237199423516318e-1,1.0874093333e2,8.149e-1
2133.522727,4.5645117486e-3,3.4364743784e-1,3.9522261626e-1,7.7226636796e-2,4.2930576419e-1,6.249834834184247e-1,5.237199274918367e-1,6.1273748255e1,5.919e-1
2134.469697,1.0944402126e-2,6.2658438673e-1,2.9974941446e-1,6.2467078733e-2,2.5022168037e-1,6.249834812123761e-1,5.237199252408616e-1,3.7683957897e1,7.591e-1
2135.416667,3.7830244097e-2,3.1650271628e-1,6.7469812187e-1,1.6932558699e-1,5.1610292459e-2,6.249834808465342e-1,5.237199263578454e-1,1.8074041748e1,8.136e-1
2136.363636,6.3116036416e-2,1.7029178189e-1,1.7507703347e-1,1.3865907388e-1,7.0282302694e-1,6.249834762932258e-1,5.237199107727449e-1,9.6171195662e1,8.250e-1
2137.310606,8.2984877426e-2,3.7311929302e-2,1.7521561174e-1,2.0385519523e-1,7.5059930726e-1,6.249834604791625e-1,5.237198792844947e-1,1.0411791877e2,3.674e-1
2138.257576,1.0986628680e-1,3.0587964502e-2,3.8971275156e-3,2.6070110283e-1,8.4491440283e-1,6.249834422413026e-1,5.237198395053717e-1,1.1663876495e2,8.985e-1
2139.204545,1.3035457912e-1,1.1936677022e-2,3.1784429562e-4,4.0851024100e-1,6.9884749899e-1,6.249834202143827e-1,5.237198013632620e-1,1.0261640098e2,5.711e-1
2140.151515,1.2738269278e-1,1.4658688004e-2,1.3662977649e-3,6.3846878005e-1,4.6809034063e-1,6.249833996138633e-1,5.237197773226496e-1,8.0450503667e1,7.455e-1
2141.098485,1.0430419445e-1,3.0264968461e-2,3.2883899318e-2,8.6248382984e-1,2.2002987198e-1,6.249833820227185e-1,5.237197687138982e-1,5.6139059397e1,3.744e-1
2142.045455,7.8659697535e-2,8.2965695254e-2,2.6354160542e-2,9.6306056749e-1,9.8926611212e-2,6.249833660177341e-1,5.237197496373293e-1,4.3896638919e1,3.239e-1
2142.992424,5.2704491335e-2,1.0661275017e-1,2.6943990542e-1,6.3660625138e-1,1.8460330432e-1,6.249833513188133e-1,5.237196813353899e-1,4.6395719987e1,7.030e-1
2143.939394,3.1071466575e-2,1.0756831191e-1,2.7795352560e-1,7.7860625715e-1,5.4767123661e-2,6.249833424501156e-1,5.237196834594752e-1,3.4379892619e1,8.432e-1
2144.886364,2.5487639162e-2,8.1473476076e-2,1.9956418572e-2,7.6254206521e-1,3.6050705198e-1,6.249833255011944e-1,5.237196466584384e-1,7.0881590861e1,7.811e-1
2145.833333,2.8872324657e-2,3.2525629894e-2,2.5003068273e-1,5.4574984224e-1,3.9278813123e-1,6.249833053726064e-1,5.237195858538158e-1,6.9820608633e1,5.880e-1
2146.780303,3.1205858949e-2,1.0755012362e-1,2.1695834453e-1,7.9940977210e-1,9.4842485730e-2,6.249832924675257e-1,5.237195883514962e-1,3.9687320814e1,2.643e-1
2147.727273,4.9974572756e-2,7.4005973239e-2,1.8471971012e-1,6.2313349068e-1,3.1813280806e-1,6.249832774282386e-1,5.237195385795173e-1,6.2312028047e1,4.388e-1
2148.674242,6.8222071130e-2,4.4694634046e-2,2.2947917877e-1,8.1582082248e-1,9.1749819470e-2,6.249832629455673e-1,5.237195323901102e-1,3.9809576945e1,7.736e-1
2149.621212,9.9152505501e-2,3.3019984525e-2,7.1698240479e-2,7.8130694027e-1,2.6478882244e-1,6.249832466044147e-1,5.237194938254506e-1,5.9583993506e1,8.739e-1
2150.568182,1.1944334860e-1,2.6380482303e-3,1.5985175519e-1,7.1258787604e-1,2.5544542814e-1,6.249832280993564e-1,5.237194505001286e-1,5.6843638647e1,5.871e-1
2151.515152,1.1650824098e-1,8.1403706326e-3,1.9586508126e-1,7.4194584440e-1,1.8750688667e-1,6.249832119717218e-1,5.237194225406148e-1,4.9384604027e1,3.485e-1
2152.462121,9.4843691798e-2,2.3222976255e-2,1.6311126316e-1,7.6572141294e-1,2.0306704796e-1,6.249831960610669e-1,5.237193933749633e-1,5.1894425257e1,3.638e-1
2153.409091,7.3881975053e-2,5.5834505834e-2,1.0541436522e-1,8.2018319738e-1,1.9465231455e-1,6.249831790152945e-1,5.237193656628247e-1,5.2153283499e1,7.810e-1
2154.356061,5.2848759018e-2,6.7336288486e-2,2.8017351347e-1,5.9602191401e-1,2.5358585012e-1,6.249831625531261e-1,5.237193099355446e-1,5.3934175128e1,7.679e-1
2155.303030,5.1157226405e-2,2.2048724568e-2,1.9724641735e-1,9.0824979025e-1,7.1264142983e-2,6.249831507808193e-1,5.237193234262355e-1,3.9833450991e1,8.538e-1
2156.250000,4.4872014387e-2,5.5278066400e-2,3.0201712714e-2,8.9425203996e-1,2.2536242960e-1,6.249831315308296e-1,5.237192796389505e-1,5.7837062109e1,4.740e-1
2157.196970,4.9996143048e-2,8.9688472647e-2,4.0867355085e-1,5.2996852584e-1,1.7163953517e-1,6.249831137758883e-1,5.237192071313886e-1,4.2402616752e1,4.294e-1
2158.143939,8.5337943671e-2,9.9842633400e-2,1.9471834180e-1,6.9826867280e-1,1.7179862022e-1,6.249831059480108e-1,5.237192089769261e-1,4.6134921891e1,4.232e-1
2159.090909,1.2272632542e-1,4.1009028484e-2,7.6356082646e-2,4.5646668636e-1,5.5340805945e-1,6.249830911789299e-1,5.237191571490289e-1,8.6197395454e1,6.575e-1
2160.037879,1.3423118633e-1,6.8257257342e-3,1.8756812617e-1,3.5352424078e-1,5.6781686896e-1,6.249830739858147e-1,5.237191202436124e-1,8.5574646986e1,5.288e-1
2160.984848,1.2581660257e-1,1.0166181784e-2,2.0081288549e-1,3.4723490819e-1,5.6593553848e-1,6.249830582534979e-1,5.237190898080175e-1,8.5241009736e1,7.522e-1
2161.931818,1.0232400679e-1,6.6078154372e-2,6.4563044121e-2,2.6438176143e-1,7.5261912048e-1,6.249830436020153e-1,5.237190533901406e-1,1.0549528645e2,3.198e-1
2162.878788,6.5097640688e-2,9.1602404981e-2,3.4939963327e-1,1.3372578408e-1,6.1014058946e-1,6.249830262369189e-1,5.237190223507969e-1,8.5388171238e1,7.512e-1
2163.825758,4.2166988880e-2,4.0437233991e-2,3.5807191280e-1,1.8407089859e-1,6.2521900152e-1,6.249830178932889e-1,5.237190078555025e-1,8.8884834215e1,7.869e-1
2164.772727,3.7069204769e-2,2.8144566147e-2,1.4360788189e-1,1.8296424020e-1,8.5818010882e-1,6.249830009174209e-1,5.237189653600482e-1,1.1692559641e2,3.772e-1
2165.719697,4.0877401451e-2,8.1637245271e-3,5.7128255025e-1,2.1526168586e-1,4.1438060792e-1,6.249829850023805e-1,5.237189493065157e-1,6.4536118313e1,5.672e-1
2166.666667,4.5830810815e-2,1.7340373262e-3,1.6111914744e-1,2.1376223941e-1,8.2751970878e-1,6.249829718875468e-1,5.237189079741712e-1,1.1407825104e2,8.630e-1
2167.613636,4.7726325750e-2,5.1185425944e-3,4.8642661313e-1,3.3239420633e-1,3.7830022355e-1,6.249829556793699e-1,5.237188949868232e-1,6.2984556370e1,4.767e-1
2168.560606,4.5010554299e-2,2.1479652868e-2,1.6215096507e-1,2.7243977416e-1,7.4888493775e-1,6.249829420752759e-1,5.237188508699386e-1,1.0593801711e2,5.092e-1
2169.507576,3.7559068553e-2,2.2000071966e-1,4.3200880435e-1,2.2289695720e-1,3.3750030699e-1,6.249829283753620e-1,5.237188357090544e-1,5.4247593334e1,5.620e-1
2170.454545,2.4152505792e-2,3.1958750285e-1,7.4268179315e-1,5.4900562464e-2,1.0864348295e-1,6.249829236040572e-1,5.237188260606620e-1,2.2255889421e1,3.808e-1
2171.401515,1.0338818380e-2,5.2085900887e-1,2.4216461962e-1,4.7010195443e-1,6.5014456764e-3,6.249829234847729e-1,5.237188286943891e-1,1.8859651972e1,6.384e-1
2172.348485,3.5589165391e-3,3.3777841656e-1,5.2337928748e-1,1.2458579543e-1,2.6066342625e-1,6.249829211280526e-1,5.237188230842217e-1,4.2216034605e1,6.327e-1
2173.295455,2.4281679717e-3,1.4271013800e-1,6.1922268658e-1,1.1442834088e-1,3.7117649278e-1,6.249829131055075e-1,5.237188084643990e-1,5.6412713837e1,7.069e-1
2174.242424,3.2419791219e-3,2.4146295268e-2,5.3493400113e-2,1.8421056961e-1,9.8487356836e-1,6.249829062367667e-1,5.237187782399211e-1,1.3243641576e2,6.606e-1
2175.189394,3.8092013223e-3,4.7554237269e-2,6.8271238034e-1,1.2965975942e-1,3.8623018161e-1,6.249828799855154e-1,5.237187421039401e-1,5.9145287666e1,8.263e-1
2176.136364,6.9163476962e-3,2.4992118550e-1,1.8113763604e-1,1.1410407825e-1,6.9788650404e-1,6.249828757641995e-1,5.237187265915700e-1,9.4933204654e1,4.980e-1
2177.083333,1.4518390257e-2,1.1625132873e-1,6.9346971062e-1,1.4305933384e-1,2.8266696889e-1,6.249828661669236e-1,5.237187181304529e-1,4.6546790238e1,6.750e-1
2178.030303,1.8541810647e-2,1.0581182829e-1,2.4281557261e-2,4.0297765997e-1,6.9835285363e-1,6.249828549001020e-1,5.237186874187035e-1,1.0269959740e2,8.335e-1
2178.977273,2.3858465077e-2,6.9679223014e-2,8.1274889323e-2,6.7958354689e-1,3.9556954154e-1,6.249828329233903e-1,5.237186674604926e-1,7.3181061611e1,7.885e-1
2179.924242,2.7194845042e-2,1.1127990635e-2,5.4582795448e-1,4.1812071272e-1,2.4769414102e-1,6.249828219491286e-1,5.237186344621866e-1,4.9487189897e1,6.374e-1
2180.871212,2.5611991476e-2,4.9906335449e-3,9.5538892892e-2,6.4487256295e-1,4.7895152465e-1,6.249828027534738e-1,5.237186032233108e-1,8.2728815575e1,6.375e-1
2181.818182,2.1302314745e-2,2.5890387727e-2,5.5193270944e-1,3.3550848393e-1,3.1533168767e-1,6.249827917598352e-1,5.237185713359864e-1,5.5576621116e1,4.633e-1
2182.765152,1.6711763234e-2,6.2856215041e-2,1.7662114721e-2,5.6400635734e-1,5.8872909834e-1,6.249827743384339e-1,5.237185354119881e-1,9.3680893252e1,4.775e-1
2183.712121,1.8208078958e-2,1.0538140955e-1,4.0536130091e-1,6.3503358292e-1,8.5981144168e-2,6.249827582548548e-1,5.237185189027002e-1,3.4789418373e1,5.864e-1
2184.659091,3.6713921202e-2,2.5125530464e-1,2.3672288491e-1,5.9815843472e-1,1.2711496346e-1,6.249827544669990e-1,5.237185020345663e-1,3.7826435883e1,6.779e-1
2185.606061,7.1349482338e-2,1.4500318372e-1,4.6527152228e-1,4.7901916369e-1,8.9322143223e-2,6.249827476274958e-1,5.237184842740900e-1,3.0809700858e1,6.921e-1
2186.553030,7.5392834816e-2,1.3915921606e-1,1.5511022279e-1,4.7235795280e-1,4.0794525668e-1,6.249827415715132e-1,5.237184747116065e-1,6.8889343976e1,5.971e-1
2187.500000,6.3758472122e-2,5.6078464854e-2,3.1183396603e-1,2.7184572896e-1,5.4644882246e-1,6.249827272122656e-1,5.237184387447393e-1,8.1283220496e1,6.608e-1
2188.446970,6.4386532263e-2,4.8156325149e-2,1.5365242633e-1,3.3911357582e-1,6.4465656759e-1,6.249827135758268e-1,5.237184113416301e-1,9.4725400405e1,2.197e-1
2189.393939,7.5830343870e-2,6.3056088917e-2,1.2831962735e-2,2.0158295152e-1,8.9666404860e-1,6.249826978212832e-1,5.237183691672654e-1,1.2149033572e2,9.396e-1
2190.340909,8.5285339243e-2,1.8068972470e-2,3.0082444986e-1,1.5918795361e-1,6.8659863708e-1,6.249826761308787e-1,5.237183317817260e-1,9.5464016275e1,3.340e-1
2191.287879,9.5914253864e-2,2.4913327049e-2,2.6225846574e-1,1.6326239968e-1,7.0361688044e-1,6.249826633835606e-1,5.237183068292320e-1,9.7483208993e1,5.695e-1
2192.234848,1.0543570828e-1,4.6617535799e-2,4.1284250517e-2,1.7492182797e-1,8.8170597447e-1,6.249826485178575e-1,5.237182713901751e-1,1.1893209016e2,7.559e-1
2193.181818,9.7320869920e-2,3.8222850127e-2,2.4625570607e-1,2.6063345799e-1,6.0753237092e-1,6.249826275172928e-1,5.237182378406579e-1,8.8199565918e1,5.083e-1
2194.128788,7.6144886887e-2,1.8317916100e-2,3.9799278937e-1,2.1573028715e-1,5.4177935331e-1,6.249826164085058e-1,5.237182183601712e-1,7.9509777003e1,7.204e-1
2195.075758,6.0581708538e-2,1.5895302721e-2,1.3055533298e-2,2.9084876589e-1,8.6958389036e-1,6.249826004033914e-1,5.237181755923042e-1,1.2078042420e2,3.396e-1
2196.022727,4.6786678395e-2,3.0669633244e-2,3.8666509091e-1,3.1633077795e-1,4.6951297290e-1,6.249825767017892e-1,5.237181418504830e-1,7.3398298759e1,5.747e-1
2196.969697,2.6191836617e-2,2.4206588219e-1,2.6374488632e-1,2.5662183419e-1,4.6134069882e-1,6.249825690624388e-1,5.237181242449414e-1,6.9870694916e1,6.379e-1
2197.916667,1.1533961074e-2,3.4006455652e-1,4.6951168045e-1,3.2734775839e-1,1.0150717373e-1,6.249825650768103e-1,5.237181186166946e-1,2.7910036043e1,5.352e-1
2198.863636,2.7157896995e-2,4.0103571108e-1,4.2568128504e-1,1.1132595652e-1,2.8476427757e-1,6.249825636061352e-1,5.237181159421541e-1,4.4233358789e1,4.069e-1
2199.810606,6.5786124733e-2,3.2234294632e-1,2.9492160009e-1,7.0289796617e-2,4.9662465787e-1,6.249825628172356e-1,5.237181119806433e-1,6.8854181455e1,4.917e-1
2200.757576,1.0320825330e-1,1.3254077984e-1,4.9519480432e-1,3.9084340163e-1,1.2817787407e-1,6.249825565785257e-1,5.237181093946907e-1,3.3192000853e1,4.576e-1
2201.704545,8.9264298562e-2,1.2876772241e-1,1.0983178344e-1,8.1917661471e-1,1.0292468288e-1,6.249825509999624e-1,5.237181244843661e-1,4.0568832940e1,5.918e-1
2202.651515,6.3481279016e-2,4.7711109181e-2,2.6498542985e-1,8.5075602300e-1,2.3031235076e-2,6.249825380610714e-1,5.237181041843668e-1,3.2419237122e1,9.051e-1
2203.598485,5.7672716042e-2,7.4613552922e-2,6.4214333106e-2,9.7970647128e-1,7.3757974439e-2,6.249825238924869e-1,5.237180971135561e-1,4.1483405938e1,9.162e-1
2204.545455,6.0414658371e-2,7.8444085491e-2,5.6052806420e-2,7.4421043557e-1,3.1084302495e-1,6.249825054036040e-1,5.237180292917735e-1,6.4238159084e1,5.446e-1
2205.492424,6.4824136614e-2,1.6716631188e-2,4.1085688383e-1,6.9144858550e-1,6.6118740525e-2,6.249824888319137e-1,5.237179952654446e-1,3.3942253925e1,3.356e-1
2206.439394,7.9066348201e-2,4.1939875992e-2,2.7081250577e-2,7.9498289403e-1,3.0689458233e-1,6.249824755643520e-1,5.237179780773688e-1,6.5062022078e1,5.978e-1
2207.386364,9.5920001024e-2,3.6610572329e-2,9.9132460281e-3,4.9828770717e-1,6.0923338463e-1,6.249824555912390e-1,5.237179064130073e-1,9.4127566976e1,7.059e-1
2208.333333,1.0781668495e-1,4.1199667735e-2,9.7964764839e-2,2.5484623741e-1,7.4813752083e-1,6.249824378842771e-1,5.237178598435969e-1,1.0483670806e2,7.114e-1
2209.280303,9.0422444221e-2,1.1168282447e-1,5.2461178206e-1,1.3098160292e-1,3.9226619122e-1,6.249824224447132e-1,5.237178379391081e-1,5.8866954897e1,5.467e-1
2210.227273,3.9375673517e-2,3.1441106166e-1,4.4008816670e-1,7.3437181389e-2,3.8265275211e-1,6.249824176873479e-1,5.237178288866818e-1,5.5498757369e1,5.752e-1
2211.174242,2.9017669074e-2,3.7967783596e-1,3.7417107964e-1,2.6236190877e-1,2.0473633901e-1,6.249824162288005e-1,5.237178283593367e-1,3.8369065617e1,6.149e-1
2212.121212,7.8835880832e-2,2.2309767364e-1,4.3047018128e-1,4.8670218565e-1,3.0858906158e-2,6.249824137816978e-1,5.237178277412375e-1,2.3453784667e1,6.751e-1
2213.068182,1.2323192092e-1,1.4197943197e-1,2.0504628667e-1,3.6968294601e-1,4.1002423179e-1,6.249824086805342e-1,5.237178171717989e-1,6.6298901059e1,6.061e-1
2214.015152,1.2577649081e-1,7.1189277330e-2,3.9791863195e-1,1.6306196687e-1,4.9201842850e-1,6.249823977307032e-1,5.237177923836699e-1,7.1584957643e1,3.610e-1
2214.962121,8.6970654668e-2,6.9870316149e-2,3.0261123080e-1,1.6334946687e-1,6.2716310902e-1,6.249823887554946e-1,5.237177732525296e-1,8.8108176701e1,3.060e-1
2215.909091,5.6198460153e-2,3.7559784403e-2,1.6480176251e-1,1.9419852395e-1,7.9720621707e-1,6.249823740405089e-1,5.237177399268083e-1,1.0967838145e2,8.892e-1
2216.856061,3.6689842674e-2,7.5012803434e-2,3.2298718367e-3,1.8935658938e-1,9.4567560416e-1,6.249823557393244e-1,5.237176976710893e-1,1.2730009769e2,3.220e-1
2217.803030,2.1798888917e-2,6.0967191641e-2,1.3804841109e-1,2.0048263586e-1,8.2866753650e-1,6.249823320024949e-1,5.237176527831546e-1,1.1372211014e2,9.026e-1
2218.750000,1.2758209998e-2,1.6920758174e-1,2.1469126827e-1,1.5239904061e-1,7.0090853011e-1,6.249823153661984e-1,5.237176226129590e-1,9.6655385569e1,4.020e-1
2219.696970,5.3948032494e-3,2.8647838296e-1,6.7753693682e-1,2.3566380509e-1,4.4890686134e-2,6.249823071254397e-1,5.237176161936105e-1,1.9283199250e1,7.789e-1
2220.643939,9.8023699480e-3,5.2059368514e-1,2.8359176294e-1,2.7678343737e-1,1.5919335854e-1,6.249823069708552e-1,5.237176134404913e-1,3.2548642548e1,5.320e-1
2221.590909,2.9727917833e-2,4.2672476890e-1,3.7072340258e-1,2.6489356233e-2,3.9629916550e-1,6.249823055189813e-1,5.237176104277257e-1,5.5408053301e1,6.271e-1
2222.537879,5.7362935826e-2,1.9247604139e-1,5.3317277367e-1,2.5849594605e-1,2.0845690653e-1,6.249823017346372e-1,5.237176077628507e-1,3.9633370049e1,5.202e-1
2223.484848,6.1909091192e-2,1.3613550586e-1,1.2090900219e-1,8.1428189023e-1,1.1672910205e-1,6.249822957554783e-1,5.237176244795499e-1,4.2268843124e1,6.595e-1
2224.431818,6.0378334986e-2,3.2645777307e-2,2.0553543931e-1,9.1702502415e-1,3.4379988590e-2,6.249822821670274e-1,5.237176113384215e-1,3.5485203549e1,9.530e-1
2225.378788,7.0423033979e-2,5.5626816094e-2,3.5651452181e-2,1.0075425324e0,8.0720698057e-2,6.249822663561401e-1,5.237175956004112e-1,4.3005287155e1,8.387e-1
2226.325758,8.3908062356e-2,4.1148929944e-2,7.8723389260e-2,7.2143046984e-1,3.2475364206e-1,6.249822467269673e-1,5.237175188231721e-1,6.5408280223e1,4.539e-1
2227.272727,8.2686658411e-2,9.5167392230e-3,3.9549881048e-1,6.2885095012e-1,1.3341130225e-1,6.249822302430762e-1,5.237174830308833e-1,4.0424244383e1,5.685e-1
2228.219697,7.1206259254e-2,8.3933075238e-3,7.1777363336e-2,7.8839457141e-1,3.1019293199e-1,6.249822167586009e-1,5.237174705576062e-1,6.5559930232e1,7.121e-1
2229.166667,5.8142858730e-2,1.3687297106e-2,8.7925998927e-2,5.3239087826e-1,5.5781735942e-1,6.249821962218642e-1,5.237173992110333e-1,8.9196984125e1,7.227e-1
2230.113636,4.5866390139e-2,5.2712953590e-2,3.9320027000e-1,5.8866960244e-1,1.6951514089e-1,6.249821785283216e-1,5.237173781409779e-1,4.3809326574e1,6.505e-1
2231.060606,2.4915980177e-2,1.6838973840e-1,1.6399573810e-1,3.3577222122e-1,5.5689065959e-1,6.249821687470796e-1,5.237173383331909e-1,8.3687918878e1,6.435e-1
2232.007576,1.4493588726e-2,5.3511524363e-2,6.0092954785e-1,3.5576908286e-1,2.2526056875e-1,6.249821562771773e-1,5.237173271502067e-1,4.5139669678e1,2.922e-1
2232.954545,1.5282363668e-2,2.5570707724e-2,3.3857240993e-2,3.2609572339e-1,8.4915825498e-1,6.249821453789999e-1,5.237172829778671e-1,1.1945696031e2,6.990e-1
2233.901515,1.9456623035e-2,2.6018859109e-2,7.1535665055e-1,3.0661702908e-1,1.8251508630e-1,6.249821240346853e-1,5.237172607494857e-1,3.8958295210e1,4.716e-1
2234.848485,2.5641431301e-2,4.5464122279e-2,2.4303449570e-2,3.4008498749e-1,8.1447024151e-1,6.249821160718909e-1,5.237172260406885e-1,1.1543308707e2,5.729e-1
2235.795455,3.3855960504e-2,9.2681226984e-2,3.3444412548e-1,1.6416183590e-1,6.2482104151e-1,6.249820951852885e-1,5.237171865782959e-1,8.8108115500e1,7.408e-1
2236.742424,4.1153115278e-2,3.3689898736e-1,4.3835198919e-1,4.5947380785e-2,3.8761270407e-1,6.249820883433805e-1,5.237171782771818e-1,5.5285932753e1,5.999e-1
2237.689394,4.8861281904e-2,5.5229913706e-1,3.0616815599e-1,1.2344599882e-1,2.1918959925e-1,6.249820865102342e-1,5.237171758944418e-1,3.5584914829e1,7.194e-1
2238.636364,7.1985189656e-2,5.4203028777e-1,5.4544519151e-1,2.6515666049e-2,6.3987838758e-2,6.249820868688386e-1,5.237171764747671e-1,1.4522559377e1,7.324e-1
2239.583333,1.0950151074e-1,4.6830189622e-1,3.1698395756e-1,1.7270229543e-1,1.8247451358e-1,6.249820867636137e-1,5.237171768538614e-1,3.2410437400e1,6.623e-1
2240.530303,1.4199096428e-1,4.1443891420e-1,4.0711617093e-1,1.4142362822e-1,1.4499449369e-1,6.249820856628717e-1,5.237171749098123e-1,2.7241653974e1,4.125e-1
2241.477273,1.6138184677e-1,5.8862584118e-1,3.9970243636e-1,2.6664638154e-2,7.3589407983e-2,6.249820852226090e-1,5.237171741033518e-1,1.4728274739e1,6.217e-1
2242.424242,2.5684727500e-1,3.6124877896e-1,3.3700466648e-1,2.1838629027e-1,7.6477159219e-2,6.249820849693742e-1,5.237171746218525e-1,2.0324396196e1,5.334e-1
2243.371212,2.7005191700e-1,2.4798066427e-1,9.4871226518e-2,1.4991294535e-1,4.8714741416e-1,6.249820836446300e-1,5.237171709474807e-1,6.8542040362e1,3.178e-1
2244.318182,1.9870880316e-1,1.5455087488e-1,6.4118342952e-1,2.1868399606e-1,3.6837050685e-2,6.249820771538551e-1,5.237171662477604e-1,1.7250953949e1,5.198e-1
2245.265152,9.9686936372e-2,2.1862801538e-1,8.4240197493e-2,5.2443403097e-1,3.2297496330e-1,6.249820717552065e-1,5.237171639518692e-1,5.9283705372e1,4.911e-1
2246.212121,4.7027749287e-2,1.2641289616e-1,1.0143545914e-1,5.6221155744e-1,4.1287644832e-1,6.249820551727663e-1,5.237171363015563e-1,7.1926778563e1,7.042e-1
2247.159091,2.2273970772e-2,1.8410730813e-1,3.2835222469e-2,4.9301221714e-1,5.1773535446e-1,6.249820364874445e-1,5.237170948622747e-1,8.2688549701e1,6.954e-1
2248.106061,1.1564805231e-2,1.8438203494e-1,1.2798705984e-2,4.4055246424e-1,6.0066602655e-1,6.249820184781818e-1,5.237170575599810e-1,9.1459866375e1,4.496e-1
2249.053030,1.1610451932e-2,2.1232815944e-1,2.9623463249e-1,2.7755529023e-1,4.5223546964e-1,6.249820018696171e-1,5.237170261029305e-1,6.9568248006e1,4.693e-1
2250.000000,2.6268694486e-2,3.5290641303e-1,6.0205546898e-1,2.2995182676e-1,3.8781589886e-2,6.249819965709401e-1,5.237170182015913e-1,1.7857892887e1,6.929e-1
2250.946970,5.3179096704e-2,4.9125868435e-1,1.8018548522e-1,4.6615551578e-1,5.9185207403e-2,6.249819947326875e-1,5.237170218090647e-1,2.4943273852e1,5.507e-1
2251.893939,8.3714053099e-2,5.2619514855e-2,2.5744108214e-1,7.1756276516e-1,1.3862656426e-1,6.249819897609332e-1,5.237170392530160e-1,4.2912833424e1,2.812e-1
2252.840909,8.1605232582e-2,1.2723110503e-1,5.9256763047e-1,3.5773866182e-1,9.0821323057e-2,6.249819764814933e-1,5.237169849287540e-1,2.8108572400e1,3.919e-1
2253.787879,5.5965086831e-2,5.2420709640e-1,2.1178840938e-1,9.4071802168e-2,3.6393155491e-1,6.249819748408851e-1,5.237169769836769e-1,5.2364240709e1,5.924e-1
2254.734848,4.3230308583e-2,4.4551954419e-1,1.2243584863e-1,1.4505828233e-1,4.9371996535e-1,6.249819745386422e-1,5.237169737687993e-1,6.9730161631e1,5.362e-1
2255.681818,4.4296476034e-2,8.7114179662e-2,4.7201725698e-1,2.7016124716e-1,3.7637476733e-1,6.249819635825868e-1,5.237169601467604e-1,6.0793644780e1,6.048e-1
2256.628788,7.3208619722e-2,1.1528679437e-1,1.4416641838e-1,2.8911221253e-1,6.2818985154e-1,6.249819482673966e-1,5.237169250261877e-1,9.1080401044e1,4.228e-1
2257.575758,1.6191897657e-1,2.6674256405e-1,3.2186472715e-1,1.6520875273e-1,3.3422885696e-1,6.249819387331211e-1,5.237169094809120e-1,5.1257336212e1,3.952e-1
2258.522727,3.5258848072e-1,5.0691586406e-1,1.9238188143e-1,1.8461075836e-1,1.3466892282e-2,6.249819384200190e-1,5.237169078767679e-1,1.0360487499e1,5.840e-1
2259.469697,7.1422271008e-1,3.5676695529e-1,2.7157179959e-2,1.1738324597e-1,3.4433784801e-2,6.249819380472010e-1,5.237169077480742e-1,9.4516910308e0,7.825e-1
2260.416667,7.2413087077e-1,4.1049771573e-1,3.1891704804e-2,1.6631378240e-2,6.6812206339e-2,6.249819379394104e-1,5.237169072926392e-1,1.0522361020e1,5.468e-1
2261.363636,4.9655429522e-1,2.7399493485e-1,3.7818057749e-1,9.8352534268e-2,2.8815335822e-3,6.249819377043829e-1,5.237169075245411e-1,7.3378290324e0,5.183e-1
2262.310606,2.7534798782e-1,2.9820610537e-1,7.8548230262e-2,3.3633152368e-1,2.6153002096e-1,6.249819340513050e-1,5.237169083393761e-1,4.5600923488e1,4.406e-1
2263.257576,1.4591635769e-1,1.6380796844e-1,1.0267445463e-1,4.7561558844e-1,3.6194947783e-1,6.249819235155687e-1,5.237169000605644e-1,6.2771201744e1,5.283e-1
2264.204545,1.4932051598e-1,1.3869935425e-1,5.5309781993e-1,3.1873505785e-1,9.0111075446e-2,6.249819117325336e-1,5.237168784701945e-1,2.6510581034e1,6.658e-1
2265.151515,2.9973023647e-1,2.1972639547e-1,5.2217345801e-2,3.6341403238e-1,3.1487580257e-1,6.249819063480919e-1,5.237168667837269e-1,5.2940408441e1,5.552e-1
2266.098485,3.7364147917e-1,1.8613876221e-1,4.1313030105e-1,2.0889420382e-1,6.8159059903e-2,6.249819030794643e-1,5.237168583824704e-1,1.9273114862e1,6.339e-1
2267.045455,2.5905935300e-1,4.2048306589e-1,2.5555348373e-1,1.0568159265e-1,2.0918630834e-1,6.249819018075966e-1,5.237168542875605e-1,3.3172582111e1,5.003e-1
2267.992424,1.8196924975e-1,4.9290350257e-1,1.0977489242e-1,1.3795441520e-1,3.2736174136e-1,6.249819006531389e-1,5.237168525594640e-1,4.8271834950e1,6.240e-1
2268.939394,1.6542737051e-1,6.1454319465e-2,2.8311133816e-1,2.9731398083e-1,4.4265678551e-1,6.249818972389369e-1,5.237168488014284e-1,6.8644628961e1,2.691e-1
2269.886364,1.1458332085e-1,2.1127131605e-1,7.2585893842e-1,1.7803104589e-1,2.0219152268e-2,6.249818867352928e-1,5.237168327015499e-1,1.4571750759e1,7.373e-1
2270.833333,2.9302909525e-2,6.3431409069e-1,4.4520542137e-1,5.5715730728e-2,8.5425620120e-2,6.249818862145828e-1,5.237168280163410e-1,1.7562305766e1,7.309e-1
2271.780303,2.1167868384e-2,2.8479152834e-1,2.1505076167e-1,6.7243810227e-1,5.6515506898e-2,6.249818837847295e-1,5.237168477300492e-1,3.1052577240e1,4.262e-1
2272.727273,3.6065171952e-2,9.6648224573e-2,4.2617271129e-2,8.9837156272e-1,1.7626150428e-1,6.249818673275002e-1,5.237168515401361e-1,5.1861629759e1,4.061e-1
2273.674242,5.6442086764e-2,2.5158329279e-1,3.1529586246e-1,5.3950013380e-1,8.7142327126e-2,6.249818514676416e-1,5.237167789304377e-1,3.1471976682e1,5.016e-1
2274.621212,1.6916857903e-1,4.3020648340e-1,4.1084461306e-1,1.2167145817e-1,1.1807256239e-1,6.249818480251731e-1,5.237167593354073e-1,2.3238528809e1,2.976e-1
2275.568182,4.3889797839e-1,3.9765529319e-1,2.4038874963e-1,1.0624408393e-1,6.6777591518e-2,6.249818483331210e-1,5.237167595627018e-1,1.4885211973e1,4.697e-1
2276.515152,6.9099153687e-1,3.8707090105e-1,2.5634532241e-2,8.0733355291e-2,6.5533370326e-2,6.249818478865230e-1,5.237167589883517e-1,1.2296452600e1,4.477e-1
2277.462121,7.5405381587e-1,2.7952973079e-1,9.7473735127e-2,1.8584742691e-2,1.0032167076e-1,6.249818476209990e-1,5.237167588799386e-1,1.5151761874e1,7.567e-1
2278.409091,4.4506326585e-1,4.2082241837e-1,3.1130171067e-1,1.2013615545e-2,6.0762684073e-2,6.249818472525491e-1,5.237167588811914e-1,1.1716649414e1,6.653e-1
2279.356061,2.2139898071e-1,4.3175091299e-1,8.1620137606e-2,3.7010817682e-1,1.4508548232e-1,6.249818452291810e-1,5.237167634102881e-1,3.2041565813e1,5.989e-1
2280.303030,1.3056885507e-1,1.4052180710e-1,2.0320354251e-1,5.5902601454e-1,2.1664345306e-1,6.249818361384518e-1,5.237167649501007e-1,4.7591150839e1,5.836e-1
2281.250000,1.6374401499e-1,1.1353488733e-1,5.1717760137e-1,4.2194960581e-1,3.3557538186e-2,6.249818238443653e-1,5.237167369836521e-1,2.2244114867e1,3.476e-1
2282.196970,3.3890961023e-1,2.1445702772e-1,5.7984377466e-2,4.4907275011e-1,1.8953987254e-1,6.249818190373554e-1,5.237167263774218e-1,3.9693675569e1,4.345e-1
2283.143939,4.4351993881e-1,2.1397714107e-1,3.9635395314e-1,1.7025187871e-1,2.5860720009e-2,6.249818158665458e-1,5.237167128162520e-1,1.2578778156e1,5.737e-1
2284.090909,3.8092834320e-1,5.2914484069e-1,1.0890575764e-1,1.1441179888e-1,1.1657289129e-1,6.249818158495181e-1,5.237167108340677e-1,2.0702507563e1,4.999e-1
2285.037879,4.2917137417e-1,4.2784251951e-1,1.7400720900e-1,2.1507434004e-1,3.8681900063e-3,6.249818163594443e-1,5.237167105557688e-1,9.8398356003e0,6.548e-1
2285.984848,4.3218825152e-1,6.1351109605e-1,6.3617466328e-2,1.6692044752e-2,1.2395477300e-1,6.249818158223601e-1,5.237167102974911e-1,1.8352412424e1,4.896e-1
2286.931818,5.1261237788e-1,3.5175087830e-1,3.1698319358e-2,8.6181167203e-2,2.6772088693e-1,6.249818148364641e-1,5.237167100885141e-1,3.8239465379e1,5.303e-1
2287.878788,4.8761064429e-1,2.0231847877e-1,3.8956895284e-1,7.3453669840e-2,9.7011881229e-2,6.249818134795754e-1,5.237167088835928e-1,1.8533032134e1,3.545e-1
2288.825758,2.0340418800e-1,6.4531215779e-1,2.1662098558e-1,1.7141755096e-1,1.3208744379e-2,6.249818133554984e-1,5.237167089153605e-1,1.0301375205e1,6.116e-1
2289.772727,5.2854025189e-2,4.6783088009e-1,1.8924254725e-1,3.5397580652e-1,1.8606036254e-1,6.249818107971680e-1,5.237167124846400e-1,3.7618981365e1,6.166e-1
2290.719697,2.6654774232e-2,1.4846507921e-1,7.5542930946e-2,6.1305176914e-1,3.8624903983e-1,6.249817966732873e-1,5.237167096394437e-1,6.9972134703e1,7.581e-1
2291.666667,1.6337746352e-2,3.2431937007e-1,2.3085401530e-1,4.8184772209e-1,1.9660471728e-1,6.249817855473072e-1,5.237166810989781e-1,4.3088170655e1,6.288e-1
2292.613636,1.4960081920e-2,1.4933345248e-1,8.0712247955e-1,2.4330003255e-1,3.5247507058e-2,6.249817767791942e-1,5.237166580511834e-1,1.9060408727e1,4.899e-1
2293.560606,2.0746113365e-2,1.3491940443e-2,6.4462523390e-1,4.0305423187e-1,1.6804601397e-1,6.249817667691691e-1,5.237166492419750e-1,3.9601984016e1,6.199e-1
2294.507576,2.3869641881e-2,1.2615397047e-2,3.1266091191e-1,4.0355471838e-1,4.9726284457e-1,6.249817568996068e-1,5.237166267572050e-1,7.9101848004e1,5.197e-1
2295.454545,2.8953482259e-2,1.6170562823e-1,9.2613223546e-2,3.9735164538e-1,5.6933952465e-1,6.249817520256801e-1,5.237166121609202e-1,8.6669505593e1,5.844e-1
2296.401515,6.0579802538e-2,5.8599824771e-1,2.2698507349e-1,1.5899635365e-1,2.1740401040e-1,6.249817438880696e-1,5.237165919024992e-1,3.5933763632e1,7.599e-1
2297.348485,2.0561407805e-1,6.6445052877e-1,2.0918155368e-1,1.3885764265e-1,3.1859686871e-2,6.249817450154066e-1,5.237165905490505e-1,1.1626645010e1,4.638e-1
2298.295455,4.0445976126e-1,2.6614561212e-1,2.4226017167e-1,3.0508360333e-2,3.0658958420e-1,6.249817447920097e-1,5.237165901296255e-1,4.2892336787e1,6.256e-1
2299.242424,4.2404875880e-1,4.0545027453e-1,1.3278300340e-1,6.5766548308e-4,2.8702378592e-1,6.249817440639817e-1,5.237165885855207e-1,3.8845278849e1,6.070e-1
2300.189394,4.1972372139e-1,2.9577786773e-1,4.8292342571e-1,3.3810758337e-2,1.7727714334e-2,6.249817437522464e-1,5.237165885284604e-1,8.0158967033e0,3.439e-1
2301.136364,2.8732544551e-1,5.6207741768e-1,1.1586632625e-1,1.0317811115e-2,2.7437648573e-1,6.249817431363445e-1,5.237165880539910e-1,3.7645108297e1,7.080e-1
2302.083333,2.2385760741e-1,3.3528866823e-1,1.4785050626e-1,1.5841911967e-1,3.8454758125e-1,6.249817414139341e-1,5.237165859809696e-1,5.6256812419e1,6.063e-1
2303.030303,1.8437628758e-1,7.5967592515e-2,3.2278530320e-1,5.4740101013e-1,1.1943327676e-1,6.249817350955749e-1,5.237165897620636e-1,3.5630697504e1,6.456e-1
2303.977273,1.5274809541e-1,3.8564241203e-2,3.2057503473e-2,8.0112750901e-1,2.2546609431e-1,6.249817217059594e-1,5.237165898168444e-1,5.4905702918e1,8.923e-1
2304.924242,1.1296191066e-1,3.4932463706e-2,5.9703439641e-1,4.5896340330e-1,4.6071243873e-2,6.249817089750430e-1,5.237165389703673e-1,2.5486569175e1,7.601e-1
2305.871212,8.4619357414e-2,3.7088613724e-2,5.1663475921e-2,6.8967814968e-1,3.8691379369e-1,6.249816952146812e-1,5.237165265238271e-1,7.2124461095e1,5.580e-1
2306.818182,7.7879142869e-2,3.3182111342e-2,6.5695931917e-1,3.0148539308e-1,1.8045739998e-1,6.249816832210915e-1,5.237164875221545e-1,3.8107058124e1,7.069e-1
2307.765152,9.6433204729e-2,1.1868286693e-2,1.5951083958e-1,4.1871834391e-1,5.6343266089e-1,6.249816679029128e-1,5.237164540838160e-1,8.6866407492e1,4.749e-1
2308.712121,1.1282045314e-1,7.0715998124e-3,4.2404735930e-1,2.0702271686e-1,4.9900119142e-1,6.249816602693046e-1,5.237164368129278e-1,7.3959811742e1,4.393e-1
2309.659091,1.1595568107e-1,1.4170241980e-2,4.0298402801e-1,2.3353601882e-1,4.8331731476e-1,6.249816423179597e-1,5.237164035272536e-1,7.2647959440e1,5.677e-1
2310.606061,1.1594233601e-1,1.4547929999e-1,1.5482545076e-1,1.8335360186e-1,6.5036258732e-1,6.249816379660120e-1,5.237163906635059e-1,9.0701259810e1,5.124e-1
2311.553030,1.2738716364e-1,1.3123869048e-1,1.9016674785e-1,3.0563447857e-1,4.9553616555e-1,6.249816230494727e-1,5.237163685891513e-1,7.5056437451e1,5.660e-1
2312.500000,1.4005206331e-1,1.1097418153e-2,3.3070670049e-1,2.3934449665e-1,5.2876255268e-1,6.249816156401833e-1,5.237163531679392e-1,7.8078505107e1,6.934e-1
2313.446970,1.3796066158e-1,7.9230033562e-3,3.1584253147e-1,2.7069019827e-1,5.1754680005e-1,6.249815973629836e-1,5.237163201509291e-1,7.7519643340e1,3.554e-1
2314.393939,1.0964839524e-1,3.3981070735e-2,2.8120404832e-1,2.0824728687e-1,6.1688238124e-1,6.249815912030905e-1,5.237163055847385e-1,8.7997276704e1,3.461e-1
2315.340909,8.7648351789e-2,5.2894382780e-2,2.3364970912e-1,2.1565059572e-1,6.6012010668e-1,6.249815730500974e-1,5.237162696127153e-1,9.3415003333e1,7.553e-1
2316.287879,9.6923373230e-2,2.3078662001e-2,3.8951582329e-1,2.4089085435e-1,4.9955441419e-1,6.249815635311393e-1,5.237162580111320e-1,7.4862217953e1,6.576e-1
2317.234848,1.1528264030e-1,2.5042128468e-3,3.7703632379e-1,2.3266047242e-1,5.2247944559e-1,6.249815474774365e-1,5.237162246968963e-1,7.7401444489e1,3.811e-1
2318.181818,1.1547898092e-1,2.1891012200e-3,1.8557704365e-1,4.6257174036e-1,4.8414621006e-1,6.249815381032381e-1,5.237162173995284e-1,7.8319744621e1,4.308e-1
2319.128788,1.0047357598e-1,8.9213820102e-3,5.8018932881e-1,3.5503322461e-1,2.0534553115e-1,6.249815212813844e-1,5.237161836206541e-1,4.2354885357e1,6.831e-1
2320.075758,7.6700278294e-2,1.0020478765e-1,3.8939247788e-2,6.7726011903e-1,3.5685859402e-1,6.249815133939526e-1,5.237161853400922e-1,6.7900497541e1,6.697e-1
2321.022727,5.3878583934e-2,2.4603170151e-1,4.7707267502e-2,4.8030786852e-1,4.2203757491e-1,6.249814981853308e-1,5.237161383174569e-1,7.0291322216e1,6.884e-1
2321.969697,4.4539832160e-2,3.6528328161e-1,7.9737559819e-1,2.6538836756e-2,1.6225433620e-2,6.249814911670518e-1,5.237161186012752e-1,1.0057939544e1,8.206e-1
2322.916667,3.2900301731e-2,4.8656144983e-1,5.1628247813e-1,1.1813219707e-1,9.6086554705e-2,6.249814907334857e-1,5.237161168048368e-1,2.1199142184e1,6.748e-1
2323.863636,3.0008506100e-2,2.9122493340e-1,8.9803282615e-2,7.1815710859e-1,1.2076914629e-1,6.249814884986435e-1,5.237161393517434e-1,3.9755358581e1,3.530e-1
2324.810606,3.8317079296e-2,1.1305857886e-1,3.6660504157e-2,8.5906796291e-1,2.0285881941e-1,6.249814723167934e-1,5.237161328739329e-1,5.3994663428e1,3.743e-1
2325.757576,6.2921042964e-2,1.1582791740e-1,3.8613731569e-1,6.7518219218e-1,9.8944415797e-3,6.249814549066055e-1,5.237160740543731e-1,2.6224533554e1,6.374e-1
2326.704545,1.5178295496e-1,2.8952128596e-1,2.4176938472e-1,3.8665420120e-1,1.8023507108e-1,6.249814489586579e-1,5.237160441475666e-1,3.8032112664e1,6.150e-1
2327.651515,2.8057587731e-1,4.1102635046e-1,3.0504011166e-1,2.0242648415e-2,2.3307790450e-1,6.249814461664263e-1,5.237160356528283e-1,3.3884398057e1,4.241e-1
2328.598485,4.7034530485e-1,4.6485514291e-1,1.6453933325e-1,6.8154024595e-2,8.2069086737e-2,6.249814461688104e-1,5.237160350087872e-1,1.5166969494e1,3.864e-1
2329.545455,7.0254825417e-1,2.2761522979e-1,1.7159240388e-1,1.0693755722e-2,1.3751324792e-1,6.249814457441245e-1,5.237160345836315e-1,2.0123139735e1,4.367e-1
2330.492424,5.2489470746e-1,5.4424387871e-1,3.8874570098e-2,4.9001771479e-3,1.3704955805e-1,6.249814457338096e-1,5.237160345950176e-1,1.9361080771e1,5.378e-1
2331.439394,4.0849093441e-1,3.7380933748e-1,1.5821506256e-1,3.0065953668e-2,2.7938160300e-1,6.249814455631738e-1,5.237160345849583e-1,3.8940540345e1,6.339e-1
2332.386364,2.3448627905e-1,4.4352012738e-1,3.9920161268e-1,1.7062753491e-1,2.1273369899e-3,6.249814455089332e-1,5.237160348643705e-1,9.9302765476e0,6.291e-1
2333.333333,9.9356506488e-2,5.4289849260e-1,2.7443580266e-1,5.0251472186e-2,2.8302061573e-1,6.249814448316033e-1,5.237160342653093e-1,4.1165647584e1,6.855e-1
2334.280303,3.7595035718e-2,2.7439265509e-1,2.9898204707e-1,1.4270988827e-1,4.9628326190e-1,6.249814440252363e-1,5.237160309562142e-1,7.1050413153e1,4.542e-1
2335.227273,1.7506581079e-2,1.1660736660e-1,1.0316315503e-1,4.4876655956e-1,5.6391919394e-1,6.249814281002118e-1,5.237160063473070e-1,8.7609459994e1,6.073e-1
2336.174242,1.1114799572e-2,7.8477220332e-2,2.7765965157e-1,4.1014127403e-1,4.7256986583e-1,6.249814056689059e-1,5.237159664213563e-1,7.5997252648e1,6.283e-1
2337.121212,5.9806286702e-3,3.9435068887e-1,2.4096182399e-1,2.3660283043e-1,3.7206682477e-1,6.249813983660416e-1,5.237159467812668e-1,5.7915230428e1,5.877e-1
2338.068182,1.2361960866e-2,6.6807032144e-1,3.0252509843e-1,2.2072991515e-1,4.6275500088e-2,6.249813979882545e-1,5.237159447694741e-1,1.6749143707e1,5.735e-1
2339.015152,4.4584762555e-2,2.7415125947e-1,6.7650681733e-1,9.3823234070e-2,1.6089672070e-1,6.249813970641741e-1,5.237159444282277e-1,2.9579773179e1,4.915e-1
2339.962121,7.8295619874e-2,1.9138752608e-1,3.6398700700e-2,2.4790811101e-1,6.9597282005e-1,6.249813888587445e-1,5.237159230030284e-1,9.7730692987e1,4.539e-1
2340.909091,1.2956428022e-1,3.2447578219e-1,6.0419474618e-1,1.8289875221e-1,8.8292031292e-3,6.249813819685618e-1,5.237159146166683e-1,1.2530189745e1,5.099e-1
2341.856061,2.5233002331e-1,6.0467781603e-1,2.2597136079e-1,4.0285686955e-2,1.2669787537e-1,6.249813812237175e-1,5.237159127484496e-1,2.0649761560e1,7.493e-1
2342.803030,4.7778803435e-1,1.6343352048e-1,1.3370007214e-1,4.0569143727e-1,6.9349693243e-2,6.249813787406576e-1,5.237159174526549e-1,2.3494248363e1,5.581e-1
2343.750000,3.9775917158e-1,2.1896646632e-1,2.0430587582e-1,2.3014519031e-1,1.9878604607e-1,6.249813750473954e-1,5.237159078731934e-1,3.5080519512e1,5.997e-1
2344.696970,1.2880400177e-1,5.7847347333e-1,4.5138869817e-1,3.5175325885e-2,5.6121248224e-2,6.249813736898292e-1,5.237159040466768e-1,1.3141588734e1,6.718e-1
2345.643939,1.0670944364e-1,2.1058940301e-1,4.7158244729e-1,3.0083972240e-1,1.6024172631e-1,6.249813713252264e-1,5.237159045295882e-1,3.4385005190e1,6.844e-1
2346.590909,1.6654804332e-1,1.5870638988e-2,2.2183391050e-1,4.1234344366e-1,4.3336667660e-1,6.249813565328083e-1,5.237158819359695e-1,7.0555611386e1,6.408e-1
2347.537879,1.7150306588e-1,6.8315666254e-3,2.4230721116e-1,3.1942869476e-1,5.0989216117e-1,6.249813497939605e-1,5.237158644915386e-1,7.7525787217e1,7.015e-1
2348.484848,1.4632660584e-1,1.4690591372e-2,7.6848574086e-1,2.2232903961e-1,9.8130689975e-2,6.249813338282864e-1,5.237158418372505e-1,2.5925687997e1,8.764e-1
2349.431818,8.6793797579e-2,1.8477494733e-1,2.7417469537e-2,4.8769652330e-1,4.6327991468e-1,6.249813262179256e-1,5.237158307305009e-1,7.5538404375e1,6.852e-1
2350.378788,3.3328960835e-2,3.1678694715e-1,6.6130856786e-2,3.8304625606e-1,4.5066960728e-1,6.249813140529861e-1,5.237158048711733e-1,7.1122475155e1,5.628e-1
2351.325758,1.4724318129e-2,2.6737065440e-1,3.3362467032e-1,2.7715353591e-1,3.5708943690e-1,6.249813078297424e-1,5.237157959872050e-1,5.7787461903e1,4.667e-1
2352.272727,2.0476715498e-2,2.7653217748e-1,2.5928627906e-2,4.0835323235e-1,5.1867183769e-1,6.249812954616027e-1,5.237157760331141e-1,8.0228030396e1,6.654e-1
2353.219697,4.0453872769e-2,4.8860270902e-2,9.2841175729e-1,2.2224350495e-1,9.9931617688e-3,6.249812838377754e-1,5.237157603566215e-1,1.5936158401e1,6.557e-1
2354.166667,5.1749650547e-2,5.7127906230e-2,6.8500659744e-1,2.6386170524e-1,1.9221668884e-1,6.249812741480411e-1,5.237157399942982e-1,3.8667494157e1,7.649e-1
2355.113636,7.2774386793e-2,3.3986620097e-1,7.4022555445e-3,5.3450929402e-1,2.9541040276e-1,6.249812700468045e-1,5.237157408683804e-1,5.5692166602e1,5.302e-1
2356.060606,1.3276965208e-1,8.1496135578e-2,4.8264218915e-1,5.0373528121e-1,4.9319257949e-2,6.249812579862596e-1,5.237157248966154e-1,2.6522908627e1,4.135e-1
2357.007576,2.4333039761e-1,8.1568981525e-2,2.1007524695e-3,6.9570742561e-1,2.2725493706e-1,6.249812471414623e-1,5.237157182889118e-1,5.1652878745e1,4.543e-1
2357.954545,3.2817018697e-1,1.4144360785e-3,5.3635350485e-3,6.9621749758e-1,2.1879680955e-1,6.249812326130147e-1,5.237156944601772e-1,5.0494773791e1,7.169e-1
2358.901515,2.5955967995e-1,6.4330511769e-2,4.4644403329e-2,6.8975603463e-1,1.9167180698e-1,6.249812183296789e-1,5.237156705388466e-1,4.7221780492e1,8.289e-1
2359.848485,1.3376628441e-1,2.1227265293e-1,5.6258058220e-3,6.9059678257e-1,2.0770088431e-1,6.249812050220327e-1,5.237156478814199e-1,4.9221245129e1,6.388e-1
2360.795455,7.1247089399e-2,5.6502506374e-2,7.4004607367e-1,3.6851756285e-1,1.3649152640e-2,6.249811924655854e-1,5.237156079030153e-1,1.9608650696e1,4.157e-1
2361.742424,6.4099881362e-2,8.1011255860e-2,4.2360353426e-1,5.4180218798e-1,1.3944550197e-1,6.249811807165966e-1,5.237155993388931e-1,3.8769594994e1,3.164e-1
2362.689394,1.1357763763e-1,5.5133663142e-1,1.0223121413e-1,3.7032252059e-1,1.1249435043e-1,6.249811770967009e-1,5.237155766572802e-1,2.8226909308e1,5.637e-1
2363.636364,2.4598389817e-1,3.9688375179e-1,1.5795323683e-1,3.5079777756e-1,9.8343688804e-2,6.249811765703990e-1,5.237155745058301e-1,2.5993906396e1,4.117e-1
2364.583333,3.8754855075e-1,1.0967251305e-1,5.0162987394e-1,1.2637305534e-1,1.2473835149e-1,6.249811722838823e-1,5.237155655160979e-1,2.4436605054e1,5.562e-1
2365.530303,2.4824844259e-1,3.8032245862e-1,9.8495622830e-2,2.6716389971e-1,2.5573191624e-1,6.249811699928971e-1,5.237155626004067e-1,4.2955664190e1,4.929e-1
2366.477273,9.1401624408e-2,3.6877413133e-1,4.0948763440e-1,2.7448957968e-1,1.0580936781e-1,6.249811688107448e-1,5.237155608851931e-1,2.6386415779e1,6.261e-1
2367.424242,4.1101187580e-2,1.7430247175e-1,3.1332136209e-1,6.4282313901e-1,7.8414159383e-2,6.249811599050271e-1,5.237155720485052e-1,3.3483079283e1,8.013e-1
2368.371212,3.1220050495e-2,1.9798863853e-1,4.3440663833e-2,7.3353379507e-1,2.4377913712e-1,6.249811425191534e-1,5.237155491294893e-1,5.5435923606e1,7.826e-1
2369.318182,3.4168658129e-2,2.1932096900e-1,1.1573513252e-2,6.2310945356e-1,3.6178965543e-1,6.249811246828234e-1,5.237155040896682e-1,6.6796892782e1,4.659e-1
2370.265152,5.0243366150e-2,1.0329975990e-1,6.3466877324e-1,2.8739628298e-1,1.7435403879e-1,6.249811105340104e-1,5.237154678540092e-1,3.6823069410e1,6.810e-1
2371.212121,9.0008260444e-2,2.1189675021e-1,1.1869034651e-1,3.3139711848e-1,4.9796972482e-1,6.249811002325061e-1,5.237154444706597e-1,7.5763152971e1,5.437e-1
2372.159091,1.4482708073e-1,7.0185652305e-2,3.0641525371e-1,3.1354054171e-1,4.1499365096e-1,6.249810897101447e-1,5.237154283720077e-1,6.5816591533e1,5.120e-1
2373.106061,2.1123988932e-1,4.8620533748e-2,1.1927188001e-2,4.2341951047e-1,5.5475502808e-1,6.249810748096084e-1,5.237154023107693e-1,8.4856346445e1,6.515e-1
2374.053030,2.4587249162e-1,9.6393685882e-3,3.7333691756e-1,3.9494538384e-1,2.2616795735e-1,6.249810594796610e-1,5.237153812886300e-1,4.4716661147e1,4.681e-1
2375.000000,2.1104457940e-1,2.7755229214e-2,1.6726942542e-1,6.4788992582e-1,1.9600293856e-1,6.249810492080572e-1,5.237153816305609e-1,4.7320041914e1,4.482e-1
2375.946970,1.4538205539e-1,1.0453377253e-1,4.9225826764e-2,7.5420553148e-1,1.9661487950e-1,6.249810328269307e-1,5.237153631982816e-1,4.9976846770e1,7.580e-1
2376.893939,7.4521920073e-2,2.5470913651e-1,2.4346022391e-1,5.4527154071e-1,1.3199921931e-1,6.249810202588851e-1,5.237153202267035e-1,3.6838950399e1,7.361e-1
2377.840909,1.0588132308e-1,1.8941878719e-1,1.8224931902e-1,6.1386924858e-1,1.5854335214e-1,6.249810150008708e-1,5.237153174697591e-1,4.1827137816e1,7.675e-1
2378.787879,2.1890541184e-1,1.0312860821e-1,7.3295715556e-2,6.6518657233e-1,1.8944569701e-1,6.249810024750818e-1,5.237153004505710e-1,4.6437095179e1,7.192e-1
2379.734848,3.1209546923e-1,1.1650337610e-1,4.2524565886e-1,3.8781827828e-1,8.2992078373e-3,6.249809951586119e-1,5.237152684743831e-1,1.7263503266e1,5.520e-1
2380.681818,3.3300117346e-1,2.8596074424e-1,3.0136252213e-2,1.9654343525e-1,4.0432037918e-1,6.249809921693198e-1,5.237152566494482e-1,5.9021910556e1,5.478e-1
2381.628788,2.9654079028e-1,4.7360281018e-1,2.7798901793e-1,5.3302975074e-2,1.4852638686e-1,6.249809901658915e-1,5.237152530513602e-1,2.4036460880e1,5.194e-1
2382.575758,2.5412083509e-1,4.8330315819e-1,2.5163692399e-1,1.9462998218e-1,6.6271080759e-2,6.249809901046213e-1,5.237152539929261e-1,1.7817619893e1,6.890e-1
2383.522727,2.7229028174e-1,1.0156222545e-1,1.4314231845e-1,2.1014329366e-1,5.2282385346e-1,6.249809863868141e-1,5.237152474245634e-1,7.5130446780e1,3.742e-1
2384.469697,1.8837325659e-1,1.8317645372e-1,1.1782805220e-2,2.8361317123e-1,5.8301626349e-1,6.249809751262060e-1,5.237152280182030e-1,8.4256505184e1,6.404e-1
2385.416667,1.1045975712e-1,2.8020409797e-1,5.4649831368e-1,2.9329323383e-1,1.9506534334e-2,6.249809684688148e-1,5.237152210662531e-1,1.6869844461e1,7.197e-1
2386.363636,3.1136490605e-2,6.4661354320e-1,3.0478195800e-1,1.1206013224e-1,1.5536981047e-1,6.249809672576873e-1,5.237152163036136e-1,2.7220310968e1,5.192e-1
2387.310606,1.2867200851e-2,2.7864671275e-1,1.1351578669e-1,3.9117583209e-1,4.5375639648e-1,6.249809644329156e-1,5.237152155627685e-1,7.2070298696e1,5.865e-1
2388.257576,1.9481879357e-2,1.6892724116e-1,3.3780196318e-1,2.0042056753e-1,5.2333025090e-1,6.249809510649521e-1,5.237151867810512e-1,7.6449741404e1,5.258e-1
2389.204545,4.1516625173e-2,2.9383499407e-1,1.0811854998e-1,2.4770579680e-1,5.5878592935e-1,6.249809476858668e-1,5.237151796898054e-1,8.0924561154e1,6.289e-1
2390.151515,8.8878706540e-2,1.0945559814e-1,3.0624984517e-1,2.8862770820e-1,4.5675000655e-1,6.249809323022386e-1,5.237151562457018e-1,7.0413436812e1,3.686e-1
2391.098485,1.6821545953e-1,1.1938901378e-1,2.7298046629e-2,3.2617092817e-1,6.0888839252e-1,6.249809203148369e-1,5.237151314685441e-1,8.8916454074e1,7.563e-1
2392.045455,2.5265324229e-1,7.1843384045e-3,3.6567746208e-1,2.5502284521e-1,3.6942392373e-1,6.249809058534217e-1,5.237151089890977e-1,5.8513108278e1,4.960e-1
2392.992424,1.9993386991e-1,1.1748214534e-1,1.4674886004e-1,3.1150854742e-1,4.7428837279e-1,6.249808977450222e-1,5.237150943367709e-1,7.2186107340e1,4.766e-1
2393.939394,9.1295316064e-2,1.3747454680e-1,5.4389302359e-1,1.8095606699e-1,2.9634281838e-1,6.249808859126589e-1,5.237150746792809e-1,4.8394215837e1,5.431e-1
2394.886364,6.0072179335e-2,3.2194978929e-2,7.9806986880e-2,4.5392050149e-1,6.2396711130e-1,6.249808789659579e-1,5.237150629037621e-1,9.5126128236e1,7.783e-1
2395.833333,4.0015880670e-2,1.6952649077e-1,5.3137252604e-1,4.7477334756e-1,3.4273484529e-2,6.249808647819783e-1,5.237150481193689e-1,2.4189794272e1,5.850e-1
2396.780303,1.6304207412e-2,2.4930732861e-1,3.5373831331e-1,2.4804610448e-1,3.8256576357e-1,6.249808586903997e-1,5.237150222965405e-1,6.0242566348e1,3.634e-1
2397.727273,9.7638071269e-3,2.4803733703e-2,1.2994748667e-1,6.3565584935e-1,4.4979082620e-1,6.249808515234258e-1,5.237150307089056e-1,7.9008282197e1,3.962e-1
2398.674242,7.9460308531e-3,3.4936158845e-2,5.0455291306e-1,6.1425028923e-1,8.8276291808e-2,6.249808418973797e-1,5.237150100841002e-1,3.5065643244e1,6.854e-1
2399.621212,9.6336540144e-3,1.8618102385e-1,5.6822855851e-1,4.4315984675e-1,4.2758574709e-2,6.249808289192571e-1,5.237149684218618e-1,2.4577220002e1,5.268e-1
2400.568182,3.4399258792e-2,6.5738646553e-1,3.0562662922e-1,1.2583534871e-2,2.3996576414e-1,6.249808262745830e-1,5.237149570437152e-1,3.4895276520e1,4.632e-1
2401.515152,1.0604027604e-1,2.2946426304e-1,2.4583178207e-1,4.1967570821e-1,2.4894961546e-1,6.249808224081852e-1,5.237149603801418e-1,4.7773776362e1,4.541e-1
2402.462121,1.7477818649e-1,3.3039026215e-2,2.5252605375e-2,5.6465162483e-1,4.5224017488e-1,6.249808088944898e-1,5.237149426862996e-1,7.6311082368e1,4.122e-1
2403.409091,2.0237598719e-1,2.4361467810e-4,5.0590854736e-1,4.7748615282e-1,6.3947286129e-2,6.249807940919675e-1,5.237149155724651e-1,2.7613753117e1,6.920e-1
2404.356061,1.5478069493e-1,6.8732532389e-2,3.0701788392e-2,7.9508328860e-1,2.0066326419e-1,6.249807842531476e-1,5.237149247166775e-1,5.1588032771e1,8.612e-1
2405.303030,9.2750004877e-2,1.2470580675e-1,9.0870366527e-2,7.5339303479e-1,1.8824232187e-1,6.249807674068546e-1,5.237148885263325e-1,4.9226343860e1,8.039e-1
2406.250000,7.9305437412e-2,1.6252550891e-2,4.0449282745e-1,6.1064224007e-1,1.3926845952e-1,6.249807576673874e-1,5.237148546092252e-1,4.0675014940e1,7.281e-1
2407.196970,6.9617489701e-2,3.7746130880e-2,5.8416847683e-1,5.3182887385e-1,2.6600509001e-2,6.249807401279335e-1,5.237148225016394e-1,2.5207037936e1,7.626e-1
2408.143939,5.3530059091e-2,3.1228698922e-1,1.0689941726e-1,5.0337851119e-1,2.7386648974e-1,6.249807332508922e-1,5.237148023586068e-1,5.2669557391e1,5.445e-1
2409.090909,8.8250962882e-2,3.0618127755e-2,5.0728174577e-1,3.5539803528e-1,2.6841257858e-1,6.249807251310053e-1,5.237147836054887e-1,4.9893162890e1,5.571e-1
2410.037879,1.0217768353e-1,2.3292697489e-2,4.1203107671e-1,3.5305064774e-1,3.5940930808e-1,6.249807067748074e-1,5.237147506133631e-1,6.0695935013e1,6.193e-1
2410.984848,1.3415669703e-1,1.0128653567e-1,1.8579488654e-1,2.4695198579e-1,5.8177129947e-1,6.249807022452266e-1,5.237147329902849e-1,8.4125200389e1,5.412e-1
2411.931818,2.1194920466e-1,2.4418669782e-2,1.1000554254e-2,3.0075720903e-1,7.0183573448e-1,6.249806861049985e-1,5.237147017726937e-1,9.9702021078e1,7.046e-1
2412.878788,2.3102101692e-1,3.4829737825e-3,3.6511338091e-1,2.3068619024e-1,4.1965777724e-1,6.249806695500552e-1,5.237146769694856e-1,6.4141537078e1,3.676e-1
2413.825758,1.6901168531e-1,1.2183436369e-1,1.2693886347e-1,2.5143527174e-1,5.8074113807e-1,6.249806611396553e-1,5.237146592334743e-1,8.3724479846e1,5.563e-1
2414.772727,7.8015077220e-2,1.5424848009e-1,4.3979198348e-1,1.7868484891e-1,3.9922090556e-1,6.249806476313630e-1,5.237146385523795e-1,6.0684031444e1,4.684e-1
2415.719697,4.9757162525e-2,2.7962735773e-2,1.0811202111e-1,3.1886721070e-1,7.4526215489e-1,6.249806424968274e-1,5.237146231304819e-1,1.0654300679e2,7.115e-1
2416.666667,3.8638065443e-2,1.0533500516e-1,6.8916147982e-1,3.3165347808e-1,8.5173225152e-2,6.249806268273173e-1,5.237146093619426e-1,2.7258365000e1,5.758e-1
2417.613636,3.2085017124e-2,2.4838241167e-1,4.7975359178e-2,3.5710046298e-1,5.6441798685e-1,6.249806189043394e-1,5.237145831954311e-1,8.4569327338e1,4.923e-1
2418.560606,4.6628338162e-2,1.7535340334e-1,2.8112759958e-1,5.4158747563e-1,2.0526439251e-1,6.249806046114943e-1,5.237145767816325e-1,4.6227683234e1,4.786e-1
2419.507576,1.0709614672e-1,1.5728997026e-1,2.3508687714e-1,3.3146643239e-1,4.1902176381e-1,6.249805951614092e-1,5.237145421283174e-1,6.6490534636e1,4.107e-1
2420.454545,1.4034465660e-1,1.3980744374e-2,2.1389704826e-1,5.8282360969e-1,2.9891511322e-1,6.249805860765463e-1,5.237145459097741e-1,5.8720800206e1,4.615e-1
2421.401515,1.1479173662e-1,1.3047871477e-1,5.2025394854e-1,3.7515692788e-1,1.0927981785e-1,6.249805728235140e-1,5.237145066610619e-1,3.0473223263e1,6.014e-1
2422.348485,5.6891631556e-2,6.2249398726e-1,2.7139623891e-1,1.5912039164e-2,2.8326724415e-1,6.249805705195611e-1,5.237144956341730e-1,4.0211996206e1,7.614e-1
2423.295455,3.4705204112e-2,2.9118223024e-1,3.2389834533e-1,3.0852691629e-1,2.9164843703e-1,6.249805665042666e-1,5.237144948670227e-1,5.0394765087e1,5.033e-1
2424.242424,4.2767015394e-2,9.9718705799e-2,5.9019361272e-2,5.2301295436e-1,5.2544306964e-1,6.249805532359149e-1,5.237144769476584e-1,8.4686103263e1,4.490e-1
2425.189394,8.1430177608e-2,2.9658079329e-1,3.0157196492e-1,4.8734860803e-1,8.3029535424e-2,6.249805396371215e-1,5.237144553233809e-1,2.9269388386e1,5.414e-1
2426.136364,2.2489584853e-1,3.4845411012e-1,6.0049646084e-1,2.3193887804e-2,5.2920765994e-2,6.249805366428111e-1,5.237144373249558e-1,1.3129390288e1,7.746e-1
2427.083333,4.5871075554e-1,4.3444913933e-1,1.0341294425e-1,7.1080026120e-2,1.8230820771e-1,6.249805364774330e-1,5.237144370683623e-1,2.7535568634e1,6.605e-1
2428.030303,6.6478407614e-1,5.1877439721e-1,2.9589190142e-2,3.1801359866e-2,5.0120501582e-3,6.249805367574244e-1,5.237144368021833e-1,3.2658402896e0,5.670e-1
2428.977273,8.3464355499e-1,2.2837362293e-1,9.0168260912e-2,3.3079136253e-2,6.3696498335e-2,6.249805367127120e-1,5.237144367610249e-1,1.0807099258e1,4.703e-1
2429.924242,4.3709447003e-1,5.8799541817e-1,1.1439715731e-1,6.2258731976e-2,4.8215295658e-2,6.249805365711099e-1,5.237144369412070e-1,1.0473552597e1,3.370e-1
2430.871212,2.5250708087e-1,1.7534253403e-1,2.1953366789e-1,3.1290864862e-1,2.8966913705e-1,6.249805342323281e-1,5.237144385833095e-1,4.9323934250e1,5.127e-1
2431.818182,1.3298796544e-1,3.0116150498e-1,4.0541360046e-1,2.8120485642e-1,1.2919312697e-1,6.249805271313645e-1,5.237144278616109e-1,2.9447401453e1,6.345e-1
2432.765152,3.1233807402e-2,7.8784319852e-1,3.5262310660e-1,4.1418822311e-2,3.6842118371e-2,6.249805265992351e-1,5.237144226062906e-1,1.0453481619e1,5.925e-1
2433.712121,3.3890890556e-2,2.3227727443e-1,1.1134353213e-1,6.9395972025e-1,1.7848962702e-1,6.249805221926802e-1,5.237144464090627e-1,4.6425631558e1,7.871e-1
2434.659091,6.9941508477e-2,1.3779337857e-1,7.1672923330e-1,2.1584964751e-1,1.0964725166e-1,6.249805097567837e-1,5.237143988811913e-1,2.6986428311e1,8.212e-1
2435.606061,1.3286155820e-1,2.7915103557e-1,1.1370716351e-2,5.9690344598e-1,2.2967425588e-1,6.249805059898016e-1,5.237144079421802e-1,4.9214913605e1,5.055e-1
2436.553030,2.3472252207e-1,4.8494012124e-2,2.7477599311e-1,5.7705618871e-1,1.1491227165e-1,6.249804938291228e-1,5.237143899708493e-1,3.5587126040e1,4.396e-1
2437.500000,3.1436242257e-1,6.3949204647e-3,4.0850343539e-2,6.8941803586e-1,1.9893524243e-1,6.249804824283183e-1,5.237143789457412e-1,4.8021861978e1,5.225e-1
2438.446970,2.6844479362e-1,4.9346174986e-2,1.0091157435e-2,6.9066739733e-1,2.3141141346e-1,6.249804684160647e-1,5.237143551924553e-1,5.2035661644e1,6.794e-1
2439.393939,1.6615055635e-1,9.6868158610e-2,3.1677801052e-1,6.0955542958e-1,6.0608754522e-2,6.249804547917406e-1,5.237143260594996e-1,3.0074730005e1,7.713e-1
2440.340909,9.6995845850e-2,3.5221194317e-1,6.6231287523e-2,5.3657420169e-1,1.9794761606e-1,6.249804471450829e-1,5.237143039513559e-1,4.3790441419e1,6.503e-1
2441.287879,5.8371122570e-2,3.2030346744e-1,3.6195221383e-1,2.6130766157e-1,2.4802642154e-1,6.249804434731777e-1,5.237142878495362e-1,4.3674637334e1,5.015e-1
2442.234848,2.6433064731e-2,1.8905473646e-1,3.7036368704e-1,3.5769452032e-1,3.0641485625e-1,6.249804324054585e-1,5.237142729359394e-1,5.4021561752e1,4.018e-1
2443.181818,3.1968321454e-2,2.4675619751e-1,1.1217217748e-2,5.4880781993e-1,4.1121128217e-1,6.249804194066211e-1,5.237142566851583e-1,7.0796128653e1,6.398e-1
2444.128788,6.4748752107e-2,1.1906776444e-1,3.7575254905e-1,5.5187344501e-1,1.3851829564e-1,6.249804031234634e-1,5.237142345746031e-1,3.8666822379e1,4.437e-1
2445.075758,1.5747017634e-1,2.8366487875e-1,1.2336765864e-1,4.9644717195e-1,1.8901090430e-1,6.249803949863699e-1,5.237142120832213e-1,4.1712711367e1,3.685e-1
2446.022727,2.9150315262e-1,1.9086987181e-1,4.1874695339e-1,2.3880062471e-1,1.1004017942e-1,6.249803909769874e-1,5.237141972790971e-1,2.5604229904e1,6.471e-1
2446.969697,3.6446434872e-1,2.1727654747e-1,1.2462575491e-1,1.9495816820e-1,3.4863595557e-1,6.249803874364838e-1,5.237141880826065e-1,5.2477855004e1,4.505e-1
2447.916667,2.7964556022e-1,5.7201767082e-1,2.3107452843e-1,1.5964622805e-1,7.5767862824e-3,6.249803869030027e-1,5.237141863880470e-1,9.2109622909e0,7.561e-1
2448.863636,1.8139414998e-1,4.7133432186e-1,2.2359040990e-1,3.1072788060e-1,6.2914008867e-2,6.249803856036038e-1,5.237141875592470e-1,2.0818374312e1,5.473e-1
2449.810606,1.8843856667e-1,8.7294688893e-2,7.4345197616e-2,7.1920827398e-1,1.8067403030e-1,6.249803787284272e-1,5.237142068037192e-1,4.7004510888e1,5.442e-1
2450.757576,1.6178938740e-1,1.5403464254e-1,5.6602780361e-1,2.7609061617e-1,9.2018285431e-2,6.249803675719016e-1,5.237141594489718e-1,2.5530426660e1,5.955e-1
2451.704545,5.6461150668e-2,5.8595307865e-1,3.2798039254e-1,2.7650915448e-2,2.5191519484e-1,6.249803660681097e-1,5.237141542360477e-1,3.6953954106e1,4.607e-1
2452.651515,1.6584334970e-2,3.5913600772e-1,1.3278561103e-1,2.6602340708e-1,4.7543136286e-1,6.249803618251971e-1,5.237141494338713e-1,7.1156812543e1,6.825e-1
2453.598485,1.0994149235e-2,1.1671531478e-1,2.0913159782e-1,3.1371937698e-1,5.9940025281e-1,6.249803458072314e-1,5.237141236108684e-1,8.8674232910e1,4.238e-1
2454.545455,8.9126775827e-3,2.0354838392e-1,1.2821815573e-1,5.1207312184e-1,3.9720833156e-1,6.249803353173682e-1,5.237141195939280e-1,6.8666304691e1,4.988e-1
2455.492424,1.0187822061e-2,2.3723647758e-1,4.8412269525e-2,6.1884631221e-1,3.3527775747e-1,6.249803194196484e-1,5.237140984493551e-1,6.3585499969e1,4.828e-1
2456.439394,1.7457331595e-2,1.4370966064e-1,2.4973630480e-1,6.8633841866e-1,1.5271888747e-1,6.249803015873736e-1,5.237140775602487e-1,4.3804885419e1,7.464e-1
2457.386364,3.7956343746e-2,4.4806257209e-1,1.4479096717e-1,5.0432478310e-1,1.1482591795e-1,6.249802920246649e-1,5.237140401433409e-1,3.2909541610e1,7.102e-1
2458.333333,1.1741232974e-1,4.5769568000e-1,1.6222547799e-1,3.1292334590e-1,1.9970374454e-1,6.249802890862546e-1,5.237140286019210e-1,3.7847527719e1,4.917e-1
2459.280303,2.4987332411e-1,5.4380642644e-2,5.5975958549e-1,2.5528561336e-1,1.3066139826e-1,6.249802819320280e-1,5.237140192583953e-1,2.9605573236e1,5.026e-1
2460.227273,2.5119716755e-1,2.8269126815e-2,3.4309130669e-2,4.0895023048e-1,5.2723489036e-1,6.249802729347563e-1,5.237140026252449e-1,8.1029083224e1,5.320e-1
2461.174242,1.3345232596e-1,4.0048567068e-1,3.1745971335e-1,1.8217534845e-1,2.1638746809e-1,6.249802632633360e-1,5.237139826883773e-1,3.6934582277e1,5.211e-1
2462.121212,3.3055428424e-2,7.9338114825e-1,2.3844208762e-1,1.4097398874e-1,4.4107873216e-2,6.249802631229894e-1,5.237139809379262e-1,1.3667802123e1,8.047e-1
2463.068182,4.3287933150e-2,8.9550489061e-2,1.6138475243e-1,5.6737978483e-1,3.8835755439e-1,6.249802569329193e-1,5.237139905697801e-1,6.9357743041e1,7.344e-1
2464.015152,5.6353965472e-2,9.7242109268e-3,5.6425792111e-1,4.2459065938e-1,1.9503373670e-1,6.249802467923554e-1,5.237139660235153e-1,4.3112908171e1,6.386e-1
2464.962121,5.8719761753e-2,7.9846411284e-2,8.6100508196e-1,2.2641590268e-1,2.3973310417e-2,6.249802340477881e-1,5.237139378876523e-1,1.7390985978e1,4.621e-1
2465.909091,1.0472755881e-1,2.3447276880e-1,3.8551000363e-3,5.1792006218e-1,3.8898496061e-1,6.249802252170169e-1,5.237139288259408e-1,6.6915667065e1,7.122e-1
2466.856061,2.1740067452e-1,6.9589738912e-2,2.5711478110e-1,4.0818472223e-1,2.9767050547e-1,6.249802111183391e-1,5.237139040760574e-1,5.3468533876e1,5.964e-1
2467.803030,2.4946738390e-1,6.3992564615e-3,1.7611734971e-1,4.0895861498e-1,4.0901780334e-1,6.249802041915280e-1,5.237138900943310e-1,6.6987425509e1,6.297e-1
2468.750000,1.7908078775e-1,1.3478870609e-1,5.5060458789e-1,2.9049358370e-1,9.4992717499e-2,6.249801914636682e-1,5.237138686248354e-1,2.6218817027e1,4.857e-1
2469.696970,8.5371821483e-2,5.7791559994e-1,2.9498258571e-1,1.2784231818e-1,1.6384805468e-1,6.249801899942448e-1,5.237138590440736e-1,2.8621882977e1,5.858e-1
2470.643939,4.7219182099e-2,4.2696565100e-1,2.0665305273e-1,2.6974207256e-1,2.9938041636e-1,6.249801873688139e-1,5.237138579385322e-1,4.9483204930e1,5.145e-1
2471.590909,5.5248599864e-2,1.3489925287e-1,6.1756284017e-2,5.5252592249e-1,4.4553029165e-1,6.249801754484335e-1,5.237138513596116e-1,7.5500179929e1,6.625e-1
2472.537879,1.1060860462e-1,2.8133554915e-1,2.7020935917e-1,4.8362688945e-1,1.0417992152e-1,6.249801619566390e-1,5.237138241369058e-1,3.1590740691e1,4.834e-1
2473.484848,3.1336611555e-1,3.8785763597e-1,4.7840953830e-1,2.2391317694e-2,4.7935711579e-2,6.249801595490024e-1,5.237138062356297e-1,1.1611967884e1,4.162e-1
2474.431818,6.7226177962e-1,3.6925194977e-1,6.0822332071e-2,1.0592256246e-2,1.3703200107e-1,6.249801593882709e-1,5.237138060397021e-1,1.9440261783e1,5.527e-1
2475.378788,8.1464926137e-1,3.2803733782e-1,7.0870315868e-4,7.0770661142e-2,3.5794355172e-2,6.249801593293768e-1,5.237138060598868e-1,7.9154075501e0,7.572e-1
2476.325758,5.7567988990e-1,4.1766564456e-1,9.9148809707e-2,1.3530692747e-1,2.2159047018e-2,6.249801593278990e-1,5.237138061534572e-1,9.0825414091e0,7.583e-1
2477.272727,2.5126647332e-1,4.4772448796e-1,3.2068982870e-1,8.7634242329e-2,1.4264528479e-1,6.249801585470247e-1,5.237138056023773e-1,2.4649493050e1,4.491e-1
2478.219697,8.1889907172e-2,2.4762915501e-1,4.3150463386e-1,3.8290826967e-1,1.0602834606e-1,6.249801558856594e-1,5.237138094985333e-1,2.9812933260e1,5.474e-1
2479.166667,4.3510464973e-2,7.7649951783e-2,6.5985599784e-2,7.5286162195e-1,3.0995265064e-1,6.249801445671860e-1,5.237138179794726e-1,6.4470451119e1,3.877e-1
2480.113636,2.7064047594e-2,3.0562772566e-1,3.2079321222e-1,5.5199715114e-1,4.4478126109e-2,6.249801313657566e-1,5.237137720853852e-1,2.6548242151e1,5.426e-1
2481.060606,1.7361297280e-2,3.8607494623e-1,5.9133134505e-1,4.6790770882e-2,2.0840189270e-1,6.249801260685856e-1,5.237137493415170e-1,3.3684228235e1,7.401e-1
2482.007576,1.1831143414e-2,3.3009442828e-1,2.1931172329e-1,2.5332532905e-1,4.3539761748e-1,6.249801207618748e-1,5.237137438674002e-1,6.6257903782e1,5.501e-1
2482.954545,1.7137684774e-2,1.9132126477e-1,3.3628276836e-2,4.6642887788e-1,5.4144411054e-1,6.249801073944808e-1,5.237137262310357e-1,8.4890807827e1,7.357e-1
2483.901515,3.9791177704e-2,2.2503245595e-1,3.5320628200e-3,5.4083433399e-1,4.4077014989e-1,6.249800901709255e-1,5.237137006687588e-1,7.4223494876e1,7.046e-1
2484.848485,8.6042382095e-2,8.5632151659e-2,2.6736173088e-1,5.2150087508e-1,2.8942300794e-1,6.249800738287149e-1,5.237136738833498e-1,5.6087352360e1,5.099e-1
2485.795455,1.5033319024e-1,1.7500718377e-1,1.4071437428e-1,6.6754164408e-1,1.1636373384e-1,6.249800631056409e-1,5.237136672453898e-1,3.7806786499e1,4.631e-1
2486.742424,2.7349212755e-1,2.3590516878e-2,3.2005488905e-1,5.6705033996e-1,6.5772231535e-2,6.249800524857213e-1,5.237136397338410e-1,2.9308822725e1,4.391e-1
2487.689394,2.4737993298e-1,7.7533239673e-2,1.0284748191e-1,6.9703449115e-1,1.2516494173e-1,6.249800437214211e-1,5.237136360502452e-1,3.9427752559e1,4.301e-1
2488.636364,1.2558468632e-1,1.6843349015e-1,1.9458638945e-1,5.6997149262e-1,1.9138400675e-1,6.249800326398899e-1,5.237136058969186e-1,4.4692591066e1,6.333e-1
2489.583333,7.7751068956e-2,7.6505680138e-2,1.5917169080e-1,7.3831307455e-1,1.9821853100e-1,6.249800227261971e-1,5.237136064559741e-1,5.0463250775e1,7.372e-1
2490.530303,6.8648624599e-2,2.6845104131e-1,3.1211262263e-1,5.4396956407e-1,5.6778164743e-2,6.249800086738609e-1,5.237135598212939e-1,2.7742758513e1,7.375e-1
2491.477273,1.2515488586e-1,6.4241404129e-1,2.7736458131e-1,9.6609276156e-3,1.9536557777e-1,6.249800069268507e-1,5.237135401292385e-1,2.8882265814e1,4.995e-1
2492.424242,2.7159304911e-1,1.5519753187e-1,4.7207313914e-1,3.4042872396e-1,1.0667566041e-2,6.249800050661021e-1,5.237135416811668e-1,1.6481944322e1,5.556e-1
2493.371212,2.6579734206e-1,1.0452969478e-1,2.1339912194e-2,6.6133637237e-1,1.9695667645e-1,6.249799989324440e-1,5.237135524696723e-1,4.6885895860e1,7.927e-1
2494.318182,1.7735661329e-1,2.6451868304e-1,7.3775110629e-3,4.5822033008e-1,3.4248684048e-1,6.249799889777499e-1,5.237135191907282e-1,5.9178101905e1,5.419e-1
2495.265152,1.3146517918e-1,2.7413102514e-1,7.2312275211e-1,3.9926789438e-2,8.1314217850e-2,6.249799818566144e-1,5.237135006283583e-1,1.8084853804e1,5.995e-1
2496.212121,6.2017045931e-2,4.8583927751e-1,4.7357180894e-1,1.8281654256e-1,4.5715286224e-2,6.249799805824834e-1,5.237135011723419e-1,1.6492947548e1,6.947e-1
2497.159091,3.2378414558e-2,2.5637871480e-1,7.6891873178e-2,7.0162617683e-1,1.8268477314e-1,6.249799762551798e-1,5.237135211212208e-1,4.6979770243e1,4.762e-1
2498.106061,1.5298856789e-2,2.8956594735e-1,2.4766327391e-1,4.9264059314e-1,2.0479126205e-1,6.249799666224041e-1,5.237134866333634e-1,4.4545868037e1,6.957e-1
2499.053030,4.7720898959e-3,6.5496337160e-1,1.5424307846e-1,1.8778942053e-1,2.4819196378e-1,6.249799621337241e-1,5.237134716550624e-1,4.0324090237e1,8.092e-1
2500.000000,2.2733993995e-3,1.6071807026e-1,3.5423008902e-1,2.0757975645e-1,5.2515860127e-1,6.249799582030326e-1,5.237134661903701e-1,7.7019266722e1,5.465e-1
2500.946970,4.1554343911e-3,2.9428526745e-1,6.0009108535e-1,9.8315202545e-2,2.5311290072e-1,6.249799452325873e-1,5.237134433019024e-1,4.0935914709e1,7.655e-1
2501.893939,1.7202910386e-2,8.4337441163e-1,2.7488380934e-1,4.8537961101e-2,6.5960799120e-2,6.249799457870313e-1,5.237134427839749e-1,1.3890617796e1,9.154e-1
2502.840909,5.1435658407e-2,2.6767972168e-1,3.8671205133e-1,4.0451692336e-1,1.3961553544e-1,6.249799451050473e-1,5.237134492958719e-1,3.4470103767e1,6.293e-1
2503.787879,7.9384366913e-2,6.2856129949e-2,5.2732979981e-2,3.7678337620e-1,6.7820301462e-1,6.249799338321529e-1,5.237134193257942e-1,9.9454322193e1,4.896e-1
2504.734848,9.6093233635e-2,1.8797423565e-2,5.0322900265e-1,2.1745554777e-1,4.1438462188e-1,6.249799147480152e-1,5.237133855488889e-1,6.4111282614e1,5.665e-1
2505.681818,7.5633876747e-2,7.4828505707e-2,1.3868582725e-1,3.5270781709e-1,6.0810378851e-1,6.249799076526670e-1,5.237133708564622e-1,9.0420895643e1,4.698e-1
2506.628788,4.1729429481e-2,1.2123772145e-1,3.2991553724e-3,2.7592762797e-1,8.0776584769e-1,6.249798909867252e-1,5.237133296841037e-1,1.1251344600e2,6.920e-1
2507.575758,2.2491486972e-2,6.4652647982e-2,5.9970151674e-1,1.4394857755e-1,4.1916551063e-1,6.249798699375888e-1,5.237132985073853e-1,6.3197703016e1,4.385e-1
2508.522727,1.7951967456e-2,8.2377805523e-3,9.7348419805e-2,3.1742587834e-1,8.0899568361e-1,6.249798648842051e-1,5.237132796746060e-1,1.1451331451e2,5.559e-1
2509.469697,1.6595893215e-2,2.1055788244e-3,8.2732663008e-1,3.2601713104e-1,7.7914454985e-2,6.249798440703037e-1,5.237132580994864e-1,2.7036720576e1,5.594e-1
2510.416667,1.4248095174e-2,1.5239742145e-2,1.3880484941e-1,4.5178670209e-1,6.2988028234e-1,6.249798355820499e-1,5.237132279769048e-1,9.6229892934e1,6.845e-1
2511.363636,9.7531772099e-3,1.9240479263e-1,3.7782579521e-1,5.5038164218e-1,1.1959423586e-1,6.249798215394459e-1,5.237132206495368e-1,3.6332567275e1,4.777e-1
2512.310606,1.1873165086e-2,1.4128517240e-1,4.3972779363e-1,2.7090978250e-1,3.8616371052e-1,6.249798120649811e-1,5.237131857756150e-1,6.1904397262e1,4.669e-1
2513.257576,1.6930797404e-2,2.0673950973e-2,1.1729439163e-1,6.4045789057e-1,4.5460257360e-1,6.249798020906148e-1,5.237131856555517e-1,7.9671950353e1,3.311e-1
2514.204545,2.0645630409e-2,7.0270726273e-2,5.8497082661e-1,4.8222038806e-1,9.1851995656e-2,6.249797835074128e-1,5.237131389138414e-1,3.2018738743e1,7.123e-1
2515.151515,4.3274609246e-2,2.5415038426e-1,1.3681891494e-1,4.3950784819e-1,3.7620779948e-1,6.249797780603478e-1,5.237131233007362e-1,6.3843338868e1,6.012e-1
2516.098485,7.9766864560e-2,5.6094768139e-2,5.8145913553e-1,3.9587184864e-1,1.3676692020e-1,6.249797685366186e-1,5.237131126528259e-1,3.4977810996e1,7.245e-1
2517.045455,8.3844479146e-2,6.1187501137e-2,3.7059465266e-2,3.3537565624e-1,7.3249241530e-1,6.249797585448544e-1,5.237130745705163e-1,1.0495182312e2,4.748e-1
2517.992424,7.7309781462e-2,2.5726487404e-1,4.8956702041e-1,9.9987899720e-2,3.2582991188e-1,6.249797437591288e-1,5.237130513671251e-1,4.9375562314e1,5.571e-1
2518.939394,6.3850198951e-2,7.7805210717e-1,2.3560355447e-1,7.4827470188e-2,9.7626155846e-2,6.249797433118908e-1,5.237130500315297e-1,1.8363484744e1,3.696e-1
2519.886364,9.6183410735e-2,4.6484597378e-1,4.6182946672e-1,1.7162979402e-2,2.0993765597e-1,6.249797433017525e-1,5.237130502142550e-1,3.2093654691e1,4.859e-1
2520.833333,1.3116776473e-1,1.4146498816e-1,2.7580637024e-1,3.6155416981e-1,3.3996618436e-1,6.249797386485358e-1,5.237130459764782e-1,5.7640369853e1,5.998e-1
2521.780303,1.2566631861e-1,4.1599205346e-2,1.0676862967e-1,7.1149192338e-1,2.6443337650e-1,6.249797267565458e-1,5.237130433015680e-1,5.7615394348e1,7.107e-1
2522.727273,1.0761785863e-1,3.1883472330e-2,1.2166453340e-2,9.4628246127e-1,1.5200917639e-1,6.249797109823715e-1,5.237130417984504e-1,4.9953120839e1,2.556e-1
2523.674242,8.9547474688e-2,2.7923962478e-2,1.6454198132e-1,9.0479785578e-1,6.3148113110e-2,6.249796936874790e-1,5.237130008585337e-1,3.8453447376e1,4.428e-1
2524.621212,8.2597293344e-2,1.0008903120e-1,2.1506679642e-1,8.1021011061e-1,4.1996127556e-2,6.249796795661805e-1,5.237129588050387e-1,3.3264238947e1,7.386e-1
2525.568182,7.9236301320e-2,1.9155948514e-1,2.0597813260e-1,4.5704023093e-1,3.1614518960e-1,6.249796697987976e-1,5.237129133083098e-1,5.7162433840e1,6.707e-1
2526.515152,5.4885545371e-2,3.0376310460e-1,4.6160807087e-1,1.6476305648e-1,2.6493954918e-1,6.249796632558829e-1,5.237128994814231e-1,4.3512513652e1,5.572e-1
2527.462121,2.1645379128e-2,2.5690010594e-1,8.1373713859e-1,8.7033247622e-2,7.0643446766e-2,6.249796590259817e-1,5.237128928899284e-1,1.8861945120e1,7.293e-1
2528.409091,1.0832612898e-2,2.2709945308e-1,1.3000972967e-1,4.3008326464e-1,4.5193424706e-1,6.249796536782786e-1,5.237128838847922e-1,7.3109941143e1,6.679e-1
2529.356061,1.2691337754e-2,7.3878461597e-2,1.8424070148e-1,5.0919272728e-1,4.6995604571e-1,6.249796369114079e-1,5.237128554336186e-1,7.8076569328e1,6.583e-1
2530.303030,1.7241750267e-2,1.2585694422e-1,2.0067872361e-2,6.1013810357e-1,4.7665456445e-1,6.249796174359076e-1,5.237128211169282e-1,8.0957081306e1,7.470e-1
2531.250000,2.6163324986e-2,4.5187545768e-2,4.8899961958e-1,4.6036140692e-1,2.2924730440e-1,6.249796008268087e-1,5.237127896188635e-1,4.8090673695e1,4.246e-1
2532.196970,4.3523459454e-2,1.6954103719e-1,1.0954758669e-1,4.7959594595e-1,4.4775114935e-1,6.249795893154049e-1,5.237127603562882e-1,7.3896441885e1,3.556e-1
2533.143939,7.6606634991e-2,2.8715898458e-2,5.4323216333e-1,4.1516917493e-1,1.8623528627e-1,6.249795789926236e-1,5.237127445120345e-1,4.1565122662e1,5.363e-1
2534.090909,8.2774189315e-2,7.0203503949e-3,3.3204401353e-2,5.8239700155e-1,5.4456318444e-1,6.249795635288513e-1,5.237127130739203e-1,8.8661854665e1,6.077e-1
2535.037879,7.0040363689e-2,6.7228572595e-2,5.4150261480e-1,4.4034933300e-1,1.3083821409e-1,6.249795490841006e-1,5.237126873021078e-1,3.5339968305e1,6.913e-1
2535.984848,3.2009041850e-2,3.1661451940e-1,2.2356524148e-1,6.0779761263e-1,6.9972673543e-2,6.249795444540924e-1,5.237126823477494e-1,3.0843781309e1,7.448e-1
2536.931818,1.7379189809e-2,2.8343636320e-1,4.3165075978e-1,5.1642910481e-1,1.0636664432e-3,6.249795420179363e-1,5.237126710325379e-1,2.0690649058e1,6.854e-1
2537.878788,3.7839359114e-2,1.3377021811e-1,3.9857518222e-1,3.6881005269e-1,3.1096425648e-1,6.249795343027266e-1,5.237126545601966e-1,5.5080408089e1,5.568e-1
2538.825758,5.6561028343e-2,2.5558237632e-2,1.0567598409e-1,6.6605824477e-1,3.9610554944e-1,6.249795221404570e-1,5.237126488717381e-1,7.2940179024e1,5.264e-1
2539.772727,7.4469416881e-2,3.1095001176e-2,2.0846445235e-1,5.1492014796e-1,4.2100998831e-1,6.249795033387102e-1,5.237125954129944e-1,7.2133863568e1,3.704e-1
2540.719697,1.1189249789e-1,7.3164113426e-2,3.5536761494e-1,5.7130186539e-1,1.3823289031e-1,6.249794909792142e-1,5.237125815589895e-1,3.9020685048e1,5.682e-1
2541.666667,1.5817875874e-1,6.5243517322e-2,9.9171146957e-2,3.7848237913e-1,5.4888315927e-1,6.249794807106192e-1,5.237125445636133e-1,8.3371426109e1,6.146e-1
2542.613636,1.5443516269e-1,6.0002289149e-2,3.4005314009e-1,1.9024311889e-1,5.0522522351e-1,6.249794671671669e-1,5.237125167552837e-1,7.3674255695e1,5.648e-1
2543.560606,8.8357413601e-2,1.6969317783e-1,4.0873122182e-1,1.2602566398e-1,4.5715144068e-1,6.249794589600719e-1,5.237125027726447e-1,6.6201620492e1,6.619e-1
2544.507576,5.8755120826e-2,1.0398651772e-1,5.3832235187e-1,1.3254660269e-1,4.1634830776e-1,6.249794504340002e-1,5.237124887965992e-1,6.2078004090e1,6.475e-1
2545.454545,7.2603560831e-2,1.6212453099e-2,5.9892215849e-2,2.1719403186e-1,8.8405661946e-1,6.249794405465936e-1,5.237124579665999e-1,1.2065732072e2,3.961e-1
2546.401515,7.6494889479e-2,2.0093346739e-2,2.9107787048e-1,1.8213623160e-1,6.8015649626e-1,6.249794172790748e-1,5.237124164251997e-1,9.5295448035e1,7.872e-1
2547.348485,8.8496188628e-2,5.4201840734e-2,4.1512236159e-1,1.9886034056e-1,4.9327807945e-1,6.249794054801978e-1,5.237123997431021e-1,7.2976755736e1,6.055e-1
2548.295455,1.2358234774e-1,1.2012955362e-2,5.6286622761e-2,2.2784515369e-1,8.3023170690e-1,6.249793932257808e-1,5.237123663515002e-1,1.1409681347e2,5.344e-1
2549.242424,1.3279753318e-1,9.0414100064e-4,2.4583777204e-3,2.0818538426e-1,9.0561331101e-1,6.249793735899409e-1,5.237123245048187e-1,1.2266831018e2,8.216e-1
2550.189394,1.1255135722e-1,2.5619793818e-2,8.8706555168e-2,1.9899138958e-1,8.2408960862e-1,6.249793522004934e-1,5.237122836692836e-1,1.1266836208e2,3.885e-1
2551.136364,6.8446614063e-2,1.3290369913e-1,3.5230111708e-1,1.5764981457e-1,5.3865742473e-1,6.249793347813840e-1,5.237122564295285e-1,7.7111384073e1,7.228e-1
2552.083333,5.2090499875e-2,2.1715271067e-1,4.9086695734e-1,1.3990518567e-1,3.4994330518e-1,6.249793293640590e-1,5.237122503109959e-1,5.3656995334e1,5.289e-1
2553.030303,1.0762219995e-1,1.0334661811e-1,3.6637384220e-1,3.4602803585e-1,3.2658794628e-1,6.249793211921164e-1,5.237122396035123e-1,5.6067649344e1,3.153e-1
2553.977273,1.4100017316e-1,1.0767329297e-2,1.4048968766e-1,4.2015444075e-1,5.3754698968e-1,6.249793102749058e-1,5.237122149118576e-1,8.3466909030e1,6.495e-1
2554.924242,1.2421203182e-1,2.6663855262e-2,3.9809348854e-3,6.4511268696e-1,4.4998907362e-1,6.249792912727503e-1,5.237121908237290e-1,7.8389488611e1,6.827e-1
2555.871212,8.7203234706e-2,6.1761996671e-2,6.6643152329e-3,8.6557238044e-1,2.2875662050e-1,6.249792737784873e-1,5.237121820502905e-1,5.7199603731e1,9.054e-1
2556.818182,5.6186738657e-2,3.5934833407e-2,4.0167948972e-1,7.4691783302e-1,9.2396205062e-3,6.249792576515446e-1,5.237121374463537e-1,2.8397441035e1,6.206e-1
2557.765152,4.2299318687e-2,7.0311171361e-2,7.2206242849e-2,7.1655099051e-1,3.4859076563e-1,6.249792445163636e-1,5.237121060914748e-1,6.8288671642e1,2.817e-1
2558.712121,3.0697046382e-2,1.2475648329e-1,5.4964084614e-3,9.3461561167e-1,1.5439290457e-1,6.249792271875297e-1,5.237120994987161e-1,4.9978824116e1,4.025e-1
2559.659091,2.7451085391e-2,1.0426034003e-1,1.9585179006e-1,8.0067720886e-1,1.2171799952e-1,6.249792119303264e-1,5.237120508880857e-1,4.2990635166e1,8.365e-1
2560.606061,2.3378008445e-2,2.7961842673e-2,2.8089623249e-1,8.1714681389e-1,1.0057550711e-1,6.249792023041042e-1,5.237120331620760e-1,4.1337145504e1,8.800e-1
2561.553030,1.6740458880e-2,5.5827685851e-2,3.2403561517e-1,7.6865414089e-1,8.4700470828e-2,6.249791858092271e-1,5.237119934027635e-1,3.8150903297e1,7.763e-1
2562.500000,1.0666480875e-2,3.3783065109e-1,2.1994816072e-1,6.5993392055e-1,2.1579140617e-2,6.249791769260838e-1,5.237119674367301e-1,2.6320595285e1,6.410e-1
2563.446970,2.1634730296e-2,1.9938000313e-1,7.2430664926e-1,2.6473941869e-1,3.9897539240e-2,6.249791703077902e-1,5.237119430699699e-1,1.9782576986e1,5.960e-1
2564.393939,4.2665459290e-2,1.7283510403e-1,8.8827566638e-2,2.0794175781e-1,7.3768844302e-1,6.249791653977860e-1,5.237119234044865e-1,1.0215588043e2,5.384e-1
2565.340909,6.8018862321e-2,5.7853490410e-2,1.3964844090e-1,2.2542838811e-1,7.5900911319e-1,6.249791474694838e-1,5.237118886543214e-1,1.0563377885e2,5.227e-1
2566.287879,1.0699928624e-1,5.2330757601e-2,1.1781420931e-2,2.0103306655e-1,8.7781372922e-1,6.249791302685003e-1,5.237118505190148e-1,1.1904562800e2,8.168e-1
2567.234848,1.3944113729e-1,5.7738600835e-3,2.0528776153e-1,1.8809369032e-1,7.1136176995e-1,6.249791095821544e-1,5.237118140263196e-1,9.8796875025e1,4.288e-1
2568.181818,1.2972788806e-1,1.8843126422e-2,3.6859721950e-1,1.6384098728e-1,5.6894897007e-1,6.249790956667580e-1,5.237117912067834e-1,8.1119707715e1,7.325e-1
2569.128788,9.0945924977e-2,5.1975692202e-2,1.6608562611e-1,1.9076524606e-1,7.5018567594e-1,6.249790826463980e-1,5.237117615750329e-1,1.0360636375e2,4.971e-1
2570.075758,6.6706741185e-2,6.4108358742e-2,1.2054642403e-1,2.0119339236e-1,7.9740321447e-1,6.249790653910348e-1,5.237117262552651e-1,1.0963174149e2,5.147e-1
2571.022727,4.4087564739e-2,9.5826462109e-2,2.7764039810e-1,1.6704018454e-1,6.6536348374e-1,6.249790466155288e-1,5.237116927249534e-1,9.2946631716e1,7.310e-1
2571.969697,4.3407152058e-2,1.6021366226e-2,3.5926951057e-1,1.9336880142e-1,6.3789124216e-1,6.249790362128040e-1,5.237116750954020e-1,9.0765783034e1,5.104e-1
2572.916667,3.8721491960e-2,5.2178515992e-2,1.7282931116e-1,2.0167225128e-1,7.8455646614e-1,6.249790182665602e-1,5.237116327158768e-1,1.0838309197e2,6.241e-1
2573.863636,4.6480113475e-2,2.5385490639e-1,5.5823823879e-1,8.6014885308e-2,3.0536986761e-1,6.249790057849438e-1,5.237116186322690e-1,4.6836675164e1,5.525e-1
2574.810606,1.3298421717e-1,3.5355860180e-1,5.0625795544e-1,1.6856926382e-1,8.8587969777e-2,6.249790040033155e-1,5.237116161883034e-1,2.1557149529e1,5.613e-1
2575.757576,2.8721996667e-1,4.6766053011e-1,2.4655598892e-1,6.9010671403e-2,1.7951084998e-1,6.249790035427728e-1,5.237116141845869e-1,2.8237109238e1,6.697e-1
2576.704545,5.1532775967e-1,5.8047067600e-1,6.2837589831e-2,4.9858366112e-2,4.1463615496e-2,6.249790035558085e-1,5.237116137782064e-1,8.8241164496e0,5.967e-1
2577.651515,8.0518815445e-1,2.4641897261e-1,5.0930916262e-2,1.1401797156e-1,3.3401991718e-2,6.249790033048551e-1,5.237116139635190e-1,9.2269093825e0,8.967e-1
2578.598485,6.0110758772e-1,3.8519282977e-1,9.1709312277e-2,9.9658731390e-3,1.6198240350e-1,6.249790032029661e-1,5.237116135968877e-1,2.2857269540e1,6.802e-1
2579.545455,3.0427543554e-1,4.5902775968e-1,3.1148502926e-1,1.2257375875e-1,5.2596024179e-2,6.249790037019478e-1,5.237116143648718e-1,1.4216724846e1,6.584e-1
2580.492424,9.9488195344e-2,2.9170745758e-1,6.2987299825e-1,1.1837524587e-1,1.1051410628e-1,6.249790016621861e-1,5.237116128358550e-1,2.3605956471e1,6.392e-1
2581.439394,5.0043667019e-2,1.3371509938e-1,4.3079400509e-2,4.2892761466e-1,5.9419220180e-1,6.249789916817359e-1,5.237115950550485e-1,9.0419372736e1,7.094e-1
2582.386364,5.3089083627e-2,1.1515554611e-1,7.7210298654e-1,1.5452366723e-1,1.5508667887e-1,6.249789811891878e-1,5.237115785887982e-1,3.1229531773e1,5.281e-1
2583.333333,1.0907229304e-1,1.5698454429e-1,1.9360160749e-2,4.0646276110e-1,5.5807818351e-1,6.249789713438192e-1,5.237115572516111e-1,8.4964202365e1,5.796e-1
2584.280303,2.1028723228e-1,1.1625590659e-1,4.3620611596e-1,3.5892522440e-1,1.2828344112e-1,6.249789601772651e-1,5.237115432017874e-1,3.1733192001e1,5.933e-1
2585.227273,2.9054672703e-1,3.7281611456e-1,1.0805074062e-1,4.3382261368e-1,4.4721722490e-2,6.249789591933940e-1,5.237115394977446e-1,2.1362015634e1,6.457e-1
2586.174242,3.9291984334e-1,3.6289588529e-1,4.1270232627e-1,6.1114147406e-2,2.0325715086e-2,6.249789587009911e-1,5.237115310771993e-1,8.7812145505e0,4.253e-1
2587.121212,5.2958572910e-1,4.7160114037e-1,1.6981155351e-1,1.6962759478e-2,6.1996734994e-2,6.249789587256097e-1,5.237115308153527e-1,1.1044877956e1,6.660e-1
2588.068182,6.0041008896e-1,3.1888472595e-1,1.2194724674e-1,3.2098901094e-3,2.0550596485e-1,6.249789583064099e-1,5.237115306228493e-1,2.8321032455e1,7.699e-1
2589.015152,4.3143682611e-1,4.0804138848e-1,2.3367884291e-1,3.5586318819e-2,1.4121454024e-1,6.249789582757888e-1,5.237115305729652e-1,2.2115455286e1,4.803e-1
2589.962121,2.7921726656e-1,4.1639958327e-1,6.9870031550e-2,1.4089985232e-1,3.4357118059e-1,6.249789571400537e-1,5.237115297037067e-1,5.0017274442e1,6.438e-1
2590.909091,1.8477906304e-1,8.2340544063e-2,4.6569585000e-1,2.5403087144e-1,2.6311157630e-1,6.249789524220672e-1,5.237115261812656e-1,4.5789907072e1,6.804e-1
2591.856061,1.3377304636e-1,7.4390665410e-2,5.7754078157e-1,2.6493849588e-1,1.9931489022e-1,6.249789397234830e-1,5.237115082337767e-1,3.8826331923e1,7.146e-1
2592.803030,6.6840222221e-2,3.5465248485e-1,9.7441885945e-2,3.2122703745e-1,4.0979624194e-1,6.249789362028090e-1,5.237114988442048e-1,6.4255444335e1,6.191e-1
2593.750000,6.7603198795e-2,9.2303031384e-2,4.3858582427e-1,3.1050607683e-1,3.4095971786e-1,6.249789245696793e-1,5.237114823347877e-1,5.7306132601e1,6.387e-1
2594.696970,7.7561185966e-2,1.9140689495e-1,2.6886892578e-3,4.1144098233e-1,5.6686006773e-1,6.249789101173427e-1,5.237114543320807e-1,8.6167304001e1,5.926e-1
2595.643939,1.2264467471e-1,1.0253451655e-1,7.3944638083e-2,4.5457660945e-1,4.9625734672e-1,6.249788927545752e-1,5.237114293318759e-1,7.8925340358e1,4.532e-1
2596.590909,1.6648794865e-1,1.5432697990e-1,3.1744439752e-1,4.9381731676e-1,1.1788111640e-1,6.249788796127848e-1,5.237114147800838e-1,3.3822390149e1,4.671e-1
2597.537879,2.9471702940e-1,3.6885025979e-2,3.4496152414e-1,4.9912251328e-1,7.4271650116e-2,6.249788714565828e-1,5.237113998712121e-1,2.8459512400e1,5.003e-1
2598.484848,2.9699158011e-1,3.6030694125e-2,5.6028751322e-2,6.6710116367e-1,1.9380553462e-1,6.249788619242684e-1,5.237113964957713e-1,4.6823132857e1,4.838e-1
2599.431818,1.7752501113e-1,1.7074115578e-1,1.0366330053e-2,6.7210424157e-1,2.1922095905e-1,6.249788487875605e-1,5.237113746793384e-1,5.0080793945e1,5.404e-1
2600.378788,1.1161420273e-1,1.7915998653e-1,1.8380316678e-1,6.5181570001e-1,1.2356461416e-1,6.249788351046819e-1,5.237113517854777e-1,3.8558925421e1,7.658e-1
2601.325758,1.4670606826e-1,2.2510362385e-1,2.5773893951e-2,6.2391130270e-1,2.2846276006e-1,6.249788244130482e-1,5.237113295296189e-1,4.9938146408e1,7.407e-1
2602.272727,1.9218788979e-1,3.4986150508e-2,5.6738108344e-1,4.1559834022e-1,3.9804170058e-2,6.249788170031576e-1,5.237113051516720e-1,2.3099195568e1,6.045e-1
2603.219697,1.3075621454e-1,2.0149103784e-1,1.6944453865e-1,5.7756567848e-1,1.7070014628e-1,6.249788078924916e-1,5.237112970626226e-1,4.2155636927e1,4.388e-1
2604.166667,6.0854587061e-2,7.9837375358e-1,2.6429295897e-1,4.6680274677e-3,1.2176828346e-1,6.249788052658264e-1,5.237112715221091e-1,1.9477235634e1,5.860e-1
2605.113636,4.5453718574e-2,2.2362633033e-1,4.7232122503e-1,3.9275230747e-1,1.1580402913e-1,6.249788052693709e-1,5.237112759473908e-1,3.1639538888e1,6.246e-1
2606.060606,4.2687528665e-2,1.2965628841e-1,4.9702473895e-1,4.6541901870e-1,1.1517001654e-1,6.249787956327369e-1,5.237112644639007e-1,3.3892024969e1,5.081e-1
2607.007576,2.6634773937e-2,5.7795030382e-1,1.3366916992e-1,3.4740602649e-1,1.6429730966e-1,6.249787919149393e-1,5.237112529414472e-1,3.4385619838e1,4.771e-1
2607.954545,1.8867365434e-2,2.8485339075e-1,2.7406973648e-1,2.0096574832e-1,4.7120133454e-1,6.249787877610238e-1,5.237112456080304e-1,6.9516373123e1,5.019e-1
2608.901515,1.3920836958e-2,2.3545909967e-1,2.5436039800e-2,2.7893216149e-1,6.9620941236e-1,6.249787751387148e-1,5.237112203434343e-1,9.8722000886e1,8.289e-1
2609.848485,1.4925324397e-2,8.8431764877e-2,9.6924155351e-1,9.8981525955e-2,7.8377359240e-2,6.249787639879255e-1,5.237112081146792e-1,2.1137969433e1,8.080e-1
2610.795455,1.0616292664e-2,2.1522268525e-1,1.9810578632e-1,2.3617233573e-1,5.8984041158e-1,6.249787557771926e-1,5.237111828375204e-1,8.5077687233e1,4.185e-1
2611.742424,7.3997957947e-3,8.4666451793e-1,2.8976642032e-1,5.5937264476e-2,5.0189507673e-2,6.249787530959520e-1,5.237111785073240e-1,1.2229409742e1,8.321e-1
2612.689394,1.1422910464e-2,4.0337710537e-1,3.3111005746e-1,4.5503884071e-1,4.9008588368e-2,6.249787511844628e-1,5.237111867957274e-1,2.4295688339e1,4.386e-1
2613.636364,1.9869618643e-2,7.1968316301e-2,4.8972086284e-1,5.1163617194e-1,1.5676250682e-1,6.249787382683082e-1,5.237111755983387e-1,4.0509596720e1,3.056e-1
2614.583333,2.3318575979e-2,5.6641712994e-3,2.1711866347e-1,5.8534810329e-1,4.1850793737e-1,6.249787257042541e-1,5.237111592734762e-1,7.4060092227e1,3.964e-1
2615.530303,2.1125842508e-2,4.1331832282e-2,1.6320910939e-1,3.8417023490e-1,6.4012042320e-1,6.249787211430198e-1,5.237111277197524e-1,9.5627761148e1,4.357e-1
2616.477273,1.4008593287e-2,4.5571709666e-1,5.0177069868e-1,1.2626544169e-1,1.5219559058e-1,6.249787104470841e-1,5.237111097319578e-1,2.8454133808e1,3.488e-1
2617.424242,9.6807285062e-3,5.1828959689e-1,3.7441249763e-1,1.8604516414e-1,1.6152943091e-1,6.249787090363950e-1,5.237111075252592e-1,3.0665931948e1,3.663e-1
2618.371212,1.2038935720e-2,2.7247334827e-1,7.1766746457e-2,4.1277268121e-1,4.8090568634e-1,6.249786989984534e-1,5.237110993444092e-1,7.5889753787e1,5.568e-1
2619.318182,1.8460024331e-2,5.3709911242e-2,8.3342795320e-1,2.3801205685e-1,1.0634743333e-1,6.249786894776113e-1,5.237110854078955e-1,2.8012930746e1,4.849e-1
2620.265152,1.8022578745e-2,1.9683263112e-1,7.8243353940e-1,1.8650762686e-1,6.6160983700e-2,6.249786799107068e-1,5.237110642975772e-1,2.1098994840e1,4.218e-1
2621.212121,2.1222071999e-2,5.2220868277e-1,4.6045686743e-1,5.4595354440e-2,1.9147438084e-1,6.249786787369433e-1,5.237110597417084e-1,3.0994455430e1,4.027e-1
2622.159091,3.1211634914e-2,3.8645280566e-1,4.4777187790e-2,4.0129488867e-1,3.8622083133e-1,6.249786741873550e-1,5.237110596102246e-1,6.3424431779e1,6.311e-1
2623.106061,6.3327885813e-2,4.3625917689e-1,5.4415979362e-1,7.6023718616e-2,1.3018676383e-1,6.249786693813834e-1,5.237110452651049e-1,2.4354125411e1,3.884e-1
2624.053030,1.5442330753e-1,4.2237578515e-1,5.2995870566e-1,5.5278128895e-2,8.7921410616e-2,6.249786689221025e-1,5.237110444220799e-1,1.8184473553e1,3.857e-1
2625.000000,2.2516264179e-1,2.1274701075e-1,5.6574937165e-2,3.5490508495e-1,4.0056765523e-1,6.249786649432357e-1,5.237110426981412e-1,6.3620297427e1,5.090e-1
2625.946970,3.2342448732e-1,3.8814279105e-1,9.0059924984e-2,3.1579448595e-1,1.3253563374e-1,6.249786615207149e-1,5.237110350253910e-1,2.8728461894e1,4.231e-1
2626.893939,5.5645784738e-1,4.5810279283e-1,1.0505644441e-1,7.1825668296e-2,5.8514570764e-2,6.249786618422311e-1,5.237110304283108e-1,1.1823172508e1,3.867e-1
2627.840909,8.7327276281e-1,2.2220135032e-1,6.1470716223e-2,1.9421803597e-2,7.3590690811e-2,6.249786618823613e-1,5.237110303698126e-1,1.1413910951e1,4.292e-1
2628.787879,5.6262464836e-1,6.1416246222e-1,2.6835552757e-2,2.5923717970e-2,2.0410942480e-2,6.249786618915972e-1,5.237110303178018e-1,5.1664812832e0,5.401e-1
2629.734848,3.4517376673e-1,2.2683916213e-1,3.1178886989e-1,1.8822356125e-1,1.7793196164e-1,6.249786608258099e-1,5.237110313328028e-1,3.1919021217e1,5.778e-1
2630.681818,1.8944832040e-1,2.8224496158e-1,4.7329349377e-2,4.3587311607e-1,2.9506156098e-1,6.249786542035560e-1,5.237110298200054e-1,5.2753668398e1,4.286e-1
2631.628788,7.3942003678e-2,6.7319470357e-1,3.8440669058e-1,1.4948714871e-2,1.0346519214e-1,6.249786524199709e-1,5.237110172215662e-1,1.8180517403e1,5.082e-1
2632.575758,1.7839640252e-2,3.2926201658e-1,4.9185568989e-1,2.6212357256e-1,1.4887638472e-1,6.249786519977578e-1,5.237110185091052e-1,3.2046420938e1,5.639e-1
2633.522727,9.9755802337e-3,2.8468616990e-1,2.6610843379e-1,4.8163222772e-1,2.0755487667e-1,6.249786441607990e-1,5.237110157194439e-1,4.4682483101e1,4.556e-1
2634.469697,3.0813808623e-2,8.0672596179e-1,2.0773016745e-1,7.2937210858e-2,1.3175013370e-1,6.249786412133947e-1,5.237109999173174e-1,2.2488708029e1,4.536e-1
2635.416667,9.8057683594e-2,2.8271739010e-1,1.6116057304e-1,1.9174291667e-1,5.1627871622e-1,6.249786398122228e-1,5.237109966144291e-1,7.4123197216e1,5.270e-1
2636.363636,1.7794275810e-1,1.0509902218e-1,4.7386878634e-2,2.6315357937e-1,6.5637501596e-1,6.249786271192664e-1,5.237109738729937e-1,9.3115181035e1,8.065e-1
2637.310606,2.1263003943e-1,1.7924978240e-1,5.7881926993e-1,1.4929288505e-1,1.2996526188e-1,6.249786193474418e-1,5.237109654347396e-1,2.6508294586e1,6.578e-1
2638.257576,1.8842728308e-1,4.3331629786e-1,2.4751234201e-1,2.0847368761e-1,1.7222762734e-1,6.249786189469014e-1,5.237109623448756e-1,3.1657239276e1,6.510e-1
2639.204545,1.7491545112e-1,6.1108441372e-1,1.1494510691e-1,6.4677546058e-2,2.8433471857e-1,6.249786181901680e-1,5.237109603865192e-1,4.0693712860e1,5.320e-1
2640.151515,1.9147628170e-1,2.4504771578e-1,1.7858463191e-1,3.5016463973e-1,2.8468396669e-1,6.249786179050010e-1,5.237109629824335e-1,4.9659326836e1,5.859e-1
2641.098485,1.7626789645e-1,2.5068098070e-1,3.9858892447e-2,6.0990853627e-1,1.7324091395e-1,6.249786099052033e-1,5.237109671729595e-1,4.2600277195e1,4.601e-1
2642.045455,2.3246083784e-1,7.4083771866e-2,1.2662508592e-1,5.2150461068e-1,2.9528289151e-1,6.249785989084654e-1,5.237109440032635e-1,5.5761756305e1,3.861e-1
2642.992424,2.0347987526e-1,1.0631702014e-1,3.1178370799e-1,5.1611912237e-1,1.1225745706e-1,6.249785914087052e-1,5.237109343657343e-1,3.3693410061e1,3.099e-1
2643.939394,8.9631561042e-2,2.0917753147e-1,9.2198152928e-2,6.0013978855e-1,2.5881012645e-1,6.249785802253002e-1,5.237109199989549e-1,5.3532925487e1,6.198e-1
2644.886364,4.4812157334e-2,2.5790328952e-1,7.8671986117e-3,7.1929326061e-1,2.2008122449e-1,6.249785652817739e-1,5.237109066885480e-1,5.1788931321e1,8.305e-1
2645.833333,3.8372810732e-2,1.3332989714e-1,3.7916723892e-1,5.9845917212e-1,1.0062798130e-1,6.249785501085489e-1,5.237108724042151e-1,3.5350259226e1,7.274e-1
2646.780303,7.1584147113e-2,2.9794483961e-1,2.3583055970e-2,6.0583785303e-1,2.5100718336e-1,6.249785395408881e-1,5.237108498183519e-1,5.2336076967e1,7.051e-1
2647.727273,1.5254052632e-1,4.4860479459e-2,6.7074940813e-1,3.7436166199e-1,7.4449815464e-3,6.249785287259704e-1,5.237108221338457e-1,1.8464517309e1,3.900e-1
2648.674242,1.7909791126e-1,1.0154681532e-4,1.3936495014e-1,5.0882505873e-1,4.2256756710e-1,6.249785170215633e-1,5.237108041463867e-1,7.1575722118e1,3.963e-1
2649.621212,1.4434409831e-1,8.8124601101e-2,3.2418864172e-1,2.7914865641e-1,4.1415102232e-1,6.249785099284026e-1,5.237107815392879e-1,6.4786018247e1,3.883e-1
2650.568182,6.5339466981e-2,2.2838911701e-1,1.5300904723e-2,3.7450364689e-1,5.6642385526e-1,6.249784954299544e-1,5.237107560795192e-1,8.5098225379e1,6.094e-1
2651.515152,3.0046754185e-2,1.3566412219e-1,2.8184281783e-1,3.2057489889e-1,4.8182836199e-1,6.249784775425631e-1,5.237107279125593e-1,7.4473521263e1,5.905e-1
2652.462121,1.2762710719e-2,4.3929260258e-1,7.5132437535e-2,2.9149344507e-1,4.3127574305e-1,6.249784694744833e-1,5.237107121802280e-1,6.6017111414e1,4.711e-1
2653.409091,5.1539654382e-3,2.4851677460e-1,5.9579886771e-1,1.0926572298e-1,2.9122159916e-1,6.249784649400855e-1,5.237107041148295e-1,4.6038869301e1,7.341e-1
2654.356061,1.0027966576e-2,3.2692413848e-1,3.0723810557e-2,3.2032965377e-1,5.6195134191e-1,6.249784556464574e-1,5.237106858391358e-1,8.3084973430e1,4.132e-1
2655.303030,2.7746176635e-2,3.7954046293e-1,5.7261210656e-1,4.5440828539e-2,2.2461732584e-1,6.249784502515477e-1,5.237106764367596e-1,3.5558975087e1,7.382e-1
2656.250000,7.4972180560e-2,2.4768362290e-1,5.7990168675e-1,3.2521820711e-1,2.2181197770e-2,6.249784475447873e-1,5.237106759723050e-1,1.8418242772e1,7.150e-1
2657.196970,1.0213264093e-1,2.8828953209e-2,1.7228628617e-1,6.7825576953e-1,2.6845322802e-1,6.249784389342061e-1,5.237106859601670e-1,5.7553212328e1,8.019e-1
2658.143939,8.8708025201e-2,2.8547065020e-1,2.0258469033e-1,4.0616336690e-1,2.6703013566e-1,6.249784341468255e-1,5.237106517625174e-1,4.9413057942e1,6.009e-1
2659.090909,7.8550128590e-2,1.5511857528e-1,5.7790668343e-1,4.0612840809e-1,3.2253057307e-2,6.249784263514753e-1,5.237106408274040e-1,2.2097266077e1,7.574e-1
2660.037879,8.4417001119e-2,1.3433970008e-2,1.7854138178e-1,6.7066463190e-1,3.0289984648e-1,6.249784156400140e-1,5.237106430260473e-1,6.1729856064e1,7.752e-1
2660.984848,7.9762738951e-2,9.5721997310e-3,2.2259913848e-1,3.9747530293e-1,5.4054744009e-1,6.249784100882161e-1,5.237106033669493e-1,8.3749100902e1,6.320e-1
2661.931818,5.5039745662e-2,1.4999380413e-1,8.0960144317e-1,1.6216797453e-1,7.3153825104e-2,6.249783962999582e-1,5.237105808416227e-1,2.1357383825e1,8.979e-1
2662.878788,3.8771361600e-2,2.8841219803e-1,4.4131656763e-1,2.5389180750e-1,2.2756484596e-1,6.249783903573063e-1,5.237105709665919e-1,4.1379580740e1,6.588e-1
2663.825758,5.7647450733e-2,1.8589499584e-2,9.7778901838e-2,3.3336994787e-1,7.4257096994e-1,6.249783849853033e-1,5.237105515302076e-1,1.0656515642e2,7.974e-1
2664.772727,6.3034663125e-2,1.8300485075e-2,5.8334391298e-1,2.6827154215e-1,3.1700613873e-1,6.249783710328504e-1,5.237105374187666e-1,5.3896344712e1,7.008e-1
2665.719697,7.0545497115e-2,9.6107551301e-2,6.7647311362e-1,2.4116073242e-1,1.6566982073e-1,6.249783575898313e-1,5.237105108720715e-1,3.4562153251e1,8.221e-1
2666.666667,1.5876924226e-1,2.7847255291e-1,1.2339845266e-1,3.1940736817e-1,3.6990909290e-1,6.249783544493310e-1,5.237105030879076e-1,5.9192917020e1,5.455e-1
2667.613636,2.7229405081e-1,2.0253459674e-2,4.6802846199e-1,3.1159051860e-1,1.7779020226e-1,6.249783466636245e-1,5.237104941001425e-1,3.6648924125e1,5.775e-1
2668.560606,2.1520443178e-1,1.1421520878e-1,2.8201329525e-2,3.6808097907e-1,5.2425472528e-1,6.249783372213441e-1,5.237104726798811e-1,7.9444839436e1,6.882e-1
2669.507576,1.3776271294e-1,2.6579804111e-1,7.0215581462e-3,2.7596541979e-1,5.6340892055e-1,6.249783262666877e-1,5.237104506476602e-1,8.1603885167e1,5.120e-1
2670.454545,1.0573374367e-1,1.9073088405e-1,8.5797945662e-1,7.6355504621e-2,1.9157050239e-2,6.249783195988444e-1,5.237104416961874e-1,1.2193642871e1,3.180e-1
2671.401515,4.5511770921e-2,3.4538493433e-1,2.2410414248e-1,3.7382957243e-1,2.6112620904e-1,6.249783146038814e-1,5.237104384318924e-1,4.7893059969e1,6.094e-1
2672.348485,3.2151007067e-2,9.8374861330e-2,1.1928358969e-1,3.4984898477e-1,6.5029817165e-1,6.249783072548654e-1,5.237104159184338e-1,9.5600427428e1,6.016e-1
2673.295455,5.0052723093e-2,3.3120970794e-1,3.8132945453e-1,2.0276387944e-1,2.8460081996e-1,6.249782924843561e-1,5.237103913609714e-1,4.6655430510e1,5.201e-1
2674.242424,1.5654800671e-1,6.1928129745e-1,2.4709858671e-1,1.2044902233e-2,2.1498379145e-1,6.249782922781787e-1,5.237103877313984e-1,3.1196987469e1,5.592e-1
2675.189394,3.4599921515e-1,1.5979262718e-1,3.8452568376e-1,3.2320951335e-1,3.6429543263e-2,6.249782913517148e-1,5.237103881836119e-1,1.8574476297e1,5.497e-1
2676.136364,3.0807260088e-1,2.9297744691e-1,6.8481104455e-2,1.5379329473e-1,4.2663213104e-1,6.249782890105915e-1,5.237103818695279e-1,6.0818138235e1,6.518e-1
2677.083333,1.8123986361e-1,4.9872212126e-1,3.0566573332e-1,5.9591431404e-2,2.0473742312e-1,6.249782863617156e-1,5.237103787240514e-1,3.1646706006e1,6.428e-1
2678.030303,6.5532162706e-2,4.6449315120e-1,6.3811772405e-1,7.0872988958e-2,1.0940546800e-2,6.249782868574245e-1,5.237103795184022e-1,9.7350198132e0,7.738e-1
2678.977273,2.2267030366e-2,2.3891065994e-1,4.1833503589e-1,2.1530707677e-1,3.5513675885e-1,6.249782809113907e-1,5.237103721390706e-1,5.6182966711e1,6.359e-1
2679.924242,1.2632447642e-2,7.8556212552e-2,3.6510379999e-2,2.5508999190e-1,8.6716750829e-1,6.249782701883880e-1,5.237103390913411e-1,1.1961583249e2,9.301e-1
2680.871212,1.0203357583e-2,2.2084441322e-1,3.6916953425e-1,1.6958364946e-1,4.8015554642e-1,6.249782504660200e-1,5.237103089829529e-1,7.0286733503e1,5.937e-1
2681.818182,1.3258027252e-2,5.9031713323e-1,4.0473844115e-1,1.4750060076e-1,9.4142295493e-2,6.249782489432950e-1,5.237103049661551e-1,2.1195403857e1,7.622e-1
2682.765152,2.6613306340e-2,5.6266667025e-1,5.2839200218e-1,3.0602380191e-2,1.0168213890e-1,6.249782489279440e-1,5.237103051223438e-1,1.9360365956e1,5.974e-1
2683.712121,4.6213843551e-2,2.6123254034e-1,1.4109301508e-1,3.2765831142e-1,4.7375878084e-1,6.249782456189068e-1,5.237103002192672e-1,7.2800506037e1,6.588e-1
2684.659091,6.7551336649e-2,7.8619561060e-2,4.4455288469e-2,6.4692464297e-1,4.1240562863e-1,6.249782288860348e-1,5.237102859891603e-1,7.4036166137e1,7.116e-1
2685.606061,9.5109793582e-2,2.2694895259e-2,3.5225285868e-1,6.3453699469e-1,1.4536187827e-1,6.249782102432913e-1,5.237102583322899e-1,4.1822471806e1,7.774e-1
2686.553030,1.3349598120e-1,5.1156717907e-2,1.7378236312e-1,4.3635542698e-1,4.5516591272e-1,6.249782009656514e-1,5.237102199929591e-1,7.3783930823e1,6.746e-1
2687.500000,1.7890031256e-1,2.4618943871e-2,6.1643919154e-3,6.8772665942e-1,3.5254606100e-1,6.249781843834590e-1,5.237102050811975e-1,6.7321152089e1,3.821e-1
2688.446970,1.7865248739e-1,2.3501276964e-2,7.7565856904e-3,8.8284690319e-1,1.5719908566e-1,6.249781694475848e-1,5.237102003451470e-1,4.8570965350e1,4.133e-1
2689.393939,1.3662785021e-1,3.8298620453e-2,1.5840388083e-1,8.5557273200e-1,6.1053224520e-2,6.249781540041686e-1,5.237101673491734e-1,3.6605282375e1,8.554e-1
2690.340909,1.0257856017e-1,9.3989234020e-2,1.8444661764e-1,7.8797563315e-1,8.0966235471e-2,6.249781402316554e-1,5.237101314082513e-1,3.7293739090e1,8.845e-1
2691.287879,7.1425676297e-2,1.9651492664e-1,1.5529724967e-1,6.1942854630e-1,2.0728986090e-1,6.249781298993827e-1,5.237100954352503e-1,4.8025936365e1,5.254e-1
2692.234848,4.2474195793e-2,1.6930570651e-1,4.2399647969e-1,5.1988569480e-1,9.4294167310e-2,6.249781220492994e-1,5.237100815185254e-1,3.2457815998e1,4.495e-1
2693.181818,1.9666246848e-2,1.3833486194e-1,1.1925114684e-1,4.5711105573e-1,5.1559290871e-1,6.249781100370602e-1,5.237100476744517e-1,8.1863958121e1,3.027e-1
2694.128788,1.1338327342e-2,1.4420337890e-1,1.0006257408e-2,5.4260589563e-1,5.4180232354e-1,6.249780914130922e-1,5.237100150253049e-1,8.7088212055e1,5.070e-1
2695.075758,6.8657717007e-3,1.0037901355e-1,1.4542218902e-1,4.4612172518e-1,5.5116744504e-1,6.249780722465014e-1,5.237099717423733e-1,8.6192896596e1,6.613e-1
2696.022727,4.5924415796e-3,2.7052141011e-1,1.8765041101e-1,5.3524026591e-1,2.5195158629e-1,6.249780574467450e-1,5.237099545422808e-1,5.1422033883e1,7.115e-1
2696.969697,6.9249122567e-3,3.0689263210e-1,8.2705737728e-1,6.3805447519e-2,4.5275731652e-2,6.249780504050717e-1,5.237099298305941e-1,1.5070774711e1,4.302e-1
2697.916667,2.1299618643e-2,3.6892025223e-1,4.2886912398e-1,2.0660734047e-1,2.2425975927e-1,6.249780472973375e-1,5.237099270234293e-1,3.9496127387e1,5.937e-1
2698.863636,3.5426401023e-2,1.1317438904e-1,1.7951395410e-1,4.7227640731e-1,4.4956493839e-1,6.249780449262521e-1,5.237099219296659e-1,7.4337330759e1,6.404e-1
2699.810606,4.1648979292e-2,1.1930528413e-1,1.2613047377e-1,8.3597717468e-1,1.2689414565e-1,6.249780287574324e-1,5.237099263434654e-1,4.4262199080e1,8.531e-1
2700.757576,4.5137875865e-2,4.1528595196e-1,4.0507417657e-1,3.5594131878e-1,2.8516719912e-2,6.249780215438971e-1,5.237098746482015e-1,1.9133996604e1,6.334e-1
2701.704545,5.4751755929e-2,5.8581007023e-1,5.2240907300e-1,1.9344323062e-2,6.7640820549e-2,6.249780213840823e-1,5.237098722577394e-1,1.4655311971e1,7.112e-1
2702.651515,8.6988232060e-2,4.0716861885e-1,3.8549684722e-1,2.3066586216e-1,1.3963648240e-1,6.249780213479528e-1,5.237098722503606e-1,2.9196583468e1,5.834e-1
2703.598485,1.0379462740e-1,3.1159955451e-1,3.0336763584e-1,4.4840128387e-2,4.8635409457e-1,6.249780203524204e-1,5.237098683729975e-1,6.6790245723e1,5.256e-1
2704.545455,9.2284399639e-2,2.2595423082e-1,4.7338544870e-1,3.4643489908e-1,1.1189705417e-1,6.249780162010706e-1,5.237098663252755e-1,2.9693873955e1,5.883e-1
2705.492424,4.8140515935e-2,3.1692515503e-1,2.8443501807e-1,4.5258230849e-1,1.4787303137e-1,6.249780144526931e-1,5.237098654191804e-1,3.6343782600e1,6.282e-1
2706.439394,1.9741141324e-2,2.4228863660e-1,4.9155881683e-1,2.1878082711e-1,2.7758659762e-1,6.249780097363276e-1,5.237098559705954e-1,4.6958989341e1,4.788e-1
2707.386364,1.8415035376e-2,1.0520304292e-1,4.5310637463e-1,1.5123995547e-1,5.2199159368e-1,6.249780010373940e-1,5.237098351786535e-1,7.5499067167e1,6.269e-1
2708.333333,2.4599929369e-2,2.9788922404e-2,9.9624389454e-2,2.2813398255e-1,8.6780875606e-1,6.249779899147517e-1,5.237098038598540e-1,1.1924868114e2,3.154e-1
2709.280303,3.0886172316e-2,4.6615680794e-2,8.7260802109e-2,1.8545832676e-1,8.9973495400e-1,6.249779679906131e-1,5.237097560963914e-1,1.2190750143e2,9.448e-1
2710.227273,4.7793563080e-2,9.4739779069e-2,5.3763284495e-1,1.0638656367e-1,4.6340314590e-1,6.249779483328901e-1,5.237097283241402e-1,6.7234411812e1,7.226e-1
2711.174242,8.2680806631e-2,1.6861556853e-1,3.0375257438e-1,1.0797773695e-1,5.8692920061e-1,6.249779435475902e-1,5.237097168295185e-1,8.1390817396e1,4.654e-1
2712.121212,1.0908928887e-1,1.4577756711e-1,4.6109805053e-1,3.3755479869e-1,1.9643616396e-1,6.249779345759695e-1,5.237097097737924e-1,3.9980466727e1,4.813e-1
2713.068182,8.2535051506e-2,2.9097282495e-1,2.4383384194e-1,6.1509161967e-1,1.7522527077e-2,6.249779325722079e-1,5.237097111478856e-1,2.4499699206e1,7.087e-1
2714.015152,3.7633592667e-2,3.7983494996e-1,5.7863554337e-1,1.5854278430e-1,9.5308986365e-2,6.249779283322777e-1,5.237096953934152e-1,2.2680490396e1,4.545e-1
2714.962121,1.2057662586e-2,4.6709746725e-1,5.7385712727e-1,1.1091098591e-1,8.6032612239e-2,6.249779276269066e-1,5.237096941583411e-1,2.0092406700e1,5.973e-1
2715.909091,2.5414994119e-2,4.1131744020e-1,3.0519310085e-1,4.7684038736e-1,3.1189932672e-2,6.249779276003760e-1,5.237096972799238e-1,2.2528090962e1,4.209e-1
2716.856061,5.9286245847e-2,1.7595248170e-1,5.1063375607e-1,2.5092227084e-1,2.5316109218e-1,6.249779233197152e-1,5.237096899190288e-1,4.4900750601e1,6.871e-1
2717.803030,7.5611997947e-2,9.1525649362e-2,2.1884415379e-1,1.4449600954e-1,7.1947802171e-1,6.249779161751849e-1,5.237096658944540e-1,9.8688669613e1,8.343e-1
2718.750000,7.5938148648e-2,2.0297329631e-2,2.5321618138e-1,1.5502417167e-1,7.4547996990e-1,6.249779006178522e-1,5.237096349825441e-1,1.0248650283e2,4.767e-1
2719.696970,7.7496845461e-2,2.2136281516e-2,6.2654627851e-2,1.7154388415e-1,9.1612413042e-1,6.249778846968199e-1,5.237095971814102e-1,1.2333755099e2,7.514e-1
2720.643939,7.7225562692e-2,3.3398954857e-2,1.1975138480e-2,2.5939758064e-1,8.6795848858e-1,6.249778626249158e-1,5.237095523444386e-1,1.1960062092e2,5.870e-1
2721.590909,7.0058371730e-2,2.2572558106e-2,1.8321632444e-1,4.4487997252e-1,5.2922845193e-1,6.249778393629892e-1,5.237095202284665e-1,8.3523305866e1,6.594e-1
2722.537879,6.4384752740e-2,1.8933937359e-2,3.2557869213e-1,3.5763021138e-1,4.8342805850e-1,6.249778260569577e-1,5.237094924841773e-1,7.5997648040e1,6.753e-1
2723.484848,6.0347306330e-2,7.3585170594e-2,4.5121273662e-2,5.3571121758e-1,5.3519065140e-1,6.249778097824301e-1,5.237094623183391e-1,8.6185476525e1,2.409e-1
2724.431818,5.1976377354e-2,4.2056906771e-2,2.8222945925e-1,7.8198049813e-1,9.1712347576e-2,6.249777945379507e-1,5.237094590889548e-1,3.9130494106e1,5.015e-1
2725.378788,4.7249657030e-2,1.4042975622e-2,1.9541569680e-1,6.3191260004e-1,3.6133463400e-1,6.249777817447748e-1,5.237094156786146e-1,6.8087072707e1,6.801e-1
2726.325758,4.7222075995e-2,3.1114485413e-2,2.4074104722e-2,9.5883618002e-1,1.8870867973e-1,6.249777629404555e-1,5.237094155752133e-1,5.5115901613e1,9.604e-1
2727.272727,4.9961835503e-2,8.4450958598e-2,1.8430084798e-1,9.0094184055e-1,3.0300011247e-2,6.249777469400759e-1,5.237093692262035e-1,3.4376829956e1,5.582e-1
2728.219697,4.6466132731e-2,2.8134003876e-1,3.7169038426e-1,4.5885449984e-1,9.1604417004e-2,6.249777363000797e-1,5.237093138910113e-1,2.9968145589e1,5.253e-1
2729.166667,3.1008229990e-2,5.7882377676e-1,5.4219987085e-1,3.4183802785e-3,9.4505210321e-2,6.249777341039247e-1,5.237093054685040e-1,1.7716805725e1,3.471e-1
2730.113636,2.4994537535e-2,5.2755379366e-1,3.6307467231e-1,1.9218481567e-1,1.4214764842e-1,6.249777337997391e-1,5.237093050390405e-1,2.8317015334e1,4.824e-1
2731.060606,2.5235982586e-2,2.1815588379e-1,1.9266674398e-1,2.2413646103e-1,5.8976039228e-1,6.249777318356418e-1,5.237092985128869e-1,8.4651960676e1,7.585e-1
2732.007576,2.7101128941e-2,8.6546959770e-2,3.5688959689e-2,2.3257000533e-1,8.6804837933e-1,6.249777165325670e-1,5.237092625224107e-1,1.1902458889e2,3.897e-1
2732.954545,3.5181879230e-2,3.0734460108e-2,6.1010395811e-1,1.7855011305e-1,3.9538497561e-1,6.249776930571069e-1,5.237092291907604e-1,6.1282772021e1,6.160e-1
2733.901515,5.8354671088e-2,1.4160572388e-1,8.5867208906e-2,2.2234646201e-1,7.4178130804e-1,6.249776869651484e-1,5.237092087909290e-1,1.0306242067e2,7.721e-1
2734.848485,9.9092354075e-2,4.1781605755e-2,3.7802653522e-1,1.6447402177e-1,5.6658082147e-1,6.249776691478170e-1,5.237091784568321e-1,8.0942835515e1,5.472e-1
2735.795455,1.1779542634e-1,3.4714304054e-3,2.2168241723e-1,2.2502943228e-1,6.8197661152e-1,6.249776588851759e-1,5.237091571505064e-1,9.6333248019e1,7.177e-1
2736.742424,1.1975517299e-1,2.5727215522e-3,4.0287747556e-2,2.1398144657e-1,8.7335819499e-1,6.249776418339258e-1,5.237091167903730e-1,1.1902458026e2,5.454e-1
2737.689394,9.9131401482e-2,2.0805410819e-2,5.6484788626e-1,1.6701210590e-1,3.9815843904e-1,6.249776217501943e-1,5.237090900525353e-1,6.0918627198e1,6.771e-1
2738.636364,8.5724253139e-2,1.2302866381e-2,1.0453177216e-1,2.8095133866e-1,7.6644499495e-1,6.249776126445512e-1,5.237090644045646e-1,1.0799912423e2,8.389e-1
2739.583333,7.0289459490e-2,2.9577948117e-2,2.0895500245e-1,2.4113070892e-1,7.0000206431e-1,6.249775916389808e-1,5.237090226818361e-1,9.9082387562e1,3.245e-1
2740.530303,4.3676544342e-2,2.4399292854e-1,4.1166672418e-1,1.5270331427e-1,3.9791564711e-1,6.249775792207423e-1,5.237090054416157e-1,5.9622866809e1,3.076e-1
2741.477273,7.3572680883e-2,3.2453282610e-1,6.5407826791e-1,5.2373751006e-2,1.4539762519e-1,6.249775755387342e-1,5.237090002392755e-1,2.6205334192e1,4.443e-1
2742.424242,1.9454685245e-1,3.1235444313e-1,2.9900185613e-1,4.2498283657e-1,1.9069161333e-2,6.249775748066972e-1,5.237090013298874e-1,1.9154300582e1,4.893e-1
2743.371212,2.9665683466e-1,3.8891803906e-1,3.3322689755e-1,3.0247869256e-2,2.0090550606e-1,6.249775732959157e-1,5.237089951953490e-1,3.0275816268e1,4.462e-1
2744.318182,4.0251604423e-1,6.0370262055e-1,6.6486700985e-2,1.5870795268e-1,1.8541828229e-2,6.249775733356312e-1,5.237089949512743e-1,9.3925653702e0,7.369e-1
2745.265152,5.8389432740e-1,2.2960974677e-1,2.4835842276e-1,9.9829962001e-2,8.8262686894e-2,6.249775729073701e-1,5.237089942956041e-1,1.7230216746e1,5.906e-1
2746.212121,4.1172772814e-1,6.8729585445e-1,5.8410769704e-2,2.2827526598e-3,9.0238040623e-2,6.249775727853686e-1,5.237089943967064e-1,1.3671259015e1,8.290e-1
2747.159091,4.0607018760e-1,3.3566411850e-1,1.1250017175e-1,7.1374522854e-2,3.2434614346e-1,6.249775720834987e-1,5.237089945588733e-1,4.5574655799e1,5.285e-1
2748.106061,3.5682032517e-1,2.2894626854e-1,2.4926186132e-1,2.8182454797e-1,1.3310213615e-1,6.249775695745008e-1,5.237089951326011e-1,2.8685856553e1,4.696e-1
2749.053030,2.7553042856e-1,1.0128245802e-1,1.8282578021e-1,3.7052152784e-1,3.1979493445e-1,6.249775645337767e-1,5.237089913585922e-1,5.4593376872e1,5.651e-1
2750.000000,1.3770595600e-1,1.8407726806e-1,2.4005103837e-2,4.0348488655e-1,5.0068189125e-1,6.249775528425414e-1,5.237089710485705e-1,7.7627846794e1,3.166e-1
2750.946970,6.7834543832e-2,1.3027545244e-1,7.8952001477e-1,2.1694321110e-1,4.5381866939e-2,6.249775445407477e-1,5.237089584604199e-1,1.9361690018e1,2.871e-1
2751.893939,7.8117329719e-2,1.8787896676e-1,1.3537414943e-1,4.1718563331e-1,4.3139899220e-1,6.249775357100666e-1,5.237089420835794e-1,7.0066821062e1,4.789e-1
2752.840909,1.9957159712e-1,4.5141530330e-1,4.1053463250e-1,9.4980820416e-2,9.3452708603e-2,6.249775309714617e-1,5.237089285814716e-1,1.9288226420e1,2.794e-1
2753.787879,5.2171254601e-1,2.7093283966e-1,3.2000089948e-1,9.2248798160e-2,4.5059977732e-2,6.249775305158195e-1,5.237089260702262e-1,1.2082367839e1,4.165e-1
2754.734848,7.0909453274e-1,3.9781307242e-1,3.4665247435e-3,8.7357269653e-2,5.2223661576e-2,6.249775305628709e-1,5.237089261090189e-1,1.0657966920e1,4.472e-1
2755.681818,7.0535058646e-1,2.8973901112e-1,4.3633823108e-2,1.3717755066e-1,7.4054089310e-2,6.249775303269567e-1,5.237089264315153e-1,1.5149828953e1,7.169e-1
2756.628788,3.3555960229e-1,4.8190457896e-1,2.9501428669e-1,3.7617972530e-2,9.9858619077e-2,6.249775297734713e-1,5.237089256515867e-1,1.7477381615e1,5.774e-1
2757.575758,1.0618387142e-1,2.2591510428e-1,5.3954074450e-1,3.4244361156e-1,3.5871721338e-2,6.249775265497379e-1,5.237089286638206e-1,2.0371024002e1,5.492e-1
2758.522727,6.0885228249e-2,5.5423481334e-2,5.1981540886e-1,4.1820321243e-1,1.9562769571e-1,6.249775132945339e-1,5.237089146449642e-1,4.2722660696e1,6.444e-1
2759.469697,5.5313086264e-2,1.4078139641e-1,9.6674673286e-2,4.5439831054e-1,5.0278754388e-1,6.249775051916682e-1,5.237088945874778e-1,7.9980168276e1,6.021e-1
2760.416667,1.0350542255e-1,6.4395872974e-1,2.0640921574e-1,1.6263294596e-1,1.3344868447e-1,6.249774992326432e-1,5.237088747055990e-1,2.5276629779e1,3.972e-1
2761.363636,3.2101421556e-1,4.9150446034e-1,2.2940501065e-1,1.7879594229e-1,2.9235371208e-2,6.249775000216652e-1,5.237088733301627e-1,1.2442353781e1,4.982e-1
2762.310606,4.9655473645e-1,3.3380970433e-1,1.4104796328e-1,3.8996462704e-2,2.3954613290e-1,6.249774998325316e-1,5.237088728599463e-1,3.3954072300e1,3.603e-1
2763.257576,5.4774946956e-1,3.7172736403e-1,6.8152515283e-2,4.1633027651e-3,2.5816234753e-1,6.249774995826369e-1,5.237088726956260e-1,3.4740555757e1,6.650e-1
2764.204545,5.1424599113e-1,2.8947057236e-1,7.5408147284e-2,6.9327858143e-2,3.0150242777e-1,6.249774983415477e-1,5.237088719252527e-1,4.2250131533e1,7.147e-1
2765.151515,3.0342568360e-1,3.7510455996e-1,3.6709630762e-1,1.8175914121e-1,2.2569302067e-2,6.249774972240623e-1,5.237088711385562e-1,1.2543855606e1,4.818e-1
2766.098485,8.5162793431e-2,3.8816768513e-1,6.8624169171e-1,7.7273126009e-2,1.3109696352e-2,6.249774963127336e-1,5.237088707950610e-1,1.0459631466e1,6.707e-1
2767.045455,7.1993079168e-2,1.5683509772e-1,7.5407033023e-2,3.2766348544e-1,6.1805628229e-1,6.249774888200195e-1,5.237088570199520e-1,9.0549358667e1,4.980e-1
2767.992424,1.0913100162e-1,2.7957353423e-2,7.9131777467e-1,1.9116868054e-1,1.3038013292e-1,6.249774715834305e-1,5.237088343061104e-1,2.9247077196e1,7.711e-1
2768.939394,1.2175161733e-1,6.1564046322e-4,1.2287009214e-1,4.5755457789e-1,5.4716300257e-1,6.249774651926729e-1,5.237088224677222e-1,8.5723678648e1,4.221e-1
2769.886364,1.1103604823e-1,1.6183902994e-2,3.2322141747e-1,6.3578708545e-1,1.6372645326e-1,6.249774537048414e-1,5.237088252922233e-1,4.3975829921e1,5.666e-1
2770.833333,8.8294265109e-2,1.3797538377e-1,5.7052410048e-1,4.3547823038e-1,1.7682901665e-2,6.249774407006443e-1,5.237087815258767e-1,2.1083005489e1,6.886e-1
2771.780303,7.6526568763e-2,5.4413835868e-1,2.4168433994e-1,8.3123423139e-2,3.0448218668e-1,6.249774386003250e-1,5.237087682709982e-1,4.4693684157e1,4.068e-1
2772.727273,9.0844972738e-2,4.4365511945e-1,1.6640511516e-1,1.0153308908e-1,4.4751657960e-1,6.249774380179340e-1,5.237087652932102e-1,6.2795154686e1,6.533e-1
2773.674242,1.1508261946e-1,4.3679302602e-2,3.7490303768e-1,2.3243168981e-1,4.8385821490e-1,6.249774322266689e-1,5.237087562853366e-1,7.2515789798e1,6.601e-1
2774.621212,1.1289001875e-1,2.5220682429e-2,5.1341353747e-1,2.5297368567e-1,3.4545690458e-1,6.249774144471132e-1,5.237087280373769e-1,5.6527836402e1,7.163e-1
2775.568182,6.3665859020e-2,2.5149945312e-1,1.1970724370e-1,2.2012197367e-1,5.9496029382e-1,6.249774116677840e-1,5.237087155575900e-1,8.4691310551e1,4.969e-1
2776.515152,3.0002829342e-2,7.9446248939e-2,6.9515956348e-1,2.3368178807e-1,2.1166436443e-1,6.249773971306084e-1,5.237086995149216e-1,4.0306026285e1,6.996e-1
2777.462121,1.7584831895e-2,1.5012700170e-1,3.0523293966e-2,2.7672239787e-1,7.7499724872e-1,6.249773870758073e-1,5.237086660849446e-1,1.0860799734e2,8.734e-1
2778.409091,8.2161234832e-3,2.5845571803e-1,5.6255494591e-2,2.2502938955e-1,7.0199801639e-1,6.249773710223039e-1,5.237086364224955e-1,9.8027750018e1,4.906e-1
2779.356061,8.7498962651e-3,2.0257305735e-1,5.9910774507e-1,9.9750952585e-2,3.3977307372e-1,6.249773624988110e-1,5.237086291876371e-1,5.1885366942e1,4.760e-1
2780.303030,2.2458493825e-2,2.1292911383e-1,9.5629798915e-2,4.4569590613e-1,4.7324138804e-1,6.249773503688191e-1,5.237086115957511e-1,7.6039292531e1,6.676e-1
2781.250000,4.5914821462e-2,1.4732337812e-1,9.1965894199e-3,3.7540428717e-1,6.7211559098e-1,6.249773335790391e-1,5.237085723822954e-1,9.8434909718e1,7.689e-1
2782.196970,9.0064561591e-2,1.0167859440e-1,2.8668443672e-2,3.6856385053e-1,6.6097917850e-1,6.249773143493100e-1,5.237085366298186e-1,9.6877115084e1,2.619e-1
2783.143939,1.4755538479e-1,7.6884991045e-2,1.1066271164e-1,2.9762584443e-1,6.1722566266e-1,6.249772972820851e-1,5.237085039634044e-1,8.9641761210e1,7.570e-1
2784.090909,2.2144560766e-1,1.6505544949e-2,4.4123543428e-1,2.2353797282e-1,3.4723000816e-1,6.249772839370500e-1,5.237084842098212e-1,5.5272273543e1,5.346e-1
2785.037879,2.1048630694e-1,6.5645776650e-2,9.2862340833e-2,2.4624754312e-1,6.3471258509e-1,6.249772763158261e-1,5.237084645508658e-1,9.0102565705e1,4.307e-1
2785.984848,1.3590664303e-1,1.4470118295e-1,8.9141375391e-2,3.7202935072e-1,5.0817597084e-1,6.249772614665731e-1,5.237084431836976e-1,7.8021950181e1,7.113e-1
2786.931818,9.5018965601e-2,3.0422799862e-2,4.7968423657e-1,2.5779191706e-1,3.8703658624e-1,6.249772526667543e-1,5.237084283611592e-1,6.1735853360e1,6.336e-1
2787.878788,8.7907712610e-2,5.0074539086e-2,3.6276722879e-1,2.9091175167e-1,4.5829323865e-1,6.249772354041911e-1,5.237083955947022e-1,7.1016951366e1,5.985e-1
2788.825758,1.1664020395e-1,3.4532054934e-1,1.6321311408e-1,1.7596131369e-1,4.4881928160e-1,6.249772313276440e-1,5.237083845318143e-1,6.5134296195e1,4.073e-1
2789.772727,1.9496047103e-1,3.8793244348e-1,3.6271426183e-1,8.5171049429e-2,2.1917623086e-1,6.249772283141624e-1,5.237083803684518e-1,3.4555090349e1,5.931e-1
2790.719697,3.0428047530e-1,4.9604602384e-1,2.4492685384e-1,1.7468760658e-1,3.0013497656e-2,6.249772286029786e-1,5.237083806714758e-1,1.2535378226e1,4.606e-1
2791.666667,4.5950079230e-1,5.1895108573e-1,7.6896229719e-2,2.4961473890e-2,1.6964487488e-1,6.249772282593472e-1,5.237083803294028e-1,2.4396133555e1,4.369e-1
2792.613636,6.2914210616e-1,3.0393198861e-1,1.7536873466e-2,5.3117334326e-2,2.4622615223e-1,6.249772273961482e-1,5.237083800152336e-1,3.4279432201e1,4.884e-1
2793.560606,5.1719029212e-1,3.9548007321e-1,3.0328658259e-1,4.8430416223e-3,2.9154464833e-2,6.249772271883887e-1,5.237083794295776e-1,7.3625967837e0,5.136e-1
2794.507576,2.3659612268e-1,5.4082062281e-1,3.3449070372e-1,1.0822068208e-1,2.9826322652e-2,6.249772269709095e-1,5.237083797921317e-1,1.1156696063e1,7.280e-1
2795.454545,1.6835676972e-1,2.3241971292e-1,5.9305418130e-2,3.2811950235e-1,4.6175303931e-1,6.249772212121542e-1,5.237083752774504e-1,7.0627674262e1,6.338e-1
2796.401515,1.3395528968e-1,3.0654067125e-1,4.8745556000e-1,2.6301446063e-1,5.8988450244e-2,6.249772158987154e-1,5.237083654919334e-1,2.0546687839e1,5.150e-1
2797.348485,8.6367512620e-2,7.3510776113e-1,3.3713608426e-1,2.7206498063e-3,8.8622421926e-2,6.249772148728181e-1,5.237083624523651e-1,1.5641218753e1,8.498e-1
2798.295455,1.0768143125e-1,2.7033303320e-1,7.7776188011e-2,5.9771313297e-1,1.9645063368e-1,6.249772095598350e-1,5.237083760643789e-1,4.5489217653e1,4.408e-1
2799.242424,1.4599492851e-1,2.3877612913e-1,5.5721191563e-1,1.5652679692e-1,1.5144463363e-1,6.249772019101004e-1,5.237083456694835e-1,2.9402015654e1,6.290e-1
2800.189394,1.8430202269e-1,5.8577267003e-1,2.6491042028e-1,4.7954844316e-2,1.6701444640e-1,6.249772018572309e-1,5.237083445368237e-1,2.6295383871e1,7.620e-1
2801.136364,2.8883585575e-1,3.6925621362e-1,3.8531948275e-2,2.3667950062e-1,3.1665088085e-1,6.249771995575477e-1,5.237083440128952e-1,4.9296242710e1,3.553e-1
2802.083333,4.0625260321e-1,5.2730285639e-2,2.0918333181e-1,2.9511715678e-1,2.8667100768e-1,6.249771925563923e-1,5.237083368546708e-1,4.8119691527e1,5.219e-1
2803.030303,3.1832928253e-1,8.7618629891e-2,9.8467690482e-2,3.8158045153e-1,3.6395831263e-1,6.249771835328359e-1,5.237083254126970e-1,5.9919381891e1,3.708e-1
2803.977273,1.7729732498e-1,1.3811903724e-1,8.5683210093e-2,4.0899919937e-1,4.3985557082e-1,6.249771712482426e-1,5.237083063142693e-1,7.0439839862e1,5.313e-1
2804.924242,1.0790921297e-1,2.1804523674e-1,1.3294547870e-1,3.8459478458e-1,4.0645960199e-1,6.249771574850251e-1,5.237082835206359e-1,6.5887471071e1,5.781e-1
2805.871212,1.3670879503e-1,2.1816451667e-1,2.5385616587e-2,3.7154749487e-1,4.9814786964e-1,6.249771463940086e-1,5.237082640307356e-1,7.6360215513e1,5.026e-1
2806.818182,1.8964923368e-1,9.5071807546e-3,5.9636715723e-1,2.4664858249e-1,2.0778212098e-1,6.249771375656790e-1,5.237082521552100e-1,3.9373642361e1,3.886e-1
2807.765152,1.6451037011e-1,5.8255482119e-2,5.6105148102e-1,2.5079583608e-1,2.1534108243e-1,6.249771258825257e-1,5.237082315697064e-1,4.0276303303e1,4.633e-1
2808.712121,6.0093525820e-2,5.5256073214e-1,1.7818768879e-1,1.8522061957e-1,2.7389168073e-1,6.249771235267285e-1,5.237082239456208e-1,4.3545864697e1,5.053e-1
2809.659091,4.0873129161e-2,3.0046122576e-1,1.5444090524e-1,2.8816465373e-1,4.6601432924e-1,6.249771215687591e-1,5.237082207609818e-1,7.0727989321e1,4.431e-1
2810.606061,9.7988918639e-2,2.1408458201e-1,2.0158793657e-1,3.1370197422e-1,4.2259080626e-1,6.249771088496617e-1,5.237082023954842e-1,6.6219953492e1,6.365e-1
2811.553030,2.0462234815e-1,3.3995550067e-1,1.6315227097e-1,2.3569996029e-1,3.0652413455e-1,6.249771073174800e-1,5.237081972046014e-1,4.8864928295e1,5.009e-1
2812.500000,3.6882597412e-1,1.0884847887e-1,4.2566214097e-1,3.1987245484e-1,2.6745157349e-2,6.249771030736287e-1,5.237081932777902e-1,1.7466705768e1,5.619e-1
2813.446970,2.6795895218e-1,3.8913421354e-1,5.7919665329e-2,3.1561509071e-1,2.1932628000e-1,6.249771008735958e-1,5.237081892297737e-1,3.9549051968e1,5.190e-1
2814.393939,1.3186281580e-1,3.5638228696e-1,4.7263259153e-1,6.7173381325e-2,2.2190312226e-1,6.249770989372396e-1,5.237081828476700e-1,3.5112904566e1,6.270e-1
2815.340909,4.7424128787e-2,2.2736305952e-1,4.2134397006e-1,3.4923808492e-1,2.0458493775e-1,6.249770905151005e-1,5.237081782421520e-1,4.1211680693e1,5.432e-1
2816.287879,3.7298331207e-2,2.0773379397e-1,6.5347420096e-2,3.8710894687e-1,5.5246566360e-1,6.249770778717815e-1,5.237081505331244e-1,8.4059987355e1,4.306e-1
2817.234848,7.1978422913e-2,3.0195739144e-1,9.6334450456e-3,3.4010450627e-1,5.2628036470e-1,6.249770651851685e-1,5.237081271481812e-1,7.8964202437e1,6.396e-1
2818.181818,1.3350040122e-1,7.8205201712e-2,8.0892008230e-1,1.3529671647e-1,9.4031713329e-2,6.249770575162248e-1,5.237081164756880e-1,2.3060075495e1,8.941e-1
2819.128788,1.3738766955e-1,2.2256655341e-1,1.9188873137e-1,2.8923160047e-1,4.0887954533e-1,6.249770500686652e-1,5.237081000677390e-1,6.3640929810e1,5.275e-1
2820.075758,2.1825212081e-1,6.4819161014e-1,1.9653719719e-1,1.4984038335e-1,3.7132787417e-2,6.249770494550746e-1,5.237080941792224e-1,1.2525695915e1,4.433e-1
2821.022727,5.0968979889e-1,3.6422709620e-1,3.3628222578e-1,1.8024708621e-2,2.1730270503e-2,6.249770499985043e-1,5.237080938578259e-1,7.0318221983e0,7.039e-1
2821.969697,6.2316654956e-1,4.2262554113e-1,3.9663313520e-2,7.7231124841e-2,8.7267570662e-2,6.249770498555329e-1,5.237080936918659e-1,1.5115785905e1,5.933e-1
2822.916667,6.1995117152e-1,3.0647679164e-1,2.0801118288e-1,3.0093921758e-2,8.5421031056e-2,6.249770494267324e-1,5.237080935427895e-1,1.4483916104e1,5.372e-1
2823.863636,4.1629233124e-1,4.6444199506e-1,1.9554369811e-1,1.5043451449e-3,1.7217172861e-1,6.249770490838014e-1,5.237080934913952e-1,2.4787500047e1,4.068e-1
2824.810606,3.0395706810e-1,3.8078743248e-1,4.1477020230e-2,2.0063352842e-1,3.2309904490e-1,6.249770470638216e-1,5.237080931227700e-1,4.9022320217e1,5.532e-1
2825.757576,2.7147410429e-1,1.2800975644e-1,1.6116963686e-1,3.3380410623e-1,3.5549647512e-1,6.249770394671808e-1,5.237080864942785e-1,5.7866393874e1,5.177e-1
2826.704545,2.7829661855e-1,5.0850973431e-2,3.9656175177e-1,3.2432153747e-1,1.9992317657e-1,6.249770288977846e-1,5.237080733765809e-1,3.9381800070e1,5.470e-1
2827.651515,1.4572441128e-1,3.2962685025e-1,1.4146192653e-1,3.3817788065e-1,2.9496298221e-1,6.249770254620399e-1,5.237080653427642e-1,5.0440765222e1,5.568e-1
2828.598485,7.2382571043e-2,7.4387331948e-2,5.9439327289e-1,3.0666812837e-1,2.0212272930e-1,6.249770167736908e-1,5.237080540693317e-1,4.0625201590e1,5.185e-1
2829.545455,4.6585721110e-2,1.5323054209e-1,4.4169294269e-1,3.1852885200e-1,2.8991594586e-1,6.249770018737770e-1,5.237080262035203e-1,5.1165461820e1,5.066e-1
2830.492424,2.7573126505e-2,7.2710429330e-1,3.7267084671e-1,5.4858250297e-2,6.7747483844e-2,6.249770003285879e-1,5.237080164713122e-1,1.4876503865e1,6.161e-1
2831.439394,1.0297737763e-1,2.9606307402e-1,3.9443729465e-1,4.0826937791e-1,4.8206871297e-2,6.249769977535963e-1,5.237080223348833e-1,2.3034212813e1,6.017e-1
2832.386364,1.8183527744e-1,2.8584606397e-2,8.9243454540e-2,6.8744620356e-1,2.6284442916e-1,6.249769855477817e-1,5.237080248122541e-1,5.6504399934e1,8.287e-1
2833.333333,2.1691348342e-1,1.0377608857e-2,3.9991326440e-1,4.4844253963e-1,1.7430705399e-1,6.249769751505195e-1,5.237079870420354e-1,3.9989982254e1,6.694e-1
2834.280303,2.0499265908e-1,2.6469627983e-2,3.1094757545e-1,4.6123338518e-1,2.4631067183e-1,6.249769597588044e-1,5.237079632610292e-1,4.8930250509e1,6.311e-1
2835.227273,1.1853582416e-1,3.8500119552e-1,2.7871554900e-1,2.6341501769e-1,2.0428632329e-1,6.249769548278811e-1,5.237079450455601e-1,3.7636924643e1,4.767e-1
2836.174242,1.9228457003e-1,1.0511032529e-1,4.2161725852e-1,2.8124531874e-1,2.4969642941e-1,6.249769509959064e-1,5.237079391129211e-1,4.4640294168e1,5.118e-1
2837.121212,2.6971994777e-1,1.5535566957e-2,2.6600325635e-1,3.7098889543e-1,3.2770621007e-1,6.249769382894546e-1,5.237079211015365e-1,5.6111996702e1,4.360e-1
2838.068182,2.6662956876e-1,1.2605534068e-1,1.6257605954e-1,2.9705174510e-1,3.9764115258e-1,6.249769333273132e-1,5.237079079210747e-1,6.2089757316e1,3.523e-1
2839.015152,2.6106040384e-1,1.8736815554e-1,1.0134208551e-2,4.2242034097e-1,3.6897073890e-1,6.249769238984564e-1,5.237078972564900e-1,6.1332045672e1,6.053e-1
2839.962121,2.9622680229e-1,2.6112046241e-2,5.4140904078e-1,3.2812940107e-1,5.8076541136e-2,6.249769157560635e-1,5.237078853434238e-1,2.2465547919e1,6.463e-1
2840.909091,2.4198220356e-1,5.1519329700e-2,4.0607393122e-2,4.9496904529e-1,4.2087584000e-1,6.249769058348634e-1,5.237078724094543e-1,7.0260005875e1,5.861e-1
2841.856061,1.2819538780e-1,2.8049160965e-1,6.4350957268e-1,1.7420588390e-1,2.3551342569e-2,6.249768982981081e-1,5.237078524303965e-1,1.4362317628e1,7.740e-1
2842.803030,1.8257465425e-1,2.1772766191e-1,4.7416093044e-1,3.1372064979e-1,6.1769893077e-2,6.249768947335884e-1,5.237078501652462e-1,2.2265637202e1,6.634e-1
2843.750000,2.7178364537e-1,9.6133100691e-4,4.3997333773e-2,4.6907395575e-1,4.6413750568e-1,6.249768857902258e-1,5.237078365274567e-1,7.4909760466e1,6.740e-1
2844.696970,2.3182551539e-1,3.9913911886e-2,5.8796588846e-1,2.7646329611e-1,1.1378513402e-1,6.249768729317549e-1,5.237078138463046e-1,2.8310790320e1,7.665e-1
2845.643939,1.2500688698e-1,3.4735376296e-1,2.0991994577e-2,3.4557045685e-1,4.1103063241e-1,6.249768668898298e-1,5.237078001260804e-1,6.4595322493e1,5.890e-1
2846.590909,6.9453318748e-2,8.6414635127e-2,5.6018586391e-1,2.2642911570e-1,3.0747078862e-1,6.249768610524330e-1,5.237077920833555e-1,5.1291035487e1,6.201e-1
2847.537879,3.7580127151e-2,2.4864994728e-1,7.7256622065e-1,1.5568548853e-1,3.5471918175e-2,6.249768508903699e-1,5.237077748656612e-1,1.6218960883e1,8.751e-1
2848.484848,3.8221488888e-2,5.8039134083e-1,5.4266944871e-1,6.4520581125e-2,2.4150841382e-2,6.249768504672432e-1,5.237077711102762e-1,1.0677215309e1,7.450e-1
2849.431818,1.2053200635e-1,2.7660198982e-1,9.2789643226e-2,6.4134717506e-1,1.1868287965e-1,6.249768470517534e-1,5.237077880171860e-1,3.7070305325e1,7.256e-1
2850.378788,2.2263885581e-1,4.3072799791e-2,1.9896341930e-2,7.7638138299e-1,1.8796428618e-1,6.249768333556893e-1,5.237077827913290e-1,4.9260268650e1,4.352e-1
2851.325758,2.4804600989e-1,1.2023743051e-2,4.4678685767e-1,5.2878329192e-1,1.4313737292e-2,6.249768199082971e-1,5.237077361457018e-1,2.2475589067e1,5.289e-1
2852.272727,1.3530070984e-1,2.5682777937e-1,9.0617920270e-2,6.3429053172e-1,1.3291668353e-1,6.249768123693736e-1,5.237077295322001e-1,3.8616881783e1,3.548e-1
2853.219697,7.0653588849e-2,5.4137679423e-2,5.3284186113e-1,4.5129293793e-1,1.4102754202e-1,6.249768046721838e-1,5.237077051695347e-1,3.6899236434e1,3.336e-1
2854.166667,5.5490783005e-2,3.5946730580e-2,6.5495059764e-1,4.1703926336e-1,8.6526200302e-2,6.249767874390355e-1,5.237076801937588e-1,2.9759853700e1,5.890e-1
2855.113636,2.8018930373e-2,3.4565975637e-1,3.7800854921e-2,3.7547799520e-1,4.6299602575e-1,6.249767813046455e-1,5.237076570416275e-1,7.2286522960e1,4.454e-1
2856.060606,2.2614453571e-2,6.2722376446e-2,6.4167269346e-1,2.4496477934e-1,2.7797923814e-1,6.249767704782954e-1,5.237076412906240e-1,4.8690348948e1,3.906e-1
2857.007576,1.9977154149e-2,1.9993165408e-1,2.9924934112e-1,2.9071180700e-1,4.4008355616e-1,6.249767562578280e-1,5.237076102770742e-1,6.8437319627e1,4.181e-1
2857.954545,4.2912823182e-2,6.8719809235e-1,4.4767624940e-1,5.6193356896e-2,1.5972987069e-2,6.249767544479919e-1,5.237076029588495e-1,8.8199923570e0,3.750e-1
2858.901515,1.8527064029e-1,3.2727530797e-1,5.0582606855e-1,2.2849345401e-1,3.0880359907e-3,6.249767534072962e-1,5.237076036505973e-1,1.2500853620e1,3.349e-1
2859.848485,2.7429650869e-1,4.8222855320e-2,7.1031808371e-2,5.4347332833e-1,3.1292899363e-1,6.249767471678407e-1,5.237076078295166e-1,5.8247906123e1,5.570e-1
2860.795455,2.4779007383e-1,4.3487522122e-1,2.8184152170e-1,2.2481154558e-1,6.0635120269e-2,6.249767412993797e-1,5.237075838532133e-1,1.8203642506e1,4.578e-1
2861.742424,3.2375717425e-1,4.8316159185e-1,1.9735699863e-1,2.8790614223e-2,2.1688710467e-1,6.249767418140263e-1,5.237075806348600e-1,3.1389906813e1,5.577e-1
2862.689394,3.8739628305e-1,4.0858627088e-1,2.1241413460e-1,2.2732315850e-1,1.4233636618e-2,6.249767418173308e-1,5.237075805264920e-1,1.1806430319e1,5.822e-1
2863.636364,3.6265294926e-1,5.4455166833e-1,7.0786197777e-2,1.8240171513e-1,8.9560950778e-2,6.249767406360921e-1,5.237075805819895e-1,1.9137375977e1,4.103e-1
2864.583333,4.0925831957e-1,1.2252012960e-1,3.4882312486e-1,2.0170828352e-1,1.6764361967e-1,6.249767386045513e-1,5.237075798097390e-1,3.1153302808e1,3.747e-1
2865.530303,2.2106739233e-1,2.3968892537e-1,2.9885437899e-1,1.8043677786e-1,3.0990599200e-1,6.249767332773013e-1,5.237075711168288e-1,4.8422690447e1,5.476e-1
2866.477273,1.0992039883e-1,7.2551582930e-2,2.6447642932e-1,2.8034240340e-1,5.2266264168e-1,6.249767280847596e-1,5.237075611426942e-1,7.8187649844e1,7.135e-1
2867.424242,7.7273109321e-2,2.6207118766e-2,8.3993528395e-1,1.7113225036e-1,1.3540565862e-1,6.249767105091716e-1,5.237075367568499e-1,2.9618689379e1,7.060e-1
2868.371212,6.1817245934e-2,3.0740328457e-2,1.5871125917e-1,3.8658817745e-1,6.1209639669e-1,6.249767038496834e-1,5.237075195353675e-1,9.2081239808e1,2.410e-1
2869.318182,3.0338787093e-2,4.3984108570e-1,2.3075479045e-1,3.1929461594e-1,2.2972410847e-1,6.249766938254074e-1,5.237075070671251e-1,4.2363003483e1,4.562e-1
2870.265152,1.5562518696e-2,2.6249420382e-1,7.4737413041e-1,9.9739174240e-2,1.2478335526e-1,6.249766912089846e-1,5.237074980724705e-1,2.5675685759e1,8.274e-1
2871.212121,3.7425721388e-2,2.7046815633e-1,2.7371962177e-2,2.9614570946e-1,6.1854181703e-1,6.249766831903254e-1,5.237074793924923e-1,8.9428640153e1,4.425e-1
2872.159091,9.2072412223e-2,2.9117746470e-1,7.6865908664e-1,7.0097868648e-2,2.7946521058e-2,6.249766766353457e-1,5.237074694461112e-1,1.2597950321e1,8.639e-1
2873.106061,2.1705087286e-1,3.5182170187e-1,3.7114462193e-1,2.6429259207e-1,4.5643563663e-2,6.249766761979680e-1,5.237074690637455e-1,1.8081064911e1,5.890e-1
2874.053030,2.8355028173e-1,2.9524628018e-1,6.6007349790e-2,2.9766169107e-1,3.0748774588e-1,6.249766743234235e-1,5.237074672245948e-1,5.0143932086e1,4.935e-1
2875.000000,3.0399132650e-1,1.3035835347e-1,6.1239728693e-1,1.2931639190e-1,7.3889978950e-2,6.249766688788945e-1,5.237074586654761e-1,1.8907932512e1,6.378e-1
2875.946970,1.6741519284e-1,3.5206065975e-1,8.2252378495e-2,3.7985203797e-1,2.6837306238e-1,6.249766657206001e-1,5.237074572514629e-1,4.7952865144e1,4.475e-1
2876.893939,7.3780640685e-2,6.8448554390e-2,5.1151756989e-1,3.6105088449e-1,2.3515567054e-1,6.249766599960824e-1,5.237074492432096e-1,4.5919482121e1,4.649e-1
2877.840909,5.2595604938e-2,2.1712313068e-2,8.8425246860e-1,2.5574742838e-1,3.5645473598e-2,6.249766442922499e-1,5.237074256564919e-1,1.9890280506e1,5.338e-1
2878.787879,4.7180231337e-2,1.1776385908e-1,1.7978767850e-1,3.3389161285e-1,5.7132988950e-1,6.249766356321940e-1,5.237074009158706e-1,8.5512176729e1,3.802e-1
2879.734848,7.4869144608e-2,7.1499693343e-1,2.3706561818e-1,9.0697215712e-2,1.3232435027e-1,6.249766311037228e-1,5.237073906178296e-1,2.3203781122e1,3.011e-1
2880.681818,2.0982322519e-1,3.1878912929e-1,5.7446491654e-1,8.5362991953e-2,6.1512997928e-2,6.249766304502677e-1,5.237073901819838e-1,1.5943488681e1,5.106e-1
2881.628788,2.6853752154e-1,1.1243661154e-1,2.7866991373e-2,4.7185113456e-1,3.6926099064e-1,6.249766248283677e-1,5.237073876470101e-1,6.2946721023e1,5.142e-1
2882.575758,2.4083976606e-1,1.9057245006e-1,2.6531639042e-3,6.8505251240e-1,1.3083534087e-1,6.249766166479117e-1,5.237073904562249e-1,3.9191394122e1,8.141e-1
2883.522727,2.3132864255e-1,1.7817134883e-1,1.3207156244e-1,3.1377879636e-1,3.9460286800e-1,6.249766090911436e-1,5.237073549107072e-1,6.2078668106e1,6.277e-1
2884.469697,1.4727941828e-1,6.6297414507e-1,2.5230047754e-1,2.4177281651e-2,1.6322188853e-1,6.249766055352334e-1,5.237073476819605e-1,2.5084066565e1,6.688e-1
2885.416667,9.9227363070e-2,4.3286708775e-1,3.4946384460e-1,3.4345985379e-1,2.4935061454e-2,6.249766053318738e-1,5.237073486887134e-1,1.7893461801e1,3.729e-1
2886.363636,9.3092585925e-2,8.8431555975e-2,9.9499541872e-2,7.8587910616e-1,1.8305040939e-1,6.249765996629137e-1,5.237073748041894e-1,4.9597989540e1,3.144e-1
2887.310606,7.8234512753e-2,1.1514108810e-1,4.4743570393e-1,3.3109872603e-1,2.7804313998e-1,6.249765854010562e-1,5.237073129132859e-1,5.0033566215e1,5.844e-1
2888.257576,3.2891499293e-2,5.0461408207e-1,2.1575860446e-1,9.4824218067e-2,4.0186476065e-1,6.249765822733454e-1,5.237073042308330e-1,5.7224807091e1,6.297e-1
2889.204545,1.1629637262e-2,4.2850109989e-1,3.1807306977e-1,8.4827085150e-2,4.0692226801e-1,6.249765800406727e-1,5.237073019288844e-1,5.8207918607e1,6.498e-1
2890.151515,2.0155893554e-2,1.1765596686e-1,5.1568848120e-1,4.8647734231e-1,1.0997546120e-1,6.249765725586139e-1,5.237073019953163e-1,3.4015031718e1,6.836e-1
2891.098485,2.9540872289e-2,3.7339680622e-2,7.6698967934e-2,5.6599478680e-1,5.4037880310e-1,6.249765553746708e-1,5.237072654865835e-1,8.7983361516e1,2.666e-1
2892.045455,4.3019301602e-2,1.7477420043e-1,4.9946616640e-1,2.6533721822e-1,2.6735620121e-1,6.249765439305118e-1,5.237072377073537e-1,4.7079172121e1,5.577e-1
2892.992424,1.1399310150e-1,2.8287403090e-1,4.1637205600e-1,4.3618693939e-1,5.2695316158e-4,6.249765404783389e-1,5.237072331913002e-1,1.7979153126e1,4.738e-1
2893.939394,2.1134816185e-1,3.7846739671e-1,2.2222409306e-1,2.1178894052e-1,2.2612448553e-1,6.249765388319510e-1,5.237072267067862e-1,3.8361581863e1,5.324e-1
2894.886364,3.1300909701e-1,4.0808566129e-1,2.3369749325e-1,1.1376089823e-1,1.8139992551e-1,6.249765376443279e-1,5.237072227357011e-1,2.9701795026e1,4.347e-1
2895.833333,4.5971790359e-1,6.6211889523e-1,7.4059855836e-2,1.6369322058e-2,3.7687098955e-2,6.249765378333008e-1,5.237072227381695e-1,7.4943425611e0,6.401e-1
2896.780303,6.7291647119e-1,3.1891846571e-1,6.7863765380e-2,8.1264506152e-2,1.0898986699e-1,6.249765377153086e-1,5.237072227213708e-1,1.8068372462e1,8.004e-1
2897.727273,6.0039433962e-1,4.3309088438e-1,9.8372482743e-2,3.3249601341e-2,8.4845767085e-2,6.249765375846220e-1,5.237072227075358e-1,1.3877604230e1,5.084e-1
2898.674242,4.5712329996e-1,5.5373871965e-1,5.5119059840e-2,6.9818130221e-2,1.1415386528e-1,6.249765374772344e-1,5.237072227006166e-1,1.8622866491e1,7.425e-1
2899.621212,3.4456077526e-1,5.5877424184e-1,1.3939118388e-1,1.1723450242e-1,8.9992371927e-2,6.249765376616727e-1,5.237072225582946e-1,1.7675486027e1,3.731e-1
2900.568182,2.8006456634e-1,5.7152666884e-1,1.9352873694e-1,8.9930896909e-2,1.1490220641e-1,6.249765377193920e-1,5.237072227512219e-1,2.0416586638e1,6.842e-1
2901.515152,2.6746725254e-1,5.7540835137e-1,1.5456934191e-1,9.5769341367e-3,2.4293119412e-1,6.249765370392526e-1,5.237072226439352e-1,3.3922759804e1,5.601e-1
2902.462121,3.0487812481e-1,1.8391945853e-1,3.4232993451e-1,4.1362739892e-1,5.1981564275e-3,6.249765366018257e-1,5.237072270923367e-1,1.7160358244e1,6.172e-1
2903.409091,1.8149133862e-1,2.6498341403e-1,3.2521529602e-1,9.1837620086e-2,3.8642539553e-1,6.249765321403034e-1,5.237072147301571e-1,5.5623689336e1,4.740e-1
2904.356061,8.5043002430e-2,2.1271167226e-1,2.6028207307e-1,1.7315502475e-1,5.1876128705e-1,6.249765297788979e-1,5.237072090828142e-1,7.4492606964e1,4.097e-1
2905.303030,4.6418197281e-2,1.1790464683e-1,8.9930812876e-2,3.2156240396e-1,6.7413696683e-1,6.249765138848580e-1,5.237071791869958e-1,9.7557993576e1,7.758e-1
2906.250000,3.3133542962e-2,1.0240654758e-1,2.9014427811e-1,2.6434938165e-1,5.5991923575e-1,6.249764930292203e-1,5.237071423821338e-1,8.2671376480e1,4.506e-1
2907.196970,2.6791407502e-2,4.1787043114e-1,3.0675638346e-1,1.1547960520e-1,3.8305514311e-1,6.249764852025355e-1,5.237071277373607e-1,5.6029593318e1,5.486e-1
2908.143939,8.6675979181e-2,6.1776846372e-1,1.9919111820e-1,2.8559263784e-1,6.0724772880e-2,6.249764859090110e-1,5.237071287309623e-1,1.9784139202e1,7.856e-1
2909.090909,2.2782369514e-1,2.2414336485e-1,5.2838478015e-1,1.6503500041e-1,1.0456612948e-1,6.249764850200638e-1,5.237071277798112e-1,2.3454861405e1,6.515e-1
2910.037879,3.0200107310e-1,1.8785873395e-1,1.0877423200e-1,2.2713800665e-1,4.2418091487e-1,6.249764802863759e-1,5.237071176723833e-1,6.2960485177e1,4.903e-1
2910.984848,2.5371750423e-1,2.1017444995e-1,3.9269236770e-1,3.3287896084e-1,6.0489671086e-2,6.249764769047901e-1,5.237071152560335e-1,2.2083551239e1,3.289e-1
2911.931818,8.4872845723e-2,4.5053497148e-1,4.6053547381e-1,7.2486127113e-2,1.8152353042e-1,6.249764742696547e-1,5.237071087272799e-1,3.0182358118e1,5.201e-1
2912.878788,5.0143802665e-2,3.1430444931e-1,2.7277826604e-1,1.8800299727e-1,4.2472342839e-1,6.249764718361239e-1,5.237071042638727e-1,6.3216601674e1,5.407e-1
2913.825758,7.9077763764e-2,8.0849509693e-2,1.0549112976e-1,3.7516903854e-1,6.0936547661e-1,6.249764591818356e-1,5.237070830418624e-1,9.1049357178e1,7.748e-1
2914.772727,1.1128379919e-1,1.1172247594e-1,8.3928114722e-2,4.2999367591e-1,5.1302481627e-1,6.249764410147884e-1,5.237070520748864e-1,8.0377485880e1,6.174e-1
2915.719697,1.9095540251e-1,7.2984615612e-2,5.7213820945e-1,2.7895340482e-1,1.3492122497e-1,6.249764286823278e-1,5.237070308262821e-1,3.1014978359e1,4.349e-1
2916.666667,2.5178325531e-1,6.9803233204e-2,4.7887245950e-2,3.5960731700e-1,5.2087179469e-1,6.249764230749724e-1,5.237070170070608e-1,7.8827619926e1,7.026e-1
2917.613636,2.4994654021e-1,9.4896042141e-2,1.1059968893e-2,2.5146648443e-1,6.4258378645e-1,6.249764110582973e-1,5.237069907750673e-1,9.0700897273e1,3.068e-1
2918.560606,2.3288508274e-1,7.3721183224e-2,1.4946496699e-1,2.4478845666e-1,5.4909310524e-1,6.249763974248379e-1,5.237069687656422e-1,7.9576752727e1,7.151e-1
2919.507576,2.3240974998e-1,8.1872429876e-2,1.3412944484e-1,2.4727733164e-1,5.5426381732e-1,6.249763868274723e-1,5.237069498105036e-1,8.0211628523e1,5.150e-1
2920.454545,2.4998002248e-1,1.0874642738e-1,2.9731376906e-3,3.9047136466e-1,4.9778179739e-1,6.249763748056338e-1,5.237069324037341e-1,7.6577421703e1,5.190e-1
2921.401515,2.4538381917e-1,7.7766897986e-2,2.0684333982e-1,5.8497040686e-1,1.3498826444e-1,6.249763641366040e-1,5.237069305133562e-1,3.7930523292e1,5.825e-1
2922.348485,1.3879508805e-1,2.8739767344e-1,3.0429630143e-1,4.5814909600e-1,6.1314561658e-2,6.249763602870966e-1,5.237069131213837e-1,2.5587598267e1,5.898e-1
2923.295455,7.0198627317e-2,1.7414431911e-1,5.8656979965e-1,4.0658394112e-1,1.2456022791e-2,6.249763549906608e-1,5.237069027147859e-1,1.9681003382e1,6.090e-1
2924.242424,9.4532805758e-2,2.8679234492e-2,9.0507399306e-2,8.5519497527e-1,1.8103827538e-1,6.249763451003506e-1,5.237069286185683e-1,5.1367822523e1,9.212e-1
2925.189394,1.1305487756e-1,2.5681453412e-3,4.1956851375e-1,4.8345672514e-1,2.3130440722e-1,6.249763345061214e-1,5.237068674788055e-1,4.8495791168e1,6.908e-1
2926.136364,1.0973652050e-1,8.5116730317e-3,5.5484456790e-1,5.0695779857e-1,6.9902074619e-2,6.249763173083981e-1,5.237068458586900e-1,2.9680763255e1,5.622e-1
2927.083333,9.6831525901e-2,1.1008793953e-1,4.6519820287e-2,4.3309888825e-1,5.6341444488e-1,6.249763094247613e-1,5.237068151173752e-1,8.6616963573e1,6.148e-1
2928.030303,9.8844070292e-2,2.7341205575e-1,8.0775888014e-2,4.6827713580e-1,3.2864344286e-1,6.249762963611897e-1,5.237067951047286e-1,5.8293682283e1,4.647e-1
2928.977273,1.4646846776e-1,4.4439626433e-1,3.6663498067e-1,5.4683811995e-2,2.3776906179e-1,6.249762932698595e-1,5.237067805088259e-1,3.6079428500e1,5.530e-1
2929.924242,2.6219760364e-1,5.2025067602e-1,2.9369833866e-1,6.2480482776e-2,1.1132548611e-1,6.249762936028747e-1,5.237067805833060e-1,1.9770224534e1,4.280e-1
2930.871212,4.1290306929e-1,3.7840935565e-1,1.8213316170e-1,9.9658566714e-3,2.6654114389e-1,6.249762935966097e-1,5.237067802071153e-1,3.6856509371e1,6.151e-1
2931.818182,5.0933540228e-1,3.8239247724e-1,3.8646158700e-2,1.6757377744e-1,1.5200477081e-1,6.249762932331973e-1,5.237067808576904e-1,2.6147593467e1,4.855e-1
2932.765152,4.4768894622e-1,4.7408545028e-1,1.5180674735e-1,5.8501789683e-2,1.1786965139e-1,6.249762924628639e-1,5.237067794224206e-1,1.9345842000e1,6.828e-1
2933.712121,3.0323252624e-1,4.5057070514e-1,2.4264848130e-1,1.5211749789e-1,1.0138337150e-1,6.249762910404359e-1,5.237067799106067e-1,2.0838777009e1,5.026e-1
2934.659091,3.0428475091e-1,9.8282463781e-2,5.4404994799e-2,5.5408710789e-1,2.3889325314e-1,6.249762852610643e-1,5.237067881216276e-1,4.9093071116e1,3.622e-1
2935.606061,1.9752617721e-1,4.5491347879e-1,3.6263344481e-1,1.7521683112e-1,5.9662628923e-2,6.249762804304672e-1,5.237067639876466e-1,1.7153412703e1,6.744e-1
2936.553030,8.0905494112e-2,7.0525665779e-1,3.7642656985e-1,8.7090445180e-2,2.7339419340e-4,6.249762805632827e-1,5.237067632728657e-1,7.2842673240e0,5.823e-1
2937.500000,7.3390689371e-2,1.3278907590e-1,1.8257606550e-1,4.6444726029e-1,3.9674945688e-1,6.249762739691985e-1,5.237067663530204e-1,6.7409124831e1,4.442e-1
2938.446970,5.2807089221e-2,5.3808551127e-1,1.1396716821e-1,3.2926648069e-1,2.1582629174e-1,6.249762705698662e-1,5.237067535430538e-1,4.0176604638e1,7.319e-1
2939.393939,4.5799075604e-2,9.8388611009e-2,6.6143821396e-1,2.8147380319e-1,1.6285282782e-1,6.249762657894782e-1,5.237067475898396e-1,3.5363506135e1,6.605e-1
2940.340909,4.0054397160e-2,1.0133940131e-1,9.2883405556e-1,1.4953699422e-1,3.0187662981e-2,6.249762556156887e-1,5.237067291429485e-1,1.6302583122e1,9.479e-1
2941.287879,1.9521573561e-2,3.7577195063e-1,5.2064520186e-3,4.8855192802e-1,3.6090059391e-1,6.249762490696982e-1,5.237067252237210e-1,6.2631894021e1,6.237e-1
2942.234848,1.8708683546e-2,2.3827497557e-1,3.5816984207e-2,5.2844519935e-1,4.2870662362e-1,6.249762331461926e-1,5.237067044568675e-1,7.2557134370e1,4.984e-1
2943.181818,4.3912218830e-2,4.1715234491e-1,6.9213460101e-2,4.2309818002e-1,2.9657623707e-1,6.249762204639602e-1,5.237066767464785e-1,5.2910868586e1,3.195e-1
2944.128788,1.2557779033e-1,2.8605735858e-1,6.4797756366e-1,7.5422629134e-2,1.1491709185e-1,6.249762167733459e-1,5.237066629193531e-1,2.2941636011e1,5.965e-1
2945.075758,2.5338924004e-1,2.5030349952e-1,1.0467331190e-1,3.7843421956e-1,2.6315215301e-1,6.249762120169283e-1,5.237066620063660e-1,4.7258058726e1,5.127e-1
2946.022727,3.6092171723e-1,6.0261508618e-3,2.3176867479e-1,4.0657953232e-1,2.4465633244e-1,6.249762038191244e-1,5.237066515725317e-1,4.6373218146e1,4.692e-1
2946.969697,2.7919190858e-1,8.8360464788e-2,8.0906420703e-3,4.8488033400e-1,3.8942903412e-1,6.249761917827072e-1,5.237066350259000e-1,6.5744129076e1,5.267e-1
2947.916667,1.3186716138e-1,1.9820006962e-1,5.3938812716e-1,2.5247135725e-1,1.2802564726e-1,6.249761813294057e-1,5.237066135922643e-1,2.9243805018e1,4.955e-1
2948.863636,1.2529695033e-1,1.4225739491e-1,6.4986355876e-2,4.7925650462e-1,4.3815514512e-1,6.249761754298722e-1,5.237066088919740e-1,7.2287120835e1,5.948e-1
2949.810606,2.1919672274e-1,1.0008987171e-1,7.1342182264e-1,1.9967393505e-1,1.7569976230e-2,6.249761641865110e-1,5.237065850179520e-1,1.4655675565e1,4.243e-1
2950.757576,3.5320782709e-1,1.0439829931e-1,1.7774864446e-2,4.0191942128e-1,3.7265190688e-1,6.249761595023634e-1,5.237065795011703e-1,6.1088464989e1,6.328e-1
2951.704545,4.2851811814e-1,7.1201636825e-2,7.2233942145e-2,3.8668247663e-1,2.9131612850e-1,6.249761511146905e-1,5.237065668459232e-1,5.0596837569e1,5.383e-1
2952.651515,3.8428795852e-1,1.2974083598e-1,3.0620341250e-2,4.1667114843e-1,2.8863200375e-1,6.249761439667525e-1,5.237065579008574e-1,5.0974961612e1,5.931e-1
2953.598485,3.0606340806e-1,7.2752405043e-2,3.4249776065e-1,3.9349195250e-1,1.3514674673e-1,6.249761364920858e-1,5.237065480626848e-1,3.2929044661e1,5.532e-1
2954.545455,2.8459176572e-1,8.3295228186e-2,2.1382379305e-1,4.4474595107e-1,2.2349551679e-1,6.249761274097574e-1,5.237065366686496e-1,4.4858773267e1,6.105e-1
2955.492424,3.1268837727e-1,1.0362694901e-1,1.2462748210e-1,4.2950704268e-1,2.7950239048e-1,6.249761207733641e-1,5.237065236280440e-1,5.0881149291e1,6.409e-1
2956.439394,3.7013417267e-1,6.5453327833e-2,2.0897009646e-1,4.3377491514e-1,1.7161971165e-1,6.249761118738779e-1,5.237065113024255e-1,3.7835854889e1,5.785e-1
2957.386364,4.0292768458e-1,8.9635849298e-2,4.6003213477e-2,4.5876111417e-1,2.5262434850e-1,6.249761050116537e-1,5.237065007106011e-1,4.7765033510e1,3.152e-1
2958.333333,3.5886494464e-1,7.8423258262e-2,2.5992941598e-1,4.1008304693e-1,1.4265152860e-1,6.249760972051931e-1,5.237064885191477e-1,3.3797767479e1,3.627e-1
2959.280303,3.1318126436e-1,9.9841205168e-2,5.5673548567e-2,4.9159650698e-1,2.8965965427e-1,6.249760896718131e-1,5.237064803917767e-1,5.3609185401e1,4.563e-1
2960.227273,2.9378831817e-1,6.8849023863e-2,4.5253837706e-1,3.7442091527e-1,6.0355526835e-2,6.249760806026097e-1,5.237064628149177e-1,2.3611875947e1,5.656e-1
2961.174242,3.3988233147e-1,1.1193275802e-1,3.5377057619e-2,4.7280318612e-1,2.8995681440e-1,6.249760738113652e-1,5.237064543237565e-1,5.2920997341e1,6.807e-1
2962.121212,3.9391029592e-1,6.8385208359e-2,1.7571088540e-1,4.2085302129e-1,1.9109272012e-1,6.249760655414047e-1,5.237064399630470e-1,3.9666577504e1,5.346e-1
2963.068182,3.9568311892e-1,9.3877937772e-2,3.5663227656e-2,4.0538549553e-1,3.1934233666e-1,6.249760582688780e-1,5.237064271031513e-1,5.4519058205e1,6.075e-1
2964.015152,3.2099141011e-1,5.6722025971e-2,3.8153842576e-1,3.5583567636e-1,1.3486456253e-1,6.249760503665218e-1,5.237064160891337e-1,3.1975652810e1,5.665e-1
2964.962121,2.6421654595e-1,8.6277810559e-2,1.7494568286e-1,4.0702178450e-1,3.1749025908e-1,6.249760414734331e-1,5.237064029589740e-1,5.5367679623e1,5.277e-1
2965.909091,2.6226134788e-1,1.3359136025e-1,1.5183810732e-1,4.1594641561e-1,2.8631483743e-1,6.249760342470065e-1,5.237063921135935e-1,5.1571602743e1,5.733e-1
2966.856061,3.4284952573e-1,1.1282684717e-1,1.1299296235e-1,4.1113550844e-1,2.7014720667e-1,6.249760251802624e-1,5.237063770661935e-1,4.9036200880e1,6.225e-1
2967.803030,4.4158448269e-1,6.9580630269e-2,3.0736589795e-3,3.8651825463e-1,3.4919500869e-1,6.249760176335489e-1,5.237063635278024e-1,5.7450088035e1,3.379e-1
2968.750000,3.6498557996e-1,7.8288253510e-2,2.6717062140e-1,3.4010386333e-1,1.9940370062e-1,6.249760094121513e-1,5.237063522260806e-1,3.8883431574e1,3.750e-1
2969.696970,2.4082010977e-1,8.2400302043e-2,1.2895859812e-1,4.3526819185e-1,3.6250480092e-1,6.249760013525498e-1,5.237063425365798e-1,6.1646076101e1,3.731e-1
2970.643939,1.7456392044e-1,1.3015284680e-1,5.2590209830e-1,3.2910916181e-1,9.0223951923e-2,6.249759896357714e-1,5.237063232179862e-1,2.6634963464e1,4.213e-1
2971.590909,2.3535579137e-1,3.3807919297e-1,4.0617720885e-2,3.2851265927e-1,3.0738660643e-1,6.249759854665706e-1,5.237063118467475e-1,5.0976668769e1,5.717e-1
2972.537879,2.9958025277e-1,3.1286314412e-1,3.4317538810e-1,1.4632348844e-1,1.4800969384e-1,6.249759836367328e-1,5.237063061148367e-1,2.7148511961e1,5.096e-1
2973.484848,2.9697813023e-1,2.9586052969e-1,4.4800595521e-1,4.5063865731e-2,1.6404348266e-1,6.249759817644035e-1,5.237063026478748e-1,2.6763867251e1,5.274e-1
2974.431818,2.3463683190e-1,4.5155341898e-1,2.9033330338e-2,2.9015663256e-1,2.4457174611e-1,6.249759799404180e-1,5.237063035388170e-1,4.1842887640e1,3.998e-1
2975.378788,2.3093487823e-1,5.1362727297e-2,4.3121548093e-1,3.4451919903e-1,1.9191966617e-1,6.249759758292085e-1,5.237063014488852e-1,3.9258248381e1,6.052e-1
2976.325758,1.7408743642e-1,1.4753390687e-1,6.0394011797e-1,2.6291882766e-1,6.1471643768e-2,6.249759663451278e-1,5.237062845614296e-1,2.1495405363e1,5.047e-1
2977.272727,4.8657968433e-2,6.6955932739e-1,3.8389426234e-1,9.1343089494e-2,5.6497283083e-2,6.249759653691868e-1,5.237062781471492e-1,1.4589232836e1,3.513e-1
2978.219697,5.2821167336e-2,3.3295246293e-1,1.3537986556e-1,5.5339399914e-1,1.7540442841e-1,6.249759616873823e-1,5.237062903453327e-1,4.1935729243e1,5.630e-1
2979.166667,1.0945824051e-1,7.5853933070e-2,1.8973467910e-1,6.4102577695e-1,2.3387926351e-1,6.249759465669081e-1,5.237062773115522e-1,5.2173685011e1,3.280e-1
2980.113636,1.4470150892e-1,5.7534652259e-2,1.7325215944e-1,5.7047342441e-1,3.0399012755e-1,6.249759362941256e-1,5.237062500414835e-1,5.8739323242e1,5.510e-1
2981.060606,1.9968177340e-1,5.7036377286e-2,4.4406421637e-1,4.0580182588e-1,1.4336764774e-1,6.249759203371597e-1,5.237062165334990e-1,3.5103144711e1,4.715e-1
2982.007576,2.7904146362e-1,1.6398083233e-2,1.0829231998e-1,3.8498577046e-1,4.6123419110e-1,6.249759141942358e-1,5.237061983039094e-1,7.2396176574e1,4.405e-1
2982.954545,2.6982169240e-1,1.8566413538e-2,4.7329434602e-1,3.0089098004e-1,1.8737836951e-1,6.249759007541046e-1,5.237061786814974e-1,3.7571341100e1,6.191e-1
2983.901515,2.1366815068e-1,1.0248633352e-1,4.5886248995e-2,3.4131962428e-1,5.4659143070e-1,6.249758940870773e-1,5.237061622557876e-1,8.1564827840e1,5.584e-1
2984.848485,1.8531807551e-1,2.5077516549e-1,1.2588697946e-1,2.9903310546e-1,3.8893843973e-1,6.249758828258881e-1,5.237061436627178e-1,6.0954484865e1,5.677e-1
2985.795455,2.7414275084e-1,2.4232895109e-1,2.2059973877e-1,3.3673747204e-1,1.7614284310e-1,6.249758779167683e-1,5.237061380783049e-1,3.5708410210e1,4.913e-1
2986.742424,3.1399796782e-1,6.3476651745e-1,1.1625631573e-1,2.7531391469e-2,1.5739956262e-1,6.249758775439513e-1,5.237061319450781e-1,2.3384731086e1,3.830e-1
2987.689394,4.7041345828e-1,4.3496615255e-1,1.4961604976e-1,1.7619896500e-1,1.8757130474e-2,6.249758780301856e-1,5.237061317657568e-1,1.0341347013e1,6.798e-1
2988.636364,5.6028091221e-1,4.4497892973e-1,5.9682912235e-2,1.3766080809e-1,4.7348192473e-2,6.249758773665273e-1,5.237061315904475e-1,1.2113276109e1,6.632e-1
2989.583333,6.3292707647e-1,2.4863681043e-1,1.9609507423e-1,6.4047628028e-3,1.6588803023e-1,6.249758770784869e-1,5.237061311383809e-1,2.3821118032e1,3.701e-1
2990.530303,4.1700621043e-1,4.4669010636e-1,1.7633235042e-1,9.4199819740e-2,1.1572326622e-1,6.249758765825242e-1,5.237061312588466e-1,2.0339514429e1,5.830e-1
2991.477273,2.1987555598e-1,5.0645080261e-1,6.5256504818e-2,2.6607015910e-1,1.9229872720e-1,6.249758748541440e-1,5.237061324830964e-1,3.4773373594e1,4.300e-1
2992.424242,1.5422664873e-1,1.1383872687e-1,2.9953608251e-1,4.4389972403e-1,2.3845055326e-1,6.249758677011017e-1,5.237061318557750e-1,4.7427541425e1,4.323e-1
2993.371212,1.9782112539e-1,5.0966428571e-2,6.5776614331e-1,3.0934741273e-1,3.4050601682e-2,6.249758558402050e-1,5.237061095268404e-1,1.9720566789e1,4.335e-1
2994.318182,3.0801822798e-1,7.1594748529e-2,2.7429248097e-2,4.8741665952e-1,3.5549281356e-1,6.249758488439702e-1,5.237061013742438e-1,6.1617045836e1,5.861e-1
2995.265152,3.9171084950e-1,2.5231418874e-2,3.1585494769e-1,3.7444648851e-1,1.4270797399e-1,6.249758392836269e-1,5.237060829350630e-1,3.3022066147e1,6.233e-1
2996.212121,3.5685901613e-1,1.1043175301e-1,2.7996465887e-2,4.3609608444e-1,3.1856834519e-1,6.249758323270659e-1,5.237060727561204e-1,5.5355087627e1,5.673e-1
2997.159091,2.9080062331e-1,1.4186939078e-1,1.9105159494e-1,4.2038767675e-1,2.0584236093e-1,6.249758233553288e-1,5.237060600308737e-1,4.1757779708e1,6.484e-1
2998.106061,3.3906647004e-1,1.3213313602e-1,8.9841146235e-2,4.2895953958e-1,2.5995133938e-1,6.249758156297753e-1,5.237060482078102e-1,4.8153005384e1,4.700e-1
2999.053030,4.1445625171e-1,5.2042619886e-2,4.1439818311e-2,4.4486193265e-1,2.9715099196e-1,6.249758072575757e-1,5.237060363339719e-1,5.2913740728e1,5.210e-1
3000.000000,3.4842745457e-1,8.4675019220e-2,2.4715513554e-1,3.6776349354e-1,2.0193049473e-1,6.249757987981301e-1,5.237060220094001e-1,3.9936339968e1,3.638e-1
3000.946970,1.9162638082e-1,1.4038640061e-1,2.8559389641e-1,4.1674602762e-1,2.1559888105e-1,6.249757932618996e-1,5.237060161426161e-1,4.3593866822e1,3.365e-1
3001.893939,1.3653477725e-1,8.6553960141e-2,1.5962909935e-1,5.0968099056e-1,3.5755272882e-1,6.249757780623739e-1,5.237059978537563e-1,6.3594949091e1,5.708e-1
3002.840909,1.0038538921e-1,1.6626684109e-1,1.7174575293e-1,4.7466678029e-1,3.3688677373e-1,6.249757686303089e-1,5.237059795470875e-1,6.0067536407e1,3.975e-1
3003.787879,6.7024760959e-2,2.1042983663e-1,7.4151602754e-2,5.5563946188e-1,3.4270584306e-1,6.249757526447450e-1,5.237059590518809e-1,6.2694395568e1,6.394e-1
3004.734848,6.8652842951e-2,1.8231177158e-1,1.0621633416e-1,5.6411585930e-1,3.2865466139e-1,6.249757346893063e-1,5.237059319003945e-1,6.1368184794e1,7.276e-1
3005.681818,1.0067639710e-1,2.2998006469e-1,6.6274032649e-2,4.9865010642e-1,3.5437084047e-1,6.249757206657892e-1,5.237059037751299e-1,6.2356761575e1,6.991e-1
3006.628788,1.5806413492e-1,8.8206771997e-3,3.6712979454e-1,4.3972845195e-1,2.7620836646e-1,6.249757125322479e-1,5.237058897620748e-1,5.2459693147e1,6.528e-1
3007.575758,1.5895102331e-1,2.5553575201e-2,8.0602802962e-1,2.5578208631e-1,3.6366837392e-3,6.249756990921288e-1,5.237058628078152e-1,1.5229329180e1,5.022e-1
3008.522727,1.7271258810e-1,2.1423064085e-2,1.9535924443e-1,4.9738670365e-1,3.6306977899e-1,6.249756896212160e-1,5.237058536517699e-1,6.4081382605e1,6.969e-1
3009.469697,1.8094754364e-1,6.0118090336e-3,1.9941381776e-1,4.9011511388e-1,3.7346307855e-1,6.249756814305572e-1,5.237058390706700e-1,6.5184765630e1,6.092e-1
3010.416667,1.2759412024e-1,1.9356989312e-1,6.7942992579e-1,2.3994222038e-1,9.4151792587e-3,6.249756693933889e-1,5.237058114291500e-1,1.4769670250e1,4.396e-1
3011.363636,1.4704340087e-1,2.8006624651e-1,5.5839803973e-1,2.1405631047e-1,5.0387334356e-2,6.249756659630297e-1,5.237058042503242e-1,1.8400219244e1,4.288e-1
3012.310606,2.5068311039e-1,2.2026292884e-2,6.7806245219e-2,4.9744831209e-1,4.1198735836e-1,6.249756594725334e-1,5.237058019944191e-1,6.9364571960e1,6.415e-1
3013.257576,2.6658874276e-1,7.8285328975e-2,4.8584796344e-1,3.1350120860e-1,1.0572805848e-1,6.249756511285735e-1,5.237057827544310e-1,2.7741878898e1,5.118e-1
3014.204545,2.6875357121e-1,2.0652605033e-1,4.6772981155e-2,4.3943950792e-1,2.8845917690e-1,6.249756437596894e-1,5.237057734081074e-1,5.1906451632e1,6.388e-1
3015.151515,3.6217830005e-1,6.8928314456e-2,2.2539982861e-1,3.8738526856e-1,2.0605955899e-1,6.249756353343638e-1,5.237057603488646e-1,4.0894096552e1,6.015e-1
3016.098485,3.7043393982e-1,2.1615819454e-2,1.6078526386e-1,4.3244389060e-1,2.6467234140e-1,6.249756275672789e-1,5.237057502404928e-1,4.9230994918e1,6.036e-1
3017.045455,2.4320686188e-1,1.0669061771e-1,9.7028781157e-2,4.5759001589e-1,3.4543495553e-1,6.249756160873893e-1,5.237057339436447e-1,5.9969769732e1,4.804e-1
3017.992424,1.4485662710e-1,3.8918454398e-2,3.7959964720e-1,4.2969123947e-1,2.5688524891e-1,6.249756085410568e-1,5.237057231053658e-1,4.9818493923e1,5.985e-1
3018.939394,1.0407423825e-1,3.1730029942e-2,8.5676745689e-1,2.5723413668e-1,1.4532800986e-4,6.249755948875216e-1,5.237056970555851e-1,1.5219731193e1,6.942e-1
3019.886364,5.9143723305e-2,2.5593340840e-1,1.2153289260e-1,5.2057811771e-1,2.9276303051e-1,6.249755862638410e-1,5.237056886904069e-1,5.5645869492e1,4.866e-1
3020.833333,3.7728965331e-2,5.0931436880e-1,3.0439456887e-1,1.8346907152e-1,2.1504418965e-1,6.249755820855000e-1,5.237056658199357e-1,3.6869316335e1,3.933e-1
3021.780303,3.8047984129e-2,5.0066774338e-1,3.3440826890e-1,1.0434925302e-1,2.7247791256e-1,6.249755809962561e-1,5.237056629394264e-1,4.1911974535e1,7.076e-1
3022.727273,4.9109310980e-2,4.3930075283e-2,1.1941083449e-1,3.1052416324e-1,7.2697676995e-1,6.249755769725882e-1,5.237056509684084e-1,1.0405750126e2,7.183e-1
3023.674242,4.7497243368e-2,6.0364855723e-2,6.2698413965e-1,2.5190236235e-1,2.6320252749e-1,6.249755642940524e-1,5.237056383846500e-1,4.6911150565e1,7.482e-1
3024.621212,2.9048584858e-2,3.1344482479e-1,3.0233817909e-1,2.6253215195e-1,3.4258736842e-1,6.249755545561447e-1,5.237056132747822e-1,5.5312331395e1,4.688e-1
3025.568182,1.6696618805e-2,8.6289378254e-1,2.5104525062e-1,2.1759324252e-3,1.1713952369e-1,6.249755540420897e-1,5.237056084959797e-1,1.8805986750e1,8.802e-1
3026.515152,2.0398529105e-2,2.7677125843e-1,1.3198240655e-1,3.7282626207e-1,4.4797264545e-1,6.249755508027099e-1,5.237056075504622e-1,7.0890540038e1,3.576e-1
3027.462121,2.8311166703e-2,2.8566934347e-1,6.7057402656e-1,2.1344314997e-1,5.1953398753e-2,6.249755427266110e-1,5.237055914069588e-1,1.9430302322e1,4.815e-1
3028.409091,4.5250852358e-2,5.5035241616e-1,4.0778294422e-1,7.5611277836e-2,1.7095359367e-1,6.249755421236507e-1,5.237055885249846e-1,2.8687214692e1,7.292e-1
3029.356061,7.2801507294e-2,2.8888269017e-1,4.9098882388e-2,4.7664301341e-1,3.6252498434e-1,6.249755388046929e-1,5.237055923149396e-1,6.2662731618e1,5.153e-1
3030.303030,1.2838317245e-1,3.7606275737e-1,4.1526114086e-1,7.0557847409e-2,2.5968614517e-1,6.249755316303746e-1,5.237055697033774e-1,3.9636083926e1,4.924e-1
3031.250000,2.7786806666e-1,6.3675712952e-1,1.7394273635e-1,6.4650826705e-2,9.6732305269e-2,6.249755322522598e-1,5.237055695496898e-1,1.7254551712e1,7.910e-1
3032.196970,5.0803732935e-1,3.4958574998e-1,1.2679124480e-1,5.4851958270e-2,2.1068478242e-1,6.249755324100807e-1,5.237055694153543e-1,3.0690434937e1,4.460e-1
3033.143939,6.0360843682e-1,3.9190245650e-1,1.2526498224e-2,1.6765985854e-1,7.4253813867e-2,6.249755319768596e-1,5.237055698185468e-1,1.6055424765e1,6.159e-1
3034.090909,5.2033411158e-1,4.6081784129e-1,1.0354774279e-1,3.0683935861e-2,1.3456743164e-1,6.249755315770403e-1,5.237055689245474e-1,2.0216701878e1,3.593e-1
3035.037879,3.2415199594e-1,4.0215624612e-1,3.3133057991e-1,1.3647412583e-1,5.5838115705e-2,6.249755317475078e-1,5.237055694709793e-1,1.5131483966e1,5.733e-1
3035.984848,2.0160042418e-1,2.6941265149e-1,3.9896692663e-1,3.3941916877e-1,4.0551886798e-2,6.249755289346804e-1,5.237055705061062e-1,1.9883415839e1,4.499e-1
3036.931818,1.1899495353e-1,1.1860101057e-1,1.4688841330e-1,7.3051515161e-1,1.3495152077e-1,6.249755248877870e-1,5.237055861333441e-1,4.2122086314e1,6.231e-1
3037.878788,6.4239147968e-2,1.0521863549e-1,7.3868861997e-2,8.7630297954e-1,1.3032139416e-1,6.249755095766049e-1,5.237055800744982e-1,4.5556341539e1,9.357e-1
3038.825758,4.1743796079e-2,4.5321979795e-2,4.8217252454e-1,5.3054562023e-1,1.5016707886e-1,6.249754997543200e-1,5.237055228200072e-1,4.0167741996e1,7.277e-1
3039.772727,4.5584863806e-2,4.8168138011e-2,3.6078584869e-1,7.2385093405e-1,7.1561182476e-2,6.249754835171432e-1,5.237055147850628e-1,3.5328476744e1,6.815e-1
3040.719697,7.9991761473e-2,1.8690815638e-1,1.5167825569e-1,5.7780610675e-1,2.5356667276e-1,6.249754765257217e-1,5.237054823648769e-1,5.2573567768e1,5.965e-1
3041.666667,1.5532286731e-1,6.7848843426e-2,1.6882087212e-1,7.8954597413e-1,6.8412371657e-2,6.249754643180364e-1,5.237054824279913e-1,3.5586180842e1,3.652e-1
3042.613636,1.9753661779e-1,4.0302793329e-3,2.0500863558e-1,7.1579290436e-1,1.2758246497e-1,6.249754510127551e-1,5.237054495388316e-1,4.0982826408e1,3.996e-1
3043.560606,1.9011084460e-1,1.0705488666e-2,2.4476421209e-2,8.1808773362e-1,2.0657038233e-1,6.249754352122360e-1,5.237054313996888e-1,5.2932094183e1,6.942e-1
3044.507576,1.3739057896e-1,5.1218585743e-2,4.1781191515e-2,8.5685859344e-1,1.6270188508e-1,6.249754173701515e-1,5.237054045426506e-1,4.8750698274e1,9.257e-1
3045.454545,8.6014155156e-2,1.4580543640e-1,2.2922334166e-1,6.5261323745e-1,1.3629463274e-1,6.249754017020551e-1,5.237053506774977e-1,4.0497741273e1,6.899e-1
3046.401515,3.4717193912e-2,3.7840849485e-1,3.6342905125e-1,2.6178703523e-1,2.1160901799e-1,6.249753966194898e-1,5.237053189755959e-1,3.9144747427e1,6.092e-1
3047.348485,1.3595581254e-2,5.8654921163e-1,2.6288744849e-1,7.1350187332e-2,3.1556836185e-1,6.249753952804170e-1,5.237053159481354e-1,4.5958952114e1,5.572e-1
3048.295455,2.7735506053e-2,1.5420909046e-1,2.0439136561e-1,1.9982294507e-1,6.6379188057e-1,6.249753938832252e-1,5.237053089250657e-1,9.3317111814e1,6.689e-1
3049.242424,5.5103011392e-2,2.2530835346e-1,5.9221140505e-1,1.4644257009e-1,2.3088541767e-1,6.249753788295362e-1,5.237052871364394e-1,3.9455355158e1,5.940e-1
3050.189394,1.3941090707e-1,7.4114683404e-1,1.8133208838e-1,1.5778790644e-1,3.0273022746e-2,6.249753793376681e-1,5.237052857202772e-1,1.1926815746e1,3.925e-1
3051.136364,3.6134738988e-1,4.5156071538e-1,1.8182535901e-1,2.7234876094e-2,2.2798241750e-1,6.249753789344743e-1,5.237052856118873e-1,3.2591663473e1,4.821e-1
3052.083333,5.1450996742e-1,3.2847642199e-1,3.2162339850e-1,1.6685639827e-2,6.8655329593e-2,6.249753786617804e-1,5.237052850390814e-1,1.2809017678e1,3.278e-1
3053.030303,5.2119086545e-1,4.6440151233e-1,1.0191061011e-1,1.2036023103e-1,4.2087538853e-2,6.249753788871073e-1,5.237052848929669e-1,1.1243415704e1,6.525e-1
3053.977273,4.5647883338e-1,4.1396137207e-1,1.0669941227e-1,1.2126449490e-1,1.5154664489e-1,6.249753787550343e-1,5.237052850049433e-1,2.5188191841e1,6.730e-1
3054.924242,2.5437552241e-1,4.7801092313e-1,1.6351257806e-1,3.0671914498e-1,4.7332585817e-2,6.249753771955729e-1,5.237052870206673e-1,1.8264893856e1,4.834e-1
3055.871212,2.1343298661e-1,7.5529806084e-2,1.5557283092e-1,6.5131941046e-1,1.5409570929e-1,6.249753716807425e-1,5.237053020472563e-1,4.2068830676e1,4.135e-1
3056.818182,1.7392234189e-1,9.0823435699e-2,6.0156531944e-1,3.1662564845e-1,6.7013976153e-2,6.249753608175430e-1,5.237052626956016e-1,2.3790940296e1,4.520e-1
3057.765152,7.0247150701e-2,3.7796228793e-1,1.6022461238e-1,4.6575280334e-1,1.7576386082e-1,6.249753575848032e-1,5.237052630446933e-1,3.9474708942e1,2.719e-1
3058.712121,5.1299523677e-2,4.1879523077e-2,2.4626251381e-1,7.1961928420e-1,1.9088985537e-1,6.249753500719942e-1,5.237052755074595e-1,4.9541227501e1,4.940e-1
3059.659091,4.1391734367e-2,1.2388557883e-1,6.8879651439e-1,3.5416501800e-1,4.1711823665e-2,6.249753346301367e-1,5.237052200089164e-1,2.2451233145e1,6.319e-1
3060.606061,4.2322414130e-2,2.9882419162e-1,3.1788336306e-1,4.8460613706e-1,1.0631455024e-1,6.249753280525698e-1,5.237052157622133e-1,3.2277535311e1,3.575e-1
3061.553030,6.8651625022e-2,1.5555835282e-2,1.1422224160e-1,5.2300018098e-1,5.2852075758e-1,6.249753202334913e-1,5.237051968077034e-1,8.5365878178e1,7.222e-1
3062.500000,7.5798120739e-2,4.8014765736e-3,5.8677871006e-1,2.3031278963e-1,3.5225951959e-1,6.249753082969707e-1,5.237051707753174e-1,5.7200959470e1,6.954e-1
3063.446970,7.7601509067e-2,1.9341536399e-2,9.1282309574e-1,1.6248009168e-1,7.7704353547e-2,6.249752932189452e-1,5.237051470009737e-1,2.2525588781e1,6.345e-1
3064.393939,1.0047646451e-1,4.4827507191e-2,1.4469528680e-1,3.7074305182e-1,5.8920826226e-1,6.249752862914415e-1,5.237051296391078e-1,8.8579890769e1,6.694e-1
3065.340909,1.7416324294e-1,1.7289443378e-1,3.4109310699e-1,3.4264153312e-1,2.1915823712e-1,6.249752769703705e-1,5.237051200680279e-1,4.2178398756e1,5.362e-1
3066.287879,3.2530765734e-1,7.0667389650e-2,6.7877661654e-2,3.1299062517e-1,4.7310720336e-1,6.249752685862590e-1,5.237050999139736e-1,7.1420431937e1,5.375e-1
3067.234848,3.1419596678e-1,9.2931724958e-2,3.4448826645e-1,2.2400137218e-1,2.7433318824e-1,6.249752592996674e-1,5.237050854409916e-1,4.5381559569e1,5.817e-1
3068.181818,1.2025986087e-1,4.3218948127e-1,5.2693541489e-1,8.8435570118e-2,8.2130184442e-2,6.249752557888567e-1,5.237050786477639e-1,1.8482594064e1,7.236e-1
3069.128788,1.2087388825e-1,3.4191268089e-1,3.1263846183e-1,3.0878846561e-1,1.6573701019e-1,6.249752533868800e-1,5.237050787984918e-1,3.4340938205e1,5.563e-1
3070.075758,2.1905001321e-1,1.8562752355e-2,1.0779285360e-1,4.2679511289e-1,4.7774975475e-1,6.249752433999782e-1,5.237050619958822e-1,7.5818405560e1,6.134e-1
3071.022727,2.3008073590e-1,8.9641212444e-3,2.7989516436e-1,3.4045778018e-1,3.9055265107e-1,6.249752263792707e-1,5.237050323592554e-1,6.3257518228e1,5.239e-1
3071.969697,1.5642992156e-1,1.7769090809e-1,1.9241291300e-1,2.7401876110e-1,4.4939793352e-1,6.249752186366634e-1,5.237050156088962e-1,6.8264435926e1,3.950e-1
3072.916667,7.9320914415e-2,1.1290229433e-1,7.5048344698e-1,1.9467644846e-1,1.1256731022e-1,6.249752072072767e-1,5.237050011287421e-1,2.6907594681e1,7.275e-1
3073.863636,6.3917692232e-2,6.0588391868e-2,1.3638086915e-1,4.3873912146e-1,5.5032432178e-1,6.249751982447946e-1,5.237049839771470e-1,8.5725347657e1,7.303e-1
3074.810606,3.9109353143e-2,5.6760806308e-1,2.6473462635e-1,2.3271836280e-1,1.4577997213e-1,6.249751887493890e-1,5.237049651388702e-1,2.9379471856e1,3.912e-1
3075.757576,1.1096043958e-1,5.3451679497e-1,2.0063163004e-1,2.4042317165e-1,1.6341833822e-1,6.249751872259102e-1,5.237049629733838e-1,3.1340655635e1,6.496e-1
3076.704545,2.7647239878e-1,5.8100585991e-2,2.1581206135e-1,4.3432251233e-1,2.6524279844e-1,6.249751784460753e-1,5.237049591474562e-1,4.9830332457e1,3.794e-1
3077.651515,3.2642501799e-1,4.0907698781e-3,6.0675665572e-2,4.9613128661e-1,3.6262759103e-1,6.249751655402390e-1,5.237049410183571e-1,6.2949332197e1,5.666e-1
3078.598485,1.9161382050e-1,3.1614347971e-1,2.9495072136e-1,3.1841866211e-1,1.2882362956e-1,6.249751566145576e-1,5.237049195469202e-1,2.9766521412e1,5.602e-1
3079.545455,1.0167238655e-1,5.6074933670e-1,4.4482790766e-1,1.0614964378e-1,3.6551036262e-2,6.249751554737216e-1,5.237049125367909e-1,1.2806279370e1,3.717e-1
3080.492424,2.6449106119e-1,8.3124842806e-2,3.5867487511e-1,3.3258472753e-1,2.1107479421e-1,6.249751504212407e-1,5.237049104768031e-1,4.0828179157e1,4.167e-1
3081.439394,3.0952519347e-1,6.2858622563e-3,4.6823578914e-2,4.5073841074e-1,4.3657723191e-1,6.249751386452376e-1,5.237048936964644e-1,7.0847437781e1,4.124e-1
3082.386364,2.0275736027e-1,2.5190079979e-1,3.0012915847e-1,3.3314266052e-1,1.6202027841e-1,6.249751287324266e-1,5.237048754735760e-1,3.4405374321e1,4.609e-1
3083.333333,6.2404033008e-2,5.2774592286e-1,5.8876888776e-1,4.3755741835e-3,6.6655836477e-2,6.249751271446766e-1,5.237048653381839e-1,1.4468810407e1,5.842e-1
3084.280303,2.1290316888e-2,2.9001237671e-1,5.3902662111e-1,3.6724673371e-1,3.2374198081e-2,6.249751232489794e-1,5.237048689273017e-1,2.0798675714e1,5.209e-1
3085.227273,1.9564763019e-2,9.9621747186e-2,2.4039822668e-1,4.4224869721e-1,4.4811678363e-1,6.249751088642748e-1,5.237048436876961e-1,7.3643118305e1,5.781e-1
3086.174242,2.0822634242e-2,6.3309673072e-1,1.7219247293e-1,1.7071521114e-1,2.5312315816e-1,6.249751035962681e-1,5.237048252708865e-1,4.0516795563e1,7.408e-1
3087.121212,7.7378680941e-2,5.3613123933e-1,1.7903657363e-1,2.7892236163e-1,1.7848135158e-1,6.249751035553494e-1,5.237048250199036e-1,3.4314372982e1,5.003e-1
3088.068182,1.7966790722e-1,5.7532911523e-2,3.9290204358e-1,5.7475793906e-1,4.5089395489e-2,6.249750984343395e-1,5.237048312966570e-1,2.7511812798e1,6.766e-1
3089.015152,2.0415322998e-1,6.1358830036e-3,1.1100570199e-1,7.7211426009e-1,1.5654109517e-1,6.249750851207249e-1,5.237048298384109e-1,4.5747310502e1,8.742e-1
3089.962121,1.3457309927e-1,2.5408747530e-1,3.2001081257e-1,4.6058269007e-1,8.0696075116e-2,6.249750761634455e-1,5.237047842653578e-1,2.8203291698e1,6.337e-1
3090.909091,4.4747642909e-2,3.9556601921e-1,5.5775134641e-1,9.9641596864e-2,1.5224353819e-1,6.249750717947071e-1,5.237047691248542e-1,2.7951220619e1,3.537e-1
3091.856061,7.1846377970e-2,2.5461442453e-1,2.2563552589e-1,3.3358790817e-1,3.6426589868e-1,6.249750676244266e-1,5.237047665459722e-1,5.9651084337e1,5.045e-1
3092.803030,1.2832166725e-1,7.9809333536e-2,6.9381828071e-2,6.0336086567e-1,3.6907641303e-1,6.249750537775853e-1,5.237047583185469e-1,6.7328162694e1,5.637e-1
3093.750000,1.9133428809e-1,4.3022122392e-2,1.3190478521e-2,6.8520559492e-1,3.1719758888e-1,6.249750363997565e-1,5.237047334083249e-1,6.2815105631e1,3.959e-1
3094.696970,2.2499024175e-1,6.2829960127e-3,2.2703564400e-1,6.5243474734e-1,1.3920641158e-1,6.249750203419787e-1,5.237047028287505e-1,4.0637678862e1,4.599e-1
3095.643939,1.9575421284e-1,1.9720066408e-2,2.3857307105e-1,7.1283822126e-1,8.3064445069e-2,6.249750083136905e-1,5.237046872116389e-1,3.5488973857e1,6.528e-1
3096.590909,1.2455954160e-1,1.2507709009e-1,1.7248524546e-3,7.9565162798e-1,2.0293687229e-1,6.249749922144324e-1,5.237046668062606e-1,5.1763004520e1,8.837e-1
3097.537879,6.7501997164e-2,1.3643727619e-1,1.3445402637e-1,6.7638393918e-1,2.3517270795e-1,6.249749734246252e-1,5.237046203003085e-1,5.3128650433e1,7.569e-1
3098.484848,3.0514824601e-2,2.3458652739e-1,1.8189218128e-1,5.8478236973e-1,2.1817401562e-1,6.249749593122668e-1,5.237045884394600e-1,4.8578877748e1,4.666e-1
3099.431818,2.9452814866e-2,4.4823544508e-2,2.2171398977e-1,4.6472743908e-1,4.8923212389e-1,6.249749560520642e-1,5.237045653651849e-1,7.9371075323e1,4.687e-1
3100.378788,4.4786027673e-2,1.1343724056e-1,8.1415318987e-1,2.0613766761e-1,7.1435757891e-2,6.249749418052719e-1,5.237045388768008e-1,2.2502675388e1,8.170e-1
3101.325758,1.0060239481e-1,2.5017200634e-1,7.2893377205e-2,4.8403126954e-1,3.4225082215e-1,6.249749350215528e-1,5.237045307909541e-1,6.0430898088e1,4.005e-1
3102.272727,1.6911503430e-1,2.9470484503e-2,3.7706722344e-1,3.5386502236e-1,3.2043208595e-1,6.249749252781930e-1,5.237045095986058e-1,5.5499023991e1,4.431e-1
3103.219697,2.2012549169e-1,4.7324759578e-3,5.5282609142e-2,4.0417904712e-1,5.6563019560e-1,6.249749097522858e-1,5.237044782454151e-1,8.5896183115e1,5.877e-1
3104.166667,2.0528748463e-1,2.6670818157e-2,5.2716701308e-1,2.3080064436e-1,2.6002383441e-1,6.249748973174181e-1,5.237044582448276e-1,4.5041992907e1,4.246e-1
3105.113636,1.5590244609e-1,5.0207324349e-2,8.8140471213e-2,3.0638442550e-1,6.4931510664e-1,6.249748868955536e-1,5.237044332938472e-1,9.3800124908e1,4.848e-1
3106.060606,1.1696990789e-1,6.7062832414e-2,1.6425844860e-1,3.1443569640e-1,5.8722285050e-1,6.249748679027849e-1,5.237044005920146e-1,8.6733145357e1,7.573e-1
3107.007576,6.8089432045e-2,3.6034777130e-1,3.0852288529e-1,1.5694068830e-1,3.5604893806e-1,6.249748574937403e-1,5.237043822900671e-1,5.3819289438e1,4.913e-1
3107.954545,1.5074824385e-1,4.7397277740e-1,3.1327229808e-1,8.2087549074e-2,2.2986884324e-1,6.249748558250157e-1,5.237043799278434e-1,3.5579511567e1,5.461e-1
3108.901515,3.6448356000e-1,1.4980654023e-1,3.7062204209e-1,3.2680092341e-1,3.8236642656e-2,6.249748541905212e-1,5.237043793888906e-1,1.8798751006e1,5.833e-1
3109.848485,3.7210846070e-1,2.9602122173e-1,5.3055708688e-2,1.4592932231e-1,3.8283499112e-1,6.249748522684302e-1,5.237043730222917e-1,5.4875159520e1,6.001e-1
3110.795455,2.7530375750e-1,5.8085113916e-1,1.3566633124e-1,1.4129038133e-2,2.4399943592e-1,6.249748509778472e-1,5.237043706291733e-1,3.4068741825e1,4.333e-1
3111.742424,2.2978055931e-1,3.3440136242e-1,4.4663509554e-1,2.1414660568e-1,2.4986079068e-2,6.249748510093285e-1,5.237043713810610e-1,1.4407683271e1,6.622e-1
3112.689394,1.7409415510e-1,2.6788741690e-1,3.8803784065e-1,1.4671643599e-1,2.7321384436e-1,6.249748464936040e-1,5.237043662546290e-1,4.3393422666e1,6.221e-1
3113.636364,1.4617216126e-1,4.6152507826e-2,1.3559538353e-1,2.8839360732e-1,6.3363602402e-1,6.249748419810257e-1,5.237043536567069e-1,9.1584160674e1,3.114e-1
3114.583333,9.6086712529e-2,1.3853880426e-1,6.4713558916e-1,2.3422230358e-1,1.3396624386e-1,6.249748266969840e-1,5.237043346801921e-1,3.0144998607e1,7.278e-1
3115.530303,4.4148824619e-2,5.4382916894e-1,3.1566733214e-1,3.0442462254e-1,4.1879703238e-2,6.249748257388716e-1,5.237043312574410e-1,1.8737261343e1,4.751e-1
3116.477273,1.0867195932e-1,3.3314487311e-1,2.3496722202e-1,4.8333915212e-1,8.9826441622e-2,6.249748240984458e-1,5.237043367850897e-1,2.9565000897e1,4.598e-1
3117.424242,2.2294306219e-1,4.5750676093e-2,2.4654998508e-1,4.6283000052e-1,2.7187590490e-1,6.249748143915421e-1,5.237043213313487e-1,5.1786048608e1,4.290e-1
3118.371212,2.4581687028e-1,6.1623352455e-3,6.6148111036e-2,5.4773527580e-1,3.8408701109e-1,6.249748017231869e-1,5.237043017861771e-1,6.7355084239e1,7.061e-1
3119.318182,1.7742115610e-1,6.1577854389e-2,2.2572492986e-2,5.4431073751e-1,4.4406733031e-1,6.249747856494259e-1,5.237042709582063e-1,7.4651008111e1,6.881e-1
3120.265152,1.0120100057e-1,1.1122567626e-1,4.1535729295e-2,5.4082827013e-1,4.5515886089e-1,6.249747685690966e-1,5.237042393543726e-1,7.6172176525e1,6.340e-1
3121.212121,5.5447105412e-2,2.6393432216e-1,6.4738334872e-2,5.5488978466e-1,3.1093995951e-1,6.249747533067733e-1,5.237042141066554e-1,5.8630286802e1,4.172e-1
3122.159091,3.0878542839e-2,2.5316962620e-1,7.6324205090e-1,7.0749873598e-2,1.3190939336e-1,6.249747434459615e-1,5.237041843155777e-1,2.5776113236e1,7.509e-1
3123.106061,1.0938601932e-2,3.7283716050e-1,2.0477997665e-1,1.7821130944e-1,4.8318243085e-1,6.249747396848246e-1,5.237041775475333e-1,6.9939496485e1,4.004e-1
3124.053030,5.3839354574e-3,6.8354975881e-2,2.2797417465e-1,2.5841662290e-1,6.8981975509e-1,6.249747319901844e-1,5.237041606847573e-1,9.8529455901e1,4.583e-1
3125.000000,3.9916514371e-3,2.4398313918e-1,5.0334196845e-1,2.1078775927e-1,2.8784490910e-1,6.249747137173003e-1,5.237041323478090e-1,4.8106054513e1,7.020e-1
3125.946970,5.2795262229e-3,6.9419495409e-1,4.6727935761e-1,6.9353614291e-2,1.3841975551e-2,6.249747138852668e-1,5.237041276123343e-1,9.1203530601e0,6.716e-1
3126.893939,1.1596357897e-2,4.1135763048e-1,4.8436074863e-1,2.7105512132e-1,7.1579568961e-2,6.249747136431889e-1,5.237041281794496e-1,2.2539348138e1,6.956e-1
3127.840909,1.7364323667e-2,8.9322118153e-2,7.6156907750e-2,5.5977110776e-1,5.0733495666e-1,6.249747069985176e-1,5.237041265086428e-1,8.3648131562e1,7.328e-1
3128.787879,2.0025097526e-2,1.8775359638e-1,7.4393432029e-1,2.6799800283e-1,3.0238368499e-2,6.249746927622625e-1,5.237040937872526e-1,1.8783441562e1,7.763e-1
3129.734848,1.9150797795e-2,3.4511889687e-1,3.7635533931e-1,6.8684655254e-2,4.4063969030e-1,6.249746897614330e-1,5.237040827426884e-1,6.2310445233e1,6.528e-1
3130.681818,1.7386116959e-2,1.8230199629e-1,1.6298136784e-1,1.8880317271e-1,6.9847672464e-1,6.249746892209139e-1,5.237040747100915e-1,9.7123870275e1,7.424e-1
3131.628788,1.4005833369e-2,1.9073725662e-1,5.1120413714e-2,3.9497484846e-1,5.9911098921e-1,6.249746706839037e-1,5.237040446038881e-1,9.0122842509e1,5.197e-1
3132.575758,1.2533581008e-2,2.5359222851e-1,5.7809803773e-1,2.0620130176e-1,1.9952417765e-1,6.249746633227148e-1,5.237040338559471e-1,3.7275771944e1,4.495e-1
3133.522727,7.6941894562e-3,3.1983022412e-1,3.7650341555e-1,3.6361505978e-1,1.8230643372e-1,6.249746613131736e-1,5.237040323423121e-1,3.8626440296e1,5.968e-1
3134.469697,5.4527874275e-3,7.4642704331e-2,1.1876569857e-1,7.9509095102e-1,2.5599716855e-1,6.249746549464361e-1,5.237040589681780e-1,5.9312685398e1,8.701e-1
3135.416667,3.0336032413e-3,2.8741916438e-1,6.0093328264e-1,3.0100468784e-1,5.7558542983e-2,6.249746405439681e-1,5.237039939343194e-1,2.2383464904e1,4.989e-1
3136.363636,1.1185417471e-3,5.5248056174e-1,5.9604479585e-1,1.9940843876e-4,1.0010597122e-1,6.249746395018915e-1,5.237039905611873e-1,1.8693824148e1,6.438e-1
3137.310606,3.3223560873e-3,3.7147182907e-1,2.8782905084e-1,3.5364642790e-1,2.3367960409e-1,6.249746339934320e-1,5.237039910403217e-1,4.4274912260e1,2.592e-1
3138.257576,7.2366899592e-3,1.4445804574e-1,4.3915074395e-2,3.6572095320e-1,6.8861847733e-1,6.249746203139501e-1,5.237039583259004e-1,1.0049009063e2,5.449e-1
3139.204545,1.6133507442e-2,4.1203303107e-1,1.8387618540e-1,2.0057508703e-1,4.3733140332e-1,6.249746071336949e-1,5.237039342510693e-1,6.4699964709e1,6.578e-1
3140.151515,5.9390039436e-2,6.4724293925e-1,2.2002739761e-1,1.1907437132e-1,2.0421446320e-1,6.249746054091263e-1,5.237039317799874e-1,3.3034231251e1,3.992e-1
3141.098485,1.6090861800e-1,8.6288260227e-2,5.4703408434e-1,2.8470370487e-1,1.7101453329e-1,6.249746003625042e-1,5.237039295254311e-1,3.5629682321e1,5.627e-1
3142.045455,2.0203095287e-1,1.4918252899e-3,5.2622262897e-1,2.9003931067e-1,2.3016445754e-1,6.249745876663431e-1,5.237039092835614e-1,4.3056088665e1,4.529e-1
3142.992424,1.5037037360e-1,1.2191806262e-1,5.1055698124e-2,4.1758049007e-1,5.0902453918e-1,6.249745817978858e-1,5.237038981171391e-1,7.9245183594e1,7.011e-1
3143.939394,6.3663587682e-2,4.4877748026e-1,8.9521372581e-2,2.8474549077e-1,3.6324121275e-1,6.249745720184543e-1,5.237038767879193e-1,5.7252288671e1,4.567e-1
3144.886364,1.7573559766e-2,7.0771338029e-1,1.6133336494e-1,2.7223974956e-1,9.1089087535e-2,6.249745710449875e-1,5.237038742960526e-1,2.3085955650e1,8.051e-1
3145.833333,6.8694113808e-3,9.0060332744e-2,4.2579725337e-1,5.1782493431e-1,2.0939719976e-1,6.249745657818582e-1,5.237038826887848e-1,4.6963172865e1,6.071e-1
3146.780303,5.1893490191e-3,5.7932518148e-2,8.1714980184e-1,3.0441980726e-1,6.5257628066e-2,6.249745521661253e-1,5.237038485985138e-1,2.4750068350e1,6.034e-1
3147.727273,2.7012569474e-3,3.3235728194e-1,1.6433417765e-1,5.3038640559e-1,2.2016996151e-1,6.249745418240893e-1,5.237038370857718e-1,4.7134858666e1,5.654e-1
3148.674242,3.1288582601e-3,6.7882747766e-1,3.6385295641e-1,7.8583267780e-4,2.0335395605e-1,6.249745405269623e-1,5.237038159144058e-1,3.0324496056e1,6.807e-1
3149.621212,1.1534242783e-2,1.9695038693e-1,5.6015558870e-1,3.3409894238e-1,1.4720991682e-1,6.249745388071088e-1,5.237038164918711e-1,3.4414948114e1,3.837e-1
3150.568182,1.7955701585e-2,4.6776418760e-2,3.6764626988e-1,6.2935262192e-1,1.8821803548e-1,6.249745238107977e-1,5.237038122812783e-1,4.7274893290e1,2.832e-1
3151.515152,1.9624124349e-2,1.5550214515e-1,1.1503253650e-1,4.6988345417e-1,4.8990677809e-1,6.249745191323072e-1,5.237037791358848e-1,7.8985414773e1,3.427e-1
3152.462121,2.3381112429e-2,2.4473518601e-1,2.8475879015e-2,6.6953197443e-1,2.8382485438e-1,6.249745031289522e-1,5.237037653693049e-1,5.8483572502e1,5.218e-1
3153.409091,3.5442410198e-2,2.5401465410e-1,5.8432251775e-1,2.0372827787e-1,1.7244113064e-1,6.249744952831876e-1,5.237037309650829e-1,3.3792100269e1,7.131e-1
3154.356061,4.5453684665e-2,3.6573121583e-1,3.0713525964e-1,1.4826507146e-1,3.8336375521e-1,6.249744934039079e-1,5.237037272203651e-1,5.7026314305e1,5.979e-1
3155.303030,5.2098925025e-2,9.8487138852e-2,1.5457307621e-1,2.8325651921e-1,6.6153332057e-1,6.249744899293352e-1,5.237037184397737e-1,9.5200081997e1,8.129e-1
3156.250000,4.4979970459e-2,3.4108072566e-1,5.7350573684e-1,8.6896244983e-2,2.0348627526e-1,6.249744766013572e-1,5.237036963499281e-1,3.4119620403e1,7.550e-1
3157.196970,4.8628547894e-2,8.7090149602e-1,1.9441825632e-1,4.6425488548e-2,8.9575164783e-2,6.249744767854577e-1,5.237036961507952e-1,1.6272700042e1,9.205e-1
3158.143939,9.0527806293e-2,9.5458415779e-2,1.6564734043e-1,4.2419603843e-1,4.7411934368e-1,6.249744723040852e-1,5.237036959924626e-1,7.5822908679e1,6.055e-1
3159.090909,1.0641855967e-1,6.0338745455e-2,6.9598901608e-1,2.0145388436e-1,1.8574871877e-1,6.249744621699689e-1,5.237036778646633e-1,3.5964159201e1,8.343e-1
3160.037879,8.2049162235e-2,3.3337462376e-1,2.3440730374e-1,3.1645143274e-1,2.8366638505e-1,6.249744537622419e-1,5.237036613678022e-1,4.9018775392e1,5.551e-1
3160.984848,1.1576142360e-1,7.3715225551e-1,2.2333027745e-1,6.2022824753e-3,1.6750266980e-1,6.249744544144662e-1,5.237036548804377e-1,2.4957642216e1,8.463e-1
3161.931818,2.2454787601e-1,2.7854330278e-1,2.8725866263e-1,4.2542804453e-1,3.4171024950e-2,6.249744554489509e-1,5.237036594946842e-1,2.0955018463e1,5.304e-1
3162.878788,2.6353719014e-1,1.6959620433e-1,2.1732118851e-1,1.2033611716e-1,4.7915820082e-1,6.249744504818984e-1,5.237036464320436e-1,6.7392535966e1,4.570e-1
3163.825758,1.9316101910e-1,1.8909513838e-1,4.1467619682e-1,1.3304397940e-1,3.1997255709e-1,6.249744453983399e-1,5.237036403954093e-1,4.9006075009e1,4.857e-1
3164.772727,7.6013755958e-2,2.3326448171e-1,5.5858854600e-1,3.2748536102e-1,5.4596735231e-2,6.249744399577130e-1,5.237036376249573e-1,2.2441157872e1,5.179e-1
3165.719697,6.6113526315e-2,6.6265554834e-2,8.6232244028e-2,5.0376868240e-1,5.2756885673e-1,6.249744321544108e-1,5.237036212176579e-1,8.4504857323e1,6.167e-1
3166.666667,8.4614047825e-2,1.6526773483e-2,6.5196530817e-1,3.8132299522e-1,1.1551970145e-1,6.249744130705304e-1,5.237035936070088e-1,3.2279940669e1,6.019e-1
3167.613636,9.2650435057e-2,1.8748993906e-4,5.3958766433e-2,3.1744657712e-1,7.8570554330e-1,6.249744059243076e-1,5.237035595516526e-1,1.1120697034e2,5.448e-1
3168.560606,8.6419517928e-2,3.8648392614e-3,8.1014520733e-1,1.5848354330e-1,1.9103566995e-1,6.249743888836388e-1,5.237035398996766e-1,3.6056140235e1,3.978e-1
3169.507576,7.0737376213e-2,4.2170541942e-2,1.2698656544e-1,2.3425053551e-1,7.7580373869e-1,6.249743788986843e-1,5.237035070282463e-1,1.0793449798e2,7.681e-1
3170.454545,4.5696656490e-2,4.1196033493e-1,3.9312703971e-1,8.7992986831e-2,3.1117171914e-1,6.249743685493799e-1,5.237034949961858e-1,4.6637540944e1,3.250e-1
3171.401515,2.3097973391e-2,7.3608238813e-1,1.9354428780e-1,1.6095740075e-1,1.3626668482e-1,6.249743674442307e-1,5.237034941861485e-1,2.5624840546e1,4.578e-1
3172.348485,2.3770552535e-2,1.4746845083e-1,3.3524947522e-1,4.8583897724e-1,2.5762126333e-1,6.249743595756742e-1,5.237034978245159e-1,5.1511186957e1,6.945e-1
3173.295455,4.4074074549e-2,2.0287848056e-1,6.3392422526e-1,3.3359057892e-1,3.5481331174e-2,6.249743452301870e-1,5.237034683432112e-1,2.0715696716e1,5.724e-1
3174.242424,1.5000376670e-1,4.1227162292e-1,4.5530912865e-1,1.1162131977e-1,1.2074284800e-1,6.249743430214684e-1,5.237034554846517e-1,2.3568984934e1,4.244e-1
3175.189394,3.3276959849e-1,3.2523182165e-1,2.8888959546e-2,3.1726700961e-1,2.4579129331e-1,6.249743413083249e-1,5.237034561634232e-1,4.2661789971e1,5.207e-1
3176.136364,4.6287392686e-1,7.1384563839e-2,4.2167202412e-1,2.3236417123e-1,6.1653987648e-2,6.249743368533985e-1,5.237034493355309e-1,1.9074946182e1,4.242e-1
3177.083333,2.0978243965e-1,4.9160065450e-1,2.2882828889e-1,2.0578045034e-1,1.1395683635e-1,6.249743348662026e-1,5.237034446785523e-1,2.4090168304e1,6.417e-1
3178.030303,6.5863120960e-2,4.7281897729e-1,1.8581414464e-1,3.1985785289e-1,2.0559456963e-1,6.249743327041973e-1,5.237034450568242e-1,3.9016638877e1,4.118e-1
3178.977273,6.6634438271e-2,1.4233833437e-1,7.6435587309e-2,5.1614238896e-1,4.4839788978e-1,6.249743193468149e-1,5.237034329965866e-1,7.4840964925e1,6.683e-1
3179.924242,7.9581192640e-2,3.1481289515e-1,2.0446971139e-1,3.9611655694e-1,2.5496825323e-1,6.249743046833645e-1,5.237034031802945e-1,4.7616840314e1,3.860e-1
3180.871212,2.1789266100e-1,3.9824645881e-1,5.4240587515e-1,5.6004649668e-2,3.5398960199e-2,6.249743024144339e-1,5.237033905903706e-1,1.1567901944e1,6.433e-1
3181.818182,5.3797406946e-1,1.8262690839e-1,2.3745060682e-1,2.2821793427e-1,6.3679083856e-2,6.249743014015232e-1,5.237033902935435e-1,1.7987742336e1,6.801e-1
3182.765152,5.0735101533e-1,5.0730788525e-1,5.6567200713e-2,7.2348093100e-2,1.0637440751e-1,6.249743009500726e-1,5.237033872028651e-1,1.7651892025e1,4.709e-1
3183.712121,4.9383985892e-1,3.4331780843e-1,1.1525898344e-1,1.2186746123e-1,1.7566448902e-1,6.249743005180972e-1,5.237033872008140e-1,2.8240440767e1,5.810e-1
3184.659091,4.5926590298e-1,3.7522229113e-1,2.6813464902e-2,2.7335626871e-1,1.1529067066e-1,6.249742991942560e-1,5.237033882836020e-1,2.4699191697e1,5.227e-1
3185.606061,4.0794747483e-1,1.2557854449e-1,4.4855000033e-1,2.0385348493e-1,6.4019089112e-2,6.249742968406409e-1,5.237033858697995e-1,1.8761285753e1,5.357e-1
3186.553030,1.9440362973e-1,2.2328961327e-1,2.3923786154e-1,2.7107222468e-1,3.2194525322e-1,6.249742912191401e-1,5.237033783002966e-1,5.2340987536e1,5.503e-1
3187.500000,9.6566377849e-2,1.4552997445e-1,9.5912430847e-2,4.4529302475e-1,4.6664675245e-1,6.249742801762439e-1,5.237033656320830e-1,7.5086803691e1,5.468e-1
3188.446970,5.5093748671e-2,3.1198457437e-1,4.8832801247e-2,4.7697018300e-1,3.5706722458e-1,6.249742659357317e-1,5.237033432926148e-1,6.2009829036e1,5.459e-1
3189.393939,6.0037800648e-2,1.9669745225e-1,5.7742276621e-1,1.3610711683e-1,2.7968337647e-1,6.249742562066148e-1,5.237033184079819e-1,4.5197695862e1,4.574e-1
3190.340909,5.2538996194e-2,2.6120749899e-1,4.8579842116e-2,3.8125164084e-1,5.0637052754e-1,6.249742528369860e-1,5.237033125850397e-1,7.7952803265e1,5.973e-1
3191.287879,6.0040097695e-2,4.6020055403e-1,2.6746939121e-1,1.3733496469e-1,3.2490348403e-1,6.249742458310985e-1,5.237032955618681e-1,4.9072541113e1,5.968e-1
3192.234848,1.0782786040e-1,5.8563953696e-1,3.0182792604e-1,2.3679675910e-1,1.7856410550e-2,6.249742465277071e-1,5.237032958703777e-1,1.3502933254e1,6.181e-1
3193.181818,1.6836580782e-1,3.3291982412e-1,2.5862664445e-1,1.3355958243e-1,3.5647663170e-1,6.249742452564034e-1,5.237032940435720e-1,5.2721951203e1,3.741e-1
3194.128788,1.9893988323e-1,1.5899692384e-1,5.8871669424e-1,2.0853748058e-1,9.4757497795e-2,6.249742398398532e-1,5.237032890998831e-1,2.3929356440e1,5.049e-1
3195.075758,1.2903351427e-1,2.8524322997e-1,1.3259402791e-1,5.9777806630e-1,1.0529963653e-1,6.249742374911218e-1,5.237032955064201e-1,3.4303007038e1,6.175e-1
3196.022727,6.0116156348e-2,1.2147040431e-1,5.5861836021e-1,4.9444598511e-1,1.5297557431e-2,6.249742317045623e-1,5.237032795034523e-1,2.2522304643e1,7.470e-1
3196.969697,3.8209092738e-2,7.2681425013e-2,5.0332323049e-2,8.9789201601e-1,1.9083358646e-1,6.249742216350433e-1,5.237033044412379e-1,5.3726369560e1,9.277e-1
3197.916667,4.0791453093e-2,1.2579051539e-1,5.8777337405e-1,4.6657446249e-1,2.9018609136e-2,6.249742070804610e-1,5.237032322657559e-1,2.3618928519e1,7.118e-1
3198.863636,8.7172700152e-2,1.5530353657e-1,6.5180474418e-2,7.0812754772e-1,2.3416414021e-1,6.249741995369991e-1,5.237032378404878e-1,5.3508728692e1,4.821e-1
3199.810606,1.4014482835e-1,2.7509865202e-2,2.2193516815e-1,7.2516155743e-1,1.3519694882e-1,6.249741839761018e-1,5.237032130944881e-1,4.2410952777e1,3.439e-1
3200.757576,1.8542948873e-1,1.0190584574e-2,9.9285156821e-2,7.8126555926e-1,1.7377755022e-1,6.249741697996504e-1,5.237031910007452e-1,4.8151401492e1,4.596e-1
3201.704545,1.8659763383e-1,1.2857939290e-2,8.8548510050e-2,7.3849102891e-1,2.2345319530e-1,6.249741536882375e-1,5.237031551391020e-1,5.3061124699e1,8.035e-1
3202.651515,1.2512959718e-1,1.2546875062e-1,1.0651399236e-1,5.5716027708e-1,3.3567566068e-1,6.249741389595611e-1,5.237031095264997e-1,6.1961227673e1,7.062e-1
3203.598485,6.4290496415e-2,1.6392839501e-1,6.5122438139e-1,3.0526348855e-1,6.5241495831e-2,6.249741285948643e-1,5.237030847163975e-1,2.3689140189e1,4.812e-1
3204.545455,8.3746629238e-2,1.1108039514e-1,1.3272283319e-1,4.2682328876e-1,4.9557509655e-1,6.249741214373886e-1,5.237030697264743e-1,7.8417774369e1,7.026e-1
3205.492424,1.2277364785e-1,2.9466367228e-2,2.4691714612e-2,4.9501593630e-1,5.7800054088e-1,6.249741034361834e-1,5.237030361740374e-1,9.0142432470e1,3.470e-1
3206.439394,1.4533735424e-1,1.2323594789e-2,1.3347430187e-2,4.7660422808e-1,6.0233555957e-1,6.249740834321003e-1,5.237029949197108e-1,9.2554382231e1,6.606e-1
3207.386364,1.4095439676e-1,1.8919540054e-2,1.8310460139e-1,4.5621070663e-1,4.5075888373e-1,6.249740642798454e-1,5.237029608191294e-1,7.3869032819e1,6.729e-1
3208.333333,1.1783557620e-1,5.7140218897e-2,3.7997995301e-1,5.0474418878e-1,1.9024816475e-1,6.249740508152828e-1,5.237029432334481e-1,4.3716616978e1,6.845e-1
3209.280303,1.2362874042e-1,1.6033432297e-2,9.7720110264e-2,7.9834240041e-1,2.1422339380e-1,6.249740385944232e-1,5.237029456253898e-1,5.3843193336e1,6.554e-1
3210.227273,1.0756869322e-1,4.3255467339e-2,1.1807943050e-2,8.1702646511e-1,2.7028946989e-1,6.249740193016882e-1,5.237029073306636e-1,6.0976657855e1,4.645e-1
3211.174242,9.5931786977e-2,2.4975693768e-2,3.6867600282e-1,6.5333494297e-1,1.0702957592e-1,6.249740012277070e-1,5.237028541815875e-1,3.7653829196e1,3.739e-1
3212.121212,7.9118053216e-2,8.8525839260e-2,9.7406667125e-2,8.8818306493e-1,9.6714355082e-2,6.249739898070611e-1,5.237028597549755e-1,4.1797159570e1,6.347e-1
3213.068182,7.1437846496e-2,6.7005089209e-2,7.0415197972e-2,9.4214757058e-1,9.8942238428e-2,6.249739713406932e-1,5.237028331682779e-1,4.3546379463e1,9.569e-1
3214.015152,7.1641983317e-2,1.0511734073e-1,3.3027348108e-2,9.2204458626e-1,1.1811664496e-1,6.249739516828334e-1,5.237027903906921e-1,4.5134631773e1,8.571e-1
3214.962121,9.0578591488e-2,1.9553862677e-2,4.7292063411e-1,6.5153652824e-1,1.5358252666e-2,6.249739345900905e-1,5.237027263311662e-1,2.6682787339e1,4.479e-1
3215.909091,9.7444615180e-2,5.0976087794e-2,3.8601417568e-2,7.1701921701e-1,3.4590650321e-1,6.249739203803049e-1,5.237027023202718e-1,6.7680133179e1,2.125e-1
3216.856061,1.1462923789e-1,2.9399347795e-2,5.7043003320e-2,7.4460290660e-1,3.0427330350e-1,6.249738995528475e-1,5.237026669692444e-1,6.3346733200e1,5.474e-1
3217.803030,1.1911281196e-1,2.5976145222e-2,4.4164575899e-1,4.5408592213e-1,2.0912713069e-1,6.249738844969891e-1,5.237026201545144e-1,4.4943697005e1,5.877e-1
3218.750000,1.2298334196e-1,3.8990761030e-2,1.2803802394e-1,4.2184074145e-1,5.3809487527e-1,6.249738718219398e-1,5.237025867255147e-1,8.3538825145e1,6.238e-1
3219.696970,1.2933091014e-1,2.4266132728e-2,1.6307046175e-2,4.1646865042e-1,6.6357496608e-1,6.249738527685634e-1,5.237025457377373e-1,9.8508246562e1,8.086e-1
3220.643939,1.1758260589e-1,3.2178070576e-2,1.1553115560e-2,4.1794801188e-1,6.7068586015e-1,6.249738320285099e-1,5.237025050230526e-1,9.9437698848e1,3.550e-1
3221.590909,9.5045233414e-2,5.8067941986e-2,4.6078758830e-3,4.1362036209e-1,6.7860620935e-1,6.249738113580297e-1,5.237024641590819e-1,1.0029796789e2,7.077e-1
3222.537879,7.5017509288e-2,7.5070123892e-2,1.3710936069e-1,3.5512804630e-1,6.0762254233e-1,6.249737912538351e-1,5.237024257530928e-1,9.0424306788e1,5.846e-1
3223.484848,6.4174428396e-2,1.5862229214e-1,4.6258527395e-1,2.7646730617e-1,2.8809825385e-1,6.249737772511877e-1,5.237024054320941e-1,4.9773544280e1,5.189e-1
3224.431818,1.1429669563e-1,1.1072606327e-1,2.1289416725e-1,2.8115683360e-1,5.3087378878e-1,6.249737742662613e-1,5.237023930554074e-1,7.8930617452e1,5.298e-1
3225.378788,1.7493637654e-1,4.5238206845e-2,5.8710714576e-3,5.7862776561e-1,4.4527409478e-1,6.249737576190615e-1,5.237023744009803e-1,7.5736085805e1,5.684e-1
3226.325758,1.9705138157e-1,2.1785336725e-2,9.1539061881e-3,7.9339222867e-1,2.2856463142e-1,6.249737422841716e-1,5.237023677778613e-1,5.4860151753e1,3.856e-1
3227.272727,1.5943368480e-1,8.7720987469e-2,9.5850510217e-2,8.3108605104e-1,7.5856225232e-2,6.249737293788989e-1,5.237023470388994e-1,3.7326313362e1,5.968e-1
3228.219697,7.8086237439e-2,3.0202817512e-1,4.6732393097e-1,3.2654838833e-1,7.5960707713e-2,6.249737197862377e-1,5.237022939208165e-1,2.4554209931e1,6.722e-1
3229.166667,5.5718348445e-2,4.8954442577e-1,5.1207429880e-1,3.2141096888e-2,1.6046926664e-1,6.249737182737872e-1,5.237022900253175e-1,2.6672123646e1,7.155e-1
3230.113636,1.6711620600e-1,2.9485633421e-1,2.6906367221e-1,2.0960758369e-1,3.0930363850e-1,6.249737173050990e-1,5.237022881845905e-1,4.9124088556e1,5.209e-1
3231.060606,2.7099600540e-1,9.4170597495e-2,2.8319646072e-1,5.7400946987e-1,2.7574892522e-2,6.249737130016820e-1,5.237022921067084e-1,2.4487300162e1,4.179e-1
3232.007576,1.9967390802e-1,2.6670354961e-1,1.8697240627e-1,3.6055744728e-1,2.3604010534e-1,6.249737082590775e-1,5.237022756379401e-1,4.3879995100e1,4.824e-1
3232.954545,7.3792856871e-2,5.3895222906e-1,5.2917195974e-1,1.6717568275e-2,9.1312797556e-2,6.249737057502768e-1,5.237022676702469e-1,1.7571176836e1,4.134e-1
3233.901515,2.8827043980e-2,4.9861521903e-1,4.1985744424e-1,1.8916345063e-1,1.1348425247e-1,6.249737051746118e-1,5.237022664581111e-1,2.4949718250e1,4.174e-1
3234.848485,7.1991912017e-2,1.7155347333e-1,2.2164167303e-1,4.3040005215e-1,3.5436029038e-1,6.249737004515939e-1,5.237022665647328e-1,6.1283155124e1,6.435e-1
3235.795455,1.1941681734e-1,3.3147241552e-2,2.0091991735e-2,5.1791308240e-1,5.5937823651e-1,6.249736847708068e-1,5.237022371877924e-1,8.8460371736e1,6.192e-1
3236.742424,1.4913073386e-1,7.4883133435e-3,3.2272934307e-1,4.4575711512e-1,3.2484182775e-1,6.249736665696384e-1,5.237022031948541e-1,5.8515358374e1,3.907e-1
3237.689394,1.5661767408e-1,2.7046034422e-3,1.9461402487e-1,7.0751393640e-1,1.8849707179e-1,6.249736552917273e-1,5.237022045824625e-1,4.8408701397e1,4.224e-1
3238.636364,1.2849838438e-1,2.8803508343e-2,2.6153377128e-2,7.2793522762e-1,3.3855677936e-1,6.249736384164329e-1,5.237021693712179e-1,6.6960278268e1,6.542e-1
3239.583333,9.7858798556e-2,1.8276799256e-2,4.9817864668e-1,6.0814977827e-1,2.7483220903e-2,6.249736218313530e-1,5.237021284153486e-1,2.7049557351e1,7.398e-1
3240.530303,6.2519674499e-2,1.2131604009e-1,1.4431671762e-2,9.1377121065e-1,1.3790862540e-1,6.249736112010965e-1,5.237021424100513e-1,4.7282328084e1,9.426e-1
3241.477273,3.2361141738e-2,1.1818635691e-1,4.8575972221e-2,9.1286919766e-1,1.3795451530e-1,6.249735919170738e-1,5.237021058734489e-1,4.7511153346e1,6.249e-1
3242.424242,1.6790335925e-2,1.3105961399e-1,3.9657230823e-2,9.3059593716e-1,1.3184402607e-1,6.249735719848692e-1,5.237020696712187e-1,4.7242877569e1,3.490e-1
3243.371212,8.0938963180e-3,1.6153116892e-1,7.2922690849e-3,9.3478517304e-1,1.3824459741e-1,6.249735523888097e-1,5.237020316604309e-1,4.7993881445e1,5.688e-1
3244.318182,4.2058727798e-3,7.9993673846e-2,3.8414287843e-1,7.5858560253e-1,2.3019037768e-2,6.249735326802801e-1,5.237019691973183e-1,3.0456409427e1,8.163e-1
3245.265152,1.8074468809e-3,3.7207763489e-1,1.2560020393e-1,6.9161360441e-1,5.8848156809e-2,6.249735234597086e-1,5.237019415356758e-1,3.1414060037e1,8.262e-1
3246.212121,8.0153374929e-4,3.7520124287e-1,5.4578989792e-1,1.8580001864e-1,1.4235434692e-1,6.249735200473661e-1,5.237019153472617e-1,2.9284079438e1,4.587e-1
3247.159091,1.8235313371e-3,1.6222119434e-1,7.8227697616e-1,1.3069681956e-1,1.7292850406e-1,6.249735127281079e-1,5.237019032130142e-1,3.2900716709e1,3.608e-1
3248.106061,2.8237919633e-3,2.8926547708e-2,1.1752587304e-1,2.8082561283e-1,8.1984518496e-1,6.249735052508019e-1,5.237018758122334e-1,1.1492607526e2,7.550e-1
3249.053030,4.0240744861e-3,1.6700820308e-1,3.8335604045e-1,3.9203521157e-1,3.0352345040e-1,6.249734899936494e-1,5.237018673024343e-1,5.4799005188e1,5.059e-1
3250.000000,9.5781392282e-3,1.6049729585e-1,2.0267262747e-1,3.2915314103e-1,5.4804575288e-1,6.249734782275336e-1,5.237018340736805e-1,8.2629921563e1,4.631e-1
3250.946970,1.8111315112e-2,2.2098265005e-1,1.3238671907e-1,5.3904397859e-1,3.3942226629e-1,6.249734645563563e-1,5.237018234506619e-1,6.2205572111e1,3.522e-1
3251.893939,4.2923188474e-2,1.1019528850e-1,6.2553015059e-1,2.2791898588e-1,2.4337929077e-1,6.249734521106277e-1,5.237017892537613e-1,4.3692050143e1,7.340e-1
3252.840909,5.6174411564e-2,2.6585688580e-2,7.2790869549e-2,5.2067646607e-1,5.7371945704e-1,6.249734464010755e-1,5.237017812708690e-1,9.0761322955e1,7.348e-1
3253.787879,5.6694081358e-2,2.0117175202e-1,5.8389922874e-1,3.8180622925e-1,2.6375574250e-2,6.249734328129013e-1,5.237017573145082e-1,2.0695757215e1,7.578e-1
3254.734848,5.6106813616e-2,3.2315459224e-1,4.8126349172e-1,4.2780417337e-2,3.4664154277e-1,6.249734288428971e-1,5.237017408482090e-1,5.0263561354e1,6.931e-1
3255.681818,4.8081220673e-2,3.8727923863e-1,1.1045291146e-1,3.1474599064e-1,3.8938749459e-1,6.249734279973652e-1,5.237017389468570e-1,6.1595693388e1,5.825e-1
3256.628788,4.5470734888e-2,6.5667497697e-2,5.4372404612e-1,4.4892670063e-1,1.4615786001e-1,6.249734196714750e-1,5.237017334836379e-1,3.7577723233e1,5.122e-1
3257.575758,5.7046932646e-2,3.6637107960e-2,2.4769451404e-1,5.5620358773e-1,3.5236466087e-1,6.249734016189701e-1,5.237017061264417e-1,6.4984545193e1,5.812e-1
3258.522727,9.6569844881e-2,2.1209561358e-1,2.5233602154e-1,2.6920828702e-1,4.1973702537e-1,6.249733961942745e-1,5.237016789825001e-1,6.4832168754e1,6.196e-1
3259.469697,1.9524754600e-1,1.4384253917e-1,4.1713144939e-1,4.8942897290e-1,4.2962719942e-3,6.249733897270515e-1,5.237016762611029e-1,1.9934010395e1,6.934e-1
3260.416667,2.0198553957e-1,2.9767947590e-1,1.3020399283e-1,5.1879232203e-1,1.0128544360e-1,6.249733869634478e-1,5.237016733389666e-1,3.1303874750e1,7.132e-1
3261.363636,1.6289962257e-1,2.8504719082e-1,7.6213711253e-1,2.2362586225e-2,1.7500254322e-2,6.249733832342391e-1,5.237016568518089e-1,9.7042764055e0,4.371e-1
3262.310606,8.3443665235e-2,5.1193781779e-1,3.2913692340e-1,2.5841730150e-1,6.7011057989e-2,6.249733829557751e-1,5.237016565293832e-1,2.0545461926e1,3.071e-1
3263.257576,4.0338466726e-2,3.8733055072e-1,1.7938638838e-1,2.4888618126e-1,3.9400517541e-1,6.249733812498398e-1,5.237016547777247e-1,6.0626941694e1,6.223e-1
3264.204545,2.2470929423e-2,7.5017909045e-2,4.4220614516e-1,3.6170959531e-1,3.4854215943e-1,6.249733691819160e-1,5.237016415937766e-1,5.9887023901e1,6.639e-1
3265.151515,2.4960638446e-2,1.1880099118e-1,9.4937952930e-2,4.3447449045e-1,5.7677263623e-1,6.249733546162253e-1,5.237016059955637e-1,8.8739667057e1,6.937e-1
3266.098485,4.7682252661e-2,3.1057402254e-1,2.0644719485e-1,1.5509689876e-1,5.3014631623e-1,6.249733425236053e-1,5.237015765450018e-1,7.5118395968e1,5.497e-1
3267.045455,1.0105600019e-1,6.3071264078e-1,2.4791608631e-1,4.8808173104e-2,2.2145377781e-1,6.249733390962253e-1,5.237015737600370e-1,3.3203227071e1,4.250e-1
3267.992424,2.3791359109e-1,3.9392020774e-1,2.9168237731e-1,1.5435296274e-1,1.7207753920e-1,6.249733390419736e-1,5.237015744843762e-1,3.0205476055e1,5.465e-1
3268.939394,3.3929082678e-1,1.6516948486e-1,3.4259780242e-1,2.2084567045e-1,1.8204288699e-1,6.249733357466511e-1,5.237015707939405e-1,3.3609317792e1,5.148e-1
3269.886364,2.1661477762e-1,5.1806258697e-1,2.0847511470e-1,1.2693544612e-1,1.7985874406e-1,6.249733347297992e-1,5.237015673089506e-1,2.9896086996e1,5.933e-1
3270.833333,8.6567917033e-2,7.8912529926e-1,1.9119821704e-1,8.4859440082e-2,9.8195795329e-2,6.249733343755852e-1,5.237015670091625e-1,1.8435684178e1,7.589e-1
3271.780303,5.9823310758e-2,1.1249252188e-1,2.1448797158e-1,6.3712045382e-1,2.2602240592e-1,6.249733319747449e-1,5.237015852588768e-1,5.1289522952e1,7.956e-1
3272.727273,4.5083026981e-2,1.7164427086e-1,7.0575306190e-1,2.1839105521e-1,1.0907522500e-1,6.249733199771629e-1,5.237015451303269e-1,2.6961997118e1,4.502e-1
3273.674242,1.6567762502e-2,3.3566297616e-1,2.6056091306e-1,5.0922177119e-1,1.2793320881e-1,6.249733158608834e-1,5.237015506314980e-1,3.5434644544e1,5.931e-1
3274.621212,9.9765343733e-3,7.3147852275e-2,1.0627189129e-1,6.9774872289e-1,3.6280160910e-1,6.249733049609401e-1,5.237015480539375e-1,6.9768024199e1,7.415e-1
3275.568182,1.2504233737e-2,4.3646749444e-1,3.6075748505e-1,2.6207086079e-1,1.7814651486e-1,6.249732944375508e-1,5.237015015526417e-1,3.4954268434e1,5.996e-1
3276.515152,3.3064541175e-2,5.4892021667e-1,3.9767797925e-1,1.4062447174e-1,1.2965937645e-1,6.249732926410128e-1,5.237014964811643e-1,2.5392179819e1,5.983e-1
3277.462121,8.1867910238e-2,2.1196531154e-1,3.2010632962e-1,4.4303787280e-1,1.9296914507e-1,6.249732846351196e-1,5.237014983063158e-1,4.1902977714e1,6.376e-1
3278.409091,1.5889982295e-1,8.7952153869e-2,2.1234372057e-1,5.3337121947e-1,2.5737962402e-1,6.249732704370152e-1,5.237014807732985e-1,5.1966574882e1,5.969e-1
3279.356061,3.0929914338e-1,1.6432152709e-1,2.6886340506e-1,3.9752223507e-1,1.0994021396e-1,6.249732622757979e-1,5.237014580803322e-1,2.9427258775e1,4.611e-1
3280.303030,4.8151184517e-1,7.9227066084e-2,2.0372458073e-1,3.5365743683e-1,1.3182558665e-1,6.249732577329762e-1,5.237014477958285e-1,3.0219719770e1,3.418e-1
3281.250000,3.8517367930e-1,3.3137503471e-1,1.1750052837e-2,2.4162691070e-1,2.8002083184e-1,6.249732546890377e-1,5.237014383410795e-1,4.4524064949e1,4.532e-1
3282.196970,2.7712430814e-1,4.5748963152e-1,2.8453259642e-1,1.8684445791e-2,2.1211552596e-1,6.249732539190549e-1,5.237014342489196e-1,3.1078491777e1,5.273e-1
3283.143939,2.0535796377e-1,4.6194008950e-1,5.6887119139e-1,1.1075116091e-2,2.7021483093e-3,6.249732545322068e-1,5.237014345331217e-1,6.2778073905e0,7.538e-1
3284.090909,1.8080122539e-1,3.9638710541e-1,2.4762551001e-1,2.7070376727e-1,1.5442890001e-1,6.249732540441847e-1,5.237014355426793e-1,3.1293598657e1,4.720e-1
3285.037879,1.4397655642e-1,2.4822426385e-1,2.6991115381e-1,1.1313639035e-1,4.7469813920e-1,6.249732518147434e-1,5.237014303605274e-1,6.7109452345e1,6.890e-1
3285.984848,8.0531051356e-2,1.2624398309e-1,5.9893151992e-1,1.8008437019e-1,2.6415555838e-1,6.249732414701488e-1,5.237014177025450e-1,4.4658816970e1,3.759e-1
3286.931818,6.0795166942e-2,3.0081541109e-2,4.7775048012e-2,2.3429063754e-1,8.7700407536e-1,6.249732344803830e-1,5.237013901033338e-1,1.2022658310e2,4.462e-1
3287.878788,5.7472344829e-2,4.6974149500e-2,7.6838455319e-1,1.4251235178e-1,2.3460302994e-1,6.249732146198181e-1,5.237013668545821e-1,4.0859343987e1,4.608e-1
3288.825758,7.1345878753e-2,1.9096986895e-1,2.1582230785e-2,1.9891050808e-1,7.6713793078e-1,6.249732086716981e-1,5.237013437221707e-1,1.0514906192e2,6.345e-1
3289.772727,9.6754044199e-2,3.3012666883e-2,6.3852614336e-1,1.8309124920e-1,2.9856227992e-1,6.249731917806838e-1,5.237013234538910e-1,4.9297503307e1,3.487e-1
3290.719697,1.2144762545e-1,1.9105921994e-2,2.5984431010e-2,2.2675027228e-1,8.5665811704e-1,6.249731838858947e-1,5.237012948116613e-1,1.1721505880e2,8.524e-1
3291.666667,1.4349965936e-1,9.5850583504e-3,5.0918443089e-1,1.7066850364e-1,4.1700867420e-1,6.249731632230555e-1,5.237012653563080e-1,6.3002897808e1,5.457e-1
3292.613636,1.5512248228e-1,3.9384382917e-2,1.2027506627e-1,1.9526534457e-1,7.3989903754e-1,6.249731567892221e-1,5.237012463354018e-1,1.0207409837e2,3.569e-1
3293.560606,1.4710322291e-1,7.3982747010e-2,3.0213178759e-2,2.3926194530e-1,7.5938518583e-1,6.249731399005579e-1,5.237012129320743e-1,1.0532090857e2,8.705e-1
3294.507576,1.4517970509e-1,1.1299062937e-1,7.2952410462e-3,3.6465543998e-1,6.1982523115e-1,6.249731233187503e-1,5.237011858701688e-1,9.1363536706e1,3.783e-1
3295.454545,1.3999980532e-1,1.0272270604e-1,3.9902441917e-1,5.5962884783e-1,4.8570445343e-2,6.249731118541864e-1,5.237011826234501e-1,2.7592780803e1,5.302e-1
3296.401515,7.3370672939e-2,3.8644239122e-1,1.9990581457e-1,5.7254042038e-1,1.7686919107e-2,6.249731091114733e-1,5.237011734697404e-1,2.2994035733e1,5.593e-1
3297.348485,2.6401097466e-2,2.6900464338e-1,6.8190829076e-1,2.6470112699e-1,7.9310527866e-3,6.249731056896590e-1,5.237011601565449e-1,1.5492086982e1,3.545e-1
3298.295455,3.8923423074e-2,1.6851949229e-1,1.7465981802e-1,2.7365428551e-1,5.9418917776e-1,6.249730983249421e-1,5.237011410576241e-1,8.6566931130e1,6.792e-1
3299.242424,6.5109794037e-2,9.0389629281e-2,3.8268415583e-2,3.8033317798e-1,6.7584514597e-1,6.249730814268868e-1,5.237011095123254e-1,9.9198321860e1,5.523e-1
3300.189394,1.0441723129e-1,5.9321201150e-2,9.1450039203e-3,3.6607901289e-1,7.1098367471e-1,6.249730619796563e-1,5.237010696618827e-1,1.0296444982e2,8.352e-1
3301.136364,1.4193473797e-1,2.8208863648e-2,5.5896194488e-2,3.6535128144e-1,6.5855500661e-1,6.249730420773432e-1,5.237010324792852e-1,9.6560836504e1,3.764e-1
3302.083333,1.6499759194e-1,2.8720836882e-3,2.6302482992e-1,3.5806362145e-1,4.6098792127e-1,6.249730241352729e-1,5.237010031690256e-1,7.2656931412e1,5.213e-1
3303.030303,1.5037794284e-1,1.1177854063e-2,2.4586599515e-1,5.1211177326e-1,3.3041245597e-1,6.249730106382605e-1,5.237009884907595e-1,6.0744843749e1,6.553e-1
3303.977273,1.0914614837e-1,7.4435386136e-2,1.9520023558e-2,5.7548589094e-1,4.7135854113e-1,6.249729950661778e-1,5.237009574320577e-1,7.9109045810e1,7.387e-1
3304.924242,6.8881343298e-2,6.5068895341e-2,1.9088600326e-1,5.7252556902e-1,3.5258414141e-1,6.249729761632495e-1,5.237009241034513e-1,6.5143254797e1,5.233e-1
3305.871212,3.6205132163e-2,2.5554600181e-1,1.2804925960e-1,4.6459465227e-1,3.6555088051e-1,6.249729631811269e-1,5.237008902474219e-1,6.3211130225e1,4.633e-1
3306.818182,3.9117126473e-2,2.6885440743e-1,6.8214676206e-1,1.5567048309e-1,1.0415713493e-1,6.249729569919489e-1,5.237008749153584e-1,2.4328010205e1,4.765e-1
3307.765152,1.0409245655e-1,1.6434274600e-1,4.2552982297e-1,1.3852564142e-1,4.1745523445e-1,6.249729506946599e-1,5.237008596665038e-1,6.1652060839e1,3.470e-1
3308.712121,1.4268027350e-1,6.2921895082e-3,1.6459033262e-1,2.1421115942e-1,7.2217193267e-1,6.249729438580216e-1,5.237008415012326e-1,1.0069341166e2,6.766e-1
3309.659091,1.3107183902e-1,2.6769355745e-2,2.9993896598e-1,1.9067818544e-1,6.0148750342e-1,6.249729248039905e-1,5.237008069960096e-1,8.5610688731e1,5.279e-1
3310.606061,6.8029554804e-2,3.3558350972e-1,3.3648839080e-1,9.9866017483e-2,4.0997836294e-1,6.249729178742158e-1,5.237007973136687e-1,5.9070031939e1,3.803e-1
3311.553030,3.9256724432e-2,4.4381720516e-1,4.6606377381e-1,1.1886910182e-1,1.8193902497e-1,6.249729150953519e-1,5.237007941640229e-1,3.1727779418e1,4.019e-1
3312.500000,1.1675684952e-1,2.4100490301e-1,4.1320972105e-1,4.1241410951e-1,6.6560244464e-2,6.249729137749731e-1,5.237007961211784e-1,2.5563028795e1,4.875e-1
3313.446970,1.7551707333e-1,6.3929309173e-2,1.2709866628e-1,5.6566634920e-1,3.1773441717e-1,6.249729075734896e-1,5.237007957816466e-1,6.0003735058e1,3.565e-1
3314.393939,1.6726827175e-1,8.3736552594e-2,3.6470619604e-3,3.2861102272e-1,6.6668287948e-1,6.249728942493824e-1,5.237007518181540e-1,9.6131245037e1,8.003e-1
3315.340909,1.4426813301e-1,1.2149390004e-1,4.8664967836e-2,1.8271508308e-1,7.5280367639e-1,6.249728801836676e-1,5.237007216468099e-1,1.0291019485e2,3.781e-1
3316.287879,9.7469830517e-2,2.2831894609e-1,7.2218319331e-1,1.0567592720e-1,9.6297843703e-2,6.249728704100357e-1,5.237007124530434e-1,2.1990592018e1,6.635e-1
3317.234848,2.9493597234e-2,4.7732915587e-1,4.2386340807e-1,2.6950472625e-1,4.9754852499e-2,6.249728699630139e-1,5.237007096909269e-1,1.9353084735e1,5.901e-1
3318.181818,3.0444648152e-2,3.6380261935e-1,2.1983801680e-1,4.0065136770e-1,2.3520908501e-1,6.249728685039604e-1,5.237007128771582e-1,4.5429138345e1,4.456e-1
3319.128788,6.2679348979e-2,4.2267132829e-2,3.1837935491e-1,6.2477708745e-1,2.0184279122e-1,6.249728576953580e-1,5.237007133666217e-1,4.8491652854e1,6.119e-1
3320.075758,8.7479999116e-2,3.7994903308e-2,1.0397279574e-1,6.6487850525e-1,3.5561948035e-1,6.249728418818362e-1,5.237006770599368e-1,6.7746917825e1,8.151e-1
3321.022727,1.3489623284e-1,9.8304135671e-2,4.0938910356e-1,5.5944587086e-1,4.7910313334e-2,6.249728281340241e-1,5.237006447791274e-1,2.7573957190e1,7.147e-1
3321.969697,2.2286334036e-1,8.9898651703e-2,1.5038535893e-1,4.8519960842e-1,3.0159868207e-1,6.249728207469631e-1,5.237006260036015e-1,5.5625330620e1,5.146e-1
3322.916667,2.3378902191e-1,1.2717707191e-1,2.7777874338e-1,1.7240740856e-1,4.3879337803e-1,6.249728118994087e-1,5.237005993830338e-1,6.4276068064e1,4.805e-1
3323.863636,1.2112480610e-1,5.0576958422e-1,4.2465941101e-1,1.0498690667e-1,9.3404909592e-2,6.249728087989193e-1,5.237005947645648e-1,1.9784786301e1,5.960e-1
3324.810606,3.0169872055e-2,5.7960271375e-1,3.9605227399e-1,1.4016887409e-1,1.0395188248e-1,6.249728081783711e-1,5.237005936760700e-1,2.2133953483e1,7.562e-1
3325.757576,1.1706363620e-2,1.6756837977e-1,8.6119502620e-2,5.5104170824e-1,4.3350965257e-1,6.249728034085592e-1,5.237005990089918e-1,7.4152516155e1,6.222e-1
3326.704545,1.2102335803e-2,3.6636697143e-1,7.1887411606e-1,1.4272574279e-1,9.8764204371e-3,6.249727932608027e-1,5.237005693084255e-1,1.2321183625e1,8.479e-1
3327.651515,4.5933814694e-2,3.8281219023e-1,7.9101161565e-1,2.5676290455e-2,4.5116739555e-3,6.249727924927097e-1,5.237005673373225e-1,8.5158197739e0,8.860e-1
3328.598485,9.8007173339e-2,2.6706175830e-1,6.3829574882e-2,4.7806798484e-1,3.4297908251e-1,6.249727869323960e-1,5.237005660162817e-1,6.0293261778e1,5.852e-1
3329.545455,1.6395733361e-1,5.8161317641e-2,9.8958770138e-2,6.4247718670e-1,2.8639093806e-1,6.249727730760231e-1,5.237005543595489e-1,5.8207281510e1,2.755e-1
3330.492424,2.2381548717e-1,1.0883459411e-2,1.7486111116e-2,7.1869741078e-1,2.7906304480e-1,6.249727566375606e-1,5.237005316367622e-1,5.8991950431e1,5.282e-1
3331.439394,2.1647529185e-1,1.5010619583e-2,2.4634925679e-1,6.3493202177e-1,1.3717829365e-1,6.249727418204712e-1,5.237004997071855e-1,3.9985699223e1,6.546e-1
3332.386364,1.6180289675e-1,2.6862870386e-2,2.5643168518e-1,4.9072216302e-1,3.1412584591e-1,6.249727306262660e-1,5.237004671162749e-1,5.8097298164e1,6.708e-1
3333.333333,1.0358242386e-1,1.0118034397e-1,2.4990217683e-2,5.2499485928e-1,4.9519758117e-1,6.249727129794159e-1,5.237004322426034e-1,8.0639199528e1,7.008e-1
3334.280303,5.0338080872e-2,2.0427554306e-1,7.2272278933e-3,5.2601532484e-1,4.6208921695e-1,6.249726968081333e-1,5.237004018577334e-1,7.6471448115e1,4.208e-1
3335.227273,2.4871491472e-2,6.0494952676e-2,8.1176699521e-1,2.8219731595e-1,7.0614615876e-2,6.249726855965499e-1,5.237003801492383e-1,2.4696546555e1,4.661e-1
3336.174242,1.9708846377e-2,1.9022848657e-2,3.8285914399e-1,3.8395126692e-1,4.4440323721e-1,6.249726715742537e-1,5.237003522854482e-1,7.2280828176e1,5.383e-1
3337.121212,2.2808487826e-2,6.8429499198e-2,1.2930782871e-1,2.5933970473e-1,7.7005981977e-1,6.249726701139298e-1,5.237003327008836e-1,1.0804925335e2,4.453e-1
3338.068182,4.3227231288e-2,2.7098269280e-1,6.1091475710e-1,1.4301426387e-1,1.8180636277e-1,6.249726539160642e-1,5.237003103844240e-1,3.3298567937e1,4.730e-1
3339.015152,1.5648001259e-1,7.0254623098e-1,2.2758556778e-1,3.6158621701e-2,1.2717487439e-1,6.249726537191149e-1,5.237003080438395e-1,2.0739476827e1,3.308e-1
3339.962121,4.1147704536e-1,2.6964373346e-1,4.4312707350e-1,1.9195218170e-2,1.0650223729e-1,6.249726538912720e-1,5.237003081408482e-1,1.8536575932e1,6.194e-1
3340.909091,4.9283374043e-1,4.2405372304e-1,6.4720412247e-2,7.3545179409e-4,2.6760197991e-1,6.249726537115525e-1,5.237003072814694e-1,3.5888875500e1,5.511e-1
3341.856061,5.5284124651e-1,3.2006463534e-1,4.9276712157e-2,2.7758589034e-1,5.0176821684e-2,6.249726530153387e-1,5.237003088916319e-1,1.6616145258e1,7.425e-1
3342.803030,4.9841870683e-1,2.3227928108e-1,2.0546625262e-1,2.4762801324e-1,6.6153049023e-2,6.249726513963964e-1,5.237003077817484e-1,1.8749184635e1,6.311e-1
3343.750000,2.4075531162e-1,4.5114596417e-1,3.2916348709e-1,1.7078467322e-1,5.8095865024e-2,6.249726505604584e-1,5.237003059602743e-1,1.6557357747e1,6.558e-1
3344.696970,8.4002264154e-2,3.1249901760e-1,5.6733341065e-1,1.3256231017e-1,1.5354829489e-1,6.249726487296439e-1,5.237003039367367e-1,2.9101842123e1,5.475e-1
3345.643939,1.1898454710e-1,8.6624426541e-2,3.8048548975e-2,3.5966784964e-1,6.4661990381e-1,6.249726380363416e-1,5.237002839163760e-1,9.4813848395e1,7.958e-1
3346.590909,1.5703971155e-1,2.0119972739e-3,6.9889198064e-1,3.0151611822e-1,9.0485441858e-2,6.249726247720662e-1,5.237002709098456e-1,2.6904332036e1,4.937e-1
3347.537879,1.4702353889e-1,1.1974298876e-2,3.2304610150e-1,4.3142885781e-1,3.3647243188e-1,6.249726144807232e-1,5.237002506057906e-1,5.9556023910e1,5.127e-1
3348.484848,1.2745481750e-1,1.4738448678e-2,1.2552226621e-1,7.4460904398e-1,2.3762063294e-1,6.249726046520839e-1,5.237002642564054e-1,5.5340312859e1,4.871e-1
3349.431818,8.2511261769e-2,2.1011260010e-1,5.4127882905e-1,3.9277619554e-1,2.3266296374e-2,6.249725914129893e-1,5.237002098804295e-1,2.0338635657e1,4.643e-1
3350.378788,2.5172457456e-2,4.5274971446e-1,5.0115037914e-1,5.5185301701e-2,2.1568732394e-1,6.249725883463471e-1,5.237001973730805e-1,3.4301195809e1,5.779e-1
3351.325758,3.7451311232e-2,3.0799770004e-1,7.5315452874e-2,5.4288685130e-1,2.8629385201e-1,6.249725837316064e-1,5.237002049590254e-1,5.5255236978e1,5.001e-1
3352.272727,8.0469576451e-2,9.1320889294e-2,1.7195935533e-1,6.0474616068e-1,3.0144915485e-1,6.249725683033303e-1,5.237001864152023e-1,5.9535920372e1,5.207e-1
3353.219697,1.1714256244e-1,1.0550915038e-1,1.7944139500e-1,6.6049990554e-1,1.8735210080e-1,6.249725570827800e-1,5.237001723142007e-1,4.6822186622e1,4.831e-1
3354.166667,1.9806519856e-1,7.6947815417e-2,4.2901016675e-2,6.9988271350e-1,2.3214833704e-1,6.249725405963560e-1,5.237001463650951e-1,5.2707370337e1,7.834e-1
3355.113636,2.7068254605e-1,3.0214762554e-3,4.8864515267e-1,4.1877950408e-1,6.8816378978e-2,6.249725290174538e-1,5.237001075291380e-1,2.6259986087e1,6.471e-1
3356.060606,2.2850463074e-1,6.4137739456e-2,2.3927952713e-2,5.3145574003e-1,4.0191897394e-1,6.249725184330186e-1,5.237000908190450e-1,6.8886163761e1,6.900e-1
3357.007576,1.5166131095e-1,2.6065956628e-1,1.1219809756e-1,4.4830546916e-1,2.7712057051e-1,6.249725072304050e-1,5.237000670261208e-1,5.1311942606e1,4.983e-1
3357.954545,1.2901087599e-1,3.7118305093e-1,3.5330731617e-1,1.4987046555e-1,2.4657330068e-1,6.249725046580570e-1,5.237000525464204e-1,3.9990567454e1,5.086e-1
3358.901515,1.1968965346e-1,6.1301488066e-1,2.4501565990e-1,5.5652789176e-2,2.1657202572e-1,6.249725044569659e-1,5.237000511511296e-1,3.2748108413e1,3.695e-1
3359.848485,1.4106419731e-1,3.0318461235e-1,7.0232010492e-2,4.0761861387e-1,3.2784556884e-1,6.249725014327465e-1,5.237000537915589e-1,5.6246785863e1,5.696e-1
3360.795455,1.9205769978e-1,3.3185584945e-1,9.5112467677e-2,4.4310193236e-1,1.8781704274e-1,6.249724960012458e-1,5.237000472623136e-1,3.9740483596e1,6.227e-1
3361.742424,3.0101423774e-1,6.2880970535e-1,1.8491613201e-1,2.1392993172e-3,1.3306561616e-1,6.249724952885221e-1,5.237000357666036e-1,1.9988312033e1,4.928e-1
3362.689394,5.8946561603e-1,3.1388192539e-1,1.8840239162e-1,6.4595191142e-2,9.3599866880e-2,6.249724955366845e-1,5.237000357235642e-1,1.6477544869e1,7.577e-1
3363.636364,6.1060517727e-1,5.0498059583e-1,3.0410973572e-2,6.8570602316e-2,3.5377641940e-2,6.249724954631866e-1,5.237000355146378e-1,8.2811490113e0,5.823e-1
3364.583333,6.0137746786e-1,3.2812700612e-1,1.6065684659e-1,1.3710435685e-1,2.2679312960e-2,6.249724951868713e-1,5.237000356493361e-1,9.5324889970e0,5.633e-1
3365.530303,4.3351178762e-1,3.9787069605e-1,1.7098955741e-1,3.2564513004e-2,2.1500843488e-1,6.249724944858785e-1,5.237000352242168e-1,3.0943557826e1,3.602e-1
3366.477273,3.1613111406e-1,3.4448183710e-1,8.8966679224e-2,3.5374062733e-1,1.4662472644e-1,6.249724920835932e-1,5.237000384303259e-1,3.1646427725e1,4.719e-1
3367.424242,2.9625004205e-1,8.4753709509e-2,1.1855476991e-1,3.7433415401e-1,3.7605229350e-1,6.249724844865843e-1,5.237000293319872e-1,6.1379457095e1,5.378e-1
3368.371212,2.5157317812e-1,9.4226066996e-2,4.9899500923e-1,1.9180037255e-1,2.1335032224e-1,6.249724745699751e-1,5.237000106399975e-1,3.7752651965e1,4.994e-1
3369.318182,9.7532594052e-2,4.8826966724e-1,2.4655863413e-1,1.6565663249e-1,2.5192741707e-1,6.249724724922765e-1,5.237000060003240e-1,4.0545496329e1,4.981e-1
3370.265152,9.1415963793e-2,1.3341242331e-1,2.4810233764e-1,3.0225693918e-1,4.7475727473e-1,6.249724693243963e-1,5.237000013518918e-1,7.2738504749e1,5.264e-1
3371.212121,1.6016882795e-1,9.8238673613e-2,7.4970062749e-1,1.6038766557e-1,8.1449117587e-2,6.249724561072652e-1,5.236999813845967e-1,2.1832059131e1,4.000e-1
3372.159091,2.8555501878e-1,2.1233820598e-1,1.4730711747e-2,2.9148294424e-1,4.4583802493e-1,6.249724528396547e-1,5.236999734501186e-1,6.7080021023e1,5.792e-1
3373.106061,3.9636566162e-1,5.4509448662e-2,3.1360325230e-1,3.2911593156e-1,1.5635059580e-1,6.249724449705355e-1,5.236999658795418e-1,3.3360613819e1,6.152e-1
3374.053030,2.0834113869e-1,4.8648259195e-1,1.9412362565e-1,3.0445385282e-1,5.6543676504e-2,6.249724428048373e-1,5.236999595934674e-1,1.9610238641e1,4.090e-1
3375.000000,5.8586491725e-2,5.3312219798e-1,2.5628610377e-1,3.6472260321e-1,3.7227487286e-2,6.249724419876742e-1,5.236999597239291e-1,1.9582068147e1,7.174e-1
3375.946970,6.6984778236e-2,9.6270788574e-2,1.8443396771e-1,7.2834224402e-1,1.7391308634e-1,6.249724324415522e-1,5.236999760999732e-1,4.7269332568e1,4.018e-1
3376.893939,8.1807380392e-2,1.6033857152e-1,3.8496158853e-1,5.3645199187e-1,8.6385297669e-2,6.249724149892339e-1,5.236999268585907e-1,3.1665055383e1,4.001e-1
3377.840909,1.9269158434e-1,4.2456770792e-1,4.1186758710e-1,2.0630559978e-1,1.4512344124e-2,6.249724116316892e-1,5.236999034030242e-1,1.2699781146e1,5.939e-1
3378.787879,5.1681359235e-1,3.2040350073e-1,1.7130065294e-1,6.9584582548e-2,1.7184249395e-1,6.249724112633410e-1,5.236999018263628e-1,2.6492164889e1,6.878e-1
3379.734848,6.9474220599e-1,3.8750157236e-1,6.8434320891e-2,2.7229106323e-2,7.2037616865e-2,6.249724112152781e-1,5.236999009495080e-1,1.1761995176e1,8.179e-1
3380.681818,7.3087364064e-1,2.2146440825e-1,2.3675470354e-1,2.9855958682e-2,3.0996111135e-2,6.249724111218776e-1,5.236999009715532e-1,7.6252961683e0,6.064e-1
3381.628788,3.4555835660e-1,6.4093629731e-1,1.8030608149e-1,1.7470307057e-2,6.5673779148e-2,6.249724108060865e-1,5.236999007538555e-1,1.1862393982e1,7.748e-1
3382.575758,9.7134133624e-2,3.4294038779e-1,5.0008989249e-1,1.4606877767e-1,1.6371162769e-1,6.249724096326986e-1,5.236999010289602e-1,3.0364456212e1,6.470e-1
3383.522727,4.4824146577e-2,9.4959978141e-2,1.3342314897e-1,3.0676430425e-1,6.6997322039e-1,6.249723991673732e-1,5.236998805824005e-1,9.6852747168e1,3.861e-1
3384.469697,3.2892098310e-2,1.2627656960e-2,2.8697375926e-1,4.4461717997e-1,4.7283408155e-1,6.249723880252989e-1,5.236998759333895e-1,7.7088003635e1,5.236e-1
3385.416667,3.2748327357e-2,1.0938346963e-2,7.6480218089e-1,4.1407482729e-1,2.7381070027e-2,6.249723762653144e-1,5.236998558306822e-1,2.2911839741e1,8.263e-1
3386.363636,4.0788657917e-2,3.6212070489e-2,7.2134044867e-1,3.6467041010e-1,8.6933142441e-2,6.249723648113550e-1,5.236998282312628e-1,2.8660437415e1,5.934e-1
3387.310606,7.5454645276e-2,1.7946735349e-1,3.8410979018e-2,7.5352115710e-1,2.0309058073e-1,6.249723578079012e-1,5.236998424934319e-1,5.0812221222e1,3.593e-1
3388.257576,1.7709618542e-1,2.4622173388e-1,2.2344457200e-1,5.0207492942e-1,1.0110727590e-1,6.249723483057640e-1,5.236998002483202e-1,3.1376677193e1,6.380e-1
3389.204545,3.6103034891e-1,4.8799876015e-1,2.3664296179e-1,3.6846813625e-2,1.2742580745e-1,6.249723459630785e-1,5.236997848937081e-1,2.0539257779e1,6.675e-1
3390.151515,6.9437239544e-1,3.5444663806e-1,9.1836504412e-2,5.4847274049e-2,5.4441880477e-2,6.249723462189769e-1,5.236997843511497e-1,1.0514444980e1,6.969e-1
3391.098485,7.9863317157e-1,2.7809666230e-1,3.0918645968e-2,3.3613804140e-2,1.0868240836e-1,6.249723461653859e-1,5.236997841865597e-1,1.6189849080e1,8.927e-1
3392.045455,4.4106496371e-1,6.3566046632e-1,1.1278942223e-1,5.3567247421e-2,6.8625929765e-3,6.249723463261212e-1,5.236997841314743e-1,4.9867326108e0,5.888e-1
3392.992424,1.9088007159e-1,3.7526730071e-1,3.4808639898e-1,1.6011183724e-1,1.7559908314e-1,6.249723458301272e-1,5.236997843185841e-1,3.1230927262e1,5.880e-1
3393.939394,8.7192253102e-2,1.9559330831e-1,1.1489698417e-1,7.1701408785e-1,1.3524804589e-1,6.249723396650352e-1,5.236998050993190e-1,4.1610159302e1,7.738e-1
3394.886364,5.3724785650e-2,8.3799960991e-2,2.7071278159e-1,6.1637576956e-1,2.2533135285e-1,6.249723253187039e-1,5.236997706837612e-1,5.0926602358e1,5.191e-1
3395.833333,4.9846427600e-2,5.1641464972e-2,1.2105422217e-1,8.0397057786e-1,2.2343193463e-1,6.249723136130031e-1,5.236997723354713e-1,5.5422986045e1,4.502e-1
3396.780303,6.9724153204e-2,2.3311129112e-1,4.7553972092e-1,4.4785135902e-1,2.3718075036e-2,6.249722996476446e-1,5.236997122161088e-1,2.1672559520e1,5.655e-1
3397.727273,1.7631191467e-1,5.4311535841e-1,2.8351759862e-1,4.2833381879e-3,2.4271638552e-1,6.249722977021689e-1,5.236997002047007e-1,3.4647291632e1,4.217e-1
3398.674242,3.8963514758e-1,2.0159295197e-1,3.2857671541e-1,1.2739114336e-1,2.0274863399e-1,6.249722961542579e-1,5.236996992549107e-1,3.3254958939e1,6.222e-1
3399.621212,3.5018018270e-1,3.0813459055e-1,1.3942834732e-1,1.8395735809e-1,2.6824410983e-1,6.249722942430903e-1,5.236996960413074e-1,4.2128667568e1,5.664e-1
3400.568182,1.5978803221e-1,5.7261105047e-1,3.7235193634e-1,5.5332685931e-2,8.9860881237e-2,6.249722930935994e-1,5.236996935597945e-1,1.7476770356e1,5.787e-1
3401.515152,6.1450726507e-2,2.1675297040e-1,7.0182993607e-1,2.4982526919e-1,2.0085677928e-2,6.249722900510882e-1,5.236996948466760e-1,1.6644246182e1,4.627e-1
3402.462121,4.9497964500e-2,2.7536450515e-2,7.5942539247e-1,2.6899878848e-1,1.4448596144e-1,6.249722787075664e-1,5.236996785418552e-1,3.3257389319e1,4.977e-1
3403.409091,4.5145257392e-2,5.0878837561e-3,4.4478667185e-1,4.4790890690e-1,3.0701582213e-1,6.249722710121197e-1,5.236996713986775e-1,5.7222152024e1,5.559e-1
3404.356061,3.6153655436e-2,4.3860392494e-2,1.8590285826e-1,5.3424182018e-1,4.4978579778e-1,6.249722620769138e-1,5.236996590983636e-1,7.6261340841e1,4.876e-1
3405.303030,2.7101011942e-2,5.3958358900e-1,1.5261213201e-1,3.0580374461e-1,2.2484403478e-1,6.249722561713398e-1,5.236996365088021e-1,4.0879371020e1,7.134e-1
3406.250000,6.5784756415e-2,1.4874067378e-1,5.4592297133e-1,2.5705526218e-1,2.3244084123e-1,6.249722524705597e-1,5.236996309065711e-1,4.2675953564e1,2.983e-1
3407.196970,1.1986110440e-1,2.6581828565e-1,6.1941369072e-1,2.0488364063e-1,3.9967767545e-2,6.249722444722745e-1,5.236996161280300e-1,1.7219027395e1,6.412e-1
3408.143939,3.3193994545e-1,5.8412141313e-1,2.3833614067e-1,2.3798118534e-2,7.1748871111e-2,6.249722444462669e-1,5.236996124733646e-1,1.3186297220e1,7.043e-1
3409.090909,6.4079607847e-1,2.5628424333e-1,1.1661594219e-1,2.1342791984e-2,2.1490543264e-1,6.249722443069721e-1,5.236996121909449e-1,2.9956758784e1,5.223e-1
3410.037879,6.0314181997e-1,4.5279578321e-1,1.9692661855e-2,8.6798657294e-2,8.7515566372e-2,6.249722443497290e-1,5.236996119568704e-1,1.5344253300e1,7.395e-1
3410.984848,5.0315234851e-1,3.6471528378e-1,2.1699208928e-1,4.6230642279e-2,1.1885412530e-1,6.249722445750490e-1,5.236996119850081e-1,1.9409652048e1,6.770e-1
3411.931818,2.8272884709e-1,6.5349075593e-1,1.5326752740e-1,1.1365292448e-1,4.6804433306e-2,6.249722441054884e-1,5.236996117806315e-1,1.2302347201e1,5.528e-1
3412.878788,2.0675513944e-1,2.0283621787e-1,5.8501061630e-1,1.5067162350e-1,1.0467088724e-1,6.249722421741259e-1,5.236996117298651e-1,2.3408500455e1,4.468e-1
3413.825758,1.7076856107e-1,1.1348857236e-1,2.3516180902e-1,3.4050872754e-1,3.9001679666e-1,6.249722333273263e-1,5.236995998199548e-1,6.3012085151e1,4.533e-1
3414.772727,6.8674206456e-2,8.5716907665e-1,1.7854768071e-1,1.2192605472e-1,2.3627446285e-2,6.249722324102086e-1,5.236995929877976e-1,1.0103003578e1,6.725e-1
3415.719697,1.8144280974e-2,4.0660463629e-1,2.9136084982e-1,2.2792130313e-1,3.0591338824e-1,6.249722292270459e-1,5.236995922255163e-1,4.9603563607e1,6.243e-1
3416.666667,9.0762362863e-3,9.5109842899e-2,4.8481191093e-1,2.2392374490e-1,4.3702269484e-1,6.249722149243074e-1,5.236995709017057e-1,6.7177717867e1,4.971e-1
3417.613636,6.4522556877e-3,2.6085102106e-2,1.6736653123e-1,4.3923112004e-1,6.1080941339e-1,6.249722112265118e-1,5.236995637250265e-1,9.3633329337e1,7.725e-1
3418.560606,5.0838502628e-3,2.5477132045e-1,1.9365016568e-1,5.0515352412e-1,2.9128553986e-1,6.249722001850522e-1,5.236995568940871e-1,5.5510747765e1,5.423e-1
3419.507576,9.3516611915e-3,2.2983755420e-1,1.1269126504e-1,6.4132505742e-1,2.5673883360e-1,6.249721857275365e-1,5.236995424989884e-1,5.4750853598e1,7.958e-1
3420.454545,1.8993356320e-2,1.7914071924e-1,1.8228092084e-1,7.2041511872e-1,1.4911422058e-1,6.249721678478248e-1,5.236995220440303e-1,4.3965929516e1,8.068e-1
3421.401515,4.6956904100e-2,3.5347466971e-1,1.4426387537e-1,5.5403738072e-1,1.5121148407e-1,6.249721569907110e-1,5.236994834592398e-1,3.8968804939e1,4.815e-1
3422.348485,1.1250959915e-1,3.1286754561e-1,2.0330582218e-1,4.5398811203e-1,1.6727322844e-1,6.249721537057649e-1,5.236994724352818e-1,3.8247029293e1,5.858e-1
3423.295455,2.2615015031e-1,1.1431846216e-1,2.2060496407e-1,4.3217427078e-1,2.5669644129e-1,6.249721443061237e-1,5.236994566502177e-1,4.8793272862e1,5.050e-1
3424.242424,3.1400558730e-1,8.9704749200e-3,9.9065562605e-2,5.5951732290e-1,2.6838531891e-1,6.249721333124755e-1,5.236994467458683e-1,5.3225343397e1,4.991e-1
3425.189394,2.8322060842e-1,3.8964883115e-2,7.7815631209e-3,5.9669790541e-1,3.2327927950e-1,6.249721197824464e-1,5.236994259216787e-1,6.0755873325e1,5.220e-1
3426.136364,1.6966428732e-1,7.0289743315e-2,5.2235064133e-1,4.1263101635e-1,7.5008525721e-2,6.249721070214445e-1,5.236993961534677e-1,2.7209500577e1,6.934e-1
3427.083333,1.0960635053e-1,9.0801927193e-2,5.9483415067e-2,7.3961794187e-1,2.5043455918e-1,6.249720969180734e-1,5.236994049275914e-1,5.6435672065e1,8.221e-1
3428.030303,5.4465061384e-2,5.1237958226e-1,1.8758626860e-1,4.2848742419e-1,6.7025837244e-2,6.249720868403033e-1,5.236993564673685e-1,2.4843586585e1,6.453e-1
3428.977273,2.2720086038e-2,6.5366514051e-1,2.6876470967e-1,2.0031814996e-1,1.0447608885e-1,6.249720875079442e-1,5.236993478088792e-1,2.3251928172e1,5.171e-1
3429.924242,1.2999380677e-2,1.9075266501e-1,4.6250168541e-1,1.1475680578e-1,4.6893363318e-1,6.249720850298143e-1,5.236993425756871e-1,6.7783741336e1,6.847e-1
3430.871212,8.0646968999e-3,9.1093883524e-2,2.3428834619e-2,1.9622345241e-1,9.3113327795e-1,6.249720727017479e-1,5.236993068151522e-1,1.2583786085e2,2.953e-1
3431.818182,5.4099363885e-3,5.3411352509e-2,9.3125178852e-1,1.0616664014e-1,1.5370438902e-1,6.249720532876464e-1,5.236992870018481e-1,3.0631036261e1,7.946e-1
3432.765152,3.7295558456e-3,9.3769681414e-2,2.2870067202e-2,2.0997426250e-1,9.1960052703e-1,6.249720469943463e-1,5.236992556528461e-1,1.2480040854e2,9.569e-1
3433.712121,4.1494917900e-3,1.9275167625e-1,5.1976497808e-1,1.9405233157e-1,3.3922557604e-1,6.249720268663362e-1,5.236992297912380e-1,5.4176246266e1,4.448e-1
3434.659091,1.2462830203e-2,6.4836751124e-1,2.4325412115e-1,3.1196790974e-1,3.3891681731e-2,6.249720270343373e-1,5.236992290415773e-1,1.7570107780e1,5.580e-1
3435.606061,4.2676368829e-2,5.2991515791e-1,1.8941978596e-1,2.9581487921e-1,1.9211785771e-1,6.249720248116536e-1,5.236992301724791e-1,3.6653688710e1,3.696e-1
3436.553030,9.2870935722e-2,9.2340100588e-2,1.4017330215e-1,5.5051700990e-1,3.7404267845e-1,6.249720134039649e-1,5.236992264691032e-1,6.6846509244e1,7.114e-1
3437.500000,1.4916303949e-1,6.4487153261e-2,4.5995270558e-1,4.8587699660e-1,9.0464101701e-2,6.249719983185638e-1,5.236991960451074e-1,3.1010646380e1,6.952e-1
3438.446970,2.7228344009e-1,1.0146622359e-1,1.3203389365e-1,6.0582441890e-1,1.3833600654e-1,6.249719913854130e-1,5.236991901738450e-1,3.8488735558e1,7.271e-1
3439.393939,3.4697223747e-1,4.1258819741e-2,1.5179520807e-1,4.9864483540e-1,2.1127286314e-1,6.249719819089921e-1,5.236991660320297e-1,4.4469926638e1,4.253e-1
3440.340909,2.1101258183e-1,3.4212106081e-1,1.7023505704e-1,1.8319687364e-1,3.4337837819e-1,6.249719757572617e-1,5.236991430812337e-1,5.1966361234e1,3.552e-1
3441.287879,5.8535842982e-2,7.6271953127e-1,1.9802179863e-1,8.5392511795e-2,1.4527426414e-1,6.249719744113794e-1,5.236991408497261e-1,2.4466547560e1,8.429e-1
3442.234848,2.4813024621e-2,1.2082570478e-1,2.9920700735e-1,3.4554205091e-1,4.5955615505e-1,6.249719713504815e-1,5.236991396322184e-1,7.2528247456e1,5.664e-1
3443.181818,3.1554766493e-2,7.3033966373e-2,8.9468808646e-1,1.6575981430e-1,8.4907286670e-2,6.249719601474120e-1,5.236991218472969e-1,2.3491796759e1,7.001e-1
3444.128788,6.2809537643e-2,2.6673802238e-1,3.5704569208e-1,2.8832715567e-1,2.7502349705e-1,6.249719524080368e-1,5.236991040928185e-1,4.7850722954e1,5.190e-1
3445.075758,2.2926623959e-1,7.7709311052e-1,2.2799338698e-1,1.0473595982e-2,5.1175710293e-3,6.249719520540077e-1,5.236990981733066e-1,4.4829705999e0,7.482e-1
3446.022727,6.1916314648e-1,2.2441599398e-1,1.8560362512e-1,1.3855741891e-1,8.2203718985e-2,6.249719517389225e-1,5.236990987478737e-1,1.7199155997e1,7.414e-1
3446.969697,5.9316775017e-1,3.6926086480e-1,2.7431978341e-2,1.9053545985e-1,6.9547849256e-2,6.249719512055720e-1,5.236990979235786e-1,1.6253820851e1,7.643e-1
3447.916667,4.1603398051e-1,4.1257641232e-1,1.1812550227e-1,8.6707287638e-2,2.1650071910e-1,6.249719509221627e-1,5.236990969084439e-1,3.2464899083e1,4.719e-1
3448.863636,3.3536896724e-1,2.5980665631e-1,5.8592333391e-2,4.7837983038e-1,1.1779610759e-1,6.249719474544236e-1,5.236991037286289e-1,3.1542092807e1,4.789e-1
3449.810606,2.8571153710e-1,1.7735150177e-1,4.4689128640e-2,3.4320211351e-1,3.9898960119e-1,6.249719411055786e-1,5.236990891146165e-1,6.2908208385e1,5.675e-1
3450.757576,1.7835306607e-1,6.0082509079e-1,4.1438089068e-1,4.6248573076e-2,1.0136256877e-2,6.249719387450936e-1,5.236990800616967e-1,7.3832690587e0,6.425e-1
3451.704545,1.0352894253e-1,5.2467254846e-1,4.0324906266e-1,1.8255661426e-1,3.5936709139e-2,6.249719385192195e-1,5.236990799771607e-1,1.4768812495e1,7.033e-1
3452.651515,1.0490167151e-1,1.9314554211e-1,6.4710837004e-2,3.1503748583e-1,5.7214832882e-1,6.249719326356670e-1,5.236990728054307e-1,8.4272614251e1,7.562e-1
3453.598485,1.0371987136e-1,5.7790825930e-1,5.0211244947e-1,3.9610060247e-2,2.6593215635e-2,6.249719280068263e-1,5.236990628558634e-1,9.8960295792e0,7.005e-1
3454.545455,1.6781572618e-1,5.5791906957e-1,3.2772480553e-1,1.7497748183e-1,2.1506772547e-2,6.249719278268123e-1,5.236990623787601e-1,1.2173690751e1,7.309e-1
3455.492424,2.7150853444e-1,1.8757990243e-1,1.4611800176e-1,1.8197478540e-1,4.6276262439e-1,6.249719242080125e-1,5.236990576454760e-1,6.6736667140e1,4.840e-1
3456.439394,2.7539048143e-1,7.1484505176e-2,1.8959569190e-1,5.2782592878e-1,1.8564722353e-1,6.249719154050695e-1,5.236990570572497e-1,4.2450704119e1,4.365e-1
3457.386364,1.8163561576e-1,7.4356238958e-2,2.9281729261e-1,6.0542848745e-1,9.5706178575e-2,6.249719066809489e-1,5.236990481935161e-1,3.4206171083e1,4.460e-1
3458.333333,1.1560709722e-1,6.4934419090e-2,5.4697699525e-2,6.6294366794e-1,3.5176090129e-1,6.249718925336765e-1,5.236990243231384e-1,6.6864846722e1,7.080e-1
3459.280303,6.9186376804e-2,1.4502174966e-1,1.2893942122e-1,6.2334973172e-1,2.8344647000e-1,6.249718746995038e-1,5.236989891088775e-1,5.7584491632e1,7.825e-1
3460.227273,4.2266643409e-2,3.1267918654e-1,2.6794708004e-1,5.6845377858e-1,5.8597046617e-2,6.249718675930528e-1,5.236989694779673e-1,2.8481011217e1,4.535e-1
3461.174242,2.0263659762e-2,5.7978330218e-1,2.0886424639e-1,1.5297925020e-1,2.8805326953e-1,6.249718640309327e-1,5.236989517594838e-1,4.4606766911e1,3.900e-1
3462.121212,8.5245384123e-3,2.2912218496e-1,5.5710240324e-1,7.6605550949e-2,3.7858904375e-1,6.249718606545454e-1,5.236989471224340e-1,5.5830101096e1,5.870e-1
3463.068182,3.6786488673e-3,1.7765033916e-1,1.6552568751e-2,3.8276876859e-1,6.6929337028e-1,6.249718478223907e-1,5.236989194932821e-1,9.8407712543e1,7.220e-1
3464.015152,2.1951280018e-3,9.9707842969e-2,7.9619415041e-1,3.3485831476e-1,1.6988229836e-2,6.249718329847291e-1,5.236989050950605e-1,1.9460025944e1,7.797e-1
3464.962121,3.4890639602e-3,1.5918521150e-1,3.2635875123e-2,5.0796418926e-1,5.4666930993e-1,6.249718248853044e-1,5.236988845421089e-1,8.6809727683e1,7.007e-1
3465.909091,7.9086359521e-3,2.1443602707e-1,2.1525731071e-1,6.3745068490e-1,1.7489096150e-1,6.249718100660312e-1,5.236988718221246e-1,4.4939349847e1,6.342e-1
3466.856061,1.7344119212e-2,5.2305342357e-1,3.0665501292e-1,3.9725301708e-1,5.6380447392e-3,6.249718087601526e-1,5.236988502703995e-1,1.6941785283e1,5.344e-1
3467.803030,4.0054499013e-2,3.0811979804e-1,7.4790944755e-1,5.6653920902e-2,9.7205950091e-2,6.249718077989548e-1,5.236988447202267e-1,2.0874829506e1,6.343e-1
3468.750000,6.3100133395e-2,2.1982559852e-1,1.2291836448e-1,2.6415023980e-1,5.7994926453e-1,6.249718003563508e-1,5.236988282136479e-1,8.4140861712e1,7.606e-1
3469.696970,1.0361631713e-1,8.7798913598e-2,2.4998900600e-2,2.9273541527e-1,7.4079402366e-1,6.249717851347054e-1,5.236987967591564e-1,1.0461656551e2,4.076e-1
3470.643939,1.6595809211e-1,4.9064503250e-2,1.0985770009e-1,2.8872721909e-1,6.3633601865e-1,6.249717665963128e-1,5.236987642130598e-1,9.1750251052e1,6.832e-1
3471.590909,2.3363431247e-1,2.6306054223e-2,3.1528327607e-1,2.4153830056e-1,4.3318156294e-1,6.249717531295840e-1,5.236987429052962e-1,6.5868161147e1,5.429e-1
3472.537879,2.3016681671e-1,1.1886052659e-1,1.5201302583e-1,2.6740589649e-1,4.8149722520e-1,6.249717454092687e-1,5.236987274602902e-1,7.1757542181e1,4.327e-1
3473.484848,1.5701682201e-1,2.7808726780e-1,2.9101120681e-1,4.9423642477e-1,2.9591759480e-2,6.249717404368178e-1,5.236987269984654e-1,2.2566083407e1,4.699e-1
3474.431818,6.0354700524e-2,6.8813517973e-1,2.5803225775e-1,1.8637122712e-2,2.2478421493e-1,6.249717378250038e-1,5.236987153718511e-1,3.2839473210e1,4.788e-1
3475.378788,1.5826416746e-2,4.4934474245e-1,2.8031559778e-1,2.1659606662e-1,2.8786065236e-1,6.249717379810300e-1,5.236987151930386e-1,4.6926365109e1,6.672e-1
3476.325758,9.8108513914e-3,8.8887250553e-2,2.8382229413e-1,7.0518841646e-1,1.6223464729e-1,6.249717299066203e-1,5.236987245056265e-1,4.5785322459e1,8.388e-1
3477.272727,9.8091764618e-3,7.0189998154e-2,1.1748831401e-1,8.0341033315e-1,2.4904559505e-1,6.249717084116982e-1,5.236986965662912e-1,5.8672157923e1,7.079e-1
3478.219697,1.1792804005e-2,3.2641956123e-1,2.8866803830e-1,5.2810749151e-1,9.4955499847e-2,6.249716974447591e-1,5.236986463582646e-1,3.2021823540e1,5.674e-1
3479.166667,4.0492216845e-2,6.9359192285e-1,4.0598153208e-1,8.5908169956e-2,2.3969550001e-2,6.249716958679919e-1,5.236986323803090e-1,1.0472446050e1,3.914e-1
3480.113636,1.4230053016e-1,3.9884532560e-1,4.0656222658e-1,6.8877141312e-2,2.3335816647e-1,6.249716950628039e-1,5.236986320311536e-1,3.6195252559e1,5.080e-1
3481.060606,2.4989136897e-1,1.7216517196e-1,7.6446542422e-2,6.0797297224e-1,1.4346732709e-1,6.249716913401560e-1,5.236986440464568e-1,3.8899801347e1,5.112e-1
3482.007576,2.8462178540e-1,3.5792051892e-2,2.2502543452e-1,4.2894168568e-1,2.7556240489e-1,6.249716811849032e-1,5.236986181687858e-1,5.1012220240e1,6.480e-1
3482.954545,2.0216217592e-1,6.3669054350e-2,2.3692367975e-1,4.3245235818e-1,3.1473607328e-1,6.249716707385504e-1,5.236986007941029e-1,5.6248501476e1,6.067e-1
3483.901515,1.2660112028e-1,8.5747971245e-2,8.0878669516e-2,6.0882954172e-1,3.4788601137e-1,6.249716570642745e-1,5.236985874578857e-1,6.4893780649e1,4.813e-1
3484.848485,6.8564314150e-2,1.6763063205e-1,1.1470047633e-2,6.0305757955e-1,3.9922070758e-1,6.249716404806765e-1,5.236985540594696e-1,7.0859396918e1,4.710e-1
3485.795455,4.6936989524e-2,1.7079380724e-1,9.5133387271e-2,6.5124872003e-1,2.8583034201e-1,6.249716230354498e-1,5.236985290459499e-1,5.8552366025e1,4.569e-1
3486.742424,6.3055724312e-2,1.8029883602e-1,4.5319129790e-2,5.0810963983e-1,4.5315988782e-1,6.249716088855342e-1,5.236984880203160e-1,7.5018652688e1,6.930e-1
3487.689394,8.5427691570e-2,1.1018728966e-2,5.1358618185e-1,5.8774811372e-1,5.2162479673e-2,6.249715978921317e-1,5.236984823588493e-1,2.9658177796e1,7.460e-1
3488.636364,9.3207535620e-2,5.0392537118e-4,4.8166445089e-1,5.1923122472e-1,1.5533603460e-1,6.249715855956777e-1,5.236984463315399e-1,4.0399338845e1,6.894e-1
3489.583333,8.3725873593e-2,1.6068243095e-2,7.8432401230e-2,8.6906149309e-1,2.0265513944e-1,6.249715752251264e-1,5.236984671586558e-1,5.4451284260e1,8.733e-1
3490.530303,5.5571806145e-2,2.0257859037e-1,5.4680022730e-1,3.8622028767e-1,5.8772211718e-2,6.249715616041798e-1,5.236983963144871e-1,2.4689237208e1,7.066e-1
3491.477273,7.2781905466e-2,3.1139182032e-1,4.4915026206e-1,3.2436770208e-1,9.2251426994e-2,6.249715584636673e-1,5.236983879806653e-1,2.6440325812e1,6.435e-1
3492.424242,1.5253684055e-1,1.3842661058e-1,8.9492798838e-2,6.3192889729e-1,2.3755796162e-1,6.249715544395437e-1,5.236983995846443e-1,5.1698207833e1,4.457e-1
3493.371212,2.3291960850e-1,9.0089311520e-2,3.8180321904e-2,4.2010858000e-1,4.6864526200e-1,6.249715419674284e-1,5.236983597080052e-1,7.4032149099e1,2.961e-1
3494.318182,2.7433705202e-1,1.8934634509e-1,3.5058734212e-1,1.3416074462e-1,3.0151158202e-1,6.249715329395671e-1,5.236983389406947e-1,4.6207186280e1,5.371e-1
3495.265152,2.7279084661e-1,6.6822470404e-1,1.0352453493e-1,1.2544506632e-1,7.9957913485e-2,6.249715326938287e-1,5.236983370028262e-1,1.6549896159e1,6.534e-1
3496.212121,4.3528723103e-1,4.0898914535e-1,2.6462152972e-1,8.6676204192e-2,5.4368956095e-2,6.249715331891909e-1,5.236983367107004e-1,1.2885459058e1,5.888e-1
3497.159091,5.0228535248e-1,4.8759610574e-1,7.0566115992e-2,7.3840030511e-2,1.1565546175e-1,6.249715332355802e-1,5.236983367341937e-1,1.8957643897e1,3.453e-1
3498.106061,5.6123583154e-1,2.8183148472e-1,2.2291420570e-1,3.4837488524e-4,1.8361316838e-1,6.249715326079006e-1,5.236983364989490e-1,2.6141228079e1,5.048e-1
3499.053030,3.7290511502e-1,6.2915243726e-1,1.8782932999e-1,4.7321912726e-2,1.2734270611e-2,6.249715328055918e-1,5.236983364080385e-1,6.0916799173e0,4.298e-1
3500.000000,2.7681249340e-1,3.3410661871e-1,3.9470176718e-1,1.7215733890e-1,7.2164846856e-2,6.249715325164050e-1,5.236983362859494e-1,1.8710368864e1,6.151e-1
3500.946970,1.9733454430e-1,2.8987151792e-1,9.7172318505e-2,1.5759588432e-1,5.0796879360e-1,6.249715293232614e-1,5.236983312714795e-1,7.1518862735e1,6.737e-1
3501.893939,1.4501391085e-1,6.1665299419e-2,4.3933394369e-1,2.7553652467e-1,3.2839336149e-1,6.249715200614600e-1,5.236983211918963e-1,5.4562028164e1,5.749e-1
3502.840909,1.4397743426e-1,3.9231703945e-2,1.7040273260e-1,3.3760549172e-1,5.5872564830e-1,6.249715054085130e-1,5.236982915576359e-1,8.3833932703e1,6.245e-1
3503.787879,1.6564271746e-1,7.6050223699e-2,3.3372250521e-1,2.0718866782e-1,4.6733888075e-1,6.249714974707707e-1,5.236982763622434e-1,6.9354115954e1,6.563e-1
3504.734848,2.1832839036e-1,1.0086386438e-1,1.0568613797e-3,3.5139045520e-1,5.7830339926e-1,6.249714852907327e-1,5.236982537859095e-1,8.5586676487e1,4.854e-1
3505.681818,2.5518944449e-1,3.6500798577e-2,1.4890440888e-1,5.1820737903e-1,2.9114091212e-1,6.249714715458512e-1,5.236982428161453e-1,5.5240504471e1,6.974e-1
3506.628788,2.0294981285e-1,4.9717248171e-2,3.7112649836e-1,4.1367606965e-1,2.1247329710e-1,6.249714630670258e-1,5.236982238196105e-1,4.3604137647e1,5.031e-1
3507.575758,1.3262520294e-1,5.6473408418e-2,6.3159032394e-2,4.8846767880e-1,5.0921757580e-1,6.249714491779605e-1,5.236981964740710e-1,8.1495347102e1,3.312e-1
3508.522727,8.3389827010e-2,7.8321727327e-2,2.7010083788e-1,4.0087701191e-1,4.1725345451e-1,6.249714293228131e-1,5.236981602002566e-1,6.8595651630e1,5.692e-1
3509.469697,3.4398511984e-2,4.3290254390e-1,2.4431214545e-1,2.5118761156e-1,2.8714203239e-1,6.249714226394898e-1,5.236981425093578e-1,4.7629685223e1,4.711e-1
3510.416667,2.9147932709e-2,6.2804540962e-1,2.4316024848e-1,3.4794255185e-1,1.6467045710e-3,6.249714236157687e-1,5.236981421927447e-1,1.4560886618e1,7.665e-1
3511.363636,9.0480852556e-2,1.7252300538e-1,6.2050512824e-1,2.2066238452e-1,1.4577147188e-1,6.249714212833309e-1,5.236981404069171e-1,3.1074272168e1,7.819e-1
3512.310606,1.3797750998e-1,1.1251122655e-1,4.7783727466e-2,2.3479470479e-1,7.1687565709e-1,6.249714129359081e-1,5.236981145729860e-1,9.9949795688e1,8.417e-1
3513.257576,1.8725874330e-1,3.0179616154e-1,5.1011351077e-1,1.0221045429e-1,1.4856393744e-1,6.249714036627265e-1,5.236981027124890e-1,2.7065048310e1,7.069e-1
3514.204545,3.0872391114e-1,7.0520534038e-1,9.8913017677e-2,8.8186054266e-2,4.8914483989e-2,6.249714037242813e-1,5.236981017004438e-1,1.1439084465e1,4.610e-1
3515.151515,5.4401465560e-1,1.4926077903e-1,3.1661171370e-1,1.7340456387e-1,6.6651093681e-2,6.249714029396224e-1,5.236981017751534e-1,1.7183708630e1,7.349e-1
3516.098485,3.5626593739e-1,4.5153431667e-1,1.0868287835e-1,8.0715699081e-2,2.5274397250e-1,6.249714019883650e-1,5.236980995443434e-1,3.6884795479e1,5.502e-1
3517.045455,1.7227348351e-1,6.0041363456e-1,1.7219506691e-1,2.6030841664e-1,4.4752202814e-2,6.249714022201062e-1,5.236981001561871e-1,1.6722675839e1,6.459e-1
3517.992424,8.0755962313e-2,2.9934234160e-1,4.4181968438e-1,1.7121225184e-1,2.5681256174e-1,6.249714009329608e-1,5.236980993124379e-1,4.2524420101e1,3.927e-1
3518.939394,3.3352016844e-2,1.5192103616e-1,2.3253825930e-1,2.3993409163e-1,5.9219737669e-1,6.249713903160669e-1,5.236980771441835e-1,8.5659979304e1,7.623e-1
3519.886364,2.1151069247e-2,1.3109079394e-1,5.4568588199e-2,2.8668414480e-1,7.5644815166e-1,6.249713739247054e-1,5.236980424221118e-1,1.0670856187e2,5.051e-1
3520.833333,2.4738999534e-2,2.7129928024e-1,5.4344348760e-2,2.2272897984e-1,6.7683110808e-1,6.249713582314709e-1,5.236980129613014e-1,9.4751432040e1,5.902e-1
3521.780303,3.9608239733e-2,2.6771044603e-1,8.0818236542e-1,6.7225077735e-2,6.7216573439e-2,6.249713511792909e-1,5.236980043569842e-1,1.7775607823e1,6.367e-1
3522.727273,5.3957106325e-2,3.4206301815e-1,4.2197220165e-1,4.2025332924e-1,1.1697043411e-2,6.249713493868311e-1,5.236980068582948e-1,1.9032210295e1,5.848e-1
3523.674242,6.0578859819e-2,1.0227109712e-1,1.0178256712e-1,7.9161175360e-1,1.9369841113e-1,6.249713443913665e-1,5.236980276209861e-1,5.1174064901e1,5.892e-1
3524.621212,5.2795366059e-2,3.1696392835e-1,3.7555398542e-1,4.2189398396e-1,8.2735403386e-2,6.249713335874112e-1,5.236979732715780e-1,2.7755496543e1,6.429e-1
3525.568182,5.5225507190e-2,8.3103515141e-1,3.0086788705e-1,3.3759837371e-2,2.9054280089e-2,6.249713315523487e-1,5.236979659563501e-1,8.8958888000e0,9.105e-1
3526.515152,1.1017002320e-1,2.7544054526e-1,1.6277935762e-1,4.1910937628e-1,2.8244335131e-1,6.249713268385418e-1,5.236979692083910e-1,5.1472449972e1,4.863e-1
3527.462121,1.7203271831e-1,7.6205181973e-2,5.9087456131e-1,3.5456538088e-1,5.6264789328e-2,6.249713159057673e-1,5.236979542088123e-1,2.3513408436e1,6.845e-1
3528.409091,1.5355446002e-1,3.5494472997e-1,1.9146121790e-2,5.4304477691e-1,1.7925253571e-1,6.249713122002885e-1,5.236979541839798e-1,4.1261593097e1,7.365e-1
3529.356061,1.6451901157e-1,6.2684704556e-2,6.7084271015e-1,3.3631270276e-1,1.5583480813e-2,6.249713049260983e-1,5.236979351376253e-1,1.8331062629e1,7.902e-1
3530.303030,1.5086357555e-1,3.6430993047e-2,3.5955326544e-1,5.5265870372e-1,1.5043605362e-1,6.249712956867970e-1,5.236979330625828e-1,3.9965613279e1,5.889e-1
3531.250000,6.8311562824e-2,4.6056123990e-1,1.0680941910e-1,4.8297902855e-1,1.3128133038e-1,6.249712903780631e-1,5.236979159560894e-1,3.4069092817e1,6.774e-1
3532.196970,3.6135166201e-2,1.0044164257e-1,5.0980730372e-1,4.3373923347e-1,1.6981922748e-1,6.249712867209459e-1,5.236979084358079e-1,3.9913925887e1,6.205e-1
3533.143939,5.1219126431e-2,9.7704588960e-2,8.3659293213e-1,2.2934439034e-1,3.5081510966e-2,6.249712744139689e-1,5.236978817368524e-1,1.8743216093e1,9.069e-1
3534.090909,1.1657205286e-1,2.6139634225e-1,2.7935169530e-3,5.8555341981e-1,2.8362720489e-1,6.249712683807676e-1,5.236978834954285e-1,5.5645418506e1,6.176e-1
3535.037879,2.3948455978e-1,7.2577716005e-2,3.4665959233e-2,5.9310497637e-1,3.1010929680e-1,6.249712540957542e-1,5.236978619472150e-1,5.9215574620e1,4.408e-1
3535.984848,3.1601967074e-1,5.1658339282e-5,7.4058318149e-2,5.4362949045e-1,3.1618334050e-1,6.249712390914739e-1,5.236978341462735e-1,5.8618190976e1,5.623e-1
3536.931818,2.2809502864e-1,1.4320678201e-1,3.2810247461e-1,3.6317643950e-1,1.8736173202e-1,6.249712283897513e-1,5.236978085868965e-1,3.8629228638e1,4.263e-1
3537.878788,1.6645756067e-1,1.4239526598e-1,5.0167979881e-1,2.7925466718e-1,1.6015515234e-1,6.249712224868617e-1,5.236977969377643e-1,3.3817466552e1,4.034e-1
3538.825758,2.1025920373e-1,1.6150662590e-2,3.8053429756e-2,4.1044409450e-1,5.7503502901e-1,6.249712097937103e-1,5.236977731813435e-1,8.7180553103e1,4.585e-1
3539.772727,1.8651608573e-1,1.0185925351e-1,5.7691273308e-1,2.5337122210e-1,1.3128309966e-1,6.249711970407039e-1,5.236977544444654e-1,2.9824394278e1,4.263e-1
3540.719697,2.3294096922e-1,3.3016197289e-2,1.0593466684e-1,4.9732807886e-1,3.8072246301e-1,6.249711876095343e-1,5.236977448731770e-1,6.5676954003e1,5.288e-1
3541.666667,2.3094535475e-1,3.8271945395e-2,4.9423016925e-2,6.0041637643e-1,3.3088564908e-1,6.249711712914562e-1,5.236977256752340e-1,6.2154087831e1,7.464e-1
3542.613636,1.9160060143e-1,3.3010392055e-2,5.3345395055e-1,4.7103693219e-1,2.0840439740e-2,6.249711579856422e-1,5.236976976236851e-1,2.2170210806e1,6.819e-1
3543.560606,1.3712623251e-1,1.2805716992e-1,1.2870781673e-2,6.8954920845e-1,2.8233889825e-1,6.249711454010221e-1,5.236976904071097e-1,5.8632597356e1,8.236e-1
3544.507576,8.5716571191e-2,1.9898876749e-1,1.1843101466e-1,5.5962718224e-1,2.8717872337e-1,6.249711294746025e-1,5.236976526745518e-1,5.6055230360e1,5.876e-1
3545.454545,9.9956510094e-2,1.7161563094e-2,2.9963052696e-1,3.8283952477e-1,4.5035412237e-1,6.249711236446112e-1,5.236976290854214e-1,7.2377538053e1,6.651e-1
3546.401515,1.0606116943e-1,5.0571127914e-3,9.1660173340e-1,1.8106504919e-1,4.1157154016e-2,6.249711094148273e-1,5.236976062095441e-1,1.8458155966e1,4.106e-1
3547.348485,9.2697472377e-2,5.7124707390e-2,4.5099380375e-1,2.8936997200e-1,3.5975624290e-1,6.249710992105642e-1,5.236975847036911e-1,5.9077186777e1,5.181e-1
3548.295455,1.2871555059e-1,2.7469355604e-1,1.1829303978e-1,3.7727311012e-1,3.5096693263e-1,6.249710945771610e-1,5.236975779895718e-1,5.8556596106e1,6.140e-1
3549.242424,2.4734979025e-1,2.5910833007e-2,3.6290399956e-1,4.3096003961e-1,1.8281750298e-1,6.249710827022432e-1,5.236975648603037e-1,4.0270090206e1,6.173e-1
3550.189394,2.7698353014e-1,8.1578854422e-3,4.9617957598e-2,6.3927775144e-1,2.7590501673e-1,6.249710706743663e-1,5.236975575060665e-1,5.6324481384e1,6.214e-1
3551.136364,2.0085175321e-1,9.3333123538e-2,1.7054496435e-3,7.0370120122e-1,2.5035058127e-1,6.249710544428688e-1,5.236975370063147e-1,5.4864048562e1,4.239e-1
3552.083333,1.1720180035e-1,8.9593381422e-2,4.1276181768e-1,5.4213156819e-1,8.8253510076e-2,6.249710388588663e-1,5.236975003041803e-1,3.2184541676e1,3.318e-1
3553.030303,6.5789247101e-2,2.4542736137e-1,2.4122399161e-2,5.6432606552e-1,3.5027698278e-1,6.249710279660494e-1,5.236974775378599e-1,6.3610616432e1,5.728e-1
3553.977273,3.1543158287e-2,1.4379821154e-1,4.5501872968e-1,4.3359851823e-1,1.8598340507e-1,6.249710114010800e-1,5.236974480163593e-1,4.1624546272e1,5.131e-1
3554.924242,1.4925381088e-2,3.8969865723e-1,1.0414545028e-1,3.3282415592e-1,4.0834836164e-1,6.249710030758308e-1,5.236974227358797e-1,6.4538986886e1,5.977e-1
3555.871212,2.0893684793e-2,1.4225462696e-1,2.3032065525e-1,3.1966511302e-1,5.3680792094e-1,6.249710004780742e-1,5.236974161571220e-1,8.1078218835e1,6.886e-1
3556.818182,5.1154621919e-2,5.0091862062e-1,5.3917980449e-1,1.4326704410e-1,1.5421893083e-2,6.249709921028380e-1,5.236973995181011e-1,1.1899400714e1,5.986e-1
3557.765152,2.1694136062e-1,6.1603923949e-1,3.0148547358e-1,9.4453083523e-2,2.1022826000e-2,6.249709916090790e-1,5.236973979357522e-1,9.4658533487e0,7.740e-1
3558.712121,4.4861672545e-1,1.1899443146e-1,5.9210178648e-2,2.9314694994e-1,3.2997369002e-1,6.249709877606098e-1,5.236973970021332e-1,5.2553313376e1,5.232e-1
3559.659091,4.1973964016e-1,1.3520665695e-1,1.8406757305e-2,4.0991257138e-1,2.6667633649e-1,6.249709811393471e-1,5.236973922674759e-1,4.7879310547e1,6.261e-1
3560.606061,2.4807182531e-1,1.1913961885e-1,6.0498548849e-1,2.7098585397e-1,6.7591645062e-3,6.249709755676788e-1,5.236973818571146e-1,1.4738919442e1,7.697e-1
3561.553030,1.3784972240e-1,1.0866267005e-1,6.5607527769e-2,5.8086072175e-1,3.5696128975e-1,6.249709658591439e-1,5.236973807891999e-1,6.5089698607e1,6.801e-1
3562.500000,1.1132108185e-1,1.0130014177e-1,5.0842558647e-1,3.0366856021e-1,2.2522654609e-1,6.249709582001973e-1,5.236973554076081e-1,4.2872057343e1,6.447e-1
3563.446970,1.7741404258e-1,9.2833781537e-2,4.4655288510e-1,3.3251063984e-1,2.0063054204e-1,6.249709455524988e-1,5.236973361591272e-1,4.0167847521e1,6.621e-1
3564.393939,3.2752857394e-1,1.5655280818e-1,9.2591273548e-2,3.3849132339e-1,3.3477790530e-1,6.249709421799894e-1,5.236973269756465e-1,5.4900894318e1,5.095e-1
3565.340909,4.5119529789e-1,5.9082691097e-2,1.1180590505e-2,4.4631870298e-1,2.8216458604e-1,6.249709342555101e-1,5.236973198399647e-1,5.0832473263e1,4.603e-1
3566.287879,3.1057054143e-1,2.5436885926e-1,2.3389590860e-1,3.4214669151e-1,1.0895985729e-1,6.249709290414799e-1,5.236973078879406e-1,2.7430746120e1,3.961e-1
3567.234848,8.4029078220e-2,7.9617969836e-1,2.9776311691e-1,5.0808807765e-2,2.1161155407e-2,6.249709283303064e-1,5.236973011503203e-1,8.3509886116e0,7.597e-1
3568.181818,9.0339647700e-2,2.0439493272e-1,2.7781317113e-1,3.4250280930e-1,3.3489128956e-1,6.249709252058528e-1,5.236973021477757e-1,5.6502640020e1,5.619e-1
3569.128788,1.5792466034e-1,3.7881539730e-2,6.4662192996e-1,2.3320231829e-1,1.7431137492e-1,6.249709116186231e-1,5.236972796790763e-1,3.5102031024e1,5.654e-1
3570.075758,1.8447250850e-1,6.5099430899e-2,8.3261190855e-2,4.8295569709e-1,4.3415298580e-1,6.249709065716864e-1,5.236972759739060e-1,7.1914689132e1,2.862e-1
3571.022727,2.2887843944e-1,3.9280912229e-1,2.7610299068e-1,2.4197524297e-1,1.1017600280e-1,6.249708990898818e-1,5.236972554572137e-1,2.4954617523e1,6.259e-1
3571.969697,4.4610709627e-1,3.8525345476e-1,2.5143490387e-1,3.7055507751e-2,1.3009083576e-1,6.249708992035394e-1,5.236972507886563e-1,2.0842442914e1,4.593e-1
3572.916667,6.9501468225e-1,3.5194438223e-1,5.4400256695e-2,9.6910965657e-2,5.1671512372e-2,6.249708995989073e-1,5.236972507630129e-1,1.1201702644e1,8.130e-1
3573.863636,6.9915236428e-1,3.5332819088e-1,5.6405242180e-2,8.3787860262e-2,5.7268141788e-2,6.249708996953527e-1,5.236972505915614e-1,1.1519008179e1,7.935e-1
3574.810606,4.4954981079e-1,3.9941260668e-1,3.5884279027e-1,7.6307970891e-3,3.4505794180e-2,6.249708995016203e-1,5.236972505065756e-1,8.5552696028e0,4.300e-1
3575.757576,2.0094617335e-1,5.4386340231e-1,2.8438112698e-1,3.0084273745e-2,1.9066682185e-1,6.249708991270714e-1,5.236972505783636e-1,2.8831298864e1,6.552e-1
3576.704545,8.4181878101e-2,3.6726041889e-1,2.0135652738e-1,3.0348269061e-1,2.9366028177e-1,6.249708983767950e-1,5.236972508176165e-1,4.9687426162e1,3.164e-1
3577.651515,3.8380046177e-2,8.9986520406e-2,2.6336500516e-1,6.2733502820e-1,2.3087517608e-1,6.249708880098276e-1,5.236972502433841e-1,5.1932826545e1,4.373e-1
3578.598485,2.9442980588e-2,1.1266820305e-1,1.2881597388e-1,6.6015057052e-1,3.1886400775e-1,6.249708678969595e-1,5.236972154326267e-1,6.3209996936e1,6.303e-1
3579.545455,4.0969820741e-2,3.3404780232e-1,1.7772014077e-1,5.6930678711e-1,1.2789716611e-1,6.249708585253605e-1,5.236971867926284e-1,3.6698996091e1,7.543e-1
3580.492424,7.2703339277e-2,6.3802605699e-1,4.1203952322e-1,8.9010116352e-2,3.8162680455e-2,6.249708581449913e-1,5.236971703341908e-1,1.2341866791e1,7.941e-1
3581.439394,1.5997160537e-1,4.6327229437e-1,2.4482837141e-1,1.1648220192e-1,2.6538724028e-1,6.249708566762181e-1,5.236971693269624e-1,4.0662154581e1,4.223e-1
3582.386364,3.0167223799e-1,1.9511842251e-1,5.9272863320e-2,5.1141233023e-1,1.8246584753e-1,6.249708507879750e-1,5.236971759438621e-1,4.0736078922e1,4.932e-1
3583.333333,3.8961955518e-1,4.6691542325e-2,3.2766357093e-2,4.8372293222e-1,2.9714129657e-1,6.249708416964977e-1,5.236971609397032e-1,5.4063543512e1,4.880e-1
3584.280303,2.5536119040e-1,4.0963416003e-1,2.0485632130e-1,1.9586955096e-1,1.8422044976e-1,6.249708362248969e-1,5.236971412865126e-1,3.2433842686e1,3.491e-1
3585.227273,1.0069891640e-1,7.5086936593e-1,2.1240125840e-1,1.4858112635e-1,3.7391007169e-2,6.249708371251499e-1,5.236971391433289e-1,1.2791943218e1,6.999e-1
3586.174242,6.5122018263e-2,1.6219641445e-1,1.9772318923e-1,3.6494380023e-1,4.5995624554e-1,6.249708338587729e-1,5.236971387996944e-1,7.2491340389e1,5.528e-1
3587.121212,4.3797876668e-2,2.5351580937e-1,6.4630160047e-1,9.0706356758e-2,2.1561999958e-1,6.249708214226145e-1,5.236971140715251e-1,3.6201306724e1,4.511e-1
3588.068182,1.4743685268e-2,7.2131660814e-1,3.8312536245e-1,1.2861671653e-1,2.1392720567e-3,6.249708222246608e-1,5.236971139679394e-1,8.9045697107e0,6.762e-1
3589.015152,4.1055408131e-3,4.3419243341e-1,2.3177039661e-1,4.4011990007e-1,1.3975336946e-1,6.249708201835145e-1,5.236971205558969e-1,3.4696868904e1,5.776e-1
3589.962121,1.8545415576e-3,1.1092663710e-1,7.9747813765e-2,8.2844917909e-1,2.2896344392e-1,6.249708077170590e-1,5.236971391464497e-1,5.6678457608e1,8.340e-1
3590.909091,1.4428952151e-3,2.7239026887e-1,3.2288911523e-1,6.3516033679e-1,1.8058966059e-2,6.249707910805331e-1,5.236970788571004e-1,2.5765293340e1,7.966e-1
3591.856061,2.3067969556e-3,6.4863907731e-1,4.2270865557e-1,2.5027053847e-2,1.5125999109e-1,6.249707873862618e-1,5.236970521089659e-1,2.4842245381e1,5.365e-1
3592.803030,5.4456912041e-3,2.1268638547e-1,5.7588154340e-1,4.0296631940e-1,5.2961624863e-2,6.249707821655562e-1,5.236970569702394e-1,2.4709158167e1,5.687e-1
3593.750000,1.0671442306e-2,1.4115071530e-1,5.2329120130e-1,4.3204166264e-1,1.4278651272e-1,6.249707671335653e-1,5.236970343999005e-1,3.6575973595e1,6.200e-1
3594.696970,3.5953363676e-2,6.4636583776e-1,2.6748775876e-1,1.8391762824e-1,1.1621694081e-1,6.249707646246336e-1,5.236970157899593e-1,2.4211742955e1,4.350e-1
3595.643939,1.2131299877e-1,4.2081946403e-1,1.4904681178e-1,2.4428103798e-1,3.1448121219e-1,6.249707623733995e-1,5.236970138132534e-1,5.0165258298e1,3.482e-1
3596.590909,2.3138923206e-1,4.3461227194e-2,1.4427123055e-1,4.0595673018e-1,4.2486308393e-1,6.249707519613761e-1,5.236970026754085e-1,6.8729877024e1,5.426e-1
3597.537879,2.8109961148e-1,4.3512544015e-4,2.3073304512e-1,3.9555290566e-1,3.4212078855e-1,6.249707381303901e-1,5.236969797579878e-1,5.8436438334e1,6.276e-1
3598.484848,1.8948823011e-1,1.8649017229e-1,2.5851612297e-1,4.3685010142e-1,1.7859683238e-1,6.249707295814938e-1,5.236969697592612e-1,3.9375451234e1,6.607e-1
3599.431818,1.3712104678e-1,6.7752090955e-2,5.0556567019e-1,4.9644978930e-1,4.3052842926e-2,6.249707200778858e-1,5.236969595740953e-1,2.5645747219e1,6.940e-1
3600.378788,1.1580925510e-1,1.1811906630e-1,3.6857468870e-2,7.4330682048e-1,2.3584880102e-1,6.249707058844908e-1,5.236969542856269e-1,5.4563467296e1,7.565e-1
3601.325758,1.1550433696e-1,2.1914862659e-1,3.8020587324e-1,4.5033681317e-1,8.4745736204e-2,6.249706930820580e-1,5.236969074989817e-1,2.8795928663e1,3.516e-1
3602.272727,2.3718748362e-1,1.5697649707e-1,1.2719858746e-1,5.2918811018e-1,1.9939069969e-1,6.249706890096631e-1,5.236969030957758e-1,4.3906164522e1,4.807e-1
3603.219697,3.6942287655e-1,4.3673164109e-2,2.0469659595e-3,6.4000023780e-1,1.9479811325e-1,6.249706788332907e-1,5.236968958148209e-1,4.5702599599e1,5.107e-1
3604.166667,3.4163932254e-1,7.6148641799e-2,2.0480418152e-3,5.8984674417e-1,2.4025858613e-1,6.249706682285239e-1,5.236968746612138e-1,4.9967696117e1,5.551e-1
3605.113636,2.2159089334e-1,9.8452997328e-2,3.0019146959e-1,4.7275026307e-1,1.5695569131e-1,6.249706573193872e-1,5.236968515735688e-1,3.7927570104e1,6.813e-1
3606.060606,1.8993897275e-1,2.2967271969e-1,9.2047891242e-3,5.3845319379e-1,2.8267162172e-1,6.249706485425539e-1,5.236968388448147e-1,5.4040423021e1,6.920e-1
3607.007576,2.4870346620e-1,1.0034643717e-1,1.9056375870e-1,3.6767832810e-1,3.4264928724e-1,6.249706387022338e-1,5.236968141291811e-1,5.7474369943e1,5.656e-1
3607.954545,2.3787214072e-1,4.7300291484e-2,2.3483302915e-1,4.8478360373e-1,2.4515219728e-1,6.249706311866756e-1,5.236968111794296e-1,4.8984757458e1,4.270e-1
3608.901515,1.2300995496e-1,2.4111428966e-1,6.6942094577e-2,4.8988802168e-1,3.2898687858e-1,6.249706197256192e-1,5.236967883176743e-1,5.8866007465e1,4.861e-1
3609.848485,5.2852897919e-2,5.1828271346e-1,6.0953975236e-1,5.8492181888e-2,1.0773686003e-2,6.249706158181531e-1,5.236967701593096e-1,9.1900915236e0,3.475e-1
3610.795455,1.4056281119e-1,2.3106745761e-1,7.1760403002e-1,1.2934453748e-1,3.1362391533e-2,6.249706139125430e-1,5.236967685085376e-1,1.4426659876e1,4.475e-1
3611.742424,2.2545970287e-1,5.9136412299e-2,1.8537835261e-1,3.3857302353e-1,4.4139372035e-1,6.249706058325710e-1,5.236967560971094e-1,6.9046762455e1,4.263e-1
3612.689394,2.7948954171e-1,3.8606705554e-1,1.8470703345e-1,1.7753342603e-1,2.2214414823e-1,6.249706024776189e-1,5.236967472368446e-1,3.6505055755e1,3.635e-1
3613.636364,4.3827832340e-1,3.4387945775e-1,2.4992350533e-1,6.2534543655e-4,2.1723457159e-1,6.249706017581848e-1,5.236967440238993e-1,3.0732322338e1,4.865e-1
3614.583333,5.6662946094e-1,3.1146367878e-1,1.3317393079e-1,4.1859686136e-2,1.9681444640e-1,6.249706015273311e-1,5.236967436149045e-1,2.8503392630e1,4.317e-1
3615.530303,5.0886542413e-1,4.2995924600e-1,3.8483751274e-2,1.7229973386e-1,1.0033304706e-1,6.249706011597851e-1,5.236967438509020e-1,1.9778442721e1,6.033e-1
3616.477273,3.7934191372e-1,4.5453495611e-1,4.1753628201e-2,2.7186567806e-1,1.0244502415e-1,6.249706001211668e-1,5.236967445268291e-1,2.3245434684e1,6.200e-1
3617.424242,2.8023422668e-1,1.4220141372e-1,6.2194753264e-1,1.7687274636e-1,2.8685276646e-2,6.249705980221812e-1,5.236967426027020e-1,1.4731743496e1,5.988e-1
3618.371212,1.5517499981e-1,2.2053918210e-1,2.5866571895e-2,3.4560104557e-1,5.0275938247e-1,6.249705909215437e-1,5.236967312718451e-1,7.6138032854e1,4.837e-1
3619.318182,5.7151217578e-2,4.2023239620e-1,6.5376451052e-1,6.7517515056e-2,5.1275530095e-2,6.249705847207611e-1,5.236967189643842e-1,1.4822984819e1,6.722e-1
3620.265152,3.4685082218e-2,4.3220163123e-1,6.6240587157e-1,1.1425726712e-1,6.3913147314e-3,6.249705834363849e-1,5.236967182824663e-1,1.0655313609e1,6.314e-1
3621.212121,7.0638770702e-2,9.8570125082e-2,2.6402475896e-1,4.0331359541e-1,4.1339390083e-1,6.249705754891850e-1,5.236967118714481e-1,6.8165112067e1,3.983e-1
3622.159091,1.3884902791e-1,4.3685796261e-1,9.4523836084e-2,2.9045230174e-1,2.8925801751e-1,6.249705729271046e-1,5.236967013620962e-1,4.8018831025e1,5.957e-1
3623.106061,2.7751051003e-1,8.8043210304e-2,6.5599032948e-1,1.9335560044e-1,3.5041486588e-2,6.249705684217010e-1,5.236966939530990e-1,1.6235453809e1,7.486e-1
3624.053030,2.3601816100e-1,2.2018256475e-1,3.6976078257e-2,5.2544023177e-1,2.3132408967e-1,6.249705627246163e-1,5.236966961928895e-1,4.7277753731e1,6.654e-1
3625.000000,2.3371358226e-1,2.4571247789e-1,2.6199214241e-2,5.1633682581e-1,2.2797901026e-1,6.249705552293146e-1,5.236966844068811e-1,4.6521967200e1,6.414e-1
3625.946970,2.7714242160e-1,1.1561162558e-1,6.4996439095e-1,1.6083094391e-1,4.6391714471e-2,6.249705482492468e-1,5.236966626790207e-1,1.6654239247e1,7.319e-1
3626.893939,1.5065830079e-1,4.9240119969e-1,1.3891311804e-1,2.0391851193e-1,2.6404996304e-1,6.249705467450835e-1,5.236966601070256e-1,4.2495224145e1,6.348e-1
3627.840909,8.0535334382e-2,2.8002122439e-1,1.3209060985e-1,3.4090848588e-1,4.1638543491e-1,6.249705447070667e-1,5.236966591563286e-1,6.5863442212e1,4.905e-1
3628.787879,3.2913234198e-2,4.0306718876e-1,1.5476608605e-1,3.6714615710e-1,2.9204840618e-1,6.249705361465645e-1,5.236966472567184e-1,5.1191592701e1,3.931e-1
3629.734848,1.0328486321e-2,7.0653927086e-1,1.4065380623e-1,3.4939398684e-1,4.3025522503e-2,6.249705363774526e-1,5.236966431615214e-1,1.9231347694e1,7.297e-1
3630.681818,3.5015024511e-3,1.3246406581e-1,3.3715116976e-1,5.8171006240e-1,1.9511426670e-1,6.249705335586950e-1,5.236966572586721e-1,4.6553236375e1,4.411e-1
3631.628788,3.4883289769e-3,3.1682580647e-1,6.7433546959e-1,1.7626316223e-1,7.9028277501e-2,6.249705223852177e-1,5.236966173928026e-1,2.1786120246e1,4.946e-1
3632.575758,1.3504450784e-2,4.8130534453e-1,6.5712799127e-1,6.6865119539e-3,9.1316743901e-2,6.249705212234766e-1,5.236966153399666e-1,1.8128898447e1,5.723e-1
3633.522727,3.6188562094e-2,3.5250561041e-1,5.6625827171e-2,3.4808400475e-1,4.5653702560e-1,6.249705150148975e-1,5.236966104946634e-1,7.0751539548e1,5.484e-1
3634.469697,7.8185702256e-2,1.0598736917e-1,2.5817427482e-1,3.5344357107e-1,4.5415008007e-1,6.249704986932503e-1,5.236965874979509e-1,7.1757866312e1,5.442e-1
3635.416667,1.0310424293e-1,3.3425664922e-3,1.5823022315e-1,3.2439596912e-1,6.6086798618e-1,6.249704939368832e-1,5.236965717704938e-1,9.6295852282e1,4.155e-1
3636.363636,1.0556184804e-1,1.4587184744e-3,8.0663712286e-1,2.4476080713e-1,9.1522463372e-2,6.249704799412246e-1,5.236965560024437e-1,2.6056016484e1,2.503e-1
3637.310606,8.2887554843e-2,6.2700094077e-2,5.3281372694e-1,3.1366073883e-1,2.5787882403e-1,6.249704693583320e-1,5.236965326081399e-1,4.7474986899e1,4.600e-1
3638.257576,3.2160410450e-2,5.2217230853e-1,1.5297711725e-1,2.4947221191e-1,2.9315888391e-1,6.249704660249457e-1,5.236965231519866e-1,4.7791689682e1,4.479e-1
3639.204545,3.7331550918e-2,2.5182688503e-1,2.3769505789e-1,2.5737791784e-1,4.6570951220e-1,6.249704619377906e-1,5.236965182305828e-1,7.0270790941e1,3.209e-1
3640.151515,9.4525295175e-2,2.3349955299e-1,1.2565629770e-1,2.5253608466e-1,5.4372367021e-1,6.249704503656055e-1,5.236964962452746e-1,7.9197296631e1,7.316e-1
3641.098485,2.0649806115e-1,4.3967291693e-1,2.8981803358e-1,8.3180756776e-2,2.3077112469e-1,6.249704465611591e-1,5.236964914479177e-1,3.5501627310e1,4.299e-1
3642.045455,4.2468292045e-1,3.1721319421e-1,3.5518959021e-1,2.5261280410e-2,1.2759390571e-1,6.249704454920526e-1,5.236964893178232e-1,2.0828665474e1,3.628e-1
3642.992424,5.8034148728e-1,3.8591624348e-1,3.3351348298e-2,1.6409640695e-3,2.4869084741e-1,6.249704452706470e-1,5.236964894775046e-1,3.3213753336e1,5.659e-1
3643.939394,6.0364116726e-1,3.3361784381e-1,5.9636401210e-2,3.8619344941e-2,2.1442613326e-1,6.249704452394651e-1,5.236964894392974e-1,3.0128511576e1,6.001e-1
3644.886364,4.1221810718e-1,5.7386958533e-1,6.5976207271e-2,2.6345657407e-2,1.7153133312e-1,6.249704451532268e-1,5.236964892628040e-1,2.4680729559e1,7.556e-1
3645.833333,3.5792774978e-1,1.9187613562e-1,3.6867798571e-1,9.4259370840e-2,2.3719964554e-1,6.249704437507647e-1,5.236964883590315e-1,3.6889994528e1,5.924e-1
3646.780303,2.0284924923e-1,1.9567012421e-1,3.0336645861e-1,2.6132296148e-1,2.8673208296e-1,6.249704382465798e-1,5.236964826503552e-1,4.7983737929e1,5.508e-1
3647.727273,1.0763321754e-1,5.9729011753e-2,2.4814187458e-1,3.3909516136e-1,4.9534159502e-1,6.249704301244643e-1,5.236964668409800e-1,7.6413178954e1,6.048e-1
3648.674242,6.9191496808e-2,7.0429115736e-2,3.8802217266e-1,3.0482612742e-1,4.1747190871e-1,6.249704106647118e-1,5.236964334142210e-1,6.6470471753e1,6.085e-1
3649.621212,4.8189716230e-2,4.7252445966e-1,1.5457841366e-1,1.8048741014e-1,3.9416081291e-1,6.249704063063677e-1,5.236964209419361e-1,5.8433952264e1,6.862e-1
3650.568182,4.1191168728e-2,6.3333389690e-1,2.5318981394e-1,2.6631103684e-1,5.5914896572e-2,6.249704064935815e-1,5.236964209999371e-1,1.8991841830e1,2.818e-1
3651.515152,4.8274362565e-2,1.7737504643e-1,7.1942751727e-1,2.4854092278e-1,5.6322960034e-2,6.249704045400152e-1,5.236964219556123e-1,2.1296955826e1,3.522e-1
3652.462121,4.7294298892e-2,1.8341121617e-1,3.6309207097e-1,2.1893542702e-1,4.3720777881e-1,6.249703959317460e-1,5.236963998381228e-1,6.6263735502e1,4.829e-1
3653.409091,4.5738373520e-2,8.5754052430e-1,2.1631106564e-1,2.9708280764e-2,1.0064254385e-1,6.249703940342293e-1,5.236963963177490e-1,1.7301349357e1,4.020e-1
3654.356061,8.7158230947e-2,2.9675774128e-1,2.0293496387e-1,4.7277246407e-1,1.9031737889e-1,6.249703895277372e-1,5.236964044889778e-1,4.1749917657e1,3.873e-1
3655.303030,1.4165960167e-1,6.2932802323e-2,5.3706790471e-1,2.8061394752e-1,2.2766650008e-1,6.249703781549645e-1,5.236963791738550e-1,4.2614196974e1,6.248e-1
3656.250000,1.2711458783e-1,2.0322547228e-1,4.0253842400e-2,5.3903615347e-1,3.4031069112e-1,6.249703735487544e-1,5.236963806693590e-1,6.1600964352e1,4.669e-1
3657.196970,1.3218094904e-1,3.0573943190e-1,1.3744022233e-2,4.0581252439e-1,3.9246379916e-1,6.249703633609656e-1,5.236963546745497e-1,6.4008888589e1,5.031e-1
3658.143939,1.7900809273e-1,2.2270473264e-1,7.7362174031e-1,6.3316807821e-2,1.1289343065e-2,6.249703582821957e-1,5.236963415624498e-1,1.0195061197e1,4.155e-1
3659.090909,1.8149749897e-1,3.6314729186e-1,3.5117330899e-1,2.2732481909e-1,1.2679779348e-1,6.249703562009905e-1,5.236963400086709e-1,2.7130941582e1,5.301e-1
3660.037879,1.6370444035e-1,2.7051259370e-1,8.6872654293e-2,5.6686493396e-1,1.6198608523e-1,6.249703537637870e-1,5.236963505554054e-1,4.0191755438e1,6.311e-1
3660.984848,1.3788863662e-1,1.8522459689e-1,1.6154843078e-1,5.9125697159e-1,1.7402205125e-1,6.249703435645811e-1,5.236963387401143e-1,4.2926826609e1,4.162e-1
3661.931818,2.0424540771e-1,9.3594201819e-2,6.6214156396e-2,6.4411531812e-1,2.4177157746e-1,6.249703307496168e-1,5.236963218518403e-1,5.2377476453e1,2.884e-1
3662.878788,3.0567688463e-1,4.8891907507e-2,2.5326147072e-1,5.6411235572e-1,7.7998020155e-2,6.249703193682794e-1,5.236962962017517e-1,3.0312055986e1,5.197e-1
3663.825758,3.6454584034e-1,4.9432813993e-2,5.1898122564e-2,5.9589982316e-1,1.8816402163e-1,6.249703108481132e-1,5.236962831932335e-1,4.3850112639e1,7.550e-1
3664.772727,2.8344064989e-1,1.4262070576e-1,9.7781131743e-3,4.5676566124e-1,3.5733547197e-1,6.249703010183458e-1,5.236962565235802e-1,6.0860628214e1,5.476e-1
3665.719697,2.0060064591e-1,1.1773175123e-1,3.5554831107e-1,2.2434210492e-1,3.5171776904e-1,6.249702910876522e-1,5.236962341010319e-1,5.5378972109e1,5.495e-1
3666.666667,1.2638469675e-1,9.3547311161e-2,1.2723703456e-1,4.1694671783e-1,4.8582481091e-1,6.249702856075388e-1,5.236962291763811e-1,7.6796054015e1,6.969e-1
3667.613636,6.9340128194e-2,3.0027108521e-1,5.6343785707e-1,1.5338311894e-1,1.6350835775e-1,6.249702735774082e-1,5.236962036324798e-1,3.0980044689e1,5.534e-1
3668.560606,1.5802398875e-1,5.2346486090e-1,4.2633243397e-1,5.5996982983e-2,8.6122280063e-2,6.249702733333926e-1,5.236962017946043e-1,1.7352156491e1,6.227e-1
3669.507576,3.8960243873e-1,2.1358916025e-1,1.0813913114e-1,3.9681644774e-1,1.4179336622e-1,6.249702720372177e-1,5.236962052214941e-1,3.2334769793e1,4.383e-1
3670.454545,4.6825410988e-1,1.4800002042e-1,1.3176689841e-1,2.3676085486e-1,2.6515865328e-1,6.249702684199288e-1,5.236961953117869e-1,4.3100917258e1,6.243e-1
3671.401515,2.3839309154e-1,7.3251391788e-1,1.9678299631e-1,7.9836731022e-2,2.4137984094e-3,6.249702675783738e-1,5.236961911784139e-1,6.0222299411e0,5.920e-1
3672.348485,1.0861337948e-1,3.8441695665e-1,4.4128061617e-1,2.8050999659e-1,3.5119585096e-2,6.249702669964701e-1,5.236961942826815e-1,1.7825012316e1,4.711e-1
3673.295455,9.1570174229e-2,1.1881240644e-1,2.4972991774e-1,3.1121482617e-1,4.7861319289e-1,6.249702587317302e-1,5.236961807089844e-1,7.3502612370e1,5.250e-1
3674.242424,5.1082221773e-2,5.0226161943e-1,1.1529048590e-1,2.2013110186e-1,3.6117507912e-1,6.249702540418651e-1,5.236961728488821e-1,5.5226993624e1,5.171e-1
3675.189394,2.4475758842e-2,1.1544607281e-1,6.9611858427e-1,1.5956824711e-1,2.5433183430e-1,6.249702486691405e-1,5.236961663828972e-1,4.3472737397e1,4.952e-1
3676.136364,1.4065578773e-2,1.6163104068e-1,8.0884802912e-1,1.2321202813e-1,1.4218379747e-1,6.249702370848124e-1,5.236961456716629e-1,2.8943390080e1,3.655e-1
3677.083333,9.0832046556e-3,5.2704965721e-1,3.3363553071e-1,1.5083369132e-1,2.2933838755e-1,6.249702357195722e-1,5.236961423480723e-1,3.7909716891e1,6.330e-1
3678.030303,2.3033784282e-2,2.5045437457e-1,8.7504858326e-2,4.9203667342e-1,3.9691077274e-1,6.249702316693597e-1,5.236961439845237e-1,6.7762216968e1,5.431e-1
3678.977273,5.9204215960e-2,4.0113904420e-1,3.8733356476e-1,3.3489998491e-1,6.7363640424e-2,6.249702251295947e-1,5.236961248418872e-1,2.3269894206e1,4.867e-1
3679.924242,1.9073559924e-1,6.5070784132e-1,2.9382129667e-1,3.5156125547e-2,7.9519585344e-2,6.249702240618779e-1,5.236961194552385e-1,1.5050856797e1,7.411e-1
3680.871212,3.8060266197e-1,2.3101343191e-1,4.2011451155e-2,2.6163062763e-1,3.3468227181e-1,6.249702222399952e-1,5.236961195473948e-1,5.2199930680e1,5.498e-1
3681.818182,4.6887657045e-1,1.1326593199e-1,7.8565906287e-2,3.2337358067e-1,2.6585844375e-1,6.249702165731316e-1,5.236961140119474e-1,4.5467332781e1,6.827e-1
3682.765152,3.0809545577e-1,2.2866929340e-1,4.2472864959e-1,2.7069603988e-1,1.7750987185e-2,6.249702129094562e-1,5.236961082060503e-1,1.4943615147e1,6.445e-1
3683.712121,1.3157524882e-1,2.6570056092e-1,5.0361338536e-1,3.3740394478e-1,1.1647279284e-2,6.249702095781797e-1,5.236961061617008e-1,1.6913873810e1,7.090e-1
3684.659091,1.5029192551e-1,3.8882658764e-2,5.9150877408e-2,6.3311888055e-1,3.6849605335e-1,6.249701977903391e-1,5.236961039566138e-1,6.8053417306e1,7.953e-1
3685.606061,1.3771312552e-1,1.6142922519e-1,4.8349986818e-1,2.9540327485e-1,1.7189487925e-1,6.249701864943745e-1,5.236960672000143e-1,3.5715163298e1,6.940e-1
3686.553030,1.9934127399e-1,9.2245080904e-2,3.6725142483e-1,3.5301434578e-1,2.3808822720e-1,6.249701763506248e-1,5.236960522417936e-1,4.4993924344e1,6.045e-1
3687.500000,2.4136200977e-1,4.2217286217e-2,8.9344567831e-2,4.2974694133e-1,4.4726952541e-1,6.249701652805933e-1,5.236960329055829e-1,7.1922273495e1,6.506e-1
3688.446970,2.3122852115e-1,4.1505192942e-2,1.4369991506e-2,5.1228812175e-1,4.5054846972e-1,6.249701485311311e-1,5.236960103783771e-1,7.4377008598e1,6.287e-1
3689.393939,1.5733027155e-1,1.7035991330e-1,1.2903225270e-1,4.9502569759e-1,2.9819213219e-1,6.249701336696070e-1,5.236959871963199e-1,5.5461058228e1,4.388e-1
3690.340909,1.6258980990e-1,3.2548477309e-2,4.2495594024e-1,5.0284530282e-1,1.2700072115e-1,6.249701257098458e-1,5.236959775667837e-1,3.5893181379e1,5.538e-1
3691.287879,1.6901536222e-1,1.7517744548e-2,5.9645577316e-1,4.1955767362e-1,4.7393670198e-2,6.249701118741716e-1,5.236959498655106e-1,2.4383424697e1,7.509e-1
3692.234848,1.4146592516e-1,1.4362730697e-1,4.3609682643e-2,5.5917559823e-1,3.6206169281e-1,6.249701029015363e-1,5.236959379939001e-1,6.4944380860e1,4.753e-1
3693.181818,1.7380667471e-1,6.6819811811e-2,1.8317740016e-1,4.5640183958e-1,3.6973444460e-1,6.249700854314914e-1,5.236959048365719e-1,6.3616829938e1,4.632e-1
3694.128788,1.7956927550e-1,8.7464917708e-2,2.5743736608e-1,3.6036350542e-1,3.6510508797e-1,6.249700763425212e-1,5.236958845717034e-1,6.0589296836e1,3.291e-1
3695.075758,1.9446018698e-1,6.6323906340e-2,8.9245311664e-3,4.8964625070e-1,4.9058524580e-1,6.249700604913129e-1,5.236958620955082e-1,7.8764865640e1,6.970e-1
3696.022727,1.8844464538e-1,8.9645503274e-2,3.0641474316e-1,4.6608745342e-1,1.9934774339e-1,6.249700443139968e-1,5.236958395219301e-1,4.3156140938e1,4.087e-1
3696.969697,2.1872591600e-1,1.4432006620e-1,4.6362697057e-1,3.7818592859e-1,4.5081192155e-2,6.249700367521748e-1,5.236958222001813e-1,2.1979361166e1,4.676e-1
3697.916667,3.0880488499e-1,3.4836661423e-4,5.0460071873e-2,6.3723075670e-1,2.5309597540e-1,6.249700277894419e-1,5.236958232071656e-1,5.3346448817e1,5.557e-1
3698.863636,2.5188737644e-1,3.4445760406e-2,3.6318295834e-1,5.0501761043e-1,9.5406322643e-2,6.249700141258002e-1,5.236957928333257e-1,3.1472871708e1,5.338e-1
3699.810606,1.4680926665e-1,2.8461590294e-1,2.8028698299e-2,5.3033096263e-1,2.6015518106e-1,6.249700057930206e-1,5.236957768218073e-1,5.1137320005e1,6.277e-1
3700.757576,7.4910775045e-2,1.1537743913e-1,7.9250679632e-1,2.4348892213e-1,2.3656061498e-2,6.249699970584486e-1,5.236957535654654e-1,1.7427886016e1,4.893e-1
3701.704545,5.3501145716e-2,3.3954437880e-2,5.4315467350e-1,4.2304309137e-1,1.9628662676e-1,6.249699876163515e-1,5.236957461853230e-1,4.3101963986e1,6.432e-1
3702.651515,3.5833132412e-2,1.8368640422e-1,7.1016372895e-2,4.7087839748e-1,4.8852565306e-1,6.249699800318402e-1,5.236957279264246e-1,7.8552812669e1,5.644e-1
3703.598485,4.9774070041e-2,5.7710734460e-1,4.1368899362e-1,1.5612946192e-1,5.3240078466e-2,6.249699743245665e-1,5.236957077037634e-1,1.6299486498e1,3.844e-1
3704.545455,2.2753843469e-1,4.4928591020e-1,5.0090330394e-1,7.0570782363e-2,1.6415171201e-3,6.249699741547899e-1,5.236957066491628e-1,7.4879466962e0,4.716e-1
3705.492424,3.8802541658e-1,1.2920857619e-1,3.2046638855e-2,4.3169170465e-1,2.6896760492e-1,6.249699705943298e-1,5.236957095710204e-1,4.8950790950e1,5.775e-1
3706.439394,4.0445969574e-1,1.6777257662e-1,3.0975643454e-3,4.5640174292e-1,2.1820834957e-1,6.249699646005987e-1,5.236957021503016e-1,4.3098080034e1,5.910e-1
3707.386364,3.7405358090e-1,7.0008549661e-2,3.5258450189e-1,3.2472443780e-1,1.2856884565e-1,6.249699579526863e-1,5.236956891144927e-1,2.9995714157e1,3.574e-1
3708.333333,2.8723855202e-1,5.9646365565e-2,6.6041280237e-2,4.8121138449e-1,3.5580231770e-1,6.249699500041866e-1,5.236956827785879e-1,6.1732703218e1,5.297e-1
3709.280303,1.8275228026e-1,5.8947858266e-2,7.4102699659e-1,2.5506915036e-1,1.2143592822e-2,6.249699391494805e-1,5.236956606876686e-1,1.5854080522e1,7.238e-1
3710.227273,1.2600063005e-1,4.2639039595e-2,2.2549166704e-1,5.4401197490e-1,3.1179654955e-1,6.249699305705280e-1,5.236956585053938e-1,5.9270553270e1,3.489e-1
3711.174242,1.0798237079e-1,1.7770598738e-2,1.5617044929e-1,6.0189178402e-1,3.6612464027e-1,6.249699215573922e-1,5.236956473880328e-1,6.7463387020e1,6.049e-1
3712.121212,1.1006275062e-1,3.6976199134e-3,6.2982881133e-1,3.0241438421e-1,2.0393625383e-1,6.249699099548625e-1,5.236956131298585e-1,4.0882157891e1,6.750e-1
3713.068182,1.0010906115e-1,2.5331437834e-2,9.0379410451e-1,2.0767124220e-1,1.3033948266e-2,6.249698969777845e-1,5.236955916801087e-1,1.5644895371e1,5.130e-1
3714.015152,5.9903859191e-2,2.3886903771e-1,3.5246559814e-2,4.5493299925e-1,4.6098732206e-1,6.249698890130930e-1,5.236955782833980e-1,7.4353895683e1,6.103e-1
3714.962121,6.1113099341e-2,3.0961113703e-1,5.1630087129e-1,1.5368187889e-1,2.0923277256e-1,6.249698795577714e-1,5.236955564900176e-1,3.6479800806e1,3.399e-1
3715.909091,1.7943447920e-1,3.7001452801e-1,8.4759171361e-2,2.9768307552e-1,3.1804850071e-1,6.249698774063498e-1,5.236955541095935e-1,5.1743886174e1,6.031e-1
3716.856061,3.2328442495e-1,9.4628410292e-3,3.8136991546e-1,3.1878930762e-1,2.1703325054e-1,6.249698698004861e-1,5.236955452167777e-1,4.1213041132e1,5.599e-1
3717.803030,2.6437242172e-1,8.0098547257e-2,3.5683447149e-2,4.2221646519e-1,4.4756883545e-1,6.249698583762464e-1,5.236955274802972e-1,7.1377588706e1,4.704e-1
3718.750000,1.1278518564e-1,3.8113254011e-1,1.6627449446e-1,2.7972938377e-1,3.1001809580e-1,6.249698498926646e-1,5.236955092867749e-1,5.0782510172e1,5.758e-1
3719.696970,4.8569861181e-2,6.4497745261e-1,1.9020985188e-1,2.4489331545e-1,1.2128921751e-1,6.249698493211768e-1,5.236955067057230e-1,2.6197524587e1,4.351e-1
3720.643939,1.0355016392e-1,6.3561624846e-2,3.4038327537e-1,4.6839213827e-1,2.7405248794e-1,6.249698451682856e-1,5.236955092858155e-1,5.2969231415e1,5.717e-1
3721.590909,1.3114578265e-1,1.8476732028e-3,8.8181096227e-1,2.2522047622e-1,9.9147682673e-3,6.249698313035278e-1,5.236954812955241e-1,1.5599901513e1,8.949e-1
3722.537879,1.2724943148e-1,6.7507467754e-3,4.7640771529e-1,3.2795283532e-1,3.1157891280e-1,6.249698208294401e-1,5.236954630446111e-1,5.4264979500e1,4.922e-1
3723.484848,1.1397164162e-1,1.2758141746e-2,1.0896760529e-1,4.7166990776e-1,5.4257233277e-1,6.249698145956673e-1,5.236954531821534e-1,8.5496938589e1,3.641e-1
3724.431818,6.9419428283e-2,2.8579310738e-1,3.1589062493e-1,3.8446087375e-1,1.9437557549e-1,6.249698049213057e-1,5.236954377803124e-1,4.0316242551e1,5.523e-1
3725.378788,2.3443980523e-2,1.5736134834e-1,7.4603782289e-1,2.7326903985e-1,4.9827400350e-2,6.249697959815216e-1,5.236954206104499e-1,2.1417263790e1,7.361e-1
3726.325758,1.4306746898e-2,6.9178565287e-2,4.0174207722e-1,5.4135612751e-1,2.2335605567e-1,6.249697862919971e-1,5.236954166637221e-1,4.9272418327e1,3.837e-1
3727.272727,7.6413943487e-3,5.7778982739e-1,7.1772835056e-2,4.3221524473e-1,1.6052025845e-1,6.249697799930652e-1,5.236953940832432e-1,3.6111063946e1,3.070e-1
3728.219697,5.0065234480e-3,2.5173238206e-1,2.4785375405e-1,4.8038695156e-1,2.6495994443e-1,6.249697777723588e-1,5.236953943208422e-1,5.1776053395e1,5.012e-1
3729.166667,3.2709667940e-3,5.4773086335e-1,2.8067398518e-1,2.3847150357e-1,1.7979222421e-1,6.249697715461817e-1,5.236953705691602e-1,3.3986981904e1,5.518e-1
3730.113636,3.9937388048e-3,7.0160284466e-1,5.0312908967e-1,3.5053802191e-2,6.1600690970e-3,6.249697722085054e-1,5.236953683023886e-1,7.3404457906e0,3.090e-1
3731.060606,6.5201262779e-3,1.7570040576e-1,8.5631969179e-2,5.5719593288e-1,4.2489109629e-1,6.249697651964120e-1,5.236953700371900e-1,7.3256046806e1,3.972e-1
3732.007576,9.1534625364e-3,4.5339380188e-1,4.7991082698e-1,1.4404261938e-1,1.6343880473e-1,6.249697577495158e-1,5.236953458157830e-1,3.0280181776e1,5.255e-1
3732.954545,1.7306058202e-2,4.5342734332e-1,6.4969569978e-1,8.6554745304e-2,4.2955666495e-2,6.249697565479978e-1,5.236953444032796e-1,1.4381150475e1,6.615e-1
3733.901515,3.0640980603e-2,2.7813217052e-1,2.4546823574e-1,2.0866430341e-1,4.8703381025e-1,6.249697502665613e-1,5.236953358586165e-1,7.1552916139e1,4.920e-1
3734.848485,5.4020422118e-2,1.1267147428e-1,3.0654247909e-2,2.6604473245e-1,7.8654859804e-1,6.249697373980934e-1,5.236953065080656e-1,1.0968923913e2,4.217e-1
3735.795455,1.0268356140e-1,1.4396550826e-1,1.1842829332e-1,2.3993285131e-1,6.4492922393e-1,6.249697191061996e-1,5.236952743982304e-1,9.1515491049e1,8.029e-1
3736.742424,2.0718861482e-1,1.3688526973e-1,5.8555925978e-1,1.2000045129e-1,2.0030582162e-1,6.249697086238142e-1,5.236952605399845e-1,3.4540998534e1,7.574e-1
3737.689394,2.9639694477e-1,3.3783036605e-1,1.0289795566e-1,3.3273613660e-1,1.8007801206e-1,6.249697075754398e-1,5.236952594183027e-1,3.5344584765e1,4.243e-1
3738.636364,3.6923948766e-1,4.3890843002e-1,4.0732451441e-1,6.3360065855e-3,2.8130975779e-2,6.249697072265646e-1,5.236952546891441e-1,8.1245498296e0,6.431e-1
3739.583333,5.2221371320e-1,4.0708830064e-1,1.9650483841e-1,7.0076217567e-2,5.4056344273e-2,6.249697070470144e-1,5.236952546933539e-1,1.1808973194e1,5.907e-1
3740.530303,5.6260190999e-1,2.9462539175e-1,8.0424631632e-2,1.2756403943e-1,1.8472344001e-1,6.249697064053246e-1,5.236952546550729e-1,2.9240598375e1,4.520e-1
3741.477273,3.1091827114e-1,6.6654783476e-1,7.2951328916e-2,1.4520252237e-1,5.4319455125e-2,6.249697061593146e-1,5.236952540451917e-1,1.3671536408e1,6.094e-1
3742.424242,1.9908003869e-1,2.2042719366e-1,3.8752644440e-1,1.2451797175e-1,3.1838776095e-1,6.249697047182705e-1,5.236952531282228e-1,4.8378814459e1,4.026e-1
3743.371212,1.0764427001e-1,2.6867463670e-1,1.9798527131e-2,5.1689654819e-1,3.3692540844e-1,6.249696952385315e-1,5.236952493850590e-1,6.0416701448e1,4.938e-1
3744.318182,5.8892311948e-2,3.2385921759e-1,5.6755321135e-1,1.1017288783e-1,1.8946175041e-1,6.249696895622843e-1,5.236952279234710e-1,3.2994226745e1,4.438e-1
3745.265152,1.7547425085e-2,4.5387248813e-1,4.7697316966e-1,7.9236649531e-2,2.2230964492e-1,6.249696886629148e-1,5.236952263705320e-1,3.5723511381e1,3.537e-1
3746.212121,7.7925210790e-3,1.7744941370e-1,9.1748668805e-2,3.3253567961e-1,6.4041308721e-1,6.249696852036617e-1,5.236952177604833e-1,9.3706801349e1,8.001e-1
3747.159091,1.1346428469e-2,7.1580276133e-1,4.5732158816e-1,1.9402514699e-2,4.6066065705e-2,6.249696791797462e-1,5.236952063488530e-1,1.1613188323e1,6.580e-1
3748.106061,5.6676265670e-2,5.0947665817e-1,3.5495331998e-1,2.2248510597e-1,1.0634800792e-1,6.249696788558375e-1,5.236952059797028e-1,2.4618986414e1,4.057e-1
3749.053030,1.2460023384e-1,1.3116407376e-1,7.3431450433e-2,6.1611856077e-1,3.0462502414e-1,6.249696714677275e-1,5.236952149925480e-1,5.9619876903e1,4.642e-1
3750.000000,1.7401244847e-1,6.0651320628e-2,4.2836470770e-1,2.9692820973e-1,2.8998263023e-1,6.249696583778539e-1,5.236951743143201e-1,5.0254705907e1,5.268e-1
3750.946970,1.4382968832e-1,3.7173074967e-1,1.1049685798e-1,1.6935112453e-1,4.5453088943e-1,6.249696549588672e-1,5.236951645403942e-1,6.5298541039e1,5.923e-1
3751.893939,1.0746505051e-1,3.3381686894e-1,4.9110811306e-1,6.7913556541e-2,2.4963571418e-1,6.249696516163871e-1,5.236951593289996e-1,3.8776836392e1,6.894e-1
3752.840909,6.1844218958e-2,3.2873364270e-1,3.9822412087e-1,2.4887577654e-1,2.1226154137e-1,6.249696502185774e-1,5.236951582130931e-1,3.9007684506e1,6.098e-1
3753.787879,4.2561799695e-2,8.0241865058e-2,1.0483707245e-1,5.8609437915e-1,4.3620417322e-1,6.249696447893754e-1,5.236951632756974e-1,7.5609615515e1,5.171e-1
3754.734848,2.1784401178e-2,3.7142299089e-1,6.2522117321e-1,2.0786757092e-1,2.3643129969e-2,6.249696330861506e-1,5.236951278636612e-1,1.5433590474e1,6.086e-1
3755.681818,9.4596513417e-3,5.4236847117e-1,6.4957854013e-1,5.3631459189e-3,4.3169458580e-2,6.249696335726395e-1,5.236951254650309e-1,1.1983406457e1,6.259e-1
3756.628788,2.9225570802e-2,2.7079605537e-1,3.6501348938e-1,5.2602272539e-1,5.8881420128e-2,6.249696305327734e-1,5.236951322377380e-1,2.7845861800e1,4.031e-1
3757.575758,5.0493720566e-2,3.5247640406e-2,5.8125851285e-2,6.6758659133e-1,4.3848543216e-1,6.249696178739801e-1,5.236951135395164e-1,7.8049655190e1,5.533e-1
3758.522727,6.8718019766e-2,3.9591557771e-2,5.6290809150e-1,4.7035143972e-1,1.0837009060e-1,6.249695996783855e-1,5.236950753538543e-1,3.3539424525e1,6.712e-1
3759.469697,1.2047922904e-1,1.2440788279e-1,1.0576302953e-1,4.6338404121e-1,4.3590500070e-1,6.249695916361602e-1,5.236950507148711e-1,7.1779289025e1,6.785e-1
3760.416667,1.8445751842e-1,2.3200405264e-2,2.5558724952e-1,6.2371711092e-1,1.6297687304e-1,6.249695785847412e-1,5.236950411198527e-1,4.3003314864e1,5.538e-1
3761.363636,1.6367157348e-1,5.3996650813e-2,1.9832278479e-1,5.9985726261e-1,2.3409086471e-1,6.249695682007304e-1,5.236950176604219e-1,5.0935474453e1,2.563e-1
3762.310606,9.2729258523e-2,9.8240101658e-2,2.7839176374e-1,6.9847616164e-1,8.2101826152e-2,6.249695558578092e-1,5.236950056102676e-1,3.5330249862e1,3.426e-1
3763.257576,6.3352252519e-2,5.4543584244e-2,1.5322236268e-1,5.5480406593e-1,4.2401682118e-1,6.249695432807527e-1,5.236949650609504e-1,7.3394425418e1,6.252e-1
3764.204545,3.5475392141e-2,1.2781464942e-1,5.4728375971e-4,6.8224630737e-1,4.0385541359e-1,6.249695231424105e-1,5.236949352961940e-1,7.3803120041e1,8.037e-1
3765.151515,1.8730094708e-2,1.1828550882e-1,1.9717521137e-2,7.4252324997e-1,3.5068263153e-1,6.249695030813480e-1,5.236949039444007e-1,6.9051797069e1,7.632e-1
3766.098485,1.0719759950e-2,1.4446608025e-1,3.5264033907e-1,4.7758201169e-1,2.6453078197e-1,6.249694864646685e-1,5.236948547825222e-1,5.2257979220e1,5.592e-1
3767.045455,4.4146992130e-3,3.7347377236e-1,4.0201808821e-1,4.2883650382e-1,4.1195901228e-2,6.249694824159960e-1,5.236948395734106e-1,2.2961143079e1,5.940e-1
3767.992424,9.7305411893e-3,5.5554827849e-1,2.3876438242e-1,1.2340869359e-1,3.2248706411e-1,6.249694798982603e-1,5.236948328604281e-1,4.8253499288e1,3.687e-1
3768.939394,2.5483171367e-2,2.0464088789e-1,3.8513224833e-1,9.6806077734e-2,5.3787656939e-1,6.249694773559067e-1,5.236948276311117e-1,7.5449076717e1,5.488e-1
3769.886364,4.0659649679e-2,1.2890918046e-1,1.6656674944e-2,2.8752090934e-1,7.7619251144e-1,6.249694629339392e-1,5.236947948687557e-1,1.0896471215e2,6.148e-1
3770.833333,5.9968226482e-2,4.8335356196e-2,6.0238969010e-1,3.1215466865e-1,2.2709094423e-1,6.249694428285830e-1,5.236947734789279e-1,4.4002362605e1,4.037e-1
3771.780303,5.6907441386e-2,4.9784866785e-2,8.3076247678e-2,2.7519977580e-1,7.8497054602e-1,6.249694388383586e-1,5.236947482731102e-1,1.1007525615e2,5.501e-1
3772.727273,3.9738018534e-2,1.6963714965e-1,3.5598908644e-1,3.3561713318e-1,3.4895745079e-1,6.249694193024766e-1,5.236947219447147e-1,5.8613357963e1,4.353e-1
3773.674242,1.5824953754e-2,7.4931654564e-1,2.5484465833e-1,1.6535566068e-1,6.4597018179e-2,6.249694182884823e-1,5.236947154715167e-1,1.7105102303e1,7.482e-1
3774.621212,3.5493135270e-3,5.9066062635e-1,3.4275088357e-1,1.0914460788e-1,2.0383340350e-1,6.249694174150766e-1,5.236947162337408e-1,3.3508406078e1,4.154e-1
3775.568182,1.3979894263e-3,1.0134111908e-1,7.8994716115e-2,3.4179174752e-1,7.2641324365e-1,6.249694078920988e-1,5.236946978735970e-1,1.0475357007e2,8.447e-1
3776.515152,9.5578902874e-4,1.1473423070e-1,5.7301120160e-1,4.1941791165e-1,1.4181965298e-1,6.249693929782206e-1,5.236946894788259e-1,3.6388324723e1,6.678e-1
3777.462121,9.6060531173e-4,2.6717383684e-1,1.5784124943e-3,5.5898959000e-1,4.2123631823e-1,6.249693814382538e-1,5.236946647929982e-1,7.2353370890e1,2.468e-1
3778.409091,1.8101810078e-3,1.6868715911e-1,8.0667493086e-2,6.3500697389e-1,3.6376692091e-1,6.249693640012315e-1,5.236946426557592e-1,6.7866008394e1,5.941e-1
3779.356061,4.0676532441e-3,4.0075799003e-1,1.5391633918e-1,6.1033621082e-1,8.0860508081e-2,6.249693506778848e-1,5.236946163111964e-1,3.1915784301e1,6.847e-1
3780.303030,1.3088473760e-2,3.9188736740e-1,6.5668677799e-1,1.4497773751e-1,4.3298336476e-2,6.249693465689936e-1,5.236945904156058e-1,1.6225287865e1,8.090e-1
3781.250000,3.3022632798e-2,2.3794048408e-1,4.8584153706e-1,2.3036707236e-1,2.6276695502e-1,6.249693406583657e-1,5.236945843514300e-1,4.5385041139e1,6.943e-1
3782.196970,5.9591213581e-2,1.0254510794e-1,4.3802531835e-2,5.2098331055e-1,5.2301649697e-1,6.249693304399624e-1,5.236945719715235e-1,8.4202883627e1,7.218e-1
3783.143939,1.2381784181e-1,2.9172152941e-1,2.9610101863e-1,3.7693530502e-1,1.6136293929e-1,6.249693170802050e-1,5.236945435454491e-1,3.5730546119e1,5.720e-1
3784.090909,3.5399605889e-1,4.2632027934e-1,4.1681886794e-1,1.8352347787e-2,3.4451077147e-2,6.249693155501075e-1,5.236945335577957e-1,9.3612025356e0,6.529e-1
3785.037879,7.6130442562e-1,3.5098556865e-1,7.7972872620e-2,1.6617528844e-2,4.3058235166e-2,6.249693154488493e-1,5.236945330876956e-1,7.7496213553e0,6.951e-1
3785.984848,8.9048417318e-1,2.5867110912e-1,2.6385800109e-2,2.6537161202e-2,4.7860387176e-2,6.249693153916371e-1,5.236945330533381e-1,8.1489894227e0,9.340e-1
3786.931818,4.7117786041e-1,4.4803010159e-1,2.4196244317e-1,5.4696335627e-2,3.4071889939e-2,6.249693153652973e-1,5.236945330598667e-1,9.1788333310e0,6.436e-1
3787.878788,1.6799603874e-1,3.5523800813e-1,2.5367048634e-1,2.4251866572e-1,2.3051542781e-1,6.249693133671714e-1,5.236945338372972e-1,4.0090409989e1,5.414e-1
3788.825758,7.1870645484e-2,1.3868253024e-1,5.7110208360e-2,4.5809944149e-1,5.2417577720e-1,6.249693013907108e-1,5.236945213740376e-1,8.2523863660e1,6.709e-1
3789.772727,4.6821681902e-2,2.7552898774e-1,3.8255901482e-1,4.1801735127e-1,1.2701154297e-1,6.249692893519074e-1,5.236945058737251e-1,3.3268973676e1,6.465e-1
3790.719697,5.8832770155e-2,2.4044683710e-1,6.2944428819e-1,1.2012086082e-1,2.0109381008e-1,6.249692831774875e-1,5.236944847645182e-1,3.5129739602e1,7.930e-1
3791.666667,6.0037994756e-2,2.0804788625e-1,1.1588089994e-1,4.0933646205e-1,4.5663531540e-1,6.249692791964088e-1,5.236944807989705e-1,7.2921249127e1,5.810e-1
3792.613636,7.6053090273e-2,8.6396916538e-1,2.6639461452e-1,3.0603033923e-2,1.2918648818e-2,6.249692764564904e-1,5.236944670902483e-1,6.5300059263e0,5.081e-1
3793.560606,1.9365600544e-1,2.7464273252e-1,4.0030772860e-1,3.2865826812e-1,5.2673817784e-2,6.249692762364587e-1,5.236944706264869e-1,2.1107888553e1,6.310e-1
3794.507576,2.6212074527e-1,1.2994874136e-1,1.4340989570e-1,4.0916158611e-1,3.0529757016e-1,6.249692693023227e-1,5.236944635083335e-1,5.3709496757e1,6.336e-1
3795.454545,2.9742055504e-1,6.7225739195e-1,1.5489404533e-1,4.4240766004e-2,8.1125775546e-2,6.249692669351876e-1,5.236944510278378e-1,1.4532181206e1,3.725e-1
3796.401515,5.5957836891e-1,2.7366307094e-1,2.5425294252e-1,3.2343555613e-2,1.3010059582e-1,6.249692668989257e-1,5.236944508859777e-1,2.0549008912e1,5.134e-1
3797.348485,5.6033191280e-1,3.1106103928e-1,2.3824133578e-2,1.4932941154e-1,2.0539203484e-1,6.249692660244580e-1,5.236944507540975e-1,3.2161602733e1,4.272e-1
3798.295455,3.4851232335e-1,6.1055576396e-1,1.4027613911e-1,5.4442855395e-2,9.6151449987e-2,6.249692658981728e-1,5.236944496847583e-1,1.6567133773e1,7.600e-1
3799.242424,1.7616421802e-1,3.9749741898e-1,3.0402050190e-1,2.3078248314e-1,1.4147390859e-1,6.249692653119412e-1,5.236944507012048e-1,2.8808940722e1,4.114e-1
3800.189394,1.0167565803e-1,2.6592486330e-1,1.1477420147e-1,4.5298867435e-1,3.1457511836e-1,6.249692577529187e-1,5.236944500849164e-1,5.6262133896e1,2.397e-1
3801.136364,1.0631598190e-1,6.7133913061e-2,5.1235055587e-1,2.9336919768e-1,2.7076884149e-1,6.249692450021825e-1,5.236944250876615e-1,4.8332456301e1,4.889e-1
3802.083333,1.0707223155e-1,7.1164113938e-3,1.1899926515e-1,6.5789910922e-1,3.5885145930e-1,6.249692383035090e-1,5.236944350036123e-1,6.8005521345e1,5.559e-1
3803.030303,7.6633099080e-2,1.3567876996e-1,3.1307962118e-1,5.6355513379e-1,1.6099183502e-1,6.249692295157830e-1,5.236944102313634e-1,4.1455030223e1,3.716e-1
3803.977273,3.6084933078e-2,2.7124928049e-1,4.8337561970e-3,7.2978854935e-1,2.0798191215e-1,6.249692156313102e-1,5.236943998516632e-1,5.0574129411e1,7.758e-1
3804.924242,3.1165479003e-2,8.6574523445e-2,8.1079472982e-1,2.6371217607e-1,5.7691497199e-2,6.249692027709028e-1,5.236943504163473e-1,2.2498390901e1,5.095e-1
3805.871212,4.4032803621e-2,3.8283326637e-2,4.8844050975e-1,5.0738734647e-1,1.7179439980e-1,6.249691931427007e-1,5.236943465963472e-1,4.2232185395e1,7.073e-1
3806.818182,7.5825293621e-2,2.4784557857e-1,4.2294412385e-2,4.7353161870e-1,4.1044147039e-1,6.249691868325391e-1,5.236943251200719e-1,6.8561479111e1,6.383e-1
3807.765152,1.6409123537e-1,1.4568867456e-1,4.9330714568e-2,5.4524117729e-1,3.4558654360e-1,6.249691726949635e-1,5.236943073952388e-1,6.2450863937e1,7.048e-1
3808.712121,2.6853710492e-1,1.9450732695e-2,1.0499686115e-1,5.0045732712e-1,3.5649628894e-1,6.249691574086806e-1,5.236942799340144e-1,6.2659304359e1,4.497e-1
3809.659091,2.6964885595e-1,2.5676442755e-2,3.8116137612e-1,3.1948580967e-1,2.5396580966e-1,6.249691470745611e-1,5.236942561033030e-1,4.5966637868e1,3.265e-1
3810.606061,1.6405018204e-1,1.2177061327e-1,2.1618002351e-1,3.3803417629e-1,4.0990327649e-1,6.249691358024012e-1,5.236942357074219e-1,6.5339719538e1,5.543e-1
3811.553030,1.0393524319e-1,1.8564567045e-1,7.7684547733e-2,3.4976560626e-1,5.3290717895e-1,6.249691232927765e-1,5.236942119922121e-1,8.0449353650e1,7.282e-1
3812.500000,6.9417972517e-2,9.3388352853e-2,6.7990879115e-1,2.4139413101e-1,1.6582897004e-1,6.249691087852313e-1,5.236941921331693e-1,3.4611476379e1,6.082e-1
3813.446970,5.9264736943e-2,1.1007432207e-1,6.7889369576e-2,5.9355094161e-1,4.1915882997e-1,6.249691000838499e-1,5.236941877316365e-1,7.3438856337e1,3.726e-1
3814.393939,6.0243636114e-2,5.2133096874e-1,3.2455032062e-1,2.1685407938e-1,1.2695917512e-1,6.249690899925149e-1,5.236941517750026e-1,2.6859291276e1,5.971e-1
3815.340909,2.5021658314e-1,5.9794697104e-1,2.5749379603e-1,7.0711555844e-2,7.3569273390e-2,6.249690897200170e-1,5.236941497592832e-1,1.5060589383e1,4.980e-1
3816.287879,5.0090193024e-1,1.4403080185e-1,1.6542505524e-1,2.9837454417e-1,1.4120584576e-1,6.249690886272528e-1,5.236941511044090e-1,2.9484246682e1,6.891e-1
3817.234848,4.2970379958e-1,2.5999584712e-1,4.8715896983e-2,2.3032980385e-1,2.8119282422e-1,6.249690858809871e-1,5.236941454019624e-1,4.4487805994e1,5.126e-1
3818.181818,2.2841238556e-1,6.7352591328e-1,1.9425087376e-1,3.7199324416e-2,1.1654967327e-1,6.249690851428366e-1,5.236941423518517e-1,1.9124001569e1,8.198e-1
3819.128788,8.9661444048e-2,4.0648245519e-1,2.9838354344e-1,3.1478001072e-1,1.4063071668e-1,6.249690850426872e-1,5.236941445961903e-1,3.1318556059e1,5.457e-1
3820.075758,4.3045075689e-2,2.1819076827e-1,5.7117209328e-2,6.8711141183e-1,2.4447368517e-1,6.249690751438394e-1,5.236941568109942e-1,5.4195038629e1,4.269e-1
3821.022727,2.9959873033e-2,8.1527165472e-2,7.9901011666e-1,2.7534037430e-1,6.4100594260e-2,6.249690618622679e-1,5.236941122930067e-1,2.3585883244e1,6.411e-1
3821.969697,1.5989768130e-2,2.0122515437e-1,1.9975942510e-1,6.2178007028e-1,2.1118369107e-1,6.249690544729170e-1,5.236941149675010e-1,4.8936995299e1,4.373e-1
3822.916667,7.6637559872e-3,9.3276868556e-1,2.8424728123e-1,2.8386106244e-3,2.2419766559e-2,6.249690499788414e-1,5.236940850155462e-1,7.1039131585e0,3.815e-1
3823.863636,2.7505332335e-2,2.2246484939e-1,4.5951875959e-1,3.2671339250e-1,2.1373576196e-1,6.249690478890769e-1,5.236940888963234e-1,4.1947838532e1,5.371e-1
3824.810606,4.8441497563e-2,7.9964157788e-2,9.4898854517e-1,1.3903011811e-1,3.3513753894e-2,6.249690362639206e-1,5.236940690271308e-1,1.6514781704e1,9.559e-1
3825.757576,6.8198409481e-2,2.9995263740e-1,1.3677502838e-1,4.4954406771e-1,2.9546791761e-1,6.249690302930404e-1,5.236940637628015e-1,5.3933508328e1,6.059e-1
3826.704545,1.7488964983e-1,6.2274902384e-1,3.1811043160e-1,3.9837325374e-2,9.4351627504e-2,6.249690290722584e-1,5.236940483864652e-1,1.7229629058e1,5.591e-1
3827.651515,4.7018262471e-1,3.0829251343e-1,4.3163768128e-1,1.6697163645e-2,2.3128075864e-2,6.249690294660973e-1,5.236940483032485e-1,7.7994807367e0,6.742e-1
3828.598485,5.8036897117e-1,4.3208302039e-1,3.7357799797e-2,1.1993203450e-2,1.8813506334e-1,6.249690290698370e-1,5.236940480570801e-1,2.5918283542e1,5.704e-1
3829.545455,6.2437938476e-1,2.5237255970e-1,3.4278459720e-1,2.2095087530e-3,2.8192007254e-2,6.249690288326558e-1,5.236940478103863e-1,7.2384927979e0,4.856e-1
3830.492424,3.5504256404e-1,5.8378042708e-1,1.6357149819e-1,1.7911500407e-2,1.2963206716e-1,6.249690284338139e-1,5.236940477412877e-1,1.9819726731e1,4.037e-1
3831.439394,2.7091254114e-1,1.9394844253e-1,1.7969005936e-1,5.4742509467e-1,5.7961913874e-2,6.249690257899754e-1,5.236940586504021e-1,2.6897601636e1,4.168e-1
3832.386364,2.0844984182e-1,1.2045382125e-1,3.0992673926e-2,5.5460997049e-1,3.3543172520e-1,6.249690163448979e-1,5.236940459085556e-1,6.1275853836e1,4.585e-1
3833.333333,1.2007296676e-1,3.3455551909e-1,6.5179138785e-1,1.0240085872e-1,4.1117283840e-2,6.249690081323725e-1,5.236940192075280e-1,1.4483318435e1,3.465e-1
3834.280303,3.0892262206e-2,5.6339911630e-1,5.9005010497e-1,2.7412416549e-2,3.8184116340e-2,6.249690081813803e-1,5.236940179388871e-1,1.1627409425e1,4.882e-1
3835.227273,4.6912713916e-2,2.3961260142e-1,2.3178043781e-1,5.9439143942e-1,1.3724081583e-1,6.249690042015341e-1,5.236940283804561e-1,3.8944275550e1,7.671e-1
3836.174242,8.3990181140e-2,6.2255586009e-2,2.3255390532e-2,6.6870618511e-1,4.1173063042e-1,6.249689866054876e-1,5.236939997700314e-1,7.4452668004e1,6.783e-1
3837.121212,1.2168014087e-1,8.2788991814e-2,3.6815608331e-1,4.4528124277e-1,2.3203148048e-1,6.249689696190432e-1,5.236939579210165e-1,4.7120695990e1,2.648e-1
3838.068182,2.2173916917e-1,1.0818602824e-1,3.0407243338e-1,3.6044061545e-1,2.5549968055e-1,6.249689633944305e-1,5.236939407786981e-1,4.6997879913e1,3.547e-1
3839.015152,2.9786764643e-1,9.6432163634e-2,1.4753936963e-1,5.9669735544e-1,1.1140137919e-1,6.249689571646051e-1,5.236939398242569e-1,3.4875805018e1,4.855e-1
3839.962121,2.2814619931e-1,3.2965850723e-1,2.0575320780e-1,2.2979924605e-1,2.5658074539e-1,6.249689528966421e-1,5.236939167959875e-1,4.2615327061e1,5.361e-1
3840.909091,1.0367991657e-1,8.2469991940e-1,1.5757887295e-1,2.5161443199e-2,1.3881775145e-1,6.249689517829431e-1,5.236939140838915e-1,2.1535709149e1,3.856e-1
3841.856061,7.2460265396e-2,2.4056974939e-1,1.3983488740e-1,3.3938300718e-1,4.5768999006e-1,6.249689497102104e-1,5.236939142344217e-1,7.1080623688e1,5.261e-1
3842.803030,5.6413757589e-2,5.6974190330e-1,4.4325493465e-1,1.2625232811e-1,5.4274966414e-2,6.249689450275357e-1,5.236939016466131e-1,1.5701000363e1,6.858e-1
3843.750000,7.6892255732e-2,5.8174199179e-1,4.7341677806e-1,1.1368562315e-1,4.2012423530e-3,6.249689455446709e-1,5.236939019952156e-1,9.1649632980e0,6.333e-1
3844.696970,1.2268348427e-1,1.4552712734e-1,6.1112570419e-2,2.5888175393e-1,6.6173294315e-1,6.249689395547043e-1,5.236938912903716e-1,9.3827329409e1,4.231e-1
3845.643939,1.4990882795e-1,4.0269509598e-1,5.6263524963e-1,9.5549176834e-2,3.9149515544e-2,6.249689329684190e-1,5.236938821594097e-1,1.3450138251e1,7.478e-1
3846.590909,2.5117198182e-1,5.8550985322e-1,2.5165076538e-1,1.2813995722e-1,3.3465307985e-2,6.249689328186226e-1,5.236938813083656e-1,1.1693849874e1,4.996e-1
3847.537879,4.2174645122e-1,1.6635557864e-1,2.0953331974e-1,3.3673413528e-1,1.1556837589e-1,6.249689303872589e-1,5.236938825655746e-1,2.7788095384e1,5.511e-1
3848.484848,3.1283054530e-1,3.1531654147e-1,2.2242616031e-1,2.2453137788e-1,1.7483323129e-1,6.249689281198726e-1,5.236938768810243e-1,3.2130115335e1,4.113e-1
3849.431818,9.2397241345e-2,7.1053766889e-1,2.7262362657e-1,1.8856692925e-2,1.5552262416e-1,6.249689269450377e-1,5.236938740898446e-1,2.4158573037e1,7.719e-1
3850.378788,3.3696269292e-2,1.9037357253e-1,3.1278766183e-1,3.6435539446e-1,3.4872495363e-1,6.249689258701244e-1,5.236938749396330e-1,5.9196063262e1,3.468e-1
3851.325758,4.4046062056e-2,9.9800424081e-2,7.0000697376e-1,3.4594763936e-1,6.0136721891e-2,6.249689105733410e-1,5.236938560812886e-1,2.4589504531e1,7.361e-1
3852.272727,9.1938175198e-2,2.5052454666e-1,2.8649278760e-2,4.9022671439e-1,3.8859909449e-1,6.249689047488239e-1,5.236938450948787e-1,6.6204151366e1,6.153e-1
3853.219697,1.8535660278e-1,7.4483101171e-2,1.3658567139e-1,5.6735221620e-1,2.8616018899e-1,6.249688902642239e-1,5.236938284276939e-1,5.6118104984e1,5.972e-1
3854.166667,2.7275559619e-1,1.6388768884e-2,4.3196179973e-2,5.2812073554e-1,3.8947647116e-1,6.249688758721863e-1,5.236937980536476e-1,6.7267576622e1,7.224e-1
3855.113636,2.7080418011e-1,1.9927349497e-2,5.9398274309e-2,5.2580301779e-1,3.7400490074e-1,6.249688612196331e-1,5.236937727235068e-1,6.5348766847e1,6.291e-1
3856.060606,1.6541247100e-1,1.7814690203e-1,2.5026145627e-2,5.3870742712e-1,3.4264475079e-1,6.249688482862522e-1,5.236937505215489e-1,6.1736374974e1,3.368e-1
3857.007576,7.3682613708e-2,1.6156585616e-1,7.1227817495e-1,2.5118536346e-1,5.1225672892e-2,6.249688405864001e-1,5.236937281292507e-1,2.0653016180e1,5.245e-1
3857.954545,6.4072469163e-2,1.6800668262e-1,2.6417344461e-2,6.8875496813e-1,3.0268620021e-1,6.249688322899011e-1,5.236937348039037e-1,6.1363380962e1,5.351e-1
3858.901515,1.1401811336e-1,1.3828354216e-1,6.4746131887e-1,3.4669130087e-1,3.4833672304e-3,6.249688212459908e-1,5.236936951299248e-1,1.7053259325e1,5.906e-1
3859.848485,2.2036230530e-1,2.0927418307e-1,3.7029272595e-2,6.5131970715e-1,1.3195216735e-1,6.249688177366376e-1,5.236937042236701e-1,3.8557071749e1,5.876e-1
3860.795455,3.1971719602e-1,4.1455774146e-2,2.8080139426e-1,5.0026985089e-1,1.0769340306e-1,6.249688091878958e-1,5.236936802650236e-1,3.2282572120e1,7.068e-1
3861.742424,2.1008947023e-1,2.3261882689e-1,2.0364664900e-1,4.4860476455e-1,1.5497789518e-1,6.249688029253924e-1,5.236936680096498e-1,3.6391978630e1,6.274e-1
3862.689394,9.0505683858e-2,1.8480149873e-1,6.8750771744e-1,2.6874582561e-1,1.8376868914e-2,6.249687972752769e-1,5.236936547420465e-1,1.6867023219e1,7.191e-1
3863.636364,1.0930737977e-1,6.9509315721e-2,5.0592305615e-2,5.8816975985e-1,4.3235881442e-1,6.249687876839278e-1,5.236936486137076e-1,7.4761771327e1,5.259e-1
3864.583333,1.5184444999e-1,1.7582324746e-2,5.7207225941e-1,4.9367048133e-1,1.4768036568e-2,6.249687760224912e-1,5.236936254586502e-1,2.2375429033e1,5.329e-1
3865.530303,1.6728563494e-1,1.9739290239e-2,2.8201151240e-1,6.1874921848e-1,1.6215187541e-1,6.249687657365894e-1,5.236936134144347e-1,4.2934628541e1,5.056e-1
3866.477273,1.7533426044e-1,1.8366332377e-1,1.2001961721e-1,6.4807675760e-1,1.2284355571e-1,6.249687573651146e-1,5.236936012039525e-1,3.7877582090e1,3.492e-1
3867.424242,2.1813014613e-1,1.3804952706e-1,1.3135395583e-1,4.5489722606e-1,3.0750664190e-1,6.249687484909607e-1,5.236935710225792e-1,5.5353557171e1,5.097e-1
3868.371212,2.1018989711e-1,5.2288812611e-2,3.3715892477e-1,5.1109252795e-1,1.3920731866e-1,6.249687405543329e-1,5.236935662585290e-1,3.7080441655e1,5.951e-1
3869.318182,1.1358231526e-1,1.8094934822e-1,9.7481511343e-3,5.6365285889e-1,3.8200478363e-1,6.249687285688791e-1,5.236935429827704e-1,6.7430178853e1,7.453e-1
3870.265152,4.9371742672e-2,1.9622739540e-1,6.6262522602e-1,1.4586792827e-1,1.9584514006e-1,6.249687162076704e-1,5.236935092190095e-1,3.5454094103e1,4.276e-1
3871.212121,5.9378392068e-2,2.7079110362e-1,6.2765387547e-2,3.6931798762e-1,4.8768455433e-1,6.249687125929866e-1,5.236935030083726e-1,7.5315193062e1,5.099e-1
3872.159091,1.1614625191e-1,9.8156297297e-2,7.6094768950e-2,5.2763318615e-1,4.3190688724e-1,6.249686957755141e-1,5.236934845052850e-1,7.3031487396e1,6.345e-1
3873.106061,1.8370308747e-1,5.5878668214e-2,1.6837440689e-3,6.2455355062e-1,3.8411830635e-1,6.249686783629840e-1,5.236934604444845e-1,6.9369935665e1,3.988e-1
3874.053030,2.2898542587e-1,1.0107992343e-2,1.1360503402e-2,6.9976188885e-1,2.9972151050e-1,6.249686604855287e-1,5.236934372889775e-1,6.0982326512e1,5.456e-1
3875.000000,2.0257034861e-1,2.8148689680e-2,1.2475050141e-1,7.2091627696e-1,1.7355147035e-1,6.249686435069194e-1,5.236934107163027e-1,4.6439495633e1,8.062e-1
3875.946970,1.2146539195e-1,2.3004579550e-1,1.7270711292e-1,6.4230847287e-1,8.3410487949e-2,6.249686305929140e-1,5.236933776568581e-1,3.3132894779e1,7.955e-1
3876.893939,1.0855642400e-1,2.3091523813e-1,5.3492598669e-1,3.5977039624e-1,1.5769204991e-2,6.249686250226180e-1,5.236933505054541e-1,1.8326627500e1,6.988e-1
3877.840909,2.2799728773e-1,7.9177691389e-2,5.5661324576e-2,6.8462096429e-1,2.0247996634e-1,6.249686171636091e-1,5.236933598038847e-1,4.8542951172e1,6.795e-1
3878.787879,2.8652863777e-1,3.2850946051e-3,2.7547596010e-3,6.9625400602e-1,2.6111470682e-1,6.249686024105550e-1,5.236933351995746e-1,5.5874683250e1,5.097e-1
3879.734848,2.1595182497e-1,8.3956656228e-2,1.3553936199e-2,6.6318903373e-1,2.7328572327e-1,6.249685871958761e-1,5.236933050472965e-1,5.6586942372e1,2.973e-1
3880.681818,1.0829316862e-1,1.8086624430e-1,1.0339636486e-1,5.0121676116e-1,3.5616460933e-1,6.249685741394294e-1,5.236932687382927e-1,6.2871056343e1,6.274e-1
3881.628788,6.1898308957e-2,3.8801622227e-2,3.6965838071e-1,6.4297806429e-1,1.3660075516e-1,6.249685656707555e-1,5.236932719893466e-1,4.1126014163e1,6.498e-1
3882.575758,5.4030128846e-2,3.5172905960e-2,7.5890911087e-1,3.4259082299e-1,5.9234133415e-2,6.249685510431388e-1,5.236932221389674e-1,2.4713509176e1,5.500e-1
3883.522727,7.4155375294e-2,6.4341624237e-2,1.7884248609e-1,7.4889349708e-1,1.8370410175e-1,6.249685422274442e-1,5.236932363947868e-1,4.9075217756e1,8.495e-1
3884.469697,1.5270790560e-1,3.2956504250e-1,2.7187883527e-1,3.9512126354e-1,1.0066402516e-1,6.249685360396049e-1,5.236931925453776e-1,2.8439390374e1,6.231e-1
3885.416667,3.4746033574e-1,2.0317783893e-1,4.4575738346e-1,1.4878929432e-1,1.0475221333e-1,6.249685328877690e-1,5.236931819975390e-1,2.2315685637e1,3.637e-1
3886.363636,4.2418812279e-1,4.9380763908e-1,4.1243607919e-2,1.7407464393e-1,1.1662305198e-1,6.249685328481425e-1,5.236931812518230e-1,2.2027797462e1,6.091e-1
3887.310606,5.3824000632e-1,2.7813402470e-1,1.7432780284e-1,2.1134940314e-1,4.7885828134e-2,6.249685325619277e-1,5.236931809191595e-1,1.5112577377e1,7.136e-1
3888.257576,3.7571254073e-1,6.2654861590e-1,1.1906148899e-1,1.1206291753e-1,1.6551501306e-2,6.249685322313764e-1,5.236931796704928e-1,8.0980509423e0,4.242e-1
3889.204545,3.0714098952e-1,3.3971691510e-1,3.7294208619e-1,1.4386723431e-1,8.6269839321e-2,6.249685322195592e-1,5.236931806134469e-1,1.9462831945e1,5.816e-1
3890.151515,2.4937427866e-1,1.8667892140e-1,1.6106816539e-1,2.2959389708e-1,4.2322179322e-1,6.249685278747407e-1,5.236931740449171e-1,6.3305984544e1,4.715e-1
3891.098485,1.5636579782e-1,8.1211491390e-2,3.6590743957e-1,4.7817572114e-1,1.6827658829e-1,6.249685190988696e-1,5.236931711966714e-1,4.0008891775e1,6.054e-1
3892.045455,1.1327423804e-1,5.8273030914e-2,2.6830019676e-2,5.6993601503e-1,4.8162370622e-1,6.249685049399002e-1,5.236931442504040e-1,8.0273610215e1,4.303e-1
3892.992424,9.8100608152e-2,1.0943064413e-1,4.2503454978e-1,4.1242793306e-1,2.0494324603e-1,6.249684905781900e-1,5.236931156862784e-1,4.3098617340e1,5.475e-1
3893.939394,1.2625350063e-1,3.6758770670e-1,1.9713110651e-1,5.2674280145e-1,3.2221859558e-2,6.249684874272861e-1,5.236931092636703e-1,2.3355518686e1,5.778e-1
3894.886364,1.7447003908e-1,5.7806756696e-1,2.0645066351e-1,1.5991402197e-3,2.8934956036e-1,6.249684850605125e-1,5.236930964232880e-1,3.9982891674e1,4.016e-1
3895.833333,2.7854860573e-1,4.4565361691e-1,3.6215754676e-1,1.5796280548e-1,5.6143965451e-3,6.249684857129180e-1,5.236930967668229e-1,9.7012944440e0,4.829e-1
3896.780303,3.9154112228e-1,3.9450684840e-1,1.3513884072e-1,5.7485096622e-2,2.7126506147e-1,6.249684847458735e-1,5.236930957581681e-1,3.8627345943e1,5.565e-1
3897.727273,5.1495399844e-1,2.1588228026e-1,1.2587389543e-1,2.3674420481e-1,1.5648258697e-1,6.249684829589558e-1,5.236930961957794e-1,2.9301818410e1,5.712e-1
3898.674242,3.6488208629e-1,3.6720393960e-1,2.8938556174e-1,1.0977334696e-1,1.1869202776e-1,6.249684811751741e-1,5.236930927151561e-1,2.1937260072e1,5.783e-1
3899.621212,9.5938189931e-2,5.9552506761e-1,3.7194129806e-1,1.3022129759e-1,5.6311107540e-2,6.249684803653762e-1,5.236930915260893e-1,1.5589452903e1,5.887e-1
3900.568182,6.1735017819e-2,1.5362673903e-1,2.7944913349e-1,5.7311596954e-1,1.8201008536e-1,6.249684726200427e-1,5.236931022741090e-1,4.4210716007e1,5.187e-1
3901.515152,6.8676598274e-2,1.3078640244e-1,5.0716625465e-1,4.5961626415e-1,8.3691391939e-2,6.249684557284139e-1,5.236930682848068e-1,2.9773459762e1,5.869e-1
3902.462121,1.2773168816e-1,4.7306630192e-1,3.8087901057e-1,2.0933544595e-1,5.8924457950e-2,6.249684522700297e-1,5.236930482513840e-1,1.8298095420e1,4.729e-1
3903.409091,3.6697168516e-1,3.0791333818e-1,9.4448059001e-2,3.1553609533e-1,1.6506772392e-1,6.249684507941967e-1,5.236930484591575e-1,3.2780720703e1,5.543e-1
3904.356061,5.1757212929e-1,1.2412568633e-1,3.1791078939e-1,1.8658184532e-1,1.0374644461e-1,6.249684474676735e-1,5.236930412079376e-1,2.2300487713e1,5.632e-1
3905.303030,2.6720708276e-1,6.8887111738e-1,1.2682365415e-1,8.0486442813e-2,8.6548597497e-2,6.249684472971424e-1,5.236930382222116e-1,1.6179721659e1,8.297e-1
3906.250000,1.5516124872e-1,3.9971231789e-1,5.7819856974e-1,1.4638976511e-2,1.0222578245e-1,6.249684476550156e-1,5.236930381183988e-1,1.9055941221e1,7.230e-1
3907.196970,9.5381626188e-2,2.3988811012e-1,2.0334588856e-1,6.2257569568e-1,8.8745568665e-2,6.249684446070626e-1,5.236930487325414e-1,3.3436089193e1,3.668e-1
3908.143939,6.6905924491e-2,4.8712798253e-2,1.9591157530e-1,8.0819395543e-1,1.3021261552e-1,6.249684344987121e-1,5.236930485934987e-1,4.4227592521e1,3.772e-1
3909.090909,6.6200050595e-2,5.4165013076e-2,9.4191179753e-2,9.4159816626e-1,9.3782424407e-2,6.249684170473447e-1,5.236930353515077e-1,4.3030251134e1,8.801e-1
3910.037879,8.9354777114e-2,1.9606997624e-1,2.2721362494e-1,7.1903071094e-1,1.8267717434e-2,6.249684033334294e-1,5.236929746545511e-1,2.7601776922e1,8.374e-1
3910.984848,1.4679490558e-1,4.4269870118e-1,3.9954609204e-1,5.7169323214e-2,2.0372777378e-1,6.249683978978768e-1,5.236929427379656e-1,3.2061736978e1,4.510e-1
3911.931818,2.7875534788e-1,7.6493302710e-1,9.5807256871e-2,4.0767753337e-2,6.9673410848e-2,6.249683980197045e-1,5.236929427969317e-1,1.2658466478e1,5.089e-1
3912.878788,5.3344895650e-1,2.1901445915e-1,3.2322002344e-1,6.1710650534e-2,1.1254270630e-1,6.249683979581446e-1,5.236929427847837e-1,1.9670720808e1,7.053e-1
3913.825758,4.6998633682e-1,4.6345273255e-1,6.0337860733e-2,2.4765115240e-2,2.3139475043e-1,6.249683978876364e-1,5.236929421290872e-1,3.2055613262e1,4.532e-1
3914.772727,4.1133402061e-1,2.6366010123e-1,4.6921795401e-1,4.6082163147e-2,5.9642555614e-2,6.249683973031380e-1,5.236929418405413e-1,1.3595607184e1,6.634e-1
3915.719697,1.7705165016e-1,6.5965860986e-1,1.9861304145e-1,5.0317591460e-2,1.6429590085e-1,6.249683968889032e-1,5.236929412366701e-1,2.5636785612e1,4.457e-1
3916.666667,5.8736029932e-2,3.8161764057e-1,5.6559109839e-1,3.9187306243e-2,2.0480471778e-1,6.249683964568549e-1,5.236929408377903e-1,3.2786329759e1,7.174e-1
3917.613636,2.5263811007e-2,1.0532038759e-1,1.9216971648e-1,2.3308395951e-1,6.9409890688e-1,6.249683907335103e-1,5.236929239237564e-1,9.8063977198e1,3.086e-1
3918.560606,1.6867848455e-2,3.9457238271e-2,2.9657242106e-1,2.7748653235e-1,6.1955269513e-1,6.249683676317930e-1,5.236928824891647e-1,9.0642241781e1,7.803e-1
3919.507576,1.3093374302e-2,4.5212211895e-2,2.7703060788e-1,1.7389761257e-1,7.4070291638e-1,6.249683615089073e-1,5.236928662741955e-1,1.0268791287e2,8.112e-1
3920.454545,7.9292137185e-3,1.3474956945e-1,1.3953009057e-1,2.0921927649e-1,7.5850853303e-1,6.249683416275553e-1,5.236928238974337e-1,1.0517381355e2,4.071e-1
3921.401515,6.2035213271e-3,3.9372945725e-1,6.1312919513e-1,1.9187046199e-1,4.5004031201e-2,6.249683334454516e-1,5.236928166528908e-1,1.7595965013e1,3.480e-1
3922.348485,2.5416532039e-2,7.1370718222e-1,3.0772569229e-1,4.3164895914e-2,1.5992236151e-1,6.249683319825385e-1,5.236928137688583e-1,2.5753267111e1,5.316e-1
3923.295455,8.1422653418e-2,2.1086027475e-1,2.7761759025e-1,3.5382613785e-1,3.2620999636e-1,6.249683263152681e-1,5.236928129566918e-1,5.5760688544e1,5.882e-1
3924.242424,1.3882614549e-1,2.9855949899e-2,2.7650610345e-1,3.8600186554e-1,4.1874656077e-1,6.249683125768133e-1,5.236927888148599e-1,6.8292793277e1,5.798e-1
3925.189394,1.7021004394e-1,8.7267365754e-3,1.7146141588e-1,6.7856118058e-1,2.2097722802e-1,6.249683024947743e-1,5.236927974454408e-1,5.1473292787e1,7.853e-1
3926.136364,1.7407712686e-1,7.8817786263e-3,5.6031875336e-1,4.7692011300e-1,3.0738803759e-2,6.249682878020050e-1,5.236927524590388e-1,2.3781362645e1,5.217e-1
3927.083333,1.1919365691e-1,1.3473255787e-1,3.7449787149e-2,7.5384699299e-1,2.0471356215e-1,6.249682785359791e-1,5.236927587861567e-1,5.0955099972e1,5.634e-1
3928.030303,9.4787699463e-2,1.1221070860e-1,4.5276033383e-2,7.1360718394e-1,2.8405489284e-1,6.249682591131517e-1,5.236927211639244e-1,5.9828479704e1,3.973e-1
3928.977273,8.6517472817e-2,1.3057588397e-1,4.3134061955e-1,3.3248604706e-1,2.6901646936e-1,6.249682463756470e-1,5.236926737034374e-1,4.8828797044e1,4.824e-1
3929.924242,1.0516039465e-1,1.5417778193e-1,4.2147024593e-1,3.2371858876e-1,2.4540945829e-1,6.249682347830074e-1,5.236926553068506e-1,4.5504103230e1,4.721e-1
3930.871212,1.3955485376e-1,2.5423749611e-2,8.8547328599e-2,3.2676303655e-1,6.6964748668e-1,6.249682276016049e-1,5.236926324847105e-1,9.7000299020e1,7.837e-1
3931.818182,1.5085218545e-1,6.5523133673e-2,6.3260364584e-1,2.0427397970e-1,1.9668347612e-1,6.249682103930293e-1,5.236926084853105e-1,3.6979553821e1,6.365e-1
3932.765152,2.2097398133e-1,3.1187071391e-2,7.9249121471e-2,3.9628014693e-1,5.2224608645e-1,6.249682037896411e-1,5.236925960349013e-1,8.0335317873e1,3.454e-1
3933.712121,2.4994006667e-1,2.2841616979e-3,2.7467545077e-1,3.5599853788e-1,3.6703816035e-1,6.249681886858766e-1,5.236925705364248e-1,6.0699779700e1,5.570e-1
3934.659091,2.0320666647e-1,3.1402614124e-2,2.1838344265e-1,5.5950614772e-1,2.3743748654e-1,6.249681787517634e-1,5.236925682831441e-1,5.0207671107e1,6.766e-1
3935.606061,1.2661260713e-1,1.4736778864e-1,1.3362910508e-1,5.9921926701e-1,2.4310756223e-1,6.249681650445966e-1,5.236925439150711e-1,5.1719859231e1,7.663e-1
3936.553030,7.3548085490e-2,4.0584810219e-1,1.5361242362e-1,2.1581403937e-1,4.0111366472e-1,6.249681576956823e-1,5.236925097695682e-1,6.0325967980e1,6.368e-1
3937.500000,4.1505806402e-2,7.0192721961e-1,1.1871836625e-1,1.3684243633e-1,2.5094248276e-1,6.249681556779211e-1,5.236925069635636e-1,3.8873950028e1,3.038e-1
3938.446970,3.4124857046e-2,9.8464143723e-2,3.0400537186e-1,3.1576163070e-1,4.9758030234e-1,6.249681528305782e-1,5.236925046390908e-1,7.6440684572e1,4.533e-1
3939.393939,2.6558760018e-2,2.2259485431e-1,7.8349975546e-1,1.1486209822e-1,1.0242081824e-1,6.249681431279199e-1,5.236924884238978e-1,2.3511919010e1,8.007e-1
3940.340909,1.2743528201e-2,2.7649493199e-1,5.0758710352e-1,2.4981468651e-1,2.0329602321e-1,6.249681367173490e-1,5.236924801815996e-1,3.8636019396e1,7.051e-1
3941.287879,1.3344170181e-2,8.7357124130e-2,1.3164952130e-1,4.1618321729e-1,6.0140222464e-1,6.249681287707909e-1,5.236924636785136e-1,9.1531930211e1,5.235e-1
3942.234848,3.0813021137e-2,6.0605139158e-1,2.0328241386e-1,2.0838089831e-1,2.0140851458e-1,6.249681197346034e-1,5.236924461010266e-1,3.5302247217e1,7.662e-1
3943.181818,1.0756844743e-1,5.2871555621e-1,1.6543463266e-1,3.1145695090e-1,1.3676064974e-1,6.249681184709061e-1,5.236924455169739e-1,2.9906677994e1,5.468e-1
3944.128788,2.4664260570e-1,9.3500391778e-2,2.3254247200e-1,5.2211102454e-1,1.5513972646e-1,6.249681102386161e-1,5.236924478498803e-1,3.8736099635e1,6.245e-1
3945.075758,3.2660838143e-1,1.4932069470e-3,5.3978781075e-2,6.0336246385e-1,2.6449336228e-1,6.249680977897456e-1,5.236924334086720e-1,5.3760870068e1,3.842e-1
3946.022727,2.2474096634e-1,2.1596577560e-1,3.6689820335e-1,3.9093026045e-1,5.1400971098e-2,6.249680884177087e-1,5.236924051292788e-1,2.2568580296e1,4.820e-1
3946.969697,1.2148977858e-1,3.8708310975e-1,5.7798190563e-1,1.5760353435e-1,5.7778423091e-3,6.249680853161756e-1,5.236923933362586e-1,1.1241643269e1,5.677e-1
3947.916667,2.6886936544e-1,9.7083644975e-2,1.0709543190e-1,5.4017338256e-1,2.3671433445e-1,6.249680796566872e-1,5.236923997590255e-1,4.8770348479e1,4.857e-1
3948.863636,3.3956417872e-1,3.0447296003e-3,3.2942316360e-2,5.9216132779e-1,2.8222358035e-1,6.249680664132991e-1,5.236923828107698e-1,5.5513190854e1,3.361e-1
3949.810606,2.3882276675e-1,1.7084678002e-1,2.2738389554e-1,4.8865176190e-1,1.2423090666e-1,6.249680554393430e-1,5.236923582791632e-1,3.3818588541e1,5.338e-1
3950.757576,8.6410108197e-2,4.8355045581e-1,4.1232947829e-1,6.3506184404e-2,2.0413987713e-1,6.249680519154625e-1,5.236923378329683e-1,3.2471043966e1,3.951e-1
3951.704545,2.4752024992e-2,3.8283873660e-1,3.8678653194e-1,2.4832217260e-1,2.0723663421e-1,6.249680501700953e-1,5.236923379340317e-1,3.8344944443e1,3.981e-1
3952.651515,1.8694894245e-2,8.7841679297e-2,8.0837651645e-2,6.6260129874e-1,3.9996055664e-1,6.249680402842585e-1,5.236923436824712e-1,7.3229924829e1,6.845e-1
3953.598485,1.3475662789e-2,4.7478827837e-1,2.9035634692e-1,4.3784261471e-1,3.3473153405e-2,6.249680280970153e-1,5.236923039915615e-1,2.1574692470e1,5.873e-1
3954.545455,3.5506337837e-2,5.2758398636e-1,4.9617649459e-1,1.4799681263e-1,4.2672424632e-2,6.249680280224479e-1,5.236922939391364e-1,1.5240301455e1,5.566e-1
3955.492424,1.0645235719e-1,1.5411618235e-1,6.4698782052e-1,1.4532405195e-1,1.9705563324e-1,6.249680226270946e-1,5.236922872823684e-1,3.5410851825e1,3.939e-1
3956.439394,1.4309336694e-1,7.9646395176e-3,5.5714423447e-2,2.6038431160e-1,7.8277928661e-1,6.249680140573627e-1,5.236922617443300e-1,1.0906123801e2,7.965e-1
3957.386364,1.2956369189e-1,5.5859311858e-2,6.3949591661e-1,1.9684447909e-1,2.2817260050e-1,6.249679999754495e-1,5.236922475435172e-1,4.0797583998e1,4.357e-1
3958.333333,6.3627692379e-2,2.0547295702e-1,3.7956161953e-2,2.5465502082e-1,6.8822415059e-1,6.249679913860015e-1,5.236922223996339e-1,9.6988060998e1,4.474e-1
3959.280303,3.3075474449e-2,1.7139920169e-1,2.7853191837e-1,3.1983839298e-1,4.4709096220e-1,6.249679748411601e-1,5.236922004322122e-1,7.0050063224e1,6.420e-1
3960.227273,2.2321531777e-2,2.3585677510e-1,3.4149478246e-1,1.2852171974e-1,5.2174112071e-1,6.249679648926922e-1,5.236921767716411e-1,7.4110391058e1,4.743e-1
3961.174242,1.4855710038e-2,1.5964293374e-1,1.3093302783e-1,2.1617540318e-1,7.2832885184e-1,6.249679633124807e-1,5.236921676941261e-1,1.0151788388e2,6.054e-1
3962.121212,6.9365969192e-3,3.3083041471e-1,2.7300621053e-1,1.6760610082e-1,4.7155657418e-1,6.249679485807068e-1,5.236921426860591e-1,6.8571815533e1,5.100e-1
3963.068182,1.7842903132e-3,9.3228906566e-1,1.7317020028e-1,1.1501815526e-1,2.7674186262e-2,6.249679488885630e-1,5.236921424007954e-1,1.0473708689e1,9.543e-1
3964.015152,1.5142434365e-3,3.4996429843e-1,2.0142431794e-1,3.8262255775e-1,3.1441047431e-1,6.249679459337245e-1,5.236921477138259e-1,5.4800542821e1,4.286e-1
3964.962121,4.4194934875e-3,4.5471036504e-1,5.6353219043e-1,6.1441844880e-2,1.6583198350e-1,6.249679386699271e-1,5.236921295433281e-1,2.8612520925e1,6.368e-1
3965.909091,1.7024259938e-2,4.7721247293e-1,7.2905621116e-1,1.9129521683e-2,7.5134120056e-3,6.249679388574532e-1,5.236921296814988e-1,8.3692481957e0,6.949e-1
3966.856061,3.4823802995e-2,2.6394903573e-1,4.9327464105e-2,3.5394177479e-1,5.4789378577e-1,6.249679316947330e-1,5.236921199275409e-1,8.2396471058e1,4.123e-1
3967.803030,7.0090823712e-2,4.6401089954e-1,4.9095442082e-1,1.2568495247e-1,9.9194757679e-2,6.249679271080977e-1,5.236921086466141e-1,2.1609550039e1,6.518e-1
3968.750000,1.8919329961e-1,5.6714628268e-1,4.6408339228e-1,1.6842134775e-2,1.2670745594e-2,6.249679274696301e-1,5.236921087242357e-1,7.1023601022e0,7.531e-1
3969.696970,3.7753845834e-1,2.6754692354e-1,1.1588590328e-1,4.5349612815e-1,3.5468438687e-2,6.249679260008060e-1,5.236921147295599e-1,2.0702786555e1,6.717e-1
3970.643939,3.8440109041e-1,2.2802861683e-1,3.6336598021e-1,9.0626857629e-2,1.8351330059e-1,6.249679228360427e-1,5.236921039410714e-1,2.9944947540e1,4.974e-1
3971.590909,1.5301581989e-1,7.2086794425e-1,1.8735470828e-1,1.0197689229e-2,1.7849968307e-1,6.249679223615139e-1,5.236921024684329e-1,2.6191366953e1,3.521e-1
3972.537879,6.6860099655e-2,1.5885134414e-1,3.6428663498e-1,4.1820212135e-1,2.4173564248e-1,6.249679212978663e-1,5.236921067301800e-1,4.7590055938e1,3.644e-1
3973.484848,4.1121965778e-2,1.1235691825e-1,7.2054125956e-1,3.5436549090e-1,2.1550183706e-2,6.249679090987754e-1,5.236920871681252e-1,2.0107724119e1,7.785e-1
3974.431818,1.9039738471e-2,3.8387611275e-1,8.1062170044e-2,5.9957151472e-1,1.6638627257e-1,6.249679042776948e-1,5.236920898800775e-1,4.1909500815e1,3.486e-1
3975.378788,1.9883247623e-2,9.0485053537e-2,3.1179097392e-1,4.6644592501e-1,3.6133059008e-1,6.249678950846038e-1,5.236920636311863e-1,6.3861824653e1,4.189e-1
3976.325758,2.3005115814e-2,2.5016183971e-1,1.3703091387e-1,4.1085995284e-1,4.2887793250e-1,6.249678773659799e-1,5.236920266051318e-1,6.9651967399e1,5.913e-1
3977.272727,5.8769289308e-2,4.1369088234e-1,5.5414451644e-1,1.4968260564e-1,7.3648454495e-2,6.249678741127899e-1,5.236920134433748e-1,1.9506768097e1,4.310e-1
3978.219697,1.9769110093e-1,4.4120426939e-1,3.4145167650e-1,8.6520929640e-2,1.8306777147e-1,6.249678739656794e-1,5.236920125296234e-1,2.9914211998e1,4.647e-1
3979.166667,3.2314692303e-1,2.4501678391e-1,5.5483232141e-2,1.8888705416e-1,4.3740175275e-1,6.249678729933936e-1,5.236920098090275e-1,6.3127282972e1,5.800e-1
3980.113636,3.7131320074e-1,1.2587288817e-1,2.8042714316e-1,4.2308165719e-1,4.9240846705e-2,6.249678679824062e-1,5.236920107196515e-1,2.2522260930e1,4.869e-1
3981.060606,2.0864630162e-1,4.0725880078e-1,2.0634189770e-1,3.4397183212e-1,8.3716898746e-2,6.249678654792148e-1,5.236920039861156e-1,2.4292437601e1,5.514e-1
3982.007576,6.9782452645e-2,3.0022370887e-1,5.8833689157e-1,1.8095952402e-1,1.1063314972e-1,6.249678634129908e-1,5.236919985123760e-1,2.5293781709e1,6.747e-1
3982.954545,8.9042335886e-2,1.5368936274e-1,3.2443945545e-2,4.1719054427e-1,5.5756951706e-1,6.249678527477990e-1,5.236919820658779e-1,8.5330447057e1,4.131e-1
3983.901515,1.3976560299e-1,1.3414493343e-2,7.9865689444e-1,2.8593946027e-1,1.2159226779e-2,6.249678389104424e-1,5.236919637107083e-1,1.7192410700e1,8.123e-1
3984.848485,1.4440916725e-1,3.4649141392e-3,3.0124503029e-1,4.9513291267e-1,3.0568363668e-1,6.249678305155343e-1,5.236919522754405e-1,5.7460853354e1,4.122e-1
3985.795455,1.2149868555e-1,6.3182241492e-2,1.1414642766e-1,7.1675768171e-1,2.3435060488e-1,6.249678206483033e-1,5.236919581293157e-1,5.4033408487e1,3.996e-1
3986.742424,9.4961254139e-2,3.9486361791e-1,3.0336151385e-1,4.3424392815e-1,2.2505305837e-2,6.249678099383817e-1,5.236919113817299e-1,2.0040584821e1,5.475e-1
3987.689394,1.3620849672e-1,6.8966531107e-1,3.3350185790e-1,3.2679779344e-2,5.7880175281e-2,6.249678101548304e-1,5.236919015456980e-1,1.2569865109e1,8.129e-1
3988.636364,2.6126929668e-1,3.2907477376e-1,3.1422808599e-1,2.9518092235e-1,5.0182541801e-2,6.249678102875493e-1,5.236919013700050e-1,1.9171763749e1,5.606e-1
3989.583333,2.9361730796e-1,3.9953491987e-1,2.3183776569e-1,8.1835846528e-2,2.4310977867e-1,6.249678093586570e-1,5.236918998410929e-1,3.6537379378e1,6.278e-1
3990.530303,3.0142375815e-1,4.8157457435e-1,1.1677244687e-1,1.7784340595e-1,1.7232143266e-1,6.249678089892227e-1,5.236919003736167e-1,2.9796172973e1,4.144e-1
3991.477273,2.9354140003e-1,2.7511760056e-1,2.5126556367e-1,8.2604849307e-2,3.4740620157e-1,6.249678075661403e-1,5.236918981546143e-1,4.9818479389e1,5.876e-1
3992.424242,1.6514135324e-1,2.9610028471e-1,4.4997369055e-1,1.6629994713e-1,1.7242033455e-1,6.249678050901983e-1,5.236918947054530e-1,3.1665961901e1,4.061e-1
3993.371212,6.6417810549e-2,3.5696510077e-1,1.2141145196e-1,2.9520014223e-1,4.0994110078e-1,6.249678031451678e-1,5.236918921224366e-1,6.3637296173e1,5.469e-1
3994.318182,2.9504503924e-2,1.2334158377e-1,2.7866376283e-1,5.3333691293e-1,2.8508881684e-1,6.249677901497037e-1,5.236918873197065e-1,5.6048895292e1,7.128e-1
3995.265152,1.8624201474e-2,2.2529195745e-1,1.6321227943e-2,6.3288382754e-1,3.5681433563e-1,6.249677750198810e-1,5.236918610733259e-1,6.6514983281e1,5.502e-1
3996.212121,2.3736357303e-2,1.8335393184e-1,2.0572583952e-2,6.8852163297e-1,3.3375100919e-1,6.249677576239687e-1,5.236918363836153e-1,6.5295978145e1,5.517e-1
3997.159091,4.6046674902e-2,2.3348393344e-1,2.5023138403e-1,6.6495943688e-1,5.5214054994e-2,6.249677421253674e-1,5.236918058417932e-1,3.0837943296e1,4.157e-1
3998.106061,1.2998589881e-1,3.1847237809e-1,4.7069557681e-1,9.2086782467e-2,2.3869483583e-1,6.249677360014770e-1,5.236917691206239e-1,3.7967218346e1,5.863e-1
3999.053030,2.7404773698e-1,4.3981143991e-1,1.2861519725e-1,1.3681131709e-1,2.7064978052e-1,6.249677358720482e-1,5.236917680733020e-1,4.1066702380e1,6.623e-1
4000.000000,3.9916814712e-1,3.7717481635e-1,3.2861661481e-1,1.0669184301e-1,3.8284050734e-2,6.249677360151211e-1,5.236917676728313e-1,1.1897364095e1,4.692e-1
