t,p0,p1,p2,p3,p4,E,H,Omega,max_abs_im
0,1.0000000000e0,2.5000000000e-1,0.0000000000e0,0.0000000000e0,0.0000000000e0,6.250000000000000e-1,-6.636199437239003e-2,1.0000000000e0,0
1.000000,8.5601166311e-1,3.4405069297e-1,4.8509023703e-2,1.4266603940e-3,1.9598474976e-6,6.250000000107544e-1,-6.636199437612923e-2,1.5500834002e0,9.250e-1
2.000000,2.5186212304e-1,2.7142335788e-1,2.3894102182e-1,8.5789720225e-2,4.0198377737e-1,6.250000001681784e-1,-6.636199426764489e-2,5.6779500502e1,4.988e-1
3.000000,1.0588718699e-1,3.7593215466e-1,2.1030712237e-1,5.3542065193e-1,2.2452880453e-2,6.249999982023968e-1,-6.636199671464209e-2,2.2494694442e1,4.967e-1
4.000000,1.0742444091e-1,1.2498205078e-1,7.0527050144e-1,1.1166444739e-1,2.0065853893e-1,6.249999897330482e-1,-6.636199217177655e-2,3.5203395633e1,6.954e-1
5.000000,1.1072946303e-1,1.2896266037e-1,4.2759141582e-1,2.8294210265e-1,2.9977434047e-1,6.249999911726973e-1,-6.636198649940661e-2,5.1159284244e1,6.494e-1
6.000000,1.5859686934e-1,7.0399444439e-1,1.1253436056e-1,3.0782991826e-2,2.4409130582e-1,6.249999859647221e-1,-6.636198571697363e-2,3.4616305091e1,4.898e-1
7.000000,3.6994280841e-1,1.9216529878e-2,1.6923440211e-1,4.1475863671e-1,2.7684760269e-1,6.249999898951408e-1,-6.636198643728437e-2,5.0286049200e1,6.032e-1
8.000000,3.2543744362e-1,6.4077700602e-2,6.5602641658e-2,7.5620823221e-1,3.8673960829e-2,6.249999894584518e-1,-6.636199840024097e-2,2.9964625673e1,7.314e-1
9.000000,2.2642095929e-1,3.6927031077e-2,4.7895315427e-1,4.6549503591e-1,4.2203782599e-2,6.249999815691937e-1,-6.636198305811775e-2,2.4316615098e1,2.595e-1
10.000000,1.2961374883e-1,1.4284147325e-1,2.8121471214e-1,1.4310133328e-1,5.5322870134e-1,6.249999844186076e-1,-6.636197407577445e-2,7.7992723955e1,7.219e-1
11.000000,6.5452388241e-2,8.7388025420e-1,2.9339196058e-2,1.9128590665e-1,9.0042213946e-2,6.249999795502648e-1,-6.636197649130916e-2,1.9661752669e1,9.092e-1
12.000000,1.2593185193e-1,1.1319046204e-1,1.1275510781e-1,1.4956225546e-1,7.4856029206e-1,6.249999846528841e-1,-6.636197278303615e-2,1.0179309727e2,3.367e-1
13.000000,1.6483200728e-1,1.5600566699e-2,3.2631879771e-1,4.4261459541e-1,3.0063397300e-1,6.249999700513592e-1,-6.636197937720453e-2,5.5368983116e1,6.298e-1
14.000000,1.7846162532e-1,1.0875039161e-1,3.4897481963e-1,1.2383582905e-1,4.8997727933e-1,6.249999724679176e-1,-6.636196759874569e-2,6.9778368436e1,6.960e-1
15.000000,3.8639187482e-1,2.6560316378e-1,2.6520919028e-2,8.7417060103e-2,4.8406693242e-1,6.249999750734788e-1,-6.636196662137180e-2,6.5694482890e1,6.745e-1
16.000000,6.6992563522e-1,1.4742314729e-5,9.9459177401e-2,4.1853968351e-1,6.2060709621e-2,6.249999740354802e-1,-6.636196829436794e-2,2.2467706425e1,7.697e-1
17.000000,2.9864451022e-1,6.5658565520e-1,1.2276387225e-1,1.1916700633e-1,5.2838901035e-2,6.249999725204188e-1,-6.636196738510980e-2,1.3021328079e1,5.036e-1
18.000000,1.3016227578e-1,1.8010993994e-1,3.9331002945e-1,3.0294338173e-1,2.4347432638e-1,6.249999766409252e-1,-6.636196703316330e-2,4.4430683245e1,5.191e-1
19.000000,1.3149480426e-1,5.0666282441e-2,3.4621920111e-1,6.7988596813e-1,4.1733690225e-2,6.249999730833219e-1,-6.636197453058043e-2,3.0035096905e1,8.232e-1
20.000000,8.4856369861e-2,4.6968551751e-1,1.2311408328e-2,6.0879372072e-1,7.4352904540e-2,6.249999604821548e-1,-6.636196676230115e-2,3.0078861331e1,6.661e-1
21.000000,1.2937045550e-1,1.0109340031e-1,5.2872696891e-1,2.6834690173e-1,2.2246218465e-1,6.249999555443755e-1,-6.636195977429415e-2,4.1558948270e1,5.130e-1
22.000000,1.9990820350e-1,1.6760560912e-2,7.6894807951e-3,1.3964373890e-1,8.8599794521e-1,6.249999646537163e-1,-6.636195629701552e-2,1.1807132770e2,4.221e-1
23.000000,2.0711895339e-1,9.1025098603e-3,2.5226822784e-2,9.3573123613e-1,7.2820398395e-2,6.249999602817845e-1,-6.636196600823227e-2,3.9587989629e1,3.442e-1
24.000000,1.5489588421e-1,3.1141614443e-2,7.4843031650e-1,3.7304529863e-2,2.7822752068e-1,6.249999328525633e-1,-6.636195484201621e-2,4.2934041306e1,7.193e-1
25.000000,1.2382801108e-1,6.8521721096e-2,7.4927419115e-2,3.9508867524e-1,5.8763404012e-1,6.249999333237011e-1,-6.636195267808692e-2,8.8658371544e1,3.699e-1
26.000000,1.2371867489e-1,3.7224265545e-2,1.1912810552e-1,9.6268010990e-1,7.2487153930e-3,6.249999356256040e-1,-6.636196304039677e-2,3.2822931800e1,4.515e-1
27.000000,1.1035435970e-1,3.7152192175e-1,4.3818820267e-1,7.5150075083e-2,2.5478526726e-1,6.249999132296140e-1,-6.636195294126532e-2,3.9321043256e1,5.039e-1
28.000000,3.6191048992e-1,5.0328638599e-1,5.5077135846e-2,8.3927633890e-2,2.4579818482e-1,6.249999152283017e-1,-6.636195372064253e-2,3.5775997045e1,6.008e-1
29.000000,6.8541084818e-1,1.5760639358e-2,1.4362664885e-1,3.3953199930e-1,6.5669694959e-2,6.249999153224199e-1,-6.636195166891619e-2,2.0793984826e1,8.236e-1
30.000000,4.4819138205e-1,1.9052793245e-1,1.0793037760e-1,2.7493664048e-1,2.2841349841e-1,6.249999155026291e-1,-6.636195416389111e-2,3.9503494869e1,6.341e-1
31.000000,3.8768185030e-1,1.9711545247e-1,4.6683934088e-1,1.7133318700e-1,2.7029995768e-2,6.249999132096082e-1,-6.636195433950638e-2,1.3265287999e1,4.575e-1
32.000000,5.8228352356e-1,2.6183590776e-2,4.0003927005e-2,5.4254747793e-1,5.8981313620e-2,6.249999164472573e-1,-6.636195171444528e-2,2.5574667797e1,4.075e-1
33.000000,3.2900581581e-1,4.6454598163e-1,1.6891584149e-1,1.3470774711e-1,1.5282444190e-1,6.249999139695397e-1,-6.636195463471457e-2,2.6317098074e1,6.314e-1
34.000000,1.1882150055e-1,2.7445607054e-1,5.5291173218e-1,1.4964636142e-1,1.5416416228e-1,6.249999134856836e-1,-6.636195386220375e-2,2.9553313086e1,6.552e-1
35.000000,1.3032521971e-1,4.6144989568e-2,2.4979922245e-1,7.6288173162e-1,6.0848678522e-2,6.249999209347964e-1,-6.636196035648417e-2,3.4356692631e1,6.667e-1
36.000000,1.0767989926e-1,2.0947033482e-1,3.1679198029e-1,2.6070394019e-2,5.8998722187e-1,6.249999151313115e-1,-6.636194864849562e-2,7.9359733470e1,7.169e-1
37.000000,1.9355930677e-1,6.6284146344e-1,4.9129435729e-3,2.3479695901e-1,1.5388915990e-1,6.249999163449811e-1,-6.636194966222626e-2,2.8673081285e1,4.262e-1
38.000000,4.6342579483e-1,2.2796781872e-1,7.3431145909e-2,1.7326345751e-1,3.1191161530e-1,6.249999161346054e-1,-6.636195194908780e-2,4.6744215100e1,6.762e-1
39.000000,6.2696787610e-1,7.5374284032e-2,2.4089722705e-1,2.2334518271e-1,8.3415259399e-2,6.249999146440069e-1,-6.636195085385507e-2,2.0215609372e1,7.222e-1
40.000000,4.5407619944e-1,5.1444718541e-1,2.1935314314e-1,3.1279837679e-2,3.0843464144e-2,6.249999149090464e-1,-6.636195100095996e-2,7.9596758319e0,4.625e-1
41.000000,7.1876989657e-1,6.2842756804e-2,4.7380369900e-2,3.0487581044e-1,1.1613099682e-1,6.249999152674136e-1,-6.636195006044979e-2,2.5484906948e1,3.339e-1
42.000000,4.0932908252e-1,2.8351490726e-1,1.4133737489e-1,3.3888710649e-1,7.6931357897e-2,6.249999145258650e-1,-6.636194943589062e-2,2.2593994574e1,2.884e-1
43.000000,1.3977978094e-1,4.3334955782e-1,3.7001970637e-1,2.7975721208e-1,2.7093568615e-2,6.249999129147724e-1,-6.636195042476933e-2,1.6316954226e1,5.122e-1
44.000000,3.3751957004e-2,5.2866604182e-1,2.9655486818e-1,2.7925981698e-1,1.1176713994e-1,6.249999119641052e-1,-6.636195315406158e-2,2.6689155064e1,6.635e-1
45.000000,9.6315493901e-3,6.1108954832e-1,2.9578779102e-1,1.8062865051e-1,1.5286228275e-1,6.249999109909042e-1,-6.636195409802256e-2,2.8939786207e1,6.616e-1
46.000000,2.1734722802e-2,4.8815166351e-1,1.6118549013e-1,2.6732680681e-1,3.1160113774e-1,6.249999104956260e-1,-6.636195430035233e-2,5.0716058058e1,4.631e-1
47.000000,6.0979869046e-2,3.5183323475e-1,2.8560004345e-1,2.1390664430e-1,3.3768003270e-1,6.249999121250984e-1,-6.636195839396032e-2,5.3087013555e1,4.189e-1
48.000000,2.3879997810e-1,7.2793875732e-1,1.2068718099e-1,1.1624395047e-1,4.6329956614e-2,6.249999117462715e-1,-6.636195707826152e-2,1.2190815813e1,8.217e-1
49.000000,5.6138263467e-1,4.2755107004e-2,3.2472173259e-1,2.3313943617e-1,8.8000909534e-2,6.249999099846972e-1,-6.636195622798352e-2,2.1688553770e1,4.738e-1
50.000000,5.0322093901e-1,2.2306137063e-1,4.4136795024e-2,2.8900804627e-1,1.9057266983e-1,6.249999103815201e-1,-6.636195770133210e-2,3.4692386790e1,6.124e-1
51.000000,4.4417424938e-1,1.3765999828e-1,3.4742213601e-1,2.2172055735e-1,9.9022874799e-2,6.249999079079998e-1,-6.636195751504852e-2,2.3046770019e1,6.617e-1
52.000000,1.9506954023e-1,7.5391384520e-1,8.1312052405e-2,1.5572905299e-1,6.3975324697e-2,6.249999077584673e-1,-6.636195887014194e-2,1.5428030137e1,4.516e-1
53.000000,3.0023931501e-1,8.8218990004e-2,3.2012992810e-1,1.4956834861e-1,3.9184322882e-1,6.249999052742500e-1,-6.636195623420840e-2,5.7829717507e1,6.226e-1
54.000000,3.1193221270e-1,5.3092410483e-2,2.7584436485e-1,3.4292394342e-2,5.7483843747e-1,6.249999099218332e-1,-6.636195465114229e-2,7.7145582461e1,7.537e-1
55.000000,2.8078463939e-1,1.9602377244e-1,1.3973581308e-1,3.4314763672e-1,2.9030795283e-1,6.249999072344132e-1,-6.636195266742459e-2,4.9790468707e1,4.755e-1
56.000000,4.0329113748e-1,3.6275959680e-2,5.4871545272e-1,8.5680779372e-3,2.5314918812e-1,6.249999079708590e-1,-6.636195306191477e-2,3.7341195683e1,2.865e-1
57.000000,4.0223551381e-1,5.0972584483e-2,3.1297198083e-2,7.4746183459e-1,1.8032701248e-2,6.249999161046951e-1,-6.636196234535463e-2,2.6780404977e1,7.832e-1
58.000000,1.6695060601e-1,4.3112263260e-1,7.6467006147e-4,4.6405057826e-2,6.0475685655e-1,6.249999115236189e-1,-6.636195135422404e-2,7.9845677417e1,7.052e-1
59.000000,7.7227834724e-2,2.2799659453e-1,3.5445146273e-1,5.5913343438e-1,3.1190489424e-2,6.249999078944926e-1,-6.636195251853619e-2,2.5214871355e1,6.621e-1
60.000000,1.6762483706e-1,3.2398526125e-1,7.7314281671e-2,1.3057777635e-1,5.5049765378e-1,6.249999050604618e-1,-6.636194983733484e-2,7.5992485722e1,3.541e-1
61.000000,3.4172298890e-1,2.1379177313e-2,4.0039871811e-1,2.7330154256e-1,2.1319736026e-1,6.249998935705370e-1,-6.636194829493104e-2,3.9451721069e1,6.320e-1
62.000000,3.1168053279e-1,4.0405629341e-2,3.8482771184e-1,3.7177124117e-1,1.4131466325e-1,6.249998891998132e-1,-6.636195061100397e-2,3.3300229834e1,6.027e-1
63.000000,2.3001002610e-1,4.2140635860e-2,6.3695655230e-1,2.5301867107e-2,3.1559069269e-1,6.249998870270358e-1,-6.636194655119516e-2,4.6500207114e1,4.811e-1
64.000000,1.1145901550e-1,3.4587022198e-1,1.1750481958e-1,6.3263181514e-1,4.2533917863e-2,6.249998950339072e-1,-6.636195022353161e-2,2.7376068079e1,3.400e-1
65.000000,5.8551976535e-2,4.6482274418e-1,1.4078807876e-1,1.0702962408e-1,4.7880735999e-1,6.249998917723769e-1,-6.636193994651825e-2,6.6797516156e1,3.903e-1
66.000000,9.8350142985e-2,7.0209132501e-2,8.7005169671e-1,7.5228892793e-2,1.3615988140e-1,6.249998731946949e-1,-6.636193765790244e-2,2.6985796299e1,6.332e-1
67.000000,1.3659852927e-1,3.9448500139e-2,9.3356604724e-1,1.4184880198e-2,1.2620178714e-1,6.249998719932602e-1,-6.636193714076694e-2,2.4223469563e1,9.400e-1
68.000000,2.2660920267e-1,1.0815619208e-1,8.3224520742e-1,5.3139129032e-2,2.9850020976e-2,6.249998760916970e-1,-6.636193288736150e-2,1.2508833459e1,8.428e-1
69.000000,5.2767190783e-1,1.2488892244e-1,5.8670447040e-2,3.9224021119e-1,1.4652826770e-1,6.249998780965031e-1,-6.636193400074149e-2,3.2290282398e1,5.478e-1
70.000000,6.3435142666e-1,6.8732214042e-2,3.5584606114e-1,1.1369535191e-1,7.7374699760e-2,6.249998767579891e-1,-6.636193230343566e-2,1.6843621461e1,5.947e-1
71.000000,2.0019508413e-1,6.5728678711e-1,2.4036122669e-1,1.1421690651e-1,3.7939750597e-2,6.249998775156455e-1,-6.636193213039034e-2,1.1848790014e1,6.827e-1
72.000000,2.8570683713e-1,1.8971070858e-1,3.1284529146e-1,2.8423762650e-2,4.3331315053e-1,6.249998751781440e-1,-6.636193207903829e-2,5.9398680840e1,4.340e-1
73.000000,4.0370097437e-1,3.6846694398e-3,2.0652654474e-1,4.2196782392e-1,2.1411972984e-1,6.249998711546918e-1,-6.636193378116166e-2,4.2771727969e1,4.229e-1
74.000000,2.7252738170e-1,1.8113560545e-1,3.5670237714e-1,3.3792142825e-1,1.0171294658e-1,6.249998695568119e-1,-6.636193385284962e-2,2.7184896784e1,4.376e-1
75.000000,1.3076076822e-1,5.1942579378e-1,1.7817902949e-1,2.6441836748e-1,1.5721578173e-1,6.249998703456862e-1,-6.636193537719462e-2,3.1114672028e1,7.197e-1
76.000000,1.2942305686e-1,4.7731453655e-1,3.3039546592e-2,5.8597029377e-1,2.4252313350e-2,6.249998735578735e-1,-6.636192766861709e-2,2.3139002484e1,7.629e-1
77.000000,2.1976386251e-1,1.3079138654e-1,3.8503521643e-1,5.6670955334e-4,5.1384256143e-1,6.249998682300859e-1,-6.636193708252028e-2,6.9241729004e1,4.134e-1
78.000000,2.4614321847e-1,3.4613576780e-2,3.1521552052e-1,5.1239663040e-1,1.4163078714e-1,6.249998666575644e-1,-6.636193028426207e-2,3.7239455854e1,4.682e-1
79.000000,1.0749594338e-1,5.3203108283e-1,1.0791382742e-1,1.6277845934e-1,3.3978041537e-1,6.249998641599335e-1,-6.636194543716774e-2,5.0681924622e1,5.785e-1
80.000000,3.2297370398e-2,2.5413042990e-1,4.9573393491e-1,1.8566485505e-1,2.8217313969e-1,6.249998649735610e-1,-6.636194336891267e-2,4.6549718266e1,7.037e-1
81.000000,9.3763731643e-3,5.1037104308e-1,2.1426451840e-1,3.8376244992e-1,1.3222533840e-1,6.249998614820071e-1,-6.636194353869360e-2,3.1944788132e1,5.486e-1
82.000000,6.4009680412e-3,3.2486023896e-1,5.5536931131e-1,2.8674321951e-1,7.6625979768e-2,6.249998587928952e-1,-6.636194370885128e-2,2.4079783887e1,7.399e-1
83.000000,2.4848543449e-2,4.6128272670e-1,1.2791045583e-1,4.7436356086e-1,1.6159442971e-1,6.249998582760022e-1,-6.636194462229465e-2,3.7821994323e1,6.756e-1
84.000000,6.9085777168e-2,1.3955544150e-1,4.3201626923e-2,5.8302229381e-1,4.1513456355e-1,6.249998514781449e-1,-6.636194326864500e-2,7.2453204323e1,3.129e-1
85.000000,1.2245278852e-1,1.1146739870e-1,3.2127206512e-1,8.5121712022e-3,6.8629527255e-1,6.249998480471652e-1,-6.636194066831944e-2,9.0972522078e1,4.403e-1
86.000000,2.6004083041e-1,3.5986773665e-1,2.3004226734e-1,2.3023603099e-1,1.6981281982e-1,6.249998426027030e-1,-6.636193789199805e-2,3.1793687956e1,5.094e-1
87.000000,9.2182161828e-1,2.1634313642e-1,2.0266516599e-3,9.2304903920e-2,1.7503374402e-2,6.249998423414738e-1,-6.636193818126267e-2,6.1039991442e0,9.552e-1
88.000000,8.0629461798e-1,2.9095945304e-1,3.8783143249e-2,3.1135030326e-2,8.2827440036e-2,6.249998423161136e-1,-6.636193824941394e-2,1.2893564656e1,8.841e-1
89.000000,2.3283405034e-1,3.7647529788e-1,2.0711461318e-1,1.5114468373e-1,2.8243103898e-1,6.249998420481919e-1,-6.636193799917432e-2,4.3514087395e1,5.286e-1
90.000000,1.2608338443e-1,7.0743069888e-2,2.7858063871e-1,7.4959744856e-2,6.9963284920e-1,6.249998435446500e-1,-6.636193778574548e-2,9.4384889475e1,8.340e-1
91.000000,8.9092371822e-2,1.0822824427e-1,5.0669281276e-3,1.3109128490e-1,9.1652085264e-1,6.249998408796843e-1,-6.636193262462523e-2,1.2181112835e2,8.958e-1
92.000000,6.3717766822e-2,9.6875804205e-2,2.2126704498e-1,6.5017925404e-1,2.1795976265e-1,6.249998163488604e-1,-6.636193206067831e-2,5.0700332600e1,3.831e-1
93.000000,7.1709003405e-2,1.9321715261e-2,1.4375059849e-1,9.5725248042e-1,5.7965847839e-2,6.249998227119294e-1,-6.636195849838741e-2,3.9276210617e1,8.536e-1
94.000000,9.4558894886e-2,5.1216508309e-2,7.5303262362e-1,2.1490329316e-1,1.3628827757e-1,6.249997987697478e-1,-6.636192176908387e-2,3.0495778363e1,2.526e-1
95.000000,1.7587991155e-1,1.3513657851e-1,2.4815697446e-1,7.9342134336e-2,6.1148399435e-1,6.249997966030547e-1,-6.636191639542063e-2,8.3152368483e1,5.036e-1
96.000000,4.9973792159e-1,4.3538263588e-1,7.4800528674e-2,1.0537298371e-1,1.3470551570e-1,6.249997927750428e-1,-6.636191801852653e-2,2.2333279950e1,6.576e-1
97.000000,1.0026334359e0,1.5841001835e-2,1.1840410362e-2,6.7069255234e-2,1.5261548207e-1,6.249997927189563e-1,-6.636191809647297e-2,2.2308719878e1,7.144e-1
98.000000,3.9115264902e-1,4.0252461427e-1,3.0370623433e-1,4.6913682286e-2,1.0570240481e-1,6.249997923557871e-1,-6.636191827368461e-2,1.8461421076e1,6.288e-1
99.000000,1.4371889080e-1,4.0574744562e-1,2.3448607243e-1,1.2231722463e-1,3.4372995306e-1,6.249997932694754e-1,-6.636191770821102e-2,5.0670828096e1,4.054e-1
100.000000,2.6954852667e-1,2.9164703311e-1,2.7894912113e-1,8.4514076604e-2,3.2534083072e-1,6.249997941162510e-1,-6.636191946635317e-2,4.7297738082e1,4.633e-1
101.000000,7.4112070269e-1,2.2968816298e-1,6.5345897179e-2,1.3359282295e-1,8.0252003539e-2,6.249997946654442e-1,-6.636191883610655e-2,1.5899930642e1,3.896e-1
102.000000,8.2027003503e-1,1.9141392222e-1,3.5907126391e-2,8.2275557222e-2,1.2013294890e-1,6.249997948829613e-1,-6.636191882363210e-2,1.9090055164e1,3.708e-1
103.000000,3.2600477882e-1,3.9400353341e-1,1.8316884858e-1,2.5111010667e-1,9.5712322554e-2,6.249997950165438e-1,-6.636191954720339e-2,2.2703060945e1,4.163e-1
104.000000,2.9008699047e-1,1.5558946507e-1,4.6598943414e-2,1.5242323372e-1,6.0530095791e-1,6.249997952943067e-1,-6.636192141789370e-2,8.3185080065e1,5.097e-1
105.000000,1.8949778280e-1,4.3370527493e-1,4.6457043626e-2,1.5341203601e-1,4.2692744493e-1,6.249997911533108e-1,-6.636192195177515e-2,6.0889713894e1,5.611e-1
106.000000,2.4778253387e-1,2.2296067722e-1,8.9902777439e-2,4.9144600942e-2,6.4020899812e-1,6.249997937937142e-1,-6.636192168443242e-2,8.4808413830e1,5.016e-1
107.000000,3.1765221674e-1,2.5731554535e-2,2.9865767741e-1,2.1990252644e-1,3.8805560103e-1,6.249997880732029e-1,-6.636192232156463e-2,5.9307548414e1,5.572e-1
108.000000,1.6735399886e-1,4.3502348700e-1,4.0999955557e-3,6.4182935366e-1,1.6927437594e-3,6.249997894167751e-1,-6.636192297949253e-2,2.1741734456e1,6.574e-1
109.000000,1.2414008786e-1,1.8055672291e-1,2.8254652817e-1,1.4739494613e-1,5.1536127371e-1,6.249997793909472e-1,-6.636192134757544e-2,7.3366437027e1,7.174e-1
110.000000,1.2952843760e-1,3.2967466879e-1,7.6728671108e-3,3.7281102454e-2,7.4584249542e-1,6.249997856866412e-1,-6.636191946997200e-2,9.7446331186e1,8.424e-1
111.000000,2.1556493928e-1,5.6393807501e-2,2.7176000556e-1,2.2518892866e-2,6.8376191631e-1,6.249997807564213e-1,-6.636191928332001e-2,9.0636779989e1,8.076e-1
112.000000,2.1787646781e-1,1.5186274385e-1,5.3412355708e-1,2.4052210329e-2,3.2208455222e-1,6.249997656458957e-1,-6.636191688265823e-2,4.6682145593e1,7.008e-1
113.000000,3.8218631919e-1,4.2088365244e-1,3.1201961210e-1,1.2476170771e-1,1.0148239572e-2,6.249997655043014e-1,-6.636191644312520e-2,8.8203666733e0,6.172e-1
114.000000,1.0336096319e0,1.7880679357e-2,1.3869312376e-2,7.1115198838e-2,1.1352470936e-1,6.249997659169680e-1,-6.636191617775949e-2,1.7470369835e1,1.001e0
115.000000,5.2679637535e-1,4.6769362493e-1,8.3519053576e-2,6.8388673228e-2,1.0360180475e-1,6.249997659188148e-1,-6.636191613291972e-2,1.7316406418e1,6.953e-1
116.000000,2.0142506713e-1,2.1799426098e-1,1.2840148318e-1,1.3477681729e-1,5.6740191168e-1,6.249997701280134e-1,-6.636191777992489e-2,7.8504215769e1,6.726e-1
117.000000,8.0754583252e-2,4.7096399968e-1,1.7572004075e-1,3.3230152473e-1,1.9025939119e-1,6.249997697990318e-1,-6.636191544258403e-2,3.7374916481e1,6.590e-1
118.000000,8.7507444629e-2,3.7944129277e-1,9.2480585987e-2,3.8947009479e-2,6.5162320737e-1,6.249997701160590e-1,-6.636191746922304e-2,8.6196555842e1,7.281e-1
119.000000,1.8856595342e-1,7.2629434021e-2,3.6042657492e-2,7.8152734546e-1,1.7123413413e-1,6.249997622634724e-1,-6.636192469688479e-2,4.7454727328e1,6.246e-1
120.000000,2.3385116862e-1,4.4138376726e-3,5.5491945647e-1,1.6240203588e-1,2.9441299778e-1,6.249997482109990e-1,-6.636191131872260e-2,4.7446837775e1,7.241e-1
121.000000,1.8761544518e-1,7.3201570085e-2,2.0543519246e-1,1.6498318360e-1,6.1876410351e-1,6.249997474183677e-1,-6.636190581368442e-2,8.6364959527e1,7.821e-1
122.000000,2.0848983152e-1,4.9457136642e-1,5.9856988033e-2,7.6725962198e-2,4.1035532871e-1,6.249997384432493e-1,-6.636190651220006e-2,5.6552956419e1,5.472e-1
123.000000,4.6053684845e-1,2.8781441829e-2,2.5975545077e-1,1.6699712321e-1,3.3392860872e-1,6.249997364829031e-1,-6.636190677851736e-2,5.0452644772e1,3.939e-1
124.000000,4.1138634955e-1,1.0263591084e-1,3.1699539781e-1,3.5776615253e-1,6.1215660743e-2,6.249997357404043e-1,-6.636190932409389e-2,2.2231049635e1,3.338e-1
125.000000,1.4362548590e-1,4.6471365280e-1,6.2878311252e-2,2.4139028329e-1,3.3739173624e-1,6.249997347403152e-1,-6.636190272995901e-2,5.2414897843e1,6.530e-1
126.000000,5.0648174770e-2,5.2555649114e-1,1.6140264780e-2,3.1182675192e-1,3.4582778293e-1,6.249997327662035e-1,-6.636190032692445e-2,5.5449971464e1,4.967e-1
127.000000,1.9007477961e-2,2.5061075009e-1,3.6692795896e-1,1.9323969500e-1,4.2021358137e-1,6.249997316941671e-1,-6.636189913355500e-2,6.3417157567e1,4.393e-1
128.000000,9.6312441392e-3,2.3821863344e-1,1.7639269099e-1,5.9047567743e-1,2.3528123516e-1,6.249997405763719e-1,-6.636190561322684e-2,5.0903614195e1,4.016e-1
129.000000,2.1480046122e-3,9.1704552557e-1,5.5417730248e-2,5.8839701832e-2,2.1654850283e-1,6.249997325468106e-1,-6.636189322268160e-2,3.1879585716e1,9.122e-1
130.000000,8.7456815479e-4,8.9730353160e-2,3.1549460160e-1,1.2102382333e-1,7.2287611735e-1,6.249997317963120e-1,-6.636189176227927e-2,9.9104760170e1,7.833e-1
131.000000,6.7367116956e-4,4.0948707606e-2,2.2181457090e-1,6.6922699697e-2,9.1963980227e-1,6.249997258190956e-1,-6.636188504154616e-2,1.2171217190e2,7.442e-1
132.000000,4.4783764083e-4,1.9970354087e-1,2.9376365111e-1,1.3036792571e-1,6.2571647742e-1,6.249997163778040e-1,-6.636189102347544e-2,8.7013222942e1,7.865e-1
133.000000,3.0677097960e-4,4.1991201858e-1,1.2258325727e-1,8.3418364816e-2,6.2377901282e-1,6.249997122339639e-1,-6.636189231044080e-2,8.4333744796e1,7.885e-1
134.000000,6.7791229305e-4,7.9792024961e-2,4.8652434812e-1,4.7827034310e-1,2.0473478612e-1,6.249997072983215e-1,-6.636188283916741e-2,4.5562821393e1,5.598e-1
135.000000,9.0544808562e-4,2.2407989000e-2,1.8026943503e-1,7.5229213866e-1,2.9412438847e-1,6.249996996258037e-1,-6.636190064547737e-2,6.3208694344e1,8.255e-1
136.000000,1.2193499991e-3,4.5672095826e-2,5.2557418567e-2,5.4295476542e-2,1.0962550731e0,6.249997070031562e-1,-6.636189668483813e-2,1.4257051782e2,8.333e-1
137.000000,1.8954358350e-3,7.9823614510e-2,4.9807158734e-1,3.9958085235e-1,2.7062788243e-1,6.249996862320728e-1,-6.636189043777926e-2,5.1572123872e1,7.048e-1
138.000000,4.6056515354e-3,5.5896760978e-1,7.3011628075e-2,3.4379634240e-1,2.6961813349e-1,6.249996826440214e-1,-6.636189923862332e-2,4.7216935114e1,5.708e-1
139.000000,1.5652040949e-2,1.8549102390e-1,3.5880806462e-1,4.6562187954e-1,2.2442635680e-1,6.249996829077694e-1,-6.636189381177834e-2,4.6875746401e1,2.854e-1
140.000000,2.7959336751e-2,1.3748277596e-1,1.7107837457e-1,4.4622236520e-1,4.6725649412e-1,6.249996732982889e-1,-6.636190207589426e-2,7.5745519151e1,5.965e-1
141.000000,6.1860812576e-2,1.5405996280e-1,2.1944412277e-1,5.4783710951e-2,7.5985073711e-1,6.249996731069203e-1,-6.636190190404692e-2,1.0110857641e2,5.293e-1
142.000000,1.4105724293e-1,2.8903043887e-1,1.3032404333e-1,1.0934491414e-1,5.8024270344e-1,6.249996713562853e-1,-6.636189848511942e-2,7.9461285139e1,4.352e-1
143.000000,4.8827235692e-1,3.9515337721e-1,9.9855852506e-4,2.3571480579e-1,1.2986023896e-1,6.249996687003979e-1,-6.636189874942192e-2,2.5207415773e1,6.917e-1
144.000000,7.8682459812e-1,3.8400555465e-2,9.7877065868e-2,3.2070391263e-1,6.1932053729e-3,6.249996687280155e-1,-6.636189873371935e-2,1.2308485429e1,8.868e-1
145.000000,3.2704824009e-1,5.1162651163e-1,3.0478278218e-2,1.1064226148e-1,2.7020404554e-1,6.249996684771396e-1,-6.636189849694778e-2,3.9557273566e1,5.719e-1
146.000000,1.0756358597e-1,2.6096293393e-1,2.9384831341e-1,4.1720341740e-1,1.7042108883e-1,6.249996697664029e-1,-6.636190250717378e-2,3.8090902895e1,6.310e-1
147.000000,3.2422748439e-2,4.6412718604e-1,1.0768973453e-1,4.5649276725e-1,1.8926689570e-1,6.249996659837976e-1,-6.636189719698186e-2,4.0639914825e1,5.620e-1
148.000000,2.3868079126e-2,4.4411665182e-1,2.2726009970e-1,3.7504793502e-1,1.7970656193e-1,6.249996638033197e-1,-6.636189375919491e-2,3.7722221989e1,6.638e-1
149.000000,8.6915649153e-2,3.6265530111e-1,7.3027177498e-2,5.0931888111e-1,2.1808231712e-1,6.249996629952022e-1,-6.636189475873416e-2,4.5565726633e1,5.074e-1
150.000000,1.9984316672e-1,2.3000546025e-1,3.1351442246e-1,2.3166982247e-1,2.7496644335e-1,6.249996576200977e-1,-6.636188787323381e-2,4.5677186951e1,4.400e-1
151.000000,4.3125485892e-1,1.3110618412e-1,3.8611757289e-2,4.0778349612e-1,2.4124301319e-1,6.249996548210222e-1,-6.636188513095133e-2,4.4714911420e1,6.549e-1
152.000000,5.0309577650e-1,9.7372388897e-2,4.8871603220e-1,1.4448151188e-1,1.6333594358e-2,6.249996519139972e-1,-6.636188419403423e-2,1.1070129382e1,6.984e-1
153.000000,4.1237871761e-1,1.5331421028e-1,3.0221659020e-2,4.2782309376e-1,2.2626162634e-1,6.249996535045415e-1,-6.636188424349322e-2,4.3406418223e1,6.284e-1
154.000000,1.6979293102e-1,2.4900824004e-1,4.2424730184e-1,3.5327259289e-1,5.3678229219e-2,6.249996475043686e-1,-6.636188514787357e-2,2.2152427673e1,5.914e-1
155.000000,6.1964276008e-2,4.5009042308e-1,1.2107896919e-1,3.8351308864e-1,2.3335253603e-1,6.249996464728382e-1,-6.636187684815220e-2,4.4041338185e1,6.652e-1
156.000000,2.8588592108e-2,3.4236295466e-1,5.9813753844e-1,2.5081526935e-1,3.0094929318e-2,6.249996419379502e-1,-6.636187734580482e-2,1.7362360085e1,4.312e-1
157.000000,9.4908954879e-2,4.8543750993e-1,9.5868850163e-2,3.6659363193e-1,2.0719034134e-1,6.249996441199408e-1,-6.636187398391508e-2,4.0036640212e1,6.036e-1
158.000000,2.3194084850e-1,3.6435072142e-2,4.7259234539e-1,2.5799491255e-1,2.5103609812e-1,6.249996383524736e-1,-6.636187184828221e-2,4.4358037093e1,4.815e-1
159.000000,2.5023259570e-1,1.4228337780e-1,4.8950135718e-1,3.2259186307e-1,4.5390089020e-2,6.249996413860583e-1,-6.636187202440512e-2,2.0458564924e1,4.915e-1
160.000000,3.4255343287e-1,1.1459743775e-1,3.4839796708e-2,4.2522776549e-1,3.3278085373e-1,6.249996432771292e-1,-6.636186436534015e-2,5.6882427739e1,4.923e-1
161.000000,3.6911364321e-1,1.2475213292e-1,1.6352222886e-1,2.8225815701e-1,3.1035312097e-1,6.249996414864123e-1,-6.636186117529552e-2,5.0499699427e1,5.391e-1
162.000000,3.6978766417e-1,4.1412603991e-2,1.8400937555e-1,3.5613781691e-1,2.9865180850e-1,6.249996345591011e-1,-6.636185990216178e-2,5.1363635673e1,5.653e-1
163.000000,1.5663181749e-1,6.9495923493e-1,2.0644045398e-1,6.4074745410e-2,1.2789301635e-1,6.249996340789828e-1,-6.636185814195640e-2,2.1540455956e1,6.824e-1
164.000000,5.6781734994e-2,3.1222044573e-1,2.3295233794e-1,5.1337720299e-1,1.3466755147e-1,6.249996365631855e-1,-6.636186814761691e-2,3.6181967546e1,7.065e-1
165.000000,5.8634458700e-2,3.1474919754e-2,3.1252587367e-1,4.6992549850e-1,3.7743853335e-1,6.249996419862770e-1,-6.636185972314682e-2,6.5942222279e1,5.587e-1
166.000000,4.2049495027e-2,1.9848628371e-1,2.0981872026e-1,2.9477102480e-1,5.0487375645e-1,6.249996401217419e-1,-6.636184985080262e-2,7.6153060696e1,5.625e-1
167.000000,1.8296891786e-2,7.7153629427e-1,4.9034424067e-3,3.8159638136e-1,7.3666260978e-2,6.249996354039014e-1,-6.636185017404299e-2,2.3231814183e1,8.403e-1
168.000000,2.8610046294e-2,2.4261093127e-1,1.1372097423e-1,6.3184047101e-1,2.3321684049e-1,6.249996316523080e-1,-6.636185878258097e-2,5.1479945335e1,4.925e-1
169.000000,4.1530955513e-2,5.5384130950e-2,2.1504969336e-1,5.9581338824e-1,3.4222108062e-1,6.249996243447449e-1,-6.636184271594056e-2,6.4722258030e1,7.550e-1
170.000000,4.2666202523e-2,3.5761396682e-1,4.5379085256e-2,3.4673573549e-1,4.5760427604e-1,6.249996330632621e-1,-6.636183089770112e-2,7.0768484586e1,5.370e-1
171.000000,8.3870671436e-2,1.2452725957e-1,3.9695695800e-1,9.9543900783e-3,6.3468998533e-1,6.249996322113485e-1,-6.636183080623302e-2,8.5025504124e1,4.178e-1
172.000000,1.3649871114e-1,5.9783288747e-2,4.4257386030e-1,3.5115941358e-1,2.5998399607e-1,6.249996349217798e-1,-6.636182483178676e-2,4.8243459547e1,5.816e-1
173.000000,2.8676981176e-1,2.6244092657e-1,1.8841249520e-2,5.4903333789e-3,6.7645694796e-1,6.249996345950382e-1,-6.636182569269468e-2,8.7581176762e1,4.852e-1
174.000000,5.3278175144e-1,2.0613102052e-2,6.6175984805e-3,6.1958721769e-1,7.0399594900e-2,6.249996322773449e-1,-6.636182595146137e-2,2.9198496981e1,3.907e-1
175.000000,3.9247840075e-1,1.3357153526e-1,4.1700465546e-2,5.2297079323e-2,6.2995178346e-1,6.249996321665556e-1,-6.636182566864977e-2,8.3104320816e1,4.302e-1
176.000000,2.0315147916e-1,8.1248665851e-2,3.1896480377e-1,1.0099283723e-1,5.4564146331e-1,6.249996246646405e-1,-6.636182594188389e-2,7.5889669597e1,4.329e-1
177.000000,1.1536112320e-1,2.3163914614e-1,2.4753113296e-1,1.0424870053e-1,5.5121913860e-1,6.249996207187581e-1,-6.636182156266657e-2,7.6393216075e1,4.499e-1
178.000000,2.0004194562e-1,9.0768084078e-1,9.5804976298e-2,3.0314780483e-2,1.6156691237e-2,6.249996172125634e-1,-6.636182170437745e-2,5.7199519186e0,4.452e-1
179.000000,5.5721073026e-1,3.2922955699e-2,1.0327217740e-1,2.3738636197e-2,5.3285473879e-1,6.249996191717984e-1,-6.636182168111944e-2,7.0135671619e1,7.298e-1
180.000000,4.5485798444e-1,1.2180614602e-1,2.6743142906e-1,1.0119361654e-2,3.9578431048e-1,6.249996158266815e-1,-6.636182100007472e-2,5.3594704031e1,6.289e-1
181.000000,1.7483287147e-1,3.5788482049e-1,1.2153912897e-1,5.6806881027e-1,2.7673600187e-2,6.249996156955100e-1,-6.636183006244029e-2,2.3495921861e1,4.203e-1
182.000000,7.0998829672e-2,5.5117837579e-1,9.9284651578e-3,5.8112517683e-1,3.6768380824e-2,6.249996141386146e-1,-6.636182874295113e-2,2.4519642292e1,3.675e-1
183.000000,4.6522815721e-2,1.9220340184e-1,4.5642048753e-1,9.4404604514e-3,5.4541204826e-1,6.249996068999295e-1,-6.636181584886471e-2,7.4173869023e1,6.745e-1
184.000000,8.7295034495e-2,1.5687071588e-1,1.6344898335e-1,5.8080264975e-1,2.6158181602e-1,6.249995997495119e-1,-6.636181144696904e-2,5.3733138059e1,7.129e-1
185.000000,2.4186195334e-1,3.7218824210e-1,1.8036723591e-1,4.5552175657e-1,6.0024792982e-5,6.249996063592741e-1,-6.636180889201752e-2,1.6892624732e1,4.789e-1
186.000000,8.0822276884e-1,1.5735160677e-1,1.2643886869e-2,1.6463168993e-1,1.0714925759e-1,6.249996049972265e-1,-6.636181042870225e-2,1.9803284742e1,8.384e-1
187.000000,7.0845153643e-1,2.2206266599e-1,2.5314095645e-2,2.4637867603e-1,4.7792236114e-2,6.249996051071535e-1,-6.636181024545125e-2,1.5002387721e1,7.544e-1
188.000000,2.2811768522e-1,2.2143843749e-1,6.5297035234e-1,2.4263255485e-2,1.2320947134e-1,6.249996009357375e-1,-6.636180922267770e-2,2.2327935043e1,6.877e-1
189.000000,1.2036788743e-1,1.4887661985e-1,1.8935311555e-1,2.2487094520e-1,5.6653063113e-1,6.249995995818549e-1,-6.636180243933115e-2,8.1584553139e1,7.110e-1
190.000000,1.4270701405e-1,2.5890252276e-1,1.5100846631e-1,4.8414580350e-1,2.1323541383e-1,6.249996102257482e-1,-6.636180868640143e-2,4.4584024966e1,4.656e-1
191.000000,3.3833421046e-1,1.2541803398e-1,2.7705021380e-2,6.2474154455e-2,6.9606779806e-1,6.249996091659266e-1,-6.636180599182634e-2,9.1737494438e1,8.226e-1
192.000000,4.3908066704e-1,1.1702286976e-2,1.2211557898e-1,6.7638282557e-1,7.1785335296e-4,6.249996059575190e-1,-6.636180884032988e-2,2.2956005187e1,4.375e-1
193.000000,2.8144492373e-1,3.4018990735e-1,4.1938420465e-1,4.9185140066e-2,1.5979502343e-1,6.249995996109231e-1,-6.636180477562570e-2,2.6203863394e1,5.363e-1
194.000000,4.1037649071e-1,2.8232882295e-1,3.5303879409e-1,1.7086482814e-1,3.3390263341e-2,6.249995996198860e-1,-6.636180501483974e-2,1.3335784452e1,5.774e-1
195.000000,6.5765434312e-1,3.6739590752e-3,9.1935290205e-2,2.2876544905e-1,2.6797015696e-1,6.249995992055388e-1,-6.636180331922720e-2,4.2692331872e1,5.065e-1
196.000000,3.3841621336e-1,5.9514368578e-1,1.8524297059e-1,1.0401288602e-1,2.7183442401e-2,6.249995990726198e-1,-6.636180437102908e-2,9.6493322228e0,5.648e-1
197.000000,3.5665088089e-1,1.9336605431e-1,2.3277417150e-1,2.0022938665e-1,2.6697870870e-1,6.249996010222070e-1,-6.636180444709144e-2,4.3007866007e1,5.948e-1
198.000000,5.0922309031e-1,1.0297484671e-2,2.5733828446e-1,2.0592677943e-2,4.5254765980e-1,6.249995985954983e-1,-6.636180308166496e-2,6.0918978939e1,7.130e-1
199.000000,2.9798144498e-1,3.4102841423e-1,1.4122580251e-1,4.4736586714e-1,2.2397667762e-2,6.249995983145634e-1,-6.636180755979923e-2,1.9143463193e1,5.230e-1
200.000000,4.1077888980e-1,3.6350529661e-1,8.9390017291e-2,2.3351409578e-2,3.6297358276e-1,6.249995980226538e-1,-6.636180279923720e-2,4.8855383876e1,4.902e-1
201.000000,7.6860257645e-1,6.7756548767e-3,2.7505349209e-1,1.7304933325e-1,2.6518137921e-2,6.249995972900523e-1,-6.636180288405645e-2,1.1530180853e1,5.048e-1
202.000000,3.9750337312e-1,4.9487566260e-1,1.3206711035e-1,4.6858463259e-2,1.7869458469e-1,6.249995970126009e-1,-6.636180284615607e-2,2.6617417560e1,6.960e-1
203.000000,3.2215188734e-1,1.3092314189e-1,1.0761684469e-1,1.8810596512e-1,5.0120136245e-1,6.249996007398874e-1,-6.636180586805512e-2,7.1457022262e1,6.004e-1
204.000000,1.4069729949e-1,9.3629049206e-1,2.4961218375e-2,1.0615100093e-1,4.1899180971e-2,6.249995959137610e-1,-6.636180426136554e-2,1.0902546575e1,3.109e-1
205.000000,1.5032506627e-1,1.6506046992e-1,2.2973764391e-1,1.7522744533e-1,5.2964857173e-1,6.249995985756227e-1,-6.636180686404518e-2,7.5645480055e1,4.774e-1
206.000000,1.7346077362e-1,2.7435271163e-2,1.2160529312e-1,1.5433288597e-2,9.1206458194e-1,6.249996042233249e-1,-6.636180821614290e-2,1.1835257500e2,6.112e-1
207.000000,1.2481805676e-1,1.0673337703e-1,1.8424283264e-1,3.0155424246e-1,5.3265067653e-1,6.249995927114984e-1,-6.636181087727500e-2,7.9578840798e1,4.840e-1
208.000000,3.9122149738e-2,7.6567342655e-1,8.9843183876e-3,1.3924439894e-2,4.2229482930e-1,6.249995819337066e-1,-6.636181156024666e-2,5.6122102702e1,5.996e-1
209.000000,2.1538772579e-2,1.4991609185e-1,3.5160001372e-1,3.0829000830e-1,4.1865427305e-1,6.249995797478147e-1,-6.636181650034240e-2,6.6576428895e1,6.055e-1
210.000000,3.0163479982e-2,1.2854804864e-2,3.9395751532e-1,5.2000079922e-1,2.9302255121e-1,6.249995752965741e-1,-6.636181805775918e-2,5.7339363602e1,7.056e-1
211.000000,3.3507797017e-2,4.5082204491e-4,5.9044604384e-1,7.0450659727e-2,5.5514380828e-1,6.249995654557821e-1,-6.636183256019620e-2,7.8054052465e1,7.375e-1
212.000000,3.4175848315e-2,4.9642443598e-4,5.7808917287e-1,5.3579888023e-2,5.8365778456e-1,6.249995591008077e-1,-6.636184536087175e-2,8.1065546996e1,7.607e-1
213.000000,3.3689418656e-2,1.3741294265e-3,4.2358482633e-1,4.7237887309e-1,3.1897186341e-1,6.249995554595573e-1,-6.636185564952923e-2,5.9352794035e1,6.488e-1
214.000000,2.9727594356e-2,2.4258947089e-2,3.3949300340e-1,6.6980773253e-1,1.8671183441e-1,6.249995558917807e-1,-6.636185214549190e-2,4.8112287964e1,7.926e-1
215.000000,3.3856062812e-2,1.5920243067e-1,6.0995072896e-1,1.4809608488e-2,4.3218025638e-1,6.249995436595545e-1,-6.636187430614685e-2,6.1007919013e1,7.810e-1
216.000000,1.1487882653e-1,8.2822741663e-1,8.3791687495e-2,1.5821800653e-1,6.4883158126e-2,6.249995476501622e-1,-6.636187643518526e-2,1.5752248195e1,8.173e-1
217.000000,4.3162900301e-1,5.0807307966e-2,2.8540479046e-1,3.2282916620e-1,1.5932883228e-1,6.249995499591559e-1,-6.636187925504330e-2,3.3325291292e1,5.377e-1
218.000000,4.1544108678e-1,3.4861103255e-2,4.4244221449e-1,3.2118553614e-1,3.6069157149e-2,6.249995489080613e-1,-6.636187837904307e-2,1.8711769737e1,6.374e-1
219.000000,2.4549237677e-1,2.5965331967e-1,6.0239198910e-1,8.9341512953e-3,1.3352725267e-1,6.249995447489463e-1,-6.636187512905710e-2,2.2838569924e1,7.685e-1
220.000000,3.1699866582e-1,1.9920214146e-1,4.4969998601e-1,2.1958744131e-1,6.4510855781e-2,6.249995451908255e-1,-6.636187455309736e-2,1.9438691166e1,5.424e-1
221.000000,3.7670566915e-1,2.4002059613e-1,4.9176317199e-2,3.2872794067e-1,2.5536856927e-1,6.249995462105462e-1,-6.636187068760194e-2,4.4268275533e1,5.316e-1
222.000000,3.9220861589e-1,2.0501315923e-1,3.6584993131e-1,1.9159973100e-1,9.5327649388e-2,6.249995434091692e-1,-6.636187125552966e-2,2.1866060591e1,5.822e-1
223.000000,3.9815811618e-1,1.2434772911e-1,6.6669329908e-1,4.4232953338e-2,1.6566986587e-2,6.249995421474484e-1,-6.636187076261085e-2,9.3173496989e0,7.401e-1
224.000000,3.9619222430e-1,9.6796453564e-2,3.7388143464e-1,1.5739495376e-1,2.2573401840e-1,6.249995423277884e-1,-6.636186735717063e-2,3.7313333371e1,6.294e-1
225.000000,1.7499389894e-1,7.8738649859e-1,1.9450870977e-1,6.9907840777e-2,2.3202138188e-2,6.249995431327218e-1,-6.636186842303693e-2,8.4252642177e0,4.843e-1
226.000000,3.9513890745e-1,1.1028781735e-1,1.4663398718e-1,2.0403185853e-1,3.9390650871e-1,6.249995396137946e-1,-6.636186660209924e-2,5.8540269574e1,3.815e-1
227.000000,4.7883198158e-1,2.1578237908e-2,5.1244891518e-1,1.4617637125e-1,9.0963563646e-2,6.249995347845545e-1,-6.636186638789693e-2,2.0703143815e1,5.140e-1
228.000000,2.3733629972e-1,4.0872130581e-1,7.1536655950e-2,4.6442046825e-1,6.7984341223e-2,6.249995354767685e-1,-6.636187025809677e-2,2.5071854670e1,6.163e-1
229.000000,1.8767928471e-1,1.0425787471e-1,1.6309211025e-1,5.3623191663e-1,2.5873789593e-1,6.249995411164004e-1,-6.636187092686960e-2,5.1884964284e1,7.118e-1
230.000000,1.0155648731e-1,5.7152414452e-1,2.3751112387e-1,3.1798431749e-1,2.1422996523e-2,6.249995348611759e-1,-6.636186094659095e-2,1.6011557238e1,4.565e-1
231.000000,1.5657314149e-1,3.0775358876e-1,3.1462353366e-1,4.5167983972e-1,1.9368968403e-2,6.249995360173533e-1,-6.636185989509023e-2,2.0143764844e1,5.242e-1
232.000000,2.6161711128e-1,5.5127573359e-2,2.1017991624e-2,5.5042218657e-1,3.6181419939e-1,6.249995311168964e-1,-6.636185749101159e-2,6.4334935128e1,6.864e-1
233.000000,2.8443473819e-1,1.2610167197e-1,4.8879034786e-1,5.8583787313e-2,2.9208850050e-1,6.249995229178578e-1,-6.636185265144121e-2,4.3566752754e1,6.962e-1
234.000000,4.5277830908e-1,5.0142463435e-2,1.4376233877e-1,8.6706840776e-2,5.1660909738e-1,6.249995247227309e-1,-6.636185129340484e-2,7.0377356162e1,6.580e-1
235.000000,4.1708271288e-1,7.4826349238e-2,3.9813616071e-1,3.1477200377e-1,4.5181813785e-2,6.249995201935626e-1,-6.636185259734741e-2,1.9399259626e1,6.144e-1
236.000000,2.9341576766e-1,6.4162252899e-2,1.5942949412e-1,7.2354138272e-1,9.4501534680e-3,6.249995254328420e-1,-6.636186634796003e-2,2.5913412233e1,4.724e-1
237.000000,1.4371677603e-1,2.1924146049e-1,1.4482929447e-1,5.6630835450e-1,1.7590315126e-1,6.249995183707368e-1,-6.636185293826062e-2,4.2306446370e1,4.335e-1
238.000000,4.0752112933e-2,5.0925233882e-1,8.1989578424e-2,7.4460498585e-2,5.4354450220e-1,6.249995154789023e-1,-6.636184583064628e-2,7.3651229598e1,7.331e-1
239.000000,2.2312802928e-2,1.2903064379e-1,5.9237970714e-1,2.3886651747e-1,2.6740931775e-1,6.249994945356033e-1,-6.636184056694083e-2,4.6880376577e1,5.168e-1
240.000000,1.6657261086e-2,2.5803364387e-1,6.0408715513e-1,7.9121819548e-2,2.9209911117e-1,6.249994954019920e-1,-6.636183994107130e-2,4.5277677615e1,5.616e-1
241.000000,1.7911072066e-2,3.2409557659e-1,3.6291697888e-1,6.8248490169e-2,4.7682687851e-1,6.249994981090722e-1,-6.636183538713876e-2,6.6778274655e1,5.431e-1
242.000000,2.8663492758e-2,3.5560618049e-2,6.6957655631e-1,5.1246867491e-3,5.1107362697e-1,6.249994904168259e-1,-6.636183016964611e-2,7.1023479661e1,8.046e-1
243.000000,3.8229012519e-2,2.6177397465e-1,5.6046510318e-1,6.5590432887e-2,3.2394047806e-1,6.249995006499285e-1,-6.636182281682083e-2,4.8589658325e1,5.456e-1
244.000000,1.3744755991e-1,4.3736717900e-1,1.6856496846e-1,2.9466184728e-2,4.7715311389e-1,6.249995030008659e-1,-6.636182281882022e-2,6.4310494375e1,3.416e-1
245.000000,2.6415615085e-1,6.4103474824e-3,1.9053980611e-1,7.8265790670e-1,6.2348084500e-3,6.249995097973795e-1,-6.636183127023526e-2,2.7512325715e1,4.364e-1
246.000000,2.3651040249e-1,2.3441458890e-2,3.0222517337e-1,4.5263127532e-2,6.4255884147e-1,6.249995018756525e-1,-6.636181858367889e-2,8.6278891295e1,4.545e-1
247.000000,1.7644484112e-1,1.5272869460e-1,1.2326866354e-1,1.3361846720e-1,6.6393835070e-1,6.249995085790814e-1,-6.636181962740484e-2,9.0639728958e1,3.666e-1
248.000000,1.9629557777e-1,1.7777388584e-1,2.0928932890e-1,9.2644016825e-2,5.7399619377e-1,6.249995015495247e-1,-6.636181794438215e-2,7.8564131532e1,3.371e-1
249.000000,4.1045102572e-1,1.9049524245e-1,9.0212007014e-2,4.2807185932e-1,1.3076886355e-1,6.249994990319803e-1,-6.636181951918467e-2,3.1744626087e1,6.518e-1
250.000000,7.0364854837e-1,1.2038731654e-2,3.0553988930e-1,1.9100570851e-1,3.7766117893e-2,6.249994978652132e-1,-6.636182037920980e-2,1.3766466615e1,7.843e-1
251.000000,3.3260142347e-1,5.9015530639e-1,2.8399454864e-3,1.4495998776e-1,1.7944233287e-1,6.249994979809201e-1,-6.636182004048441e-2,2.8976669103e1,5.563e-1
252.000000,9.3571431907e-2,2.8716597823e-1,1.5495128897e-1,1.8918369305e-1,5.2512661114e-1,6.249995016466892e-1,-6.636182048145266e-2,7.5130812387e1,3.637e-1
253.000000,4.0039038286e-2,4.0854554490e-1,5.2914407773e-1,2.1730350161e-1,5.4966819472e-2,6.249994909978283e-1,-6.636181967188601e-2,1.9059728175e1,5.398e-1
254.000000,9.6883123895e-2,2.2436271559e-1,9.2277384816e-1,6.0147262278e-4,5.3778149566e-3,6.249994876144622e-1,-6.636182108624764e-2,8.5869652168e0,9.268e-1
255.000000,1.5408007391e-1,2.4294304584e-2,7.1646281197e-1,1.6665118584e-1,1.8851057557e-1,6.249994759414572e-1,-6.636181599842733e-2,3.5319522762e1,8.048e-1
256.000000,2.2196813627e-1,9.9591025580e-2,7.7193390290e-1,1.0217515686e-2,1.4628837246e-1,6.249994764463118e-1,-6.636181667516017e-2,2.5537509519e1,4.952e-1
257.000000,4.4729616635e-1,1.0350503267e-1,4.8659113579e-1,2.0182367018e-1,1.0782956024e-2,6.249994805029802e-1,-6.636181512633875e-2,1.2161963052e1,5.228e-1
258.000000,7.0906016391e-1,3.7960548537e-4,5.2630973418e-2,4.2909916035e-1,5.8829060539e-2,6.249994818498952e-1,-6.636181851824610e-2,2.2037629961e1,6.547e-1
259.000000,3.3326875081e-1,5.6664785745e-1,2.8316663707e-2,1.0440716885e-1,2.1735852075e-1,6.249994807811636e-1,-6.636181315166026e-2,3.2689383459e1,7.502e-1
260.000000,8.6690607354e-2,3.5566075870e-1,1.7388817121e-1,3.6168989137e-1,2.7206953485e-1,6.249994817434644e-1,-6.636181345722880e-2,4.8544749175e1,5.817e-1
261.000000,1.0578214215e-1,3.7025154043e-1,2.4682803707e-1,2.4043353586e-1,2.8670369849e-1,6.249994770014058e-1,-6.636181107281605e-2,4.7159965003e1,5.215e-1
262.000000,3.6489698809e-1,3.2795085141e-1,1.3300753281e-2,3.2403972149e-1,2.1981063802e-1,6.249994761517987e-1,-6.636180943353413e-2,3.9449788978e1,6.039e-1
263.000000,6.6068391747e-1,3.0616487905e-2,2.8385518592e-1,2.4265206838e-1,3.2191289520e-2,6.249994746026121e-1,-6.636180991792384e-2,1.4547767669e1,8.033e-1
264.000000,3.6751343369e-1,5.1263317596e-1,3.3345996657e-2,2.7106320011e-1,6.5443143059e-2,6.249994747376549e-1,-6.636180954074557e-2,1.8526535757e1,5.825e-1
265.000000,1.4008770034e-1,3.4478690951e-1,3.2203408576e-1,2.4024244348e-1,2.0284780741e-1,6.249994732462885e-1,-6.636180868190809e-2,3.6988167895e1,4.489e-1
266.000000,2.3976142882e-1,5.9274634366e-2,4.8580622332e-1,1.7767411905e-1,2.8748253580e-1,6.249994706763966e-1,-6.636181088043719e-2,4.6608216161e1,5.733e-1
267.000000,3.0544093593e-1,4.1535809623e-2,2.9991311721e-1,9.4347719878e-2,5.0876136343e-1,6.249994730362259e-1,-6.636181358337749e-2,7.0775678581e1,4.997e-1
268.000000,3.0860823213e-1,1.5509011968e-1,1.1278170967e-1,1.3639589367e-1,5.3712299197e-1,6.249994735630133e-1,-6.636181578959538e-2,7.4483149603e1,4.630e-1
269.000000,3.6512367724e-1,9.2370899690e-2,9.8433379398e-3,4.5353378084e-1,3.2912724231e-1,6.249994690086461e-1,-6.636181722742931e-2,5.7087418344e1,5.885e-1
270.000000,3.0265240419e-1,1.6014135163e-1,8.4713356135e-2,1.6800064969e-1,5.3449117456e-1,6.249994681031578e-1,-6.636181922638781e-2,7.4940206889e1,5.488e-1
271.000000,1.9992218237e-1,3.8051816510e-1,4.8628701609e-2,3.4265670355e-1,2.7827317925e-1,6.249994659436843e-1,-6.636181825963434e-2,4.7834008492e1,5.834e-1
272.000000,3.2768926407e-1,8.6650437955e-2,1.3197080266e-1,2.3726546892e-1,4.6642294926e-1,6.249994614283567e-1,-6.636181588467227e-2,6.8687544440e1,3.347e-1
273.000000,3.3867247065e-1,8.0758417620e-2,3.1452320795e-1,3.0180646713e-2,4.8586417658e-1,6.249994597533218e-1,-6.636181493491511e-2,6.6003434031e1,4.504e-1
274.000000,3.3838838148e-1,1.1932945077e-1,2.0265798223e-1,2.2286907026e-1,3.6675403681e-1,6.249994607761014e-1,-6.636181530451371e-2,5.6105443910e1,3.073e-1
275.000000,3.7322081369e-1,2.1866521609e-2,1.6412901515e-1,1.0774019102e-1,5.8304237976e-1,6.249994606104508e-1,-6.636181401996966e-2,7.9620486293e1,2.704e-1
276.000000,1.7457592235e-1,8.4070862512e-1,3.1649022266e-2,8.5763359706e-2,1.1730197854e-1,6.249994539960853e-1,-6.636181425791490e-2,1.9780978153e1,2.762e-1
277.000000,2.0211584991e-1,1.9913286595e-1,2.9560556509e-1,2.2694579240e-1,3.2619882475e-1,6.249994490509798e-1,-6.636181766512553e-2,5.1879883102e1,4.764e-1
278.000000,2.3224765371e-1,3.0292021209e-1,5.6006131007e-1,5.4226474772e-2,1.0054324356e-1,6.249994471018844e-1,-6.636181727601631e-2,1.9807237100e1,5.442e-1
279.000000,5.1588930205e-1,3.5765810530e-1,1.3607824852e-1,1.8988849800e-1,5.0484743423e-2,6.249994486490495e-1,-6.636181656154702e-2,1.4600365944e1,6.311e-1
280.000000,6.6685652566e-1,8.1762891006e-2,1.0186641299e-1,5.9286395156e-2,3.4022667267e-1,6.249994487420603e-1,-6.636181664726558e-2,4.6758064096e1,6.371e-1
281.000000,3.0188285937e-1,4.1061319094e-1,4.0928426921e-2,4.7898185367e-1,1.7592567052e-2,6.249994489729410e-1,-6.636181218343282e-2,1.8878863127e1,6.407e-1
282.000000,9.1669785280e-2,4.8748404576e-1,2.6857156051e-1,5.7790634413e-2,3.4448286650e-1,6.249994462310331e-1,-6.636181729666282e-2,4.9112482681e1,5.172e-1
283.000000,1.1877257811e-1,4.6485531304e-1,1.7272995722e-1,3.0696478483e-1,1.8667626262e-1,6.249994479115051e-1,-6.636181618391900e-2,3.6088371303e1,3.411e-1
284.000000,3.8324793966e-1,2.1475492619e-1,5.0129752624e-1,5.7419766599e-2,9.3278728700e-2,6.249994436973400e-1,-6.636181789700386e-2,1.8408623837e1,6.137e-1
285.000000,8.0737603417e-1,5.4246127444e-2,8.8241042706e-2,1.2820008673e-1,1.7193560075e-1,6.249994459044503e-1,-6.636181671653253e-2,2.7328268285e1,8.407e-1
286.000000,5.1560162762e-1,4.9555942452e-1,1.2365355890e-1,3.9481649692e-2,7.5702629883e-2,6.249994453036753e-1,-6.636181673646226e-2,1.3191497549e1,6.077e-1
287.000000,4.3379640163e-1,1.8504459506e-1,1.4627203842e-1,2.6115425042e-1,2.2373160639e-1,6.249994459526750e-1,-6.636181634553356e-2,3.8751745329e1,5.090e-1
288.000000,4.6260955142e-1,8.4245897140e-2,2.3102927271e-1,4.0959920494e-1,6.2514968783e-2,6.249994475011612e-1,-6.636181346059845e-2,2.3357121314e1,4.751e-1
289.000000,1.5922135578e-1,6.1211169434e-1,1.0350354672e-2,9.3344608881e-2,3.7497088069e-1,6.249994471875904e-1,-6.636181796172652e-2,5.2369937117e1,3.284e-1
290.000000,5.4056336607e-2,3.8276722587e-1,3.0537593340e-1,3.9836537356e-1,1.0943401817e-1,6.249994438038814e-1,-6.636181431437758e-2,2.9990816367e1,5.460e-1
291.000000,1.4240686809e-2,5.2875129380e-1,6.5042273067e-2,7.8042926693e-2,5.6392171530e-1,6.249994478299583e-1,-6.636182000808474e-2,7.6264314328e1,6.424e-1
292.000000,1.1934577082e-2,5.5197255936e-1,1.4957766433e-1,1.5160240770e-1,3.8491168101e-1,6.249994447444853e-1,-6.636182007497199e-2,5.6426505938e1,6.688e-1
293.000000,4.7310167037e-2,3.5712368864e-1,1.2209491432e-1,6.6878812972e-2,6.5659130618e-1,6.249994445713773e-1,-6.636182009294508e-2,8.7898470981e1,5.681e-1
294.000000,1.0406389641e-1,1.3305026271e-1,3.1287755733e-1,1.7248289777e-1,5.2752425450e-1,6.249994343560757e-1,-6.636182173421978e-2,7.5863710236e1,5.399e-1
295.000000,1.9309533498e-1,8.0533628929e-1,8.7159897475e-2,1.2540654923e-1,3.9000784653e-2,6.249994278163479e-1,-6.636182195863340e-2,1.1409609437e1,8.356e-1
296.000000,6.1910294532e-1,5.1869401808e-2,2.6394512155e-1,8.8563633495e-2,2.2651775190e-1,6.249994270342021e-1,-6.636182157694877e-2,3.4353159763e1,3.750e-1
297.000000,5.1254945294e-1,1.0205611299e-1,4.2306534653e-1,2.0443935472e-1,7.8885855073e-3,6.249994263434181e-1,-6.636182250475442e-2,1.1396708021e1,4.774e-1
298.000000,2.8890214310e-1,2.0609373651e-1,1.9807622740e-1,1.3433570264e-1,4.2259104857e-1,6.249994291089557e-1,-6.636182126656506e-2,6.0531645065e1,4.404e-1
299.000000,3.1759528177e-1,6.0333077350e-2,1.5022595632e-1,8.9142939909e-2,6.3270161364e-1,6.249994344981264e-1,-6.636181986301976e-2,8.5319652069e1,4.997e-1
300.000000,3.0218777924e-1,8.8500196362e-2,1.9917454565e-1,3.1619891893e-1,3.4393743627e-1,6.249994382267883e-1,-6.636182038095317e-2,5.6063847895e1,5.391e-1
301.000000,1.3545208565e-1,4.2843907456e-1,4.2907181019e-2,1.3913231172e-1,5.0406821471e-1,6.249994338248752e-1,-6.636181720061657e-2,7.0240827098e1,6.039e-1
302.000000,1.4226798000e-1,1.0270638920e-1,5.2349937079e-1,7.3612525262e-2,4.0791259483e-1,6.249994300427704e-1,-6.636181807124407e-2,5.9032954681e1,7.220e-1
303.000000,2.5184583826e-1,5.8476207213e-2,3.5074692187e-1,5.7345253854e-1,1.5477348172e-2,6.249994270265853e-1,-6.636182001350709e-2,2.3380432508e1,7.108e-1
304.000000,4.1719767967e-1,5.6928607631e-2,1.1434179433e-1,5.7852125058e-1,8.3009514349e-2,6.249994232762737e-1,-6.636181930878279e-2,3.0375088265e1,5.963e-1
305.000000,4.3753619449e-1,4.9939120106e-2,9.1320771410e-2,1.1007458090e-1,5.6112817740e-1,6.249994221485684e-1,-6.636180937778542e-2,7.6396005804e1,6.210e-1
306.000000,1.4396289263e-1,7.7090229907e-1,3.1222810154e-2,2.0762436391e-1,9.6286473149e-2,6.249994194538386e-1,-6.636181059380136e-2,2.0832216734e1,6.802e-1
307.000000,5.8254259098e-2,2.2389698976e-1,1.2113882791e-1,2.0052692052e-1,6.4618184254e-1,6.249994199130829e-1,-6.636180342687552e-2,9.0574169034e1,8.002e-1
308.000000,4.4772162649e-2,9.0043659041e-2,2.8019969328e-1,4.9172590475e-1,3.4325739073e-1,6.249994052258634e-1,-6.636180695474117e-2,6.2116245912e1,5.274e-1
309.000000,1.9314220073e-2,6.9279871782e-1,8.8328530714e-2,3.6041552860e-1,8.9141814509e-2,6.249994058568544e-1,-6.636180053535388e-2,2.5045331964e1,7.032e-1
310.000000,1.2566537108e-2,2.3679851713e-1,6.7919576403e-1,1.0837172318e-1,2.1306626030e-1,6.249994008746903e-1,-6.636180162806619e-2,3.6653822876e1,4.981e-1
311.000000,3.2117932894e-2,2.8391579530e-1,4.3233678222e-1,4.7648532254e-1,2.5142988423e-2,6.249994106899059e-1,-6.636180060087782e-2,2.2508417654e1,6.555e-1
312.000000,1.5051647339e-1,5.4635575070e-1,3.0521731699e-1,3.7379869504e-2,2.1052940022e-1,6.249994054031955e-1,-6.636179959846505e-2,3.1753627326e1,5.100e-1
313.000000,3.2064905439e-1,3.8487322143e-2,1.3544238020e-1,2.2396510152e-3,7.5318041737e-1,6.249994125592961e-1,-6.636180031239286e-2,9.7799600469e1,8.677e-1
314.000000,3.0314567673e-1,7.2676732141e-2,6.5373070671e-3,1.6222373112e-2,8.5141673510e-1,6.249994120738835e-1,-6.636180052119006e-2,1.0984968279e2,9.207e-1
315.000000,2.0217011983e-1,9.5538626511e-2,1.4383266578e-1,9.3720142168e-3,7.9908538912e-1,6.249994077320278e-1,-6.636180027375323e-2,1.0402565790e2,8.912e-1
316.000000,1.2337400878e-1,1.2496101853e-1,3.8405741400e-1,3.5340569760e-1,2.6420066590e-1,6.249994024099517e-1,-6.636179933072983e-2,4.8510735912e1,5.412e-1
317.000000,6.7213881602e-2,2.5581206180e-1,3.0318124852e-1,1.4315014273e-1,4.8064144555e-1,6.249993900983778e-1,-6.636180355830942e-2,6.9073590650e1,6.927e-1
318.000000,1.3795087258e-1,5.7059371774e-1,2.2940760182e-1,8.6272468147e-3,3.0341934603e-1,6.249993924959377e-1,-6.636180059853403e-2,4.2159171876e1,4.959e-1
319.000000,5.4752080613e-1,1.1655499378e-1,3.8813470801e-1,6.6106333728e-2,1.3168194184e-1,6.249993917448545e-1,-6.636180049878995e-2,2.2582639289e1,4.751e-1
320.000000,5.2048523480e-1,8.9988371722e-2,5.0459678082e-2,2.5129444619e-1,3.3777105561e-1,6.249993932005062e-1,-6.636179908305515e-2,5.2120014181e1,5.324e-1
321.000000,2.5484161814e-1,1.2844353480e-1,2.2437976669e-1,4.8747491114e-1,1.5485895287e-1,6.249993918213814e-1,-6.636180601518998e-2,3.7600489136e1,6.580e-1
322.000000,1.5735859658e-1,4.8944742973e-1,8.6269419247e-2,5.1427585812e-1,2.6474822085e-3,6.249993929444221e-1,-6.636179563075260e-2,1.8543434694e1,6.872e-1
323.000000,3.5994878152e-1,2.4408998629e-1,1.6646530387e-1,9.3176279667e-2,3.8631843259e-1,6.249993919671177e-1,-6.636179664678254e-2,5.4430277115e1,4.358e-1
324.000000,8.3667314243e-1,8.8839789617e-2,3.1649972652e-1,7.1088006181e-3,8.7732453469e-4,6.249993918622534e-1,-6.636179708360256e-2,3.4677931228e0,5.508e-1
325.000000,6.6218870472e-1,3.3116401094e-1,1.0817283837e-2,7.7402205591e-3,2.3808856444e-1,6.249993922536645e-1,-6.636179707471447e-2,3.1802983952e1,4.427e-1
326.000000,1.7754420566e-1,2.7821446939e-1,4.4397960725e-1,1.6901640026e-1,1.8124409596e-1,6.249993892529624e-1,-6.636179722905870e-2,3.2804806991e1,5.738e-1
327.000000,9.1674388359e-2,1.8550815799e-1,4.1421802318e-1,5.2437560050e-1,3.4222600265e-2,6.249993851479233e-1,-6.636180354219214e-2,2.4891109746e1,6.296e-1
328.000000,1.7616988475e-1,4.5078906282e-1,1.4441643426e-2,5.2223149018e-1,8.6366688614e-2,6.249993848990275e-1,-6.636179825153989e-2,2.8871540044e1,5.899e-1
329.000000,4.5834260058e-1,4.8054002544e-2,1.9212223543e-1,6.9650222261e-2,4.8182970532e-1,6.249993830668428e-1,-6.636179139476336e-2,6.5765266582e1,4.553e-1
330.000000,4.2400746130e-1,6.1585585378e-2,1.4977812286e-1,2.1333693413e-1,4.0129066977e-1,6.249993867155184e-1,-6.636179153293849e-2,5.9725387507e1,4.937e-1
331.000000,2.4712295577e-1,9.3413857330e-2,5.6112574254e-1,7.4900211470e-2,2.7343598966e-1,6.249993783796352e-1,-6.636179082557613e-2,4.2196008576e1,7.479e-1
332.000000,2.1408171586e-1,2.0524906712e-2,7.2086189320e-1,1.6089461731e-1,1.3363560278e-1,6.249993679305014e-1,-6.636178977269362e-2,2.8168970727e1,5.983e-1
333.000000,1.3137356663e-1,3.4602711730e-1,4.1510876271e-1,1.4264237929e-1,2.1484692564e-1,6.249993757834663e-1,-6.636178746268954e-2,3.6143573739e1,5.872e-1
334.000000,4.3634421589e-2,2.9122741074e-1,6.4555965863e-1,1.9637163756e-1,7.3205615617e-2,6.249993720653633e-1,-6.636178684484736e-2,2.1422960502e1,5.171e-1
335.000000,1.8093270939e-2,4.3744953328e-1,1.9600871475e-2,1.4649594087e-2,7.6020550052e-1,6.249993851495090e-1,-6.636178619335097e-2,9.8815843751e1,5.484e-1
336.000000,1.1143277099e-2,7.6094537738e-2,3.1408151018e-1,1.4843963386e-1,7.0023979477e-1,6.249993768247124e-1,-6.636178653621150e-2,9.7051174810e1,4.250e-1
337.000000,6.2616243552e-3,3.4545190545e-1,3.1350331807e-1,3.5758354553e-2,5.4902351878e-1,6.249993606008319e-1,-6.636178077584470e-2,7.4621338917e1,5.469e-1
338.000000,4.4384543532e-3,4.9059975978e-1,3.0828782214e-1,1.5063002642e-2,4.3160967659e-1,6.249993577505156e-1,-6.636178049767376e-2,5.9177776011e1,5.984e-1
339.000000,8.9054241326e-3,1.9317375952e-1,1.0297777266e-1,2.0998112853e-1,7.3496064239e-1,6.249993636126882e-1,-6.636177836835415e-2,1.0200898075e2,8.258e-1
340.000000,2.3097150057e-2,2.2818796657e-1,1.3676701706e-2,7.1342177962e-1,2.7161510650e-1,6.249993522289187e-1,-6.636178002029122e-2,5.8173568701e1,5.207e-1
341.000000,4.8474012867e-2,1.2467751337e-1,5.0778825305e-1,3.5043961098e-1,2.1861929611e-1,6.249993431848727e-1,-6.636176858781717e-2,4.3533235511e1,5.181e-1
342.000000,1.3882576771e-1,5.0370939143e-1,5.5345648739e-2,4.4502282397e-2,5.0761559695e-1,6.249993436167427e-1,-6.636177311847744e-2,6.7918466303e1,5.969e-1
343.000000,3.1879345468e-1,1.0020414089e-2,3.7173458631e-1,1.9402987854e-1,3.5542034605e-1,6.249993398319439e-1,-6.636177319567657e-2,5.4856074653e1,4.992e-1
344.000000,2.7683067439e-1,5.2127514455e-2,4.0846348113e-2,1.5202394664e-1,7.2817019727e-1,6.249993404296250e-1,-6.636177157978075e-2,9.8639992694e1,3.909e-1
345.000000,1.6167706824e-1,1.0446009743e-1,5.0198457725e-1,2.2773402856e-1,2.5414287246e-1,6.249993219720337e-1,-6.636177020919454e-2,4.4123411936e1,4.865e-1
346.000000,1.6513278843e-1,6.1128223812e-1,9.7308869358e-2,5.9064425083e-2,3.1721033556e-1,6.249993282721042e-1,-6.636177243807730e-2,4.4576586380e1,7.791e-1
347.000000,4.6436802422e-1,1.1804489762e-1,8.1860140781e-2,4.8377916544e-1,1.0194643073e-1,6.249993293969910e-1,-6.636177569791127e-2,2.9653231361e1,6.845e-1
348.000000,5.2298816582e-1,3.8269015244e-2,3.5106498474e-1,3.9717627098e-2,2.9795885797e-1,6.249993254378583e-1,-6.636177109999233e-2,4.2556249879e1,4.514e-1
349.000000,2.9280523070e-1,3.1675575811e-1,1.6675598389e-1,2.7097438644e-1,2.0270728953e-1,6.249993243298906e-1,-6.636177045790362e-2,3.6731675428e1,5.136e-1
350.000000,3.8210870407e-1,2.1560604490e-1,2.5716012769e-1,5.6942136397e-2,3.3818163611e-1,6.249993245842999e-1,-6.636176986028335e-2,4.7788945251e1,6.037e-1
351.000000,6.3532667299e-1,1.6219545439e-3,2.9190357048e-1,1.4884880357e-1,1.7229765039e-1,6.249993259907489e-1,-6.636176976175653e-2,2.9473396773e1,7.937e-1
352.000000,2.8656669308e-1,5.8471069511e-1,1.3148913866e-2,4.1418117736e-2,3.2415423306e-1,6.249993264223921e-1,-6.636176991861509e-2,4.4235017646e1,5.337e-1
353.000000,1.4503095944e-1,1.8790503065e-1,1.5692372312e-1,4.5076239827e-2,7.1506270476e-1,6.249993288935369e-1,-6.636176929407714e-2,9.4674181210e1,6.788e-1
354.000000,1.0752332652e-1,1.0640976092e-1,3.0545132785e-1,2.9068465473e-2,7.0154576502e-1,6.249993228946881e-1,-6.636177230328678e-2,9.3438240626e1,6.798e-1
355.000000,4.5272540566e-2,6.7941114903e-1,2.3269279305e-1,9.9239114336e-2,1.9338302285e-1,6.249993099177391e-1,-6.636177418929110e-2,3.1171679497e1,7.801e-1
356.000000,1.3299278832e-2,2.1221525240e-1,4.3169950433e-1,5.6635137259e-1,2.6433223876e-2,6.249993160123636e-1,-6.636176600225856e-2,2.5391372758e1,6.741e-1
357.000000,7.7337752562e-3,8.5727095336e-2,7.8468453771e-2,4.1029550212e-1,6.6777378256e-1,6.249993045196698e-1,-6.636177647464227e-2,9.9407568944e1,6.311e-1
358.000000,5.4532768825e-3,2.0116223409e-2,3.7898722655e-1,4.1558446170e-1,4.2985741021e-1,6.249992993783984e-1,-6.636177829277376e-2,7.1395308179e1,4.833e-1
359.000000,5.7081915523e-3,2.0900920541e-1,3.6279862114e-1,1.4777658972e-2,6.5770491049e-1,6.249992937814872e-1,-6.636178614165843e-2,8.7982375105e1,7.913e-1
360.000000,1.1113175089e-2,4.7340722043e-1,1.4636428602e-2,4.8617745445e-1,2.6466430204e-1,6.249992903047774e-1,-6.636178831058479e-2,5.0504171661e1,5.577e-1
361.000000,2.6209308167e-2,6.2109766116e-2,1.0435611791e0,9.6082091453e-3,1.0851009809e-1,6.249992803237718e-1,-6.636178637205140e-2,2.2682568868e1,2.506e-1
362.000000,3.7859808725e-2,3.8940055034e-2,1.0514119209e-1,1.5776137450e-1,9.1029615294e-1,6.249992916490026e-1,-6.636177855983463e-2,1.2250421111e2,7.587e-1
363.000000,6.0389028426e-2,2.7551379230e-1,3.1342171264e-1,1.3768710714e-1,4.6298691144e-1,6.249992759732521e-1,-6.636178409684851e-2,6.6756907893e1,5.167e-1
364.000000,2.3722220249e-1,5.0785826660e-1,5.4233491106e-2,1.8083963035e-1,2.6984495708e-1,6.249992738098564e-1,-6.636178366216705e-2,4.1895218240e1,6.386e-1
365.000000,4.7058954555e-1,8.9848346717e-3,3.6257556630e-1,3.8781912747e-1,2.0029472568e-2,6.249992732795325e-1,-6.636178572835486e-2,1.8127853540e1,5.915e-1
366.000000,3.4219583033e-1,1.2642730569e-1,1.5003855330e-2,1.6990974603e-1,5.9646181272e-1,6.249992750474815e-1,-6.636177937520961e-2,8.2328207270e1,4.647e-1
367.000000,1.4177065960e-1,4.4360970265e-1,2.4650201737e-1,9.0007018874e-2,3.2810913955e-1,6.249992690132365e-1,-6.636177921535596e-2,4.7808315340e1,6.503e-1
368.000000,1.0926426232e-1,3.2118818955e-1,1.7388574324e-1,6.0414524411e-1,4.1515106776e-2,6.249992729957079e-1,-6.636178860680975e-2,2.6734675935e1,5.108e-1
369.000000,2.1233204944e-1,2.9878986876e-2,6.1982804488e-1,1.0301924242e-1,2.8494019482e-1,6.249992592185544e-1,-6.636177797401650e-2,4.4893509051e1,5.624e-1
370.000000,2.4208678367e-1,2.2570472433e-2,5.0319230395e-1,2.5969466049e-1,2.2245428469e-1,6.249992526171602e-1,-6.636177464992762e-2,4.0976100344e1,6.980e-1
371.000000,2.4579178671e-1,1.3626975187e-1,5.7924081528e-1,2.5210570177e-1,3.6590457436e-2,6.249992565361152e-1,-6.636177333636516e-2,1.7780322928e1,7.372e-1
372.000000,3.8572982237e-1,7.8636706414e-2,6.5843877612e-3,2.7358267611e-1,5.0546492717e-1,6.249992599118284e-1,-6.636176380541958e-2,7.3856969740e1,5.888e-1
373.000000,3.8507047638e-1,8.4675145327e-2,1.0327218829e-1,1.7812627443e-1,4.9885442866e-1,6.249992565492124e-1,-6.636176047630485e-2,7.0741470686e1,5.413e-1
374.000000,2.5985053265e-1,5.0870801938e-1,2.9759941263e-1,3.0126569191e-2,1.5371397728e-1,6.249992555649961e-1,-6.636176338682394e-2,2.4167575912e1,5.016e-1
375.000000,6.9883441217e-1,1.2570480847e-1,7.2716090291e-2,2.9608881708e-1,5.6654382622e-2,6.249992553176853e-1,-6.636176441617291e-2,1.7909158668e1,4.412e-1
376.000000,6.3301259832e-1,1.3804106572e-1,1.5615699560e-1,1.9126201649e-1,1.3152583275e-1,6.249992544393443e-1,-6.636176269494443e-2,2.4797535515e1,3.716e-1
377.000000,2.2807385287e-1,4.2191746968e-1,3.4834752332e-1,1.1948483520e-1,1.3217482506e-1,6.249992530616425e-1,-6.636176227421745e-2,2.4486544386e1,3.934e-1
378.000000,2.7349042320e-1,1.8589760132e-1,3.2855494018e-1,3.0545228165e-1,1.5660325558e-1,6.249992509590527e-1,-6.636176356154613e-2,3.2956669662e1,4.210e-1
379.000000,5.1776983314e-1,5.3376132795e-2,1.0531812304e-1,3.0659112722e-1,2.6694328700e-1,6.249992516003440e-1,-6.636176019207182e-2,4.5187838973e1,5.903e-1
380.000000,5.0455113379e-1,9.9839352577e-2,2.2752736104e-1,2.5767076189e-1,1.6040989485e-1,6.249992520724721e-1,-6.636176161020300e-2,3.1050104081e1,5.524e-1
381.000000,1.6297327330e-1,5.3404055082e-1,5.5223575449e-2,3.8246377993e-1,1.1529732278e-1,6.249992511383398e-1,-6.636176347030920e-2,2.8588254616e1,7.274e-1
382.000000,1.1397138243e-1,1.5677090817e-1,2.3710688516e-1,4.7157546412e-1,2.7057386141e-1,6.249992506426252e-1,-6.636176627536877e-2,5.1991251701e1,6.758e-1
383.000000,2.3003450135e-1,1.9494160709e-1,1.4595301238e-1,2.4934970221e-1,4.2971967952e-1,6.249992512710645e-1,-6.636175152713154e-2,6.4655834013e1,5.724e-1
384.000000,6.2680842116e-1,3.4018688049e-1,1.5044082739e-1,6.7822030729e-2,6.4740338181e-2,6.249992489775368e-1,-6.636175456220864e-2,1.2654372861e1,7.829e-1
385.000000,1.0067561435e0,5.3913466444e-2,1.3569251276e-1,4.1687189791e-2,1.1949185467e-2,6.249992489789898e-1,-6.636175454928883e-2,4.5602309198e0,9.942e-1
386.000000,3.6825430408e-1,4.1899742237e-1,3.2311942349e-1,1.1883571383e-1,2.0791634045e-2,6.249992489078766e-1,-6.636175480626698e-2,1.0071149385e1,5.748e-1
387.000000,2.1768937957e-1,1.9592410711e-1,8.7237865679e-2,4.6125071371e-1,2.8789643261e-1,6.249992493439179e-1,-6.636175601824515e-2,5.2809362043e1,4.544e-1
388.000000,8.1955344603e-2,9.1621027569e-1,1.9274323407e-2,1.2520550263e-1,1.0735304374e-1,6.249992450330538e-1,-6.636175046870135e-2,1.9775358494e1,9.332e-1
389.000000,9.2220635726e-2,2.4361227112e-1,3.6039538836e-1,1.0965734266e-1,4.4411285240e-1,6.249992451371480e-1,-6.636175065316301e-2,6.3771978040e1,5.765e-1
390.000000,2.3682226815e-1,2.2845823226e-1,2.1352117438e-1,6.3536880337e-2,5.0765993339e-1,6.249992442607315e-1,-6.636175332378606e-2,6.9297148639e1,5.040e-1
391.000000,6.1438354515e-1,3.2922652849e-1,7.9622554436e-2,5.5321364199e-2,1.7144449366e-1,6.249992429709706e-1,-6.636175220329059e-2,2.5317804108e1,3.981e-1
392.000000,9.3151964341e-1,7.1270369386e-2,1.9907097621e-1,2.7577854167e-2,2.0559642391e-2,6.249992427827293e-1,-6.636175218690787e-2,5.7149939295e0,1.621e-1
393.000000,2.5780863621e-1,5.3338788264e-1,3.6993763688e-1,2.4890805090e-2,6.3973524132e-2,6.249992424756649e-1,-6.636175196557027e-2,1.3140298030e1,2.449e-1
394.000000,1.3677512806e-1,1.1600584268e-1,2.2558191817e-1,6.2343941605e-1,1.4819618281e-1,6.249992438856796e-1,-6.636176288101718e-2,4.1024227308e1,6.223e-1
395.000000,7.7784081229e-2,4.1588814699e-1,3.1151588100e-1,1.0484929584e-1,3.3996106932e-1,6.249992371875404e-1,-6.636174722618166e-2,5.0232989722e1,5.924e-1
396.000000,7.5137517170e-2,4.7145617260e-1,5.5629160253e-1,2.1295867200e-2,1.2581731643e-1,6.249992379622160e-1,-6.636174736347435e-2,2.2216898177e1,6.508e-1
397.000000,1.2723882221e-1,2.3542424595e-2,1.4102744506e-1,8.7664154600e-1,8.1548237654e-2,6.249992377576463e-1,-6.636176497332831e-2,3.9729627712e1,3.245e-1
398.000000,1.3504596739e-1,4.9494767859e-2,8.3519937421e-1,6.4509873778e-2,1.6574844607e-1,6.249992146537173e-1,-6.636174259880838e-2,3.0128224571e1,6.143e-1
399.000000,1.4853917670e-1,2.5857461647e-1,1.2489032020e-1,5.1319443409e-1,2.0479987494e-1,6.249992111932676e-1,-6.636174289278061e-2,4.4227147265e1,3.534e-1
400.000000,3.6963130094e-1,2.9380708498e-1,6.9551912925e-3,3.6692598336e-2,5.4291225444e-1,6.249992149957306e-1,-6.636174093224922e-2,7.1495003066e1,4.029e-1
401.000000,6.2949975281e-1,5.2776189002e-3,1.1076820498e-1,2.5542045073e-1,2.4903239788e-1,6.249992126555677e-1,-6.636174088956850e-2,4.1261052106e1,4.585e-1
402.000000,3.0320512859e-1,6.1559648624e-1,9.6837206065e-3,2.7296395482e-1,4.8549132254e-2,6.249992112565982e-1,-6.636174062901462e-2,1.6409400784e1,5.973e-1
403.000000,1.9430725301e-1,1.6421343000e-1,2.3744393964e-1,4.5357758701e-1,2.0045621725e-1,6.249992134552580e-1,-6.636173350889757e-2,4.2498010596e1,5.150e-1
404.000000,9.4462018517e-2,7.3931736937e-1,4.7508473574e-2,2.8821150837e-1,8.0499054941e-2,6.249992123827183e-1,-6.636174123973099e-2,2.1432580837e1,7.087e-1
405.000000,7.9389490085e-2,1.4652005387e-1,5.6107132437e-1,3.4323380109e-1,1.1978374480e-1,6.249992071079790e-1,-6.636174311108302e-2,3.1137106417e1,5.851e-1
406.000000,1.2093203848e-1,2.7149572849e-2,2.3197351716e-1,5.2137975638e-2,8.1780532532e-1,6.249992147254598e-1,-6.636173732010479e-2,1.0831805016e2,4.501e-1
407.000000,1.4704617913e-1,9.8733934442e-3,2.3836235339e-1,1.1041411474e-1,7.4430239250e-1,6.249992166025800e-1,-6.636173948532957e-2,1.0080412662e2,3.793e-1
408.000000,1.5647505266e-1,3.6628463242e-3,3.4944737597e-1,7.4028069330e-1,1.3243819418e-4,6.249992032265999e-1,-6.636173986841985e-2,2.6587076501e1,8.323e-1
409.000000,1.2464865942e-1,6.2990277041e-2,1.2957455940e-1,7.3653413660e-1,1.9625074142e-1,6.249991869373550e-1,-6.636174630241587e-2,4.9914088631e1,3.521e-1
410.000000,6.1125180635e-2,6.4911913399e-1,4.0890589485e-1,2.7667089451e-2,1.0318105817e-1,6.249991785484279e-1,-6.636172795515657e-2,1.8692570325e1,4.185e-1
411.000000,7.7203073494e-2,2.6933862943e-1,3.7703039591e-1,4.9301644098e-1,3.3409821196e-2,6.249991805030305e-1,-6.636173637969489e-2,2.3646505187e1,4.582e-1
412.000000,1.3905500705e-1,1.4650155122e-2,6.9561597770e-1,3.1735968777e-1,8.3317519890e-2,6.249991737685316e-1,-6.636172964891918e-2,2.6483908190e1,6.662e-1
413.000000,1.5152816503e-1,3.8697127117e-2,6.0171356542e-1,3.3533186282e-1,1.2272762019e-1,6.249991702891418e-1,-6.636172772157799e-2,3.1406621855e1,7.741e-1
414.000000,1.8423799814e-1,4.0388054180e-1,4.2269215134e-1,1.5625240500e-1,8.2935237485e-2,6.249991668809510e-1,-6.636172173322788e-2,1.9897204651e1,6.099e-1
415.000000,5.0530180528e-1,8.0027569053e-2,5.6006978997e-1,2.1143357226e-2,8.3455811311e-2,6.249991664214304e-1,-6.636172049456665e-2,1.6252195640e1,6.557e-1
416.000000,4.6088920197e-1,1.1057967640e-1,3.8991117153e-1,1.9378710283e-1,9.4831183705e-2,6.249991682174841e-1,-6.636172042872882e-2,2.1910472131e1,6.374e-1
417.000000,3.0372972455e-1,3.9964145143e-1,2.9877058745e-1,1.1842429915e-1,1.2943227342e-1,6.249991680021584e-1,-6.636171974584855e-2,2.3698221036e1,6.320e-1
418.000000,3.9038513992e-1,4.2895825448e-2,7.2346604706e-2,4.8327822323e-1,2.6109254821e-1,6.249991707595648e-1,-6.636172186064263e-2,4.9744506373e1,6.532e-1
419.000000,2.3434844373e-1,7.3448416567e-1,2.5892122797e-1,4.2390447068e-3,1.8005452834e-2,6.249991674574228e-1,-6.636171623479453e-2,6.0978597703e0,3.278e-1
420.000000,5.5097343737e-1,1.3197241862e-1,1.9116975287e-1,2.3954305076e-1,1.3633967812e-1,6.249991688724948e-1,-6.636171671200186e-2,2.7185646003e1,3.365e-1
421.000000,5.4926988211e-1,1.2138052575e-1,2.4917188581e-1,2.2871105860e-1,1.0146498394e-1,6.249991681020964e-1,-6.636171620204739e-2,2.2817042898e1,2.987e-1
422.000000,3.5908463307e-1,4.4625812520e-1,2.6559741501e-1,1.0967053323e-1,6.9387626567e-2,6.249991665399870e-1,-6.636171553586054e-2,1.5587911151e1,6.313e-1
423.000000,4.7529103146e-1,6.7822829481e-2,6.1843955481e-2,3.6893189159e-1,2.7610862722e-1,6.249991676153435e-1,-6.636171380062261e-2,4.8015767634e1,4.197e-1
424.000000,2.9956635566e-1,3.2493488765e-1,1.1824152885e-1,2.6745909215e-1,2.3979646984e-1,6.249991670716741e-1,-6.636171224085372e-2,4.0998224273e1,4.812e-1
425.000000,4.6802967268e-1,1.9689546670e-1,8.4350413187e-2,1.7680220297e-1,3.2392057900e-1,6.249991672706836e-1,-6.636171112704158e-2,4.8422113682e1,6.781e-1
426.000000,6.2049626476e-1,3.5378518613e-2,2.6635457118e-3,5.1659974472e-1,7.4860260248e-2,6.249991670275218e-1,-6.636171731382831e-2,2.6515618678e1,7.871e-1
427.000000,2.7874097303e-1,3.0669810644e-1,8.8341234476e-2,3.6404603444e-1,2.1217198198e-1,6.249991651889949e-1,-6.636171069257257e-2,4.0266983371e1,5.256e-1
428.000000,1.8431701365e-1,2.5585897338e-1,1.3065148690e-1,1.9498454410e-1,4.8418631348e-1,6.249991657566855e-1,-6.636170534384690e-2,6.9864441886e1,3.952e-1
429.000000,4.7657214815e-1,5.0873761872e-1,7.6383570921e-2,3.8692055356e-2,1.4961293302e-1,6.249991630869709e-1,-6.636170678730693e-2,2.2255431077e1,6.798e-1
430.000000,9.4229808343e-1,1.8882774139e-2,2.1920534020e-1,5.1433908697e-2,1.8178219439e-2,6.249991629511501e-1,-6.636170677957823e-2,6.2352544781e0,6.601e-1
431.000000,3.9742084159e-1,3.9285812909e-1,2.5586700743e-1,5.1811089791e-3,1.9867123842e-1,6.249991627533804e-1,-6.636170673390483e-2,2.8627076744e1,6.114e-1
432.000000,1.9837011000e-1,9.5716728652e-2,2.7946149439e-1,6.4432486760e-1,3.2125136097e-2,6.249991683678834e-1,-6.636171258604139e-2,2.7256723651e1,7.935e-1
433.000000,1.1667045109e-1,1.7210349173e-1,8.0154666443e-2,8.0064482877e-1,8.0424892891e-2,6.249991654622288e-1,-6.636172045929939e-2,3.6958800351e1,8.833e-1
434.000000,4.7292949605e-2,5.4726078132e-1,1.4384819769e-2,8.2122789079e-2,5.5893697688e-1,6.249991583247574e-1,-6.636169874373535e-2,7.5405108886e1,6.262e-1
435.000000,5.6014601821e-2,2.3036072168e-1,2.3620745968e-1,6.1968710834e-1,1.0772841145e-1,6.249991514892094e-1,-6.636170309977003e-2,3.5997612555e1,4.420e-1
436.000000,1.5043719257e-1,3.4195105981e-1,2.4055535533e-2,1.8915915538e-1,5.4439535824e-1,6.249991507654591e-1,-6.636169178011271e-2,7.6687263827e1,5.873e-1
437.000000,3.9482625371e-1,7.8545491995e-2,9.8647116551e-2,2.9663612263e-1,3.8134330375e-1,6.249991443196027e-1,-6.636168995301395e-2,5.9447979848e1,5.779e-1
438.000000,4.3834602292e-1,3.0806661577e-2,3.4618991028e-1,2.8150571626e-1,1.5314997718e-1,6.249991441115520e-1,-6.636169088161095e-2,3.1661685616e1,4.935e-1
439.000000,1.4477889355e-1,6.9011705894e-1,3.0153836405e-2,7.2628695815e-2,3.1231980238e-1,6.249991435464453e-1,-6.636169268163046e-2,4.3994907227e1,8.275e-1
440.000000,4.5888817314e-2,9.9019942788e-2,1.6562043510e-1,2.1528903896e-1,7.2418007595e-1,6.249991550574214e-1,-6.636169006971526e-2,1.0113024674e2,3.139e-1
441.000000,2.9150022869e-2,1.9054741430e-2,4.1009396585e-1,1.2381913794e-1,6.6788040360e-1,6.249991358481621e-1,-6.636168250094951e-2,9.2784340297e1,2.695e-1
442.000000,2.2234239332e-2,1.0584063212e-1,2.3428065484e-1,6.2976130037e-1,2.5788142906e-1,6.249991278618017e-1,-6.636168577821086e-2,5.5258228154e1,7.921e-1
443.000000,2.1576436481e-2,1.0263514621e0,2.0702204111e-2,2.4882464552e-2,1.5648569235e-1,6.249991298049238e-1,-6.636167104795124e-2,2.3055516262e1,7.532e-1
444.000000,8.0935949153e-2,2.0929259372e-1,2.2550701093e-1,1.3516826930e-1,5.9909443501e-1,6.249991290574199e-1,-6.636166978577733e-2,8.3272581549e1,4.722e-1
445.000000,1.7294254284e-1,2.9234091255e-1,1.6989613822e-1,1.8573537714e-1,4.2908327572e-1,6.249991232393779e-1,-6.636166547377920e-2,6.2896513563e1,6.300e-1
446.000000,5.9965230075e-1,4.1992532280e-1,8.3772509640e-3,4.2584960488e-2,1.7945841268e-1,6.249991238412461e-1,-6.636166721878756e-2,2.5540090363e1,7.737e-1
447.000000,9.3308240948e-1,7.0942886877e-2,5.9632453062e-2,3.5429345368e-2,1.5091115279e-1,6.249991237878030e-1,-6.636166717970339e-2,2.1535853212e1,9.609e-1
448.000000,3.4471838222e-1,4.1790511365e-1,1.7223506578e-1,4.4157147793e-2,2.7098253738e-1,6.249991234131618e-1,-6.636166738549379e-2,3.8484843458e1,5.550e-1
449.000000,2.0756162173e-1,1.2753445877e-1,2.2727790692e-1,3.6920575292e-1,3.1841849381e-1,6.249991170749103e-1,-6.636166728534464e-2,5.4749224285e1,5.946e-1
450.000000,2.0509557530e-1,5.5157529753e-2,2.3378151742e-1,7.5083139453e-1,5.1322258616e-3,6.249991214313244e-1,-6.636167213688718e-2,2.6766644522e1,2.336e-1
451.000000,1.2980972509e-1,5.4582536869e-1,2.5511312046e-1,2.4098035152e-1,7.8269658537e-2,6.249991121530812e-1,-6.636166617286302e-2,2.0927348105e1,7.320e-1
452.000000,3.0205963945e-1,2.5527217331e-1,4.6592533171e-1,1.8171233577e-1,4.5028745690e-2,6.249991129671590e-1,-6.636166680241691e-2,1.5967451013e1,4.715e-1
453.000000,5.0292428749e-1,1.2531331325e-2,2.3922660873e-1,2.5085093016e-1,2.4446506982e-1,6.249991137602103e-1,-6.636166485154557e-2,4.1509096378e1,3.095e-1
454.000000,3.8321485993e-1,1.1197663231e-1,1.1401389964e-1,2.6704710679e-1,3.7374572500e-1,6.249991118375876e-1,-6.636166208193728e-2,5.7712632109e1,3.727e-1
455.000000,1.7951571928e-1,6.7280412109e-1,1.4142243903e-1,5.9064520763e-2,1.9719141913e-1,6.249991096474029e-1,-6.636166266941550e-2,2.9697311928e1,4.440e-1
456.000000,3.3999731295e-1,2.2992513963e-1,2.7101845589e-1,1.5432290325e-1,2.5473440362e-1,6.249991076724490e-1,-6.636166066086917e-2,4.0342333150e1,5.494e-1
457.000000,5.5997455795e-1,4.2179388023e-3,5.9631170307e-1,8.1767068201e-2,7.7269436410e-3,6.249991058362491e-1,-6.636166155161968e-2,8.6645117497e0,7.049e-1
458.000000,3.4074543182e-1,2.3763790026e-1,1.8188210402e-1,3.9284750352e-1,9.6885272944e-2,6.249991062840390e-1,-6.636166511161715e-2,2.7073140398e1,5.862e-1
459.000000,2.2700247697e-1,6.9130640519e-1,4.3267382526e-2,2.2220599748e-2,2.6620134840e-1,6.249991064141165e-1,-6.636166056192412e-2,3.6627084896e1,8.289e-1
460.000000,4.8201757335e-1,4.4063343605e-2,3.1515711878e-1,1.3212379639e-1,2.7663637607e-1,6.249991040959388e-1,-6.636165909301471e-2,4.2487810045e1,5.879e-1
461.000000,4.5201094633e-1,7.5792800689e-2,2.8881530397e-1,1.7325029976e-1,2.6012885329e-1,6.249991020178491e-1,-6.636165689896821e-2,4.1528616320e1,5.706e-1
462.000000,1.9821999957e-1,8.2793607902e-1,1.6961535544e-2,3.0980058838e-2,1.7590053608e-1,6.249991045274331e-1,-6.636165882562443e-2,2.5397304943e1,5.260e-1
463.000000,2.4943891067e-1,1.8946984654e-1,1.5422206474e-1,3.4078426661e-1,3.1608312729e-1,6.249991079280619e-1,-6.636165899116364e-2,5.3101172491e1,5.806e-1
464.000000,2.6271499269e-1,7.3693244314e-1,1.2343849205e-1,1.1602973687e-1,1.0882543701e-2,6.249991042299827e-1,-6.636166053982726e-2,7.6986474927e0,5.919e-1
465.000000,6.9170790225e-1,6.4797959271e-2,2.2044592864e-1,1.3615007940e-1,1.3689633778e-1,6.249991036663545e-1,-6.636166097953415e-2,2.4118551075e1,7.001e-1
466.000000,5.1474777019e-1,2.9505952249e-1,1.8292918443e-1,2.2886087172e-1,2.8400859614e-2,6.249991042187476e-1,-6.636166068336442e-2,1.3269784331e1,6.714e-1
467.000000,4.7916337564e-1,2.2134714759e-1,3.7238738943e-1,4.4396431740e-2,1.3270386195e-1,6.249991031691411e-1,-6.636166142821576e-2,2.2068155243e1,6.758e-1
468.000000,4.5987876540e-1,2.4818230389e-1,7.0668487771e-2,3.8475570839e-1,8.6512943160e-2,6.249991043054326e-1,-6.636165971255467e-2,2.4677491286e1,6.203e-1
469.000000,3.9356831981e-1,1.0922515673e-1,3.6791432852e-1,3.6950856988e-1,9.7818334351e-3,6.249991041896743e-1,-6.636165846639763e-2,1.6434898017e1,3.668e-1
470.000000,1.7917152182e-1,4.1419538996e-1,2.6083005859e-2,1.0982826320e-1,5.2072003245e-1,6.249991066424763e-1,-6.636166364801913e-2,7.1293309163e1,6.355e-1
471.000000,9.1276200003e-2,3.6851530391e-1,1.5366697528e-1,1.8558283657e-1,4.5095689777e-1,6.249991067658730e-1,-6.636166379051592e-2,6.5673138195e1,2.953e-1
472.000000,3.6036465526e-2,4.7640783670e-1,1.0469333615e-1,3.7951297433e-1,2.5334759536e-1,6.249991040299304e-1,-6.636166221354396e-2,4.6381287980e1,2.474e-1
473.000000,2.0017406968e-2,4.7972635509e-1,7.2797143866e-2,1.8046820482e-1,4.9698908806e-1,6.249990994029742e-1,-6.636166709283060e-2,7.0941424391e1,6.583e-1
474.000000,1.6108980739e-2,4.7826129984e-1,3.2361722553e-1,1.0715353352e-1,3.2485715016e-1,6.249990948945765e-1,-6.636166936817367e-2,4.8564143188e1,6.503e-1
475.000000,2.7595047134e-2,6.5358551751e-1,1.0015263261e-1,3.0366401315e-1,1.6500097936e-1,6.249990948787779e-1,-6.636166742002390e-2,3.2959563398e1,5.245e-1
476.000000,7.1692953427e-2,1.8192136779e-1,5.3218014594e-1,2.8190444021e-2,4.3601327895e-1,6.249990950628195e-1,-6.636166815927505e-2,6.1368924294e1,4.237e-1
477.000000,1.0394345346e-1,2.6404513305e-1,3.9203367689e-1,5.1613144411e-2,4.3836278470e-1,6.249990962510561e-1,-6.636167248329691e-2,6.1478388470e1,5.645e-1
478.000000,2.3881105280e-1,3.7709481939e-1,7.8708533359e-2,1.3189443303e-1,4.2348935113e-1,6.249990948560957e-1,-6.636167273373303e-2,5.9930522233e1,5.850e-1
479.000000,4.3438389035e-1,1.4976670896e-2,9.3233254581e-2,2.6347559214e-2,6.8105681879e-1,6.249990969161024e-1,-6.636167161175072e-2,8.9011406024e1,7.500e-1
480.000000,3.7288780194e-1,1.1887370985e-1,3.1721292852e-1,2.0264494977e-1,2.3837879149e-1,6.249990907937646e-1,-6.636167144197849e-2,3.9959018453e1,5.208e-1
481.000000,3.9790648812e-1,2.2649239921e-1,3.4640845578e-1,1.6691579712e-2,2.6249924907e-1,6.249990859447244e-1,-6.636167232626859e-2,3.7557240121e1,6.245e-1
482.000000,6.9148690069e-1,4.8863454590e-2,1.9300697796e-2,2.1230982916e-1,2.7803729177e-1,6.249990870006508e-1,-6.636167351495831e-2,4.2980563822e1,8.220e-1
483.000000,4.3142725915e-1,4.5176784062e-1,9.8580666893e-2,2.4664755270e-1,2.1574854477e-2,6.249990869174468e-1,-6.636167297017655e-2,1.2562197705e1,6.213e-1
484.000000,1.7121043688e-1,2.8406552059e-1,2.8289965572e-1,4.9670177366e-1,1.5120791127e-2,6.249990889910828e-1,-6.636167422779740e-2,2.0746851527e1,7.022e-1
485.000000,1.4469179795e-1,1.5263060954e-1,3.3595819796e-1,4.6803744430e-2,5.6991381941e-1,6.249990846374698e-1,-6.636167617092494e-2,7.7511961407e1,5.546e-1
486.000000,1.0548448455e-1,9.9611842341e-1,1.7990869872e-3,7.6260200143e-2,7.0335971317e-2,6.249990832018008e-1,-6.636167550536314e-2,1.3502702518e1,9.182e-1
487.000000,2.6615719573e-1,1.2654473044e-1,2.6342284714e-1,3.6739328713e-1,2.2648010408e-1,6.249990822620991e-1,-6.636167182776390e-2,4.3239589347e1,4.866e-1
488.000000,2.7763387071e-1,1.1906949352e-1,2.9274641769e-1,6.4806287695e-2,4.9574209676e-1,6.249990831860220e-1,-6.636167772157855e-2,6.8247716856e1,5.098e-1
489.000000,2.3922111207e-1,6.1200632287e-1,5.9248310736e-2,6.6834005172e-2,2.7268841617e-1,6.249990835111386e-1,-6.636167745141323e-2,3.8860415123e1,7.325e-1
490.000000,5.5841828939e-1,9.5947236258e-2,7.2148743107e-2,2.8952742563e-1,2.3395647277e-1,6.249990835736955e-1,-6.636167713857770e-2,4.0259599696e1,7.089e-1
491.000000,5.7825979415e-1,8.8705335327e-2,1.9003343525e-1,2.5506532702e-1,1.3793427446e-1,6.249990831042033e-1,-6.636167698205533e-2,2.7804485645e1,7.262e-1
492.000000,1.8549880324e-1,7.4437541750e-1,1.7343302572e-1,7.8376165183e-2,6.8314750761e-2,6.249990812065629e-1,-6.636167615187659e-2,1.4221289826e1,3.453e-1
493.000000,2.1265516126e-1,1.3455327810e-1,2.3148392397e-1,5.2985484086e-1,1.4145096170e-1,6.249990829460023e-1,-6.636168598097469e-2,3.7288383534e1,2.816e-1
494.000000,2.5655950950e-1,1.1130209200e-2,5.0986821352e-1,1.8867264066e-1,2.8376757707e-1,6.249990749801551e-1,-6.636167473123875e-2,4.6589260248e1,5.103e-1
495.000000,2.0210660573e-1,1.4655705812e-1,2.8433124054e-1,1.7797562854e-1,4.3902763536e-1,6.249990841475848e-1,-6.636167136709072e-2,6.4559574783e1,6.251e-1
496.000000,3.8631850606e-1,4.5238015036e-1,1.6707028069e-2,4.3533434580e-2,3.5105904340e-1,6.249990812354247e-1,-6.636167135219526e-2,4.7560203240e1,6.231e-1
497.000000,7.2493008221e-1,6.3926396166e-3,5.2256762033e-2,4.2867603985e-2,4.2355107414e-1,6.249990809917964e-1,-6.636167152501780e-2,5.6379605234e1,6.342e-1
498.000000,3.5076801059e-1,3.5659812195e-1,6.6663930433e-2,1.7862777464e-2,4.5810532111e-1,6.249990807691507e-1,-6.636167154107470e-2,6.0630981673e1,6.684e-1
499.000000,1.5610820019e-1,1.0499720945e-1,7.3592525330e-1,6.8316550346e-2,1.8465093368e-1,6.249990734838407e-1,-6.636167133265225e-2,3.1996899667e1,5.049e-1
500.000000,1.4762152385e-1,9.0404285472e-2,7.5910886389e-2,9.0658442718e-1,2.9477052936e-2,6.249990879098335e-1,-6.636169021589569e-2,3.3645670869e1,3.523e-1
501.000000,1.9486144659e-1,5.2505398448e-2,7.5547340251e-1,1.9257877922e-1,5.4579114768e-2,6.249990707713444e-1,-6.636166979465957e-2,1.9394876366e1,5.371e-1
502.000000,3.0880549947e-1,3.8463824918e-2,1.1378202624e-2,2.5541654077e-1,6.3593408367e-1,6.249990757273791e-1,-6.636166756524585e-2,8.9895248035e1,5.497e-1
503.000000,3.2168439669e-1,3.1038983302e-2,1.4183703246e-1,1.3423991969e-1,6.2119781869e-1,6.249990754143515e-1,-6.636166851619672e-2,8.5166614647e1,5.655e-1
504.000000,1.1840761839e-1,7.4550992219e-1,2.9912022854e-2,4.1357677192e-2,3.1481089306e-1,6.249990668460903e-1,-6.636166939112534e-2,4.3408759818e1,3.430e-1
505.000000,3.3430854447e-2,2.3023731907e-1,2.5077017255e-1,4.2395323842e-1,3.1160655294e-1,6.249990687156692e-1,-6.636167017732915e-2,5.5935493852e1,5.564e-1
506.000000,1.2383322253e-2,3.4439245217e-1,4.8039095546e-1,3.1677815060e-1,9.6053236212e-2,6.249990583452287e-1,-6.636166530573044e-2,2.6969819263e1,5.485e-1
507.000000,4.5913768799e-3,4.9829204526e-1,2.9008790434e-1,1.2076150916e-1,3.3626527824e-1,6.249990569392654e-1,-6.636166254906678e-2,5.0225906921e1,6.621e-1
508.000000,6.0577853027e-3,1.3428780806e-1,5.8533845130e-1,1.2479530365e-1,3.9951878022e-1,6.249990642685431e-1,-6.636166214586875e-2,6.0086165704e1,2.448e-1
509.000000,8.3027693760e-3,3.9026382626e-1,5.9355237599e-2,1.9651158370e-1,5.9556471998e-1,6.249990684565654e-1,-6.636166432751352e-2,8.3780175774e1,4.262e-1
510.000000,1.8009563029e-2,1.5644398102e-1,1.9270722756e-1,3.3255960200e-1,5.5027773512e-1,6.249990543629329e-1,-6.636166152735343e-2,8.2941007924e1,4.906e-1
511.000000,4.0490345602e-2,2.9463347337e-1,1.1312492340e-1,7.8250543565e-1,1.9243939061e-2,6.249990585427014e-1,-6.636166210184696e-2,2.9017909648e1,5.325e-1
512.000000,1.4293717298e-1,3.0794853554e-1,2.2865012328e-1,6.7209982196e-2,5.0325228670e-1,6.249990503488740e-1,-6.636166694891690e-2,6.9083578772e1,6.872e-1
513.000000,2.8540341772e-1,2.1863455979e-1,3.6180244903e-1,1.3615549675e-1,2.4800216908e-1,6.249990461811855e-1,-6.636166477354058e-2,3.9575643958e1,5.256e-1
514.000000,6.5836345319e-1,1.4957830538e-1,2.5093731929e-1,1.6444037864e-1,2.6678640534e-2,6.249990485216492e-1,-6.636166427649214e-2,1.1312794997e1,4.943e-1
515.000000,8.1061223066e-1,9.4664901746e-2,1.4077990151e-1,3.6347494186e-2,1.6759356907e-1,6.249990485860126e-1,-6.636166423767571e-2,2.4335971786e1,3.481e-1
516.000000,2.6510585523e-1,5.3765553650e-1,2.9460061154e-1,1.4262391352e-1,1.0012179884e-2,6.249990483343907e-1,-6.636166428306946e-2,9.4101931508e0,7.125e-1
517.000000,2.9055346808e-1,1.0191400518e-1,3.4054754078e-1,1.3937555121e-1,3.7760752338e-1,6.249990443086603e-1,-6.636165929047995e-2,5.5867265702e1,3.388e-1
518.000000,3.1497074717e-1,1.6695330890e-1,2.7171698199e-1,9.9857263330e-2,3.9649978519e-1,6.249990432896925e-1,-6.636166017343084e-2,5.6612532778e1,6.280e-1
519.000000,4.0293175119e-1,7.3721839099e-3,1.2953380706e-1,2.1789523475e-1,4.9226512249e-1,6.249990497010690e-1,-6.636165997108574e-2,7.1235063891e1,6.877e-1
520.000000,2.4755902592e-1,2.1624211803e-1,2.8551242505e-2,6.9784005025e-1,5.9805659589e-2,6.249990481514746e-1,-6.636166904760565e-2,3.0770679725e1,7.024e-1
521.000000,1.2897048734e-1,3.8844482951e-1,1.9123250159e-1,1.0690269477e-2,5.3066000050e-1,6.249990442125284e-1,-6.636165589407499e-2,7.0637803603e1,6.163e-1
522.000000,2.3488912752e-1,6.5383922031e-2,3.7938422444e-1,1.1675892542e-1,4.5358188165e-1,6.249990405311024e-1,-6.636165627402302e-2,6.5078052668e1,5.716e-1
523.000000,2.8286070653e-1,6.7130629684e-3,3.0269273134e-2,6.1735408099e-2,8.6841963940e-1,6.249990450662030e-1,-6.636165496914351e-2,1.1353025757e2,8.602e-1
524.000000,2.0363363432e-1,9.0168973873e-2,3.2545720936e-1,1.3560026546e-1,4.9513799095e-1,6.249990369804448e-1,-6.636165296648866e-2,7.0602683776e1,6.466e-1
525.000000,1.2967617933e-1,5.4140442364e-1,1.5212152122e-1,5.1788540292e-2,3.7500740897e-1,6.249990367246794e-1,-6.636165451781390e-2,5.2022800744e1,5.500e-1
526.000000,3.3183298426e-1,1.5993147561e-1,9.0718829079e-2,6.2909467428e-1,3.8420111401e-2,6.249990373146601e-1,-6.636165997776299e-2,2.6260333912e1,4.023e-1
527.000000,4.4334911905e-1,1.8758239653e-2,1.8627524428e-1,2.2331571376e-1,3.7829974670e-1,6.249990317207796e-1,-6.636165065711985e-2,5.7317863411e1,3.109e-1
528.000000,2.3644211651e-1,4.9542695744e-1,2.1382519672e-1,3.3874930543e-2,2.7042885755e-1,6.249990293820631e-1,-6.636165232396166e-2,3.8518568091e1,5.846e-1
529.000000,6.7745337130e-2,3.9207164898e-1,1.6329651107e-1,2.8993242951e-1,3.3695213351e-1,6.249990300950008e-1,-6.636165182443778e-2,5.4532098888e1,5.841e-1
530.000000,8.0990717030e-2,1.1881061890e-1,3.5020468768e-1,3.8358647852e-1,3.1640553265e-1,6.249990173922806e-1,-6.636164657054026e-2,5.5854429590e1,5.914e-1
531.000000,2.0162912618e-1,4.9094647228e-1,5.0975022631e-1,3.3231838747e-2,1.4440381854e-2,6.249990226853473e-1,-6.636164386017353e-2,8.0724970353e0,6.728e-1
532.000000,8.7089359054e-1,1.3634887581e-1,1.4017711868e-1,3.2781179752e-2,6.9797280230e-2,6.249990225083754e-1,-6.636164369146288e-2,1.1812611118e1,4.358e-1
533.000000,6.9783396357e-1,2.2889252777e-1,2.0040503953e-1,3.6374178320e-2,8.6492335627e-2,6.249990224065956e-1,-6.636164367357786e-2,1.4644935020e1,4.470e-1
534.000000,3.2422788094e-1,1.9383428950e-1,2.6365395374e-1,1.2594497927e-1,3.4233693671e-1,6.249990200828388e-1,-6.636164555034652e-2,5.0508381384e1,3.728e-1
535.000000,1.6375842894e-1,2.0101218107e-1,5.9648181283e-1,2.8593171801e-1,2.8138915421e-3,6.249990161949438e-1,-6.636164291466168e-2,1.4765751173e1,7.701e-1
536.000000,3.9545567699e-2,6.0390416921e-1,2.1843278750e-1,1.0303619571e-1,2.8507931700e-1,6.249990185600156e-1,-6.636164477766690e-2,4.2762354261e1,4.300e-1
537.000000,2.0482274858e-2,9.3877530065e-2,1.4518381894e-1,9.3025340072e-2,8.9742909232e-1,6.249990281290034e-1,-6.636164464588447e-2,1.1920720145e2,6.686e-1
538.000000,2.4240027881e-2,8.0678676612e-2,2.1396066548e-1,1.5152421318e-1,7.7959442909e-1,6.249990061266470e-1,-6.636163594072114e-2,1.0652202444e2,7.213e-1
539.000000,5.3214791299e-2,5.1639640573e-1,5.2503883268e-1,1.3715971762e-1,1.8188261572e-2,6.249990044551583e-1,-6.636163806637177e-2,1.1976919314e1,7.007e-1
540.000000,2.4227558744e-1,2.2917375219e-1,5.2149958267e-1,7.3398156315e-2,1.8365092693e-1,6.249990027703702e-1,-6.636163821030719e-2,3.0607541608e1,5.504e-1
541.000000,3.8917898729e-1,2.9185208616e-2,4.5496859593e-2,4.0780709997e-1,3.7832985326e-1,6.249990043612150e-1,-6.636163649059484e-2,6.2092983204e1,2.692e-1
542.000000,3.2734460057e-1,1.1427164652e-1,8.8855646364e-2,7.1352178149e-1,6.0043375018e-3,6.249990062228983e-1,-6.636164577864836e-2,2.4704312972e1,3.131e-1
543.000000,2.3733944592e-1,3.8995803938e-1,5.4714898525e-1,3.3536188751e-2,4.2015341898e-2,6.249990005944800e-1,-6.636163533069944e-2,1.1726899487e1,6.500e-1
544.000000,6.4333059780e-1,1.3757998009e-1,1.7326182291e-1,9.0516846883e-2,2.0530875603e-1,6.249990018528627e-1,-6.636163519132267e-2,3.1158979714e1,7.612e-1
545.000000,6.9908885135e-1,1.3150825995e-1,2.3534426422e-1,1.0654468000e-1,7.7511946969e-2,6.249990012452282e-1,-6.636163524144642e-2,1.5826274031e1,7.751e-1
546.000000,1.9921800978e-1,3.3664452556e-1,6.6536599359e-1,1.1872065767e-2,3.6897404547e-2,6.249989996219927e-1,-6.636163566110538e-2,1.1198599891e1,8.123e-1
547.000000,1.1009184291e-1,7.9372315408e-2,8.1479493667e-1,1.6556904917e-1,8.0169841483e-2,6.249989928194875e-1,-6.636163368865258e-2,2.2292099329e1,8.284e-1
548.000000,1.4427538553e-1,3.2614003174e-1,4.8470369951e-1,2.4965098138e-1,4.5227899073e-2,6.249989986113456e-1,-6.636163152958083e-2,1.8380049838e1,5.564e-1
549.000000,6.0027930011e-1,3.5844370936e-1,1.9462812158e-1,2.1243695107e-2,7.5403170347e-2,6.249989982568410e-1,-6.636163032290976e-2,1.2905456089e1,6.678e-1
550.000000,7.8684297184e-1,7.7685408720e-2,1.2983567342e-1,1.7883548548e-1,7.6798456996e-2,6.249989982290584e-1,-6.636163001364195e-2,1.7140415722e1,7.957e-1
551.000000,3.8607485897e-1,1.7015868797e-1,1.9843566142e-1,1.3087421238e-1,3.6445457809e-1,6.249989994192457e-1,-6.636163073451165e-2,5.2959000889e1,5.921e-1
552.000000,2.0852431814e-1,1.2433514069e-1,2.3886668223e-1,9.0352464575e-3,6.6923660974e-1,6.249989986337716e-1,-6.636162875098663e-2,8.8215279832e1,4.554e-1
553.000000,9.5161306415e-2,2.6585466238e-1,9.1059073490e-3,5.9993158789e-1,2.7994452127e-1,6.249989926508290e-1,-6.636162811611529e-2,5.5682846771e1,3.074e-1
554.000000,4.0375156223e-2,1.6743941627e-1,2.3362849276e-1,7.8050588061e-2,7.3050431668e-1,6.249989849944105e-1,-6.636162364296752e-2,9.8226265706e1,6.343e-1
555.000000,4.1968818113e-2,3.8601887346e-1,3.4743099042e-2,3.6371847916e-1,4.2354868512e-1,6.249989774485631e-1,-6.636162733578763e-2,6.6924189977e1,6.384e-1
556.000000,9.5771325225e-2,1.4724300003e-1,7.6941428083e-1,2.2684973588e-1,1.0719604839e-2,6.249989734049193e-1,-6.636162633195547e-2,1.5128986877e1,8.113e-1
557.000000,1.3801409015e-1,2.5262162734e-1,3.8218598710e-2,2.1446312908e-1,6.0668051701e-1,6.249989811437187e-1,-6.636162871699175e-2,8.5397925398e1,7.787e-1
558.000000,2.7157788421e-1,2.6706800188e-1,1.1488697105e-2,3.0780933867e-1,3.9205402948e-1,6.249989756705785e-1,-6.636162963861209e-2,6.0794649133e1,6.139e-1
559.000000,4.3334082159e-1,5.2873766490e-2,9.0278801313e-3,8.2538993716e-2,6.7221649353e-1,6.249989777266537e-1,-6.636162983699467e-2,8.9079599955e1,7.088e-1
560.000000,3.5670789555e-1,1.6789841989e-1,1.4027492661e-1,5.6524570066e-1,1.9871007206e-2,6.249989749622258e-1,-6.636163048546573e-2,2.2267701544e1,6.860e-1
561.000000,4.0354483973e-1,1.6233761099e-1,3.2604937530e-1,1.2774346999e-1,2.3032264381e-1,6.249989699094265e-1,-6.636163016451541e-2,3.6703932091e1,6.079e-1
562.000000,6.9442611267e-1,3.4040714552e-2,2.8586735086e-2,4.7889781715e-2,4.4505459954e-1,6.249989717834981e-1,-6.636163036695371e-2,5.9143450122e1,8.317e-1
563.000000,4.4852754674e-1,2.9494921739e-1,8.0930972638e-3,1.1974547074e-1,3.7868260869e-1,6.249989704091722e-1,-6.636163105295097e-2,5.3182135962e1,6.677e-1
564.000000,1.5600669945e-1,2.5235397512e-1,3.6129345897e-1,1.8958213635e-1,2.9076166965e-1,6.249989697724291e-1,-6.636163100296578e-2,4.6757181051e1,3.890e-1
565.000000,8.2702975077e-2,5.3595169290e-1,3.0537746208e-1,2.9525429532e-1,3.0711509787e-2,6.249989675814467e-1,-6.636162913663991e-2,1.6935485273e1,6.808e-1
566.000000,2.5740046672e-1,2.5212415529e-1,3.8476863732e-1,1.8659827338e-1,1.6910640409e-1,6.249989683975788e-1,-6.636163110044264e-2,3.1327862114e1,4.464e-1
567.000000,6.5830691958e-1,1.9055118571e-1,8.9973539932e-3,9.2571304722e-2,2.9957117245e-1,6.249989682266817e-1,-6.636163181081686e-2,4.2089626487e1,7.447e-1
568.000000,6.8422264034e-1,1.8420913520e-1,1.8729135027e-1,3.1501068590e-2,1.6277374118e-1,6.249989677898559e-1,-6.636163158089525e-2,2.4051933459e1,8.013e-1
569.000000,4.4264692862e-1,2.0765075516e-1,3.3659004580e-1,1.1695664679e-1,1.4615355847e-1,6.249989674214484e-1,-6.636163152311572e-2,2.5779613522e1,6.496e-1
570.000000,3.5228847968e-1,2.2550750088e-1,1.6381346190e-2,5.6609453033e-1,8.9726083066e-2,6.249989700776268e-1,-6.636162560706929e-2,3.0358173614e1,5.052e-1
571.000000,1.9353716242e-1,2.6455345928e-1,3.2915526874e-1,1.7980690217e-1,2.8294513712e-1,6.249989648651986e-1,-6.636163568163261e-2,4.5229916071e1,4.279e-1
572.000000,1.1242139871e-1,6.5075114197e-1,7.0711723005e-2,1.9545643275e-1,2.2065723373e-1,6.249989650826484e-1,-6.636163489494715e-2,3.6422138533e1,8.056e-1
573.000000,1.7987165210e-1,5.9305298048e-2,3.3052858610e-1,6.2300086054e-1,5.7291533907e-2,6.249989653502712e-1,-6.636162684446384e-2,3.0122118988e1,7.080e-1
574.000000,2.4004690706e-1,7.3033108525e-3,2.0705167020e-1,4.0252053135e-2,7.5534398701e-1,6.249989641301062e-1,-6.636163959782101e-2,9.9763139475e1,3.368e-1
575.000000,2.2966185710e-1,1.8566295069e-2,5.0993919217e-1,3.4538571440e-1,1.4644484372e-1,6.249989512303524e-1,-6.636164029392277e-2,3.4028759913e1,6.826e-1
576.000000,1.6858892332e-1,1.2770349261e-1,2.7526412548e-1,3.9319748307e-1,2.8524387874e-1,6.249989516086849e-1,-6.636164551642371e-2,5.1635350388e1,5.691e-1
577.000000,2.1924471558e-1,5.6167376588e-2,7.4573641987e-1,2.5742116758e-2,2.0310726095e-1,6.249989448690284e-1,-6.636164764124419e-2,3.3009325607e1,8.234e-1
578.000000,3.0291727691e-1,1.3679493478e-2,1.4275534126e-1,7.6901088788e-1,2.1634913421e-2,6.249989564765398e-1,-6.636164440011980e-2,2.8698477686e1,6.400e-1
579.000000,2.8188408968e-1,4.8661807547e-2,3.1291622439e-1,3.2840521187e-2,5.7369525054e-1,6.249989466742416e-1,-6.636165342766701e-2,7.7225484202e1,7.025e-1
580.000000,2.4684960008e-1,3.5348471975e-1,1.9132797388e-1,1.4941425335e-1,3.0892134093e-1,6.249989439962089e-1,-6.636165580392819e-2,4.6684205777e1,4.289e-1
581.000000,4.4443677280e-1,1.2474631409e-1,4.3178515789e-1,1.6668242803e-1,8.2347209820e-2,6.249989413154501e-1,-6.636165689381332e-2,1.9800272831e1,6.029e-1
582.000000,5.2591543112e-1,2.5962011264e-1,1.8436958510e-1,2.7539909987e-1,4.6936571975e-3,6.249989429652782e-1,-6.636165616392796e-2,1.1670713939e1,7.252e-1
583.000000,5.6224076977e-1,1.4498879001e-1,1.3894325538e-1,7.9703801768e-2,3.2412126753e-1,6.249989422320895e-1,-6.636165678122613e-2,4.5720687909e1,7.263e-1
584.000000,2.8176346552e-1,2.1932663340e-1,5.3944549518e-1,1.5141683207e-1,5.8045454180e-2,6.249989401761817e-1,-6.636165572099162e-2,1.7170255722e1,4.186e-1
585.000000,1.2750278398e-1,3.9583773055e-1,1.5705260130e-1,5.0061191442e-1,6.8992862538e-2,6.249989463910365e-1,-6.636165248186392e-2,2.6962515330e1,6.863e-1
586.000000,3.2501510385e-2,4.6560125980e-1,3.9466085952e-1,2.4410192755e-1,1.1313232603e-1,6.249989416418360e-1,-6.636165915924164e-2,2.6396939564e1,5.922e-1
587.000000,8.9091759537e-3,4.2116681236e-1,6.0844739238e-1,1.3438328776e-1,7.7091207421e-2,6.249989379364568e-1,-6.636166241433059e-2,1.9882307110e1,7.096e-1
588.000000,3.6364945617e-3,4.8642883758e-1,1.9644386651e-1,5.5868288995e-1,4.8057973967e-3,6.249989430022924e-1,-6.636165816737544e-2,2.1039221400e1,6.857e-1
589.000000,8.4024258350e-3,1.6655944504e-1,7.7802992848e-1,9.0684252294e-2,2.0632180213e-1,6.249989268911120e-1,-6.636166131561334e-2,3.5872646277e1,8.242e-1
590.000000,2.1296751847e-2,7.2938577671e-1,4.3163760586e-1,6.5367688097e-2,2.3100278342e-3,6.249989251710394e-1,-6.636166282261899e-2,7.3099703580e0,5.855e-1
591.000000,1.0437504433e-1,2.9016880458e-1,2.7862611027e-1,2.3624291090e-1,3.4058498170e-1,6.249989258874439e-1,-6.636166382144930e-2,5.4016184819e1,4.242e-1
592.000000,1.9053447767e-1,1.9947292307e-2,1.5290296232e-1,5.9815499532e-1,2.8845812297e-1,6.249989252934893e-1,-6.636166415139276e-2,5.7421985112e1,4.304e-1
593.000000,1.9574727525e-1,7.3044425079e-3,1.8466188796e-1,6.1346814029e-1,2.4881606755e-1,6.249989067826135e-1,-6.636166862854159e-2,5.3069214762e1,7.528e-1
594.000000,1.5884974795e-1,7.0194760887e-2,2.2497822913e-1,3.4658306008e-1,4.4939199853e-1,6.249988982868014e-1,-6.636164491457701e-2,7.0632473964e1,3.474e-1
595.000000,1.8608937316e-1,6.2429581255e-1,7.1333337605e-2,3.3175387619e-1,3.6525407291e-2,6.249989034015397e-1,-6.636164827586379e-2,1.7203679184e1,5.318e-1
596.000000,5.5016907757e-1,8.7648972597e-2,1.1026808847e-1,4.1218216343e-2,4.6069345225e-1,6.249989036170155e-1,-6.636164902414599e-2,6.1620272003e1,6.794e-1
597.000000,5.2155207552e-1,9.4597435211e-2,1.3282155333e-1,2.6108035406e-1,2.3994638517e-1,6.249989016454838e-1,-6.636164922297354e-2,4.0580251966e1,6.489e-1
598.000000,2.4601662622e-1,4.4601339782e-1,1.3716690620e-1,2.5185271046e-1,1.6894815924e-1,6.249988999722073e-1,-6.636164931320873e-2,3.1797021476e1,4.110e-1
599.000000,2.7737186025e-1,4.9137331678e-2,4.9422082223e-1,4.5572593310e-2,3.8369519078e-1,6.249988991244668e-1,-6.636164931259275e-2,5.4762034577e1,6.943e-1
600.000000,3.0454223230e-1,1.3604471173e-2,3.5217676532e-2,6.6471181220e-1,2.3192161069e-1,6.249989014518433e-1,-6.636165228153855e-2,5.1417965630e1,7.500e-1
601.000000,1.7141745502e-1,3.7177012288e-1,3.6681741916e-1,6.2029568170e-2,2.7796322136e-1,6.249988932945889e-1,-6.636164749868621e-2,4.1328026842e1,5.942e-1
602.000000,7.5002257668e-2,3.9657071558e-1,4.4698310666e-1,1.3906237183e-1,1.9237933896e-1,6.249988953459479e-1,-6.636164775811197e-2,3.3481058699e1,5.633e-1
603.000000,1.2648601738e-1,6.2516269635e-2,5.3412791816e-1,2.6710377103e-1,2.5976382482e-1,6.249989005095707e-1,-6.636164504401498e-2,4.6258389143e1,7.307e-1
604.000000,2.1183241793e-1,1.0309100058e-1,7.7665012159e-2,7.7848559503e-1,7.8923790834e-2,6.249989082655222e-1,-6.636166316847844e-2,3.5947202575e1,8.325e-1
605.000000,4.0589301169e-1,2.2579943513e-1,4.6850334593e-1,9.0942786954e-2,5.8859214117e-2,6.249988969078778e-1,-6.636163889076518e-2,1.4846720733e1,6.463e-1
606.000000,8.2031628879e-1,8.0176999997e-3,5.5531554331e-2,3.5996998010e-1,6.1622746752e-3,6.249988989466504e-1,-6.636163899933520e-2,1.3178256501e1,5.180e-1
607.000000,4.8169511852e-1,2.3321966382e-1,3.3110050783e-1,1.5156289369e-1,5.2419611167e-2,6.249988975106907e-1,-6.636163876203843e-2,1.4915813777e1,5.690e-1
608.000000,2.5259512484e-1,1.1782914148e-1,1.6574039887e-1,5.9633808471e-1,1.1749504381e-1,6.249988968488871e-1,-6.636164662258157e-2,3.5810063354e1,5.670e-1
609.000000,1.7074686513e-1,7.6342103680e-2,4.4738291492e-1,1.9146155549e-1,3.6406434916e-1,6.249988941908597e-1,-6.636163273746226e-2,5.6544127427e1,5.118e-1
610.000000,6.4587885825e-2,5.1006623699e-1,3.5625976246e-3,1.1371975650e-1,5.5806131738e-1,6.249988971589302e-1,-6.636163156875710e-2,7.6151808031e1,7.367e-1
611.000000,2.7474420534e-2,3.0939844696e-1,5.1267932095e-2,2.5072762859e-1,6.1112935941e-1,6.249988937936037e-1,-6.636163108813581e-2,8.7290519680e1,7.730e-1
612.000000,4.2720791124e-2,1.0218539896e-1,3.1398970596e-1,2.9359221140e-1,4.9750966135e-1,6.249988843986233e-1,-6.636163111374629e-2,7.5813836259e1,7.004e-1
613.000000,6.9602396654e-2,4.5725547793e-1,2.7449631213e-1,4.4343053628e-3,4.4420926811e-1,6.249988800918248e-1,-6.636163588408613e-2,6.0145966741e1,2.484e-1
614.000000,2.7375914143e-1,2.8001281565e-1,8.7099809994e-2,5.3347846757e-1,7.5647527287e-2,6.249988809606768e-1,-6.636163740419251e-2,2.8147898137e1,5.168e-1
615.000000,4.5566170257e-1,3.9973185538e-5,2.9978430474e-2,1.5516161232e-1,6.0915603719e-1,6.249988778662745e-1,-6.636163246618594e-2,8.3404882595e1,6.670e-1
616.000000,3.3296129773e-1,5.9338936970e-2,5.4866194615e-1,7.2528818402e-2,2.3650674491e-1,6.249988720838595e-1,-6.636163304658085e-2,3.7268239630e1,5.727e-1
617.000000,2.0627993538e-1,8.3533759694e-2,6.5446474042e-2,8.1756120832e-1,7.7176380338e-2,6.249988788901508e-1,-6.636164968226484e-2,3.6834314629e1,4.534e-1
618.000000,1.2435209195e-1,6.9632389648e-2,5.3390203529e-1,5.0022113982e-1,2.1890093437e-2,6.249988750743957e-1,-6.636163067120088e-2,2.3281665542e1,7.064e-1
619.000000,9.6396067493e-2,2.0751910643e-1,2.4945431790e-1,1.1521442638e-1,5.8141382724e-1,6.249988727219152e-1,-6.636162450377675e-2,8.0566702320e1,3.853e-1
620.000000,2.4756611424e-1,6.0733761379e-1,3.6545446872e-3,3.8682674972e-1,4.6127205975e-3,6.249988715142294e-1,-6.636162682927203e-2,1.4336578870e1,6.848e-1
621.000000,5.7923428463e-1,8.4509319510e-3,1.2407900092e-1,9.5875755570e-2,4.4235776724e-1,6.249988701564485e-1,-6.636162674880672e-2,6.0988969399e1,6.620e-1
622.000000,3.7545011408e-1,2.9742584940e-1,3.9660903626e-2,2.5158493388e-1,2.8587593676e-1,6.249988688764646e-1,-6.636162687191546e-2,4.5742701774e1,5.305e-1
623.000000,1.1030908280e-1,3.0777683544e-1,1.1944594827e-1,6.5537954064e-1,5.7086334833e-2,6.249988709966587e-1,-6.636163032556099e-2,2.9905471958e1,7.136e-1
624.000000,6.0335422157e-2,9.3509393422e-2,3.6032087250e-1,1.0948295125e-2,7.2488374974e-1,6.249988664727455e-1,-6.636162272875921e-2,9.6235218889e1,5.763e-1
625.000000,4.2379213800e-2,1.0874417838e-1,2.6441903234e-1,1.9050093761e-1,6.4395437286e-1,6.249988674979639e-1,-6.636161641843093e-2,9.0876219952e1,5.296e-1
626.000000,1.6251260740e-2,8.8233605409e-1,4.5153526754e-2,3.0783229548e-2,2.7547364028e-1,6.249988557053472e-1,-6.636161679720021e-2,3.8379715254e1,2.960e-1
627.000000,2.1352721140e-2,1.3540888704e-1,1.4409147769e-1,5.6211493501e-1,3.8702970064e-1,6.249988607607153e-1,-6.636161567788376e-2,6.8961705559e1,6.152e-1
628.000000,4.0822527842e-2,2.2957942322e-1,3.0595715521e-1,2.0807344303e-1,4.6556515202e-1,6.249988506610817e-1,-6.636161046632803e-2,6.9177916988e1,6.807e-1
629.000000,1.2143189998e-1,3.7936180118e-1,1.8267909185e-2,5.4505442573e-1,1.8588165273e-1,6.249988443989387e-1,-6.636161170564013e-2,4.2200175999e1,5.926e-1
630.000000,2.7993129818e-1,2.8278816530e-1,2.6691524974e-1,3.5513003109e-1,6.5232936117e-2,6.249988402102213e-1,-6.636160643178886e-2,2.2554840795e1,4.602e-1
631.000000,7.3478916860e-1,1.3357118125e-1,3.2403622847e-1,9.8463281395e-3,4.7754772988e-2,6.249988397211949e-1,-6.636160515563005e-2,9.6545202175e0,3.436e-1
632.000000,7.5079344335e-1,1.8899017574e-1,6.3831127846e-2,6.2646017241e-2,1.8373691573e-1,6.249988399540433e-1,-6.636160511868752e-2,2.6787023861e1,4.150e-1
633.000000,2.0075451368e-1,4.7280421839e-1,2.1468253318e-1,2.5229616290e-1,1.0946025030e-1,6.249988392246693e-1,-6.636160384477084e-2,2.4847835210e1,6.630e-1
634.000000,9.4141234772e-2,1.2893600300e-1,1.4602103621e-1,7.2066515543e-1,1.6023424674e-1,6.249988380710201e-1,-6.636161672292891e-2,4.5044379469e1,3.173e-1
635.000000,4.2808314922e-2,2.2694983678e-1,2.8047256066e-1,3.2222788028e-1,3.7753906898e-1,6.249988308084107e-1,-6.636159862259276e-2,6.1355377314e1,5.702e-1
636.000000,1.0908810847e-2,7.0476279949e-1,8.1004051211e-2,3.9051863857e-1,6.2803362151e-2,6.249988311320314e-1,-6.636160111714832e-2,2.2598439204e1,4.040e-1
637.000000,7.6953902339e-3,1.4299915892e-1,3.3384850504e-1,4.4872574288e-1,3.1672886891e-1,6.249988329919742e-1,-6.636160199471891e-2,5.7861153046e1,3.281e-1
638.000000,9.0484620443e-3,8.5524169872e-3,4.6706017313e-1,5.4136839602e-1,2.2396820285e-1,6.249988255138170e-1,-6.636160785720523e-2,4.9749829088e1,7.199e-1
639.000000,8.5908415304e-3,6.5174096080e-2,6.7896541665e-1,3.5540793075e-1,1.4185934475e-1,6.249988148804397e-1,-6.636159630431872e-2,3.5097416858e1,8.139e-1
640.000000,1.3942420796e-2,5.0271045963e-1,1.2045865319e-2,6.8002607686e-1,4.1272817690e-2,6.249988201449049e-1,-6.636160069686889e-2,2.8152514176e1,6.450e-1
641.000000,3.6770845593e-2,9.5909006280e-2,4.6861171100e-1,5.0491797649e-1,1.4378810484e-1,6.249988221012084e-1,-6.636159450522319e-2,3.8521349791e1,6.141e-1
642.000000,6.6790054939e-2,3.3384652235e-1,4.7602010716e-1,1.3811193324e-1,2.3522900103e-1,6.249988093615582e-1,-6.636158098143434e-2,3.9038142925e1,6.899e-1
643.000000,2.6595401725e-1,4.1608607726e-1,1.7522848304e-1,1.1286944921e-1,2.7985959113e-1,6.249988089432579e-1,-6.636158145582531e-2,4.1800827067e1,4.998e-1
644.000000,5.2411357294e-1,3.5364765321e-2,3.6007145224e-1,4.4705572201e-2,2.8574225120e-1,6.249988069545409e-1,-6.636158167539842e-2,4.1218944400e1,7.166e-1
645.000000,4.4476896165e-1,2.2030262502e-1,3.6559129220e-1,9.9989393725e-3,2.0933579650e-1,6.249988073704188e-1,-6.636158220788958e-2,3.0702668081e1,6.578e-1
646.000000,5.4663765154e-1,5.8330131133e-2,2.0558453895e-1,3.2944874018e-1,1.0999655386e-1,6.249988078336113e-1,-6.636158165065445e-2,2.6656573979e1,6.280e-1
647.000000,3.9411242889e-1,3.4884247830e-1,3.5517270198e-1,7.0247974927e-2,8.1622028755e-2,6.249988064279073e-1,-6.636158131944560e-2,1.6431677665e1,4.914e-1
648.000000,6.6885855502e-1,9.9943235823e-2,1.0301849963e-1,2.0285729343e-1,1.7532003138e-1,6.249988076398909e-1,-6.636158181018192e-2,3.0290861152e1,3.979e-1
649.000000,5.4840865864e-1,3.1997555985e-1,1.0081731449e-1,1.6992720289e-1,1.1086887794e-1,6.249988069011310e-1,-6.636158173185507e-2,2.1349580834e1,3.318e-1
650.000000,1.4850667509e-1,2.5689335419e-1,6.0554573957e-1,1.4163403579e-1,9.7417805555e-2,6.249988050995887e-1,-6.636158216394047e-2,2.2434174219e1,3.501e-1
651.000000,1.0000203226e-1,8.3817930876e-2,8.2244953778e-2,1.2183981115e-1,8.6209289294e-1,6.249988105029070e-1,-6.636157679721784e-2,1.1512236076e2,8.040e-1
652.000000,1.0428161133e-1,1.1474442580e-2,3.6175665897e-1,1.8540345177e-1,5.8708143310e-1,6.249987988789709e-1,-6.636157924443652e-2,8.4048476856e1,6.438e-1
653.000000,1.1286687560e-1,8.7140862498e-4,4.8628887428e-1,3.9747496319e-2,6.1022290936e-1,6.249987820941902e-1,-6.636157214290531e-2,8.3328939530e1,6.683e-1
654.000000,9.2856085132e-2,6.3865225437e-2,3.7847069459e-1,1.8718271300e-1,5.2762282588e-1,6.249987720221346e-1,-6.636156100665688e-2,7.6727492579e1,6.229e-1
655.000000,6.6205554032e-2,5.5206998145e-1,5.5149131610e-1,2.6846388558e-2,5.3384305996e-2,6.249987730682534e-1,-6.636155915965242e-2,1.3241448870e1,6.105e-1
656.000000,2.1042010768e-1,3.1093583269e-1,3.4649426162e-1,2.4182730143e-1,1.4032004074e-1,6.249987720814412e-1,-6.636155966014969e-2,2.9198474672e1,5.774e-1
657.000000,3.4514994522e-1,5.3091780877e-3,4.4936486080e-1,3.0965670251e-1,1.4051685637e-1,6.249987714957621e-1,-6.636155858424166e-2,3.1673284311e1,5.790e-1
658.000000,2.7447849524e-1,3.3451040592e-2,8.9189378988e-1,2.4989572024e-2,2.5184640825e-2,6.249987692775572e-1,-6.636155678336911e-2,1.1362591978e1,5.058e-1
659.000000,1.7994417891e-1,1.1725521610e-1,5.0039169872e-1,2.7505454625e-1,1.7735188476e-1,6.249987623685904e-1,-6.636155378045525e-2,3.5830402840e1,4.782e-1
660.000000,1.1679349201e-1,5.2255028193e-1,1.0935212982e-1,2.6442825121e-1,2.3687337519e-1,6.249987650785508e-1,-6.636155378452419e-2,4.0759810411e1,6.688e-1
661.000000,1.5309419388e-1,9.8892418792e-2,1.9710786746e-1,4.6079632402e-1,3.4010673247e-1,6.249987683134850e-1,-6.636155624672269e-2,6.0130339000e1,5.830e-1
662.000000,1.5038736923e-1,6.9403246132e-1,1.6600547095e-2,3.0050789404e-1,8.8469249918e-2,6.249987608057372e-1,-6.636155023016693e-2,2.2536379583e1,5.051e-1
663.000000,3.7830519772e-1,1.0490722753e-1,7.9088505159e-2,1.6078913256e-1,5.2690746491e-1,6.249987639434682e-1,-6.636154908818272e-2,7.3621082846e1,5.632e-1
664.000000,4.6664473363e-1,1.8048739366e-2,8.1335873720e-2,4.6873226433e-2,6.3709495320e-1,6.249987631755800e-1,-6.636154826503413e-2,8.3968204091e1,7.075e-1
665.000000,2.2860842595e-1,5.1118844493e-1,1.4207975200e-1,8.5660294271e-2,2.8246059410e-1,6.249987556246546e-1,-6.636154846336911e-2,4.1169404581e1,5.289e-1
666.000000,1.7631163677e-1,1.0807849025e-1,4.2481140577e-1,2.4876282702e-1,2.9203314999e-1,6.249987548993974e-1,-6.636154926028710e-2,4.9043457708e1,6.500e-1
667.000000,2.1729769945e-1,3.1005971417e-3,2.7633689101e-1,5.5156673564e-1,2.0169559358e-1,6.249987584133357e-1,-6.636155787082304e-2,4.5792716691e1,6.021e-1
668.000000,1.7541427884e-1,1.1251832274e-1,2.4088985372e-1,5.1203781302e-1,2.0913726605e-1,6.249987671816790e-1,-6.636154810005279e-2,4.5394642685e1,4.864e-1
669.000000,6.1652631411e-2,4.6607743874e-1,9.2061084955e-3,5.2493678952e-1,1.8812455398e-1,6.249987610681076e-1,-6.636154355126675e-2,4.1914550235e1,6.826e-1
670.000000,2.2144331515e-2,3.3939631894e-1,2.3654495951e-1,3.7403709570e-1,2.7787479823e-1,6.249987519505064e-1,-6.636153665877234e-2,5.0119385715e1,5.859e-1
671.000000,3.3814380918e-2,3.1269044254e-1,1.2585538920e-1,1.5919627358e-1,6.1844101706e-1,6.249987516490187e-1,-6.636153005827815e-2,8.5903862127e1,3.550e-1
672.000000,7.8505030177e-2,8.8335324664e-2,1.0237500561e0,2.8282754071e-2,3.1124311250e-2,6.249987381093391e-1,-6.636152954861735e-2,1.3294883583e1,1.006e0
673.000000,1.6182988748e-1,2.3051778576e-1,1.3204980781e-2,2.1147505202e-1,6.3296978461e-1,6.249987453265400e-1,-6.636152380506012e-2,8.8434924456e1,3.900e-1
674.000000,3.0993509697e-1,4.9980930531e-2,2.5692146201e-1,3.9290559891e-1,2.4025438034e-1,6.249987343859138e-1,-6.636152364475842e-2,4.5635840954e1,4.766e-1
675.000000,3.9349057088e-1,8.5114185231e-2,3.1733671552e-1,3.4528788744e-1,1.0876811777e-1,6.249987384222701e-1,-6.636152444679211e-2,2.7877198853e1,3.945e-1
676.000000,4.2119116530e-1,5.8506185747e-2,1.4869583017e-1,4.0815615150e-1,2.1344813988e-1,6.249987362990433e-1,-6.636152598242906e-2,4.1899533348e1,4.618e-1
677.000000,2.9149616493e-1,1.6139194999e-1,6.8109275584e-1,1.4505765440e-2,1.0151082965e-1,6.249987329220374e-1,-6.636152500806375e-2,1.9374844719e1,7.950e-1
678.000000,3.7877505919e-1,1.8674124028e-2,1.5120293082e-1,2.0510659955e-1,4.9623875523e-1,6.249987344082958e-1,-6.636152248495333e-2,7.1518331079e1,5.693e-1
679.000000,2.9931638005e-1,1.0322570434e-1,4.2965559429e-1,3.8877798622e-1,2.9021797729e-2,6.249987313139848e-1,-6.636152365296252e-2,1.9949040021e1,6.225e-1
680.000000,2.8132313545e-1,2.6962475321e-2,1.1625495651e-1,7.9792474797e-1,2.7532153229e-2,6.249987342393815e-1,-6.636154428136812e-2,3.0182333719e1,5.299e-1
681.000000,1.7353438607e-1,2.0626546924e-1,2.1295968234e-1,3.5784971936e-1,2.9938819426e-1,6.249987256318370e-1,-6.636151926786907e-2,5.1975855474e1,4.106e-1
682.000000,5.0141845840e-2,7.3727560009e-1,1.2418633852e-1,2.7984966835e-1,5.8543993340e-2,6.249987230753625e-1,-6.636151983193750e-2,1.8941933366e1,5.014e-1
683.000000,4.7446358658e-2,1.9687121482e-1,1.7750651789e-1,5.0012417723e-1,3.2804917953e-1,6.249987240630088e-1,-6.636152142085033e-2,5.9831786403e1,5.343e-1
684.000000,4.7092938702e-2,5.0370664897e-1,2.0751617279e-2,5.9470721011e-1,8.3739012569e-2,6.249987138171019e-1,-6.636152552828822e-2,3.0946197038e1,7.083e-1
685.000000,8.9761910958e-2,9.2552373587e-2,7.0182720871e-1,1.0895925408e-1,2.5689665977e-1,6.249987035530745e-1,-6.636151077540856e-2,4.2214071953e1,4.985e-1
686.000000,9.9251270978e-2,1.3180853674e-1,4.3046477835e-1,4.2640772524e-1,1.6206509455e-1,6.249987029271092e-1,-6.636151108402287e-2,3.8146340245e1,5.701e-1
687.000000,1.0993658937e-1,6.6286071695e-1,1.2118753848e-1,1.7848756594e-1,1.7752500616e-1,6.249987084525241e-1,-6.636150155555509e-2,3.0784992935e1,4.443e-1
688.000000,3.8321396689e-1,1.9991893831e-1,1.1562608980e-1,5.2050418343e-1,3.0734241184e-2,6.249987098083035e-1,-6.636150769898728e-2,2.2106570320e1,6.635e-1
689.000000,5.1695421550e-1,1.4608419119e-2,5.1735782154e-1,2.4116321664e-2,1.7696062872e-1,6.249987032698106e-1,-6.636150031684124e-2,2.7849239287e1,7.186e-1
690.000000,2.9895657108e-1,2.7280874503e-1,1.1788073227e-1,2.5504742782e-1,3.0530393383e-1,6.249987050129261e-1,-6.636149837291658e-2,4.8878562855e1,5.208e-1
691.000000,3.4992050439e-1,5.4589059889e-1,1.5988164395e-1,1.8223748298e-1,1.2067175687e-2,6.249987029503558e-1,-6.636149814183451e-2,9.9219925450e0,4.733e-1
692.000000,6.8913048379e-1,5.1792556008e-3,1.1503864805e-1,4.8648759723e-2,3.9200026022e-1,6.249987036919480e-1,-6.636149866371706e-2,5.3008026557e1,4.592e-1
693.000000,3.6720638347e-1,4.9324162515e-1,1.7655028921e-1,2.3648744771e-2,1.8935036027e-1,6.249987014396782e-1,-6.636149868626691e-2,2.7576094703e1,6.996e-1
694.000000,1.7447518898e-1,3.0049416026e-1,2.6878377963e-1,2.9445434237e-1,2.1178993917e-1,6.249987052105328e-1,-6.636149877686745e-2,3.9370147322e1,4.768e-1
695.000000,3.6784549176e-1,1.8339867801e-1,2.0499632221e-1,6.5791276644e-2,4.2796563599e-1,6.249987023073840e-1,-6.636149640693353e-2,5.9075612939e1,3.830e-1
696.000000,7.4982628578e-1,6.3145282977e-2,1.3609696854e-1,2.6057737676e-1,4.0351491891e-2,6.249987029749756e-1,-6.636149630368368e-2,1.5093446476e1,1.520e-1
697.000000,5.7417524541e-1,2.6272687246e-1,9.9057486652e-2,2.9576004668e-1,1.8277755101e-2,6.249987031452511e-1,-6.636149595607210e-2,1.3408875407e1,5.038e-1
698.000000,1.5535588905e-1,4.1637658414e-1,6.2850618247e-1,1.4121830998e-2,3.5636916993e-2,6.249987018239999e-1,-6.636149690987325e-2,1.0951904540e1,1.807e-1
699.000000,1.7809532010e-1,9.4108744949e-2,1.1557633339e-1,8.5000815630e-1,1.2208858465e-2,6.249987066016179e-1,-6.636150522775053e-2,2.9964870702e1,9.174e-1
700.000000,2.2974485325e-1,1.4826831761e-2,2.3694973925e-2,3.0697415920e-1,6.7475656705e-1,6.249986925911827e-1,-6.636148805116418e-2,9.6526099559e1,5.540e-1
701.000000,2.0158254855e-1,2.9678494261e-2,3.7170170330e-1,4.3490507710e-2,6.0354410998e-1,6.249986819012667e-1,-6.636148774432343e-2,8.1779104214e1,6.066e-1
702.000000,8.5609375466e-2,6.3278830826e-1,9.6101926190e-2,2.1122016174e-1,2.2427758936e-1,6.249986805054990e-1,-6.636149144501188e-2,3.7543773327e1,7.632e-1
703.000000,3.6841638097e-2,1.5415030028e-1,5.1827172168e-1,2.9877313552e-1,2.4196056687e-1,6.249986812250705e-1,-6.636148840183953e-2,4.5004588089e1,4.517e-1
704.000000,3.5722770949e-2,5.7843989926e-2,4.8312062795e-2,3.0104814896e-1,8.0707038668e-1,6.249986796537234e-1,-6.636148078379210e-2,1.1345859613e2,7.954e-1
705.000000,2.7945891788e-2,3.5501633824e-1,7.2034282955e-1,4.0144098902e-3,1.4267785615e-1,6.249986628135682e-1,-6.636148240473393e-2,2.4877974963e1,3.812e-1
706.000000,6.4023470836e-2,3.9906572847e-1,5.3525735365e-1,1.2653182075e-1,1.2511895010e-1,6.249986619007584e-1,-6.636148336681999e-2,2.5176445898e1,5.367e-1
707.000000,1.1718073624e-1,6.7083815145e-2,4.3159043764e-2,6.8163040160e-1,3.4094333370e-1,6.249986652238025e-1,-6.636148545444659e-2,6.5990949913e1,2.076e-1
708.000000,1.5581125785e-1,9.7420282740e-2,2.7394787375e-1,6.4580633405e-1,7.7011576554e-2,6.249986624704709e-1,-6.636147651832928e-2,3.2987613673e1,5.157e-1
709.000000,3.4358505825e-1,3.5979052449e-1,2.0034804014e-1,3.1714377987e-2,3.1455930286e-1,6.249986518676260e-1,-6.636147800517860e-2,4.3772608761e1,3.523e-1
710.000000,9.2785348029e-1,7.4195260660e-2,1.0133784556e-1,3.4554818730e-2,1.1205589790e-1,6.249986515705214e-1,-6.636147788229452e-2,1.6871929157e1,1.987e-1
711.000000,6.0262150950e-1,5.1754120969e-1,4.6971744699e-2,1.9880227218e-3,8.0874816653e-2,6.249986516344117e-1,-6.636147795254491e-2,1.2127760390e1,2.026e-1
712.000000,1.5972431695e-1,2.3881389706e-1,2.9466496406e-1,4.1779446663e-1,1.3899966052e-1,6.249986526063858e-1,-6.636148306152950e-2,3.4076189143e1,2.955e-1
713.000000,1.1670234504e-1,7.1513255051e-2,2.5775302062e-1,6.6446644171e-1,1.3956226970e-1,6.249986660617167e-1,-6.636148539258682e-2,4.1390298504e1,8.133e-1
714.000000,1.6922793222e-1,1.7031255725e-1,4.3802083863e-1,3.5361655840e-2,4.3707431975e-1,6.249986518482957e-1,-6.636147073568208e-2,6.1006491704e1,6.214e-1
715.000000,4.1111421996e-1,1.4993664548e-1,8.0820543768e-4,5.4708683201e-1,1.4105139834e-1,6.249986506168257e-1,-6.636147421458329e-2,3.6073253656e1,5.644e-1
716.000000,5.3520489093e-1,2.2531809327e-2,2.0938025831e-2,1.8590762147e-1,4.8541494756e-1,6.249986475559577e-1,-6.636146337458440e-2,6.8562327445e1,6.699e-1
717.000000,2.5937751927e-1,3.9633052663e-1,8.2532676000e-2,1.4651250584e-1,3.6524406215e-1,6.249986449467848e-1,-6.636146305877924e-2,5.3022251363e1,5.634e-1
718.000000,8.0891958848e-2,3.4246409366e-1,1.8465269632e-1,5.7173965557e-1,7.0248890157e-2,6.249986472759125e-1,-6.636147292194558e-2,2.9490122656e1,3.995e-1
719.000000,1.1074134881e-1,1.9561080049e-1,5.6402088395e-1,1.8396234724e-1,1.9566189542e-1,6.249986379571512e-1,-6.636146188067893e-2,3.5890277073e1,6.581e-1
720.000000,3.2198173496e-1,2.4964372407e-1,5.3726642419e-2,5.9062618750e-1,3.4018989741e-2,6.249986393465391e-1,-6.636146999198214e-2,2.4344560142e1,7.683e-1
721.000000,6.0330326371e-1,1.3039183070e-2,1.2613463872e-3,3.9397895216e-1,2.3841452507e-1,6.249986352009483e-1,-6.636145687150712e-2,4.3462206447e1,6.182e-1
722.000000,3.9559670882e-1,2.1362167345e-1,7.0239960765e-3,2.0305722391e-1,4.3069766519e-1,6.249986337202665e-1,-6.636145130961654e-2,6.2308365979e1,6.553e-1
723.000000,1.5323975814e-1,2.9870329660e-1,5.1481083002e-1,1.0405191163e-1,1.7919146117e-1,6.249986287831539e-1,-6.636145105118979e-2,3.1058681314e1,7.005e-1
724.000000,1.0276814996e-1,3.9784659991e-1,8.3291659290e-2,2.6740290080e-1,3.9868795104e-1,6.249986304990796e-1,-6.636144928389034e-2,6.1102361107e1,5.626e-1
725.000000,1.8538953178e-1,1.9790124349e-2,3.3197516080e-1,3.0220900423e-1,4.1063343617e-1,6.249986286682979e-1,-6.636145111471808e-2,6.5019844267e1,6.403e-1
726.000000,1.9381043701e-1,4.6402386019e-3,2.3236410094e-1,3.3867192819e-1,4.8051055788e-1,6.249986313055940e-1,-6.636144661538837e-2,7.4307951613e1,4.551e-1
727.000000,1.5928685368e-1,1.4374407780e-2,2.5571410969e-1,3.0199734296e-1,5.1862455549e-1,6.249986348018579e-1,-6.636144481906286e-2,7.8201963198e1,5.178e-1
728.000000,1.3010326566e-1,9.2030287966e-3,3.5064455167e-1,3.1438656010e-1,4.4565984670e-1,6.249986264622722e-1,-6.636144443120090e-2,6.9993444404e1,4.390e-1
729.000000,1.0037888384e-1,6.6860316281e-2,2.1784476353e-1,3.1649698157e-1,5.4841631471e-1,6.249986299629788e-1,-6.636143849255070e-2,8.2251859876e1,7.365e-1
730.000000,5.5011614581e-2,8.4484882955e-1,1.0953693252e-1,4.7484812711e-2,1.9311504573e-1,6.249986175467376e-1,-6.636143851398388e-2,2.8831738787e1,8.138e-1
731.000000,1.2508550917e-1,2.6021081797e-1,3.5619818719e-1,9.2225861729e-2,4.1627685787e-1,6.249986169661150e-1,-6.636143901076411e-2,5.9667215271e1,5.764e-1
732.000000,2.7678794263e-1,2.6609136826e-1,2.3897266056e-1,1.6069671181e-1,3.0744854164e-1,6.249986124472470e-1,-6.636144048511573e-2,4.7078066100e1,3.212e-1
733.000000,6.0760051094e-1,2.3016559366e-1,5.1213608275e-2,2.3845379329e-1,1.2256371916e-1,6.249986126652416e-1,-6.636144074934486e-2,2.4492517747e1,3.168e-1
734.000000,7.2760745589e-1,1.4673116732e-1,3.1983888216e-1,5.1353285926e-2,4.4664330241e-3,6.249986121605777e-1,-6.636144070443992e-2,5.4309856966e0,5.205e-1
735.000000,3.2756254554e-1,3.4034739640e-1,4.7671161120e-1,4.8827689729e-2,5.6547981189e-2,6.249986120314185e-1,-6.636144048608338e-2,1.3458796619e1,2.783e-1
736.000000,3.4593501193e-1,6.9425201751e-2,2.1238112341e-1,4.1973068769e-1,2.0252519212e-1,6.249986084504647e-1,-6.636144168470182e-2,4.1365473494e1,4.500e-1
737.000000,1.7224092639e-1,5.8909399459e-1,2.9549159213e-2,2.5469250853e-3,4.5656621694e-1,6.249986111110384e-1,-6.636144293319726e-2,6.0022679098e1,7.665e-1
738.000000,1.4612107783e-1,2.1241911228e-1,4.7939376296e-1,6.5952486901e-2,3.4611076648e-1,6.249986032266222e-1,-6.636144038808248e-2,5.0745706558e1,4.987e-1
739.000000,3.1759965165e-1,1.1985063989e-1,4.6042774108e-2,4.3353245424e-1,3.3297168790e-1,6.249986038877502e-1,-6.636144092301068e-2,5.7260257885e1,5.243e-1
740.000000,4.4177897156e-1,1.6013545649e-3,3.6450285046e-1,1.9493404526e-1,2.4717998395e-1,6.249986028922964e-1,-6.636144137650352e-2,4.1017042392e1,6.216e-1
741.000000,2.2940858815e-1,4.3308539656e-1,7.1664384170e-2,3.4630199940e-2,4.8120864096e-1,6.249986048875412e-1,-6.636144237013833e-2,6.4257062601e1,5.005e-1
742.000000,9.0711251400e-2,1.7164745185e-1,8.3878161897e-1,9.9317064514e-3,1.3892516993e-1,6.249985992965148e-1,-6.636144191117610e-2,2.5199139838e1,7.838e-1
743.000000,8.6874013978e-2,2.7285534867e-2,1.5346944185e-1,2.3840735698e-1,7.4396085544e-1,6.249986015607724e-1,-6.636142883587910e-2,1.0418178853e2,6.493e-1
744.000000,6.6397129012e-2,1.2752284542e-1,2.7049925452e-1,2.2699736826e-1,5.5858061798e-1,6.249986075966447e-1,-6.636143748013505e-2,8.1214473177e1,6.403e-1
745.000000,3.5718259815e-2,2.4199293662e-1,7.1330461655e-2,5.4754659963e-1,3.5340894028e-1,6.249985990018453e-1,-6.636143564021191e-2,6.3830324240e1,6.754e-1
746.000000,3.8401114719e-2,3.0545849901e-2,3.4010649623e-1,6.6907634970e-1,1.7186735941e-1,6.249985849774391e-1,-6.636145684265710e-2,4.6210609422e1,5.634e-1
747.000000,6.7172866543e-2,2.2875054233e-1,5.0342507400e-1,1.5827797291e-1,2.9237070050e-1,6.249985781455373e-1,-6.636142539336645e-2,4.7006832907e1,5.740e-1
748.000000,3.0955905709e-1,5.5702379258e-1,1.2522206019e-1,1.1912688650e-1,1.3906535840e-1,6.249985773781470e-1,-6.636142482488867e-2,2.3883029838e1,4.479e-1
749.000000,6.1362622107e-1,1.3834140921e-2,4.9199660633e-1,4.7036241413e-2,8.3503940486e-2,6.249985751108165e-1,-6.636142477999347e-2,1.6464118350e1,6.859e-1
750.000000,4.2147397245e-1,2.3104976546e-1,1.2346010070e-1,2.4253967416e-1,2.3147364334e-1,6.249985780577909e-1,-6.636142514355615e-2,3.9050413244e1,4.796e-1
751.000000,4.9520788024e-1,2.6975727204e-1,6.8747881390e-2,2.0515863289e-1,2.1112548719e-1,6.249985768748491e-1,-6.636142563703115e-2,3.4926240148e1,6.401e-1
752.000000,6.1240772889e-1,1.1222583330e-1,1.0149990707e-1,1.9784763632e-1,2.2601604641e-1,6.249985759925663e-1,-6.636142608438175e-2,3.6603833090e1,7.711e-1
753.000000,4.2195217314e-1,1.0191636641e-1,3.1586899308e-1,8.1589055257e-2,3.2867056073e-1,6.249985743111917e-1,-6.636142617180062e-2,4.7622442305e1,6.435e-1
754.000000,1.6908776482e-1,5.3228088003e-1,2.7595219379e-1,1.6109810615e-1,1.1157820189e-1,6.249985733379919e-1,-6.636142686996664e-2,2.2793872432e1,4.762e-1
755.000000,6.2050380526e-2,2.4930485540e-1,7.1808433291e-1,2.0058424563e-1,1.9973330204e-2,6.249985723349156e-1,-6.636142872381193e-2,1.5249591691e1,8.043e-1
756.000000,4.9306837504e-2,1.5466551939e-1,7.3086312102e-1,1.7275511830e-1,1.4240653377e-1,6.249985649957774e-1,-6.636142561366039e-2,2.9937089534e1,8.287e-1
757.000000,2.4059515087e-2,8.0080217827e-1,6.3877669058e-2,2.6945023364e-1,9.1807544387e-2,6.249985702204464e-1,-6.636142163998010e-2,2.2498428624e1,8.131e-1
758.000000,4.0668254002e-2,3.0215299877e-1,1.4903803640e-1,4.5226243592e-1,3.0587541276e-1,6.249985689265939e-1,-6.636142463779257e-2,5.5441395198e1,5.478e-1
759.000000,5.9868938933e-2,1.0283058461e-1,3.1463445909e-1,3.0408953075e-1,4.6857362599e-1,6.249985696845175e-1,-6.636141382256008e-2,7.2460960422e1,4.158e-1
760.000000,8.4336663347e-2,6.4516197211e-1,1.0473710511e-2,2.0744123246e-1,3.0258355683e-1,6.249985676308284e-1,-6.636141270229480e-2,4.6785096673e1,3.798e-1
761.000000,2.2194436952e-1,1.4645457732e-1,1.7290037834e-1,1.5332390943e-1,5.5537390716e-1,6.249985708824293e-1,-6.636141144930970e-2,7.7781309584e1,6.971e-1
762.000000,4.7607924252e-1,2.2801631181e-1,5.1489026218e-1,2.9649251010e-3,2.8046393791e-2,6.249985677060922e-1,-6.636141225943391e-2,8.4980103509e0,6.409e-1
763.000000,9.6088981189e-1,7.5034302120e-3,2.3483649795e-2,5.6378823359e-2,2.0174142144e-1,6.249985683493717e-1,-6.636141239121369e-2,2.8310345256e1,8.577e-1
764.000000,4.1845073151e-1,5.4768256367e-1,5.6960708765e-2,7.4904440214e-2,1.5199869243e-1,6.249985682963941e-1,-6.636141240424388e-2,2.3613050881e1,6.629e-1
765.000000,1.4171128506e-1,1.5178622789e-1,2.9468540576e-1,5.1589301211e-2,6.1022492248e-1,6.249985712024355e-1,-6.636141289619307e-2,8.2491559061e1,7.024e-1
766.000000,9.2069849794e-2,7.2526452446e-2,8.8144287862e-2,5.6209647319e-1,4.3516004593e-1,6.249985546103565e-1,-6.636140315923368e-2,7.4583815154e1,7.189e-1
767.000000,6.8725639624e-2,4.2070840763e-2,4.1746289734e-1,3.7715495206e-1,3.4458279404e-1,6.249985619154231e-1,-6.636140627823103e-2,5.9633763783e1,4.707e-1
768.000000,3.4990825028e-2,1.9683606490e-1,8.8423060412e-2,5.3585531121e-1,3.9389183720e-1,6.249985493782300e-1,-6.636140163745935e-2,6.8684077147e1,3.981e-1
769.000000,1.2543613594e-2,5.3800738949e-1,1.9597317255e-2,6.8373027412e-2,6.1147574914e-1,6.249985484431799e-1,-6.636140069978287e-2,8.1695897891e1,3.585e-1
770.000000,9.1948810353e-3,1.4296710909e-1,1.7586737068e-1,6.4618801632e-2,8.5734892915e-1,6.249985457907750e-1,-6.636140096939810e-2,1.1350593521e2,3.277e-1
771.000000,1.4065866622e-2,1.1346274809e-1,4.5752316172e-3,3.6263780386e-1,7.5525540017e-1,6.249985251799745e-1,-6.636139090278617e-2,1.0854766123e2,8.263e-2
772.000000,2.5761641331e-2,1.0320632559e-1,1.5939924402e-1,9.6060734349e-1,1.0224988819e-3,6.249985266549531e-1,-6.636139764376942e-2,3.2364802272e1,3.781e-1
773.000000,7.2721744657e-2,6.2757096674e-1,2.3079742094e-1,4.7249332023e-2,2.7165755666e-1,6.249985105086793e-1,-6.636139611697037e-2,3.9422028050e1,3.872e-1
774.000000,3.1121882762e-1,1.5483736023e-1,3.5756921623e-1,3.3012556733e-1,9.6246051310e-2,6.249985113553881e-1,-6.636139716375146e-2,2.6209350586e1,5.744e-1
775.000000,4.7229285931e-1,6.6327361630e-2,6.8017763514e-2,3.2036405934e-1,3.2299497744e-1,6.249985106136449e-1,-6.636139470074776e-2,5.2507950272e1,2.309e-1
776.000000,3.8795714588e-1,2.0151991974e-1,2.0223239794e-1,1.3437300959e-2,4.4485025595e-1,6.249985102322836e-1,-6.636139429318066e-2,5.9585703988e1,3.373e-1
777.000000,2.3377783766e-1,4.8348848400e-1,1.2036150338e-1,1.0889522889e-1,3.0347396605e-1,6.249985099921496e-1,-6.636139320479510e-2,4.4376072893e1,3.283e-1
778.000000,3.8415097751e-1,1.8501442790e-2,2.5870881588e-1,3.1111794135e-1,2.7751784532e-1,6.249985114225186e-1,-6.636139500190721e-2,4.7776807225e1,5.442e-1
779.000000,3.1518642076e-1,2.1562259529e-1,1.1713729063e-1,5.5487656677e-1,4.7174153432e-2,6.249985134430662e-1,-6.636139798222149e-2,2.5320278502e1,5.463e-1
780.000000,3.8151595628e-1,6.2618771106e-2,2.7632866482e-1,1.3185313020e-1,3.9768050289e-1,6.249985126455447e-1,-6.636139212843603e-2,5.7649029375e1,6.129e-1
781.000000,4.0727597147e-1,2.7141892429e-2,9.9331358693e-2,6.5030187715e-2,6.5121762553e-1,6.249985179227520e-1,-6.636139250787411e-2,8.6489394715e1,6.204e-1
782.000000,1.9954419135e-1,2.3249045289e-1,4.0273717881e-2,3.6034317637e-1,4.1734548480e-1,6.249985116453156e-1,-6.636139056751901e-2,6.5838146443e1,5.757e-1
783.000000,9.9426620299e-2,4.6870236940e-2,2.9814076472e-1,1.5078692460e-1,6.5477245509e-1,6.249985008238108e-1,-6.636138664123178e-2,9.1164635740e1,5.302e-1
784.000000,7.0574303335e-2,3.1065652432e-2,2.0011471349e-1,8.7203848714e-1,7.6203847047e-2,6.249985017246397e-1,-6.636141917486216e-2,3.9357660175e1,9.069e-1
785.000000,5.4277861032e-2,3.8886113060e-1,3.4625371150e-1,2.3269770374e-1,2.2790658834e-1,6.249984976051938e-1,-6.636137633520542e-2,4.0193260711e1,6.229e-1
786.000000,1.2657257458e-1,2.5793342501e-1,2.2871011226e-1,4.9305055717e-1,1.4373032579e-1,6.249984974052075e-1,-6.636137719711967e-2,3.6583933566e1,6.721e-1
787.000000,2.0868324428e-1,8.5960825403e-2,2.9743047410e-1,6.2412844436e-1,3.3794009297e-2,6.249984987257896e-1,-6.636137486672178e-2,2.6953450475e1,5.104e-1
788.000000,3.4201878273e-1,6.9738359420e-2,5.0077552325e-1,1.9416452777e-2,3.1804786470e-1,6.249984914395190e-1,-6.636138233172806e-2,4.5648143467e1,3.916e-1
789.000000,4.5376416292e-1,1.1302105215e-2,2.0321359542e-1,5.2937182833e-1,5.2345302145e-2,6.249984970130087e-1,-6.636137879797620e-2,2.5515292236e1,4.790e-1
790.000000,3.3378073170e-1,8.1674403856e-2,1.0885677550e-1,1.2470762431e-1,6.0097745186e-1,6.249984936121951e-1,-6.636138375044132e-2,8.2116851194e1,6.896e-1
791.000000,1.8731125761e-1,1.6434205687e-1,1.9193577127e-1,5.6179954965e-1,1.4460834368e-1,6.249984895443379e-1,-6.636138452370192e-2,3.8445279492e1,7.225e-1
792.000000,1.6881080826e-1,3.8550026909e-1,7.7813712732e-2,2.2809071334e-1,3.8978146947e-1,6.249984864425771e-1,-6.636138572290584e-2,5.8668846563e1,5.616e-1
793.000000,3.1449022899e-1,8.6939386455e-2,2.3968073542e-1,3.4257594839e-1,2.6631066621e-1,6.249984827335963e-1,-6.636138772441889e-2,4.7298765394e1,5.418e-1
794.000000,4.8116098092e-1,8.8247878500e-3,3.5851776642e-1,1.2231648248e-1,2.7917694229e-1,6.249984799855978e-1,-6.636138940917695e-2,4.2775148251e1,6.636e-1
795.000000,3.7287875358e-1,1.1408314963e-1,4.0558120129e-1,1.7935351793e-1,1.7810033685e-1,6.249984796417141e-1,-6.636139000548891e-2,3.2195410977e1,5.826e-1
796.000000,2.4980484546e-1,1.6973287980e-1,5.5685412875e-1,1.0453073134e-1,1.6907437063e-1,6.249984779823720e-1,-6.636139099071676e-2,2.9905704055e1,5.965e-1
797.000000,3.3643160504e-1,6.8470030401e-3,1.8918340397e-1,7.1005712725e-1,7.4778320358e-3,6.249984856687572e-1,-6.636139151920817e-2,2.5374367613e1,5.631e-1
798.000000,2.7334043239e-1,5.9576114332e-2,3.6932730557e-1,1.0370703755e-1,4.4404606426e-1,6.249984770503736e-1,-6.636139369768920e-2,6.3366962317e1,4.899e-1
799.000000,2.0704490239e-1,5.0177424099e-2,3.0732529321e-1,5.2987585027e-2,6.3246175146e-1,6.249984780914799e-1,-6.636139504153328e-2,8.5313186552e1,3.991e-1
800.000000,9.6952746921e-2,2.2897371685e-1,2.1384805180e-2,5.7051216820e-1,3.3217350356e-1,6.249984703526982e-1,-6.636139316107065e-2,6.1452100086e1,3.701e-1
801.000000,5.2525405403e-2,2.1123149182e-1,7.0836569356e-1,2.1502690769e-1,6.2847424800e-2,6.249984616311981e-1,-6.636139261937736e-2,2.1040982655e1,6.416e-1
802.000000,1.1823158333e-1,3.4545869591e-1,1.0035162049e-1,9.5611249355e-2,5.9034378102e-1,6.249984650538523e-1,-6.636138966810357e-2,8.0176410098e1,6.621e-1
803.000000,2.1396862238e-1,1.3259779380e-1,2.2209003403e-1,1.2628142696e-1,5.5505904950e-1,6.249984633370016e-1,-6.636138972858366e-2,7.7237464170e1,4.713e-1
804.000000,3.2934532280e-1,6.4589785387e-2,8.4398003786e-2,3.1261904492e-1,4.5904475256e-1,6.249984547278646e-1,-6.636138093211284e-2,6.9730574027e1,5.980e-1
805.000000,3.2834043125e-1,1.8139911462e-1,4.4989101895e-1,1.7385546882e-1,1.1651087136e-1,6.249984524993747e-1,-6.636138524405673e-2,2.4602863132e1,3.648e-1
806.000000,5.2646568848e-1,5.8592952224e-2,2.9494343702e-1,2.6552789042e-1,1.0446693831e-1,6.249984532279163e-1,-6.636138572736616e-2,2.4608626842e1,5.016e-1
807.000000,4.6617194206e-1,1.0045170814e-1,2.9758425057e-1,5.0061153849e-2,3.3572784965e-1,6.249984521342433e-1,-6.636138556207855e-2,4.7389785070e1,5.115e-1
808.000000,2.7111507890e-1,1.2892560742e-1,3.4029655351e-1,1.6795315009e-1,3.4170651269e-1,6.249984513056288e-1,-6.636138615961079e-2,5.2228715609e1,5.825e-1
809.000000,8.7829215139e-2,3.8179686257e-1,4.1093844000e-2,7.1211054536e-1,2.7166443365e-2,6.249984552154936e-1,-6.636139540705679e-2,2.7401101287e1,8.431e-1
810.000000,3.3973513767e-2,1.4737495811e-1,4.2993529927e-1,1.5459051078e-1,4.8412261493e-1,6.249984484265683e-1,-6.636138713152506e-2,7.0665810123e1,6.400e-1
811.000000,3.1856816211e-2,1.2849866685e-1,3.3035270418e-1,6.9939657512e-1,5.9892146526e-2,6.249984544414293e-1,-6.636137236329667e-2,3.2962632534e1,8.109e-1
812.000000,7.5928052598e-2,3.9206250353e-1,3.3596225628e-1,3.1994424203e-1,1.2609983029e-1,6.249984423643485e-1,-6.636138936833580e-2,2.9888781106e1,5.730e-1
813.000000,3.9086114511e-1,4.9378615786e-1,2.6306551616e-1,8.1964268693e-2,2.0319791663e-2,6.249984397455772e-1,-6.636139230591215e-2,8.5113169486e0,5.926e-1
814.000000,6.6583905320e-1,4.7255951987e-2,1.9017304849e-1,2.8900544694e-1,5.7723378818e-2,6.249984397204960e-1,-6.636139094838017e-2,1.8585582609e1,7.234e-1
815.000000,5.1337048259e-1,1.6965013203e-1,1.0088490586e-1,3.0884148414e-1,1.5724987571e-1,6.249984401653245e-1,-6.636139167971661e-2,3.1413976335e1,4.852e-1
816.000000,3.9361184685e-1,1.1559320724e-1,5.5307278153e-1,4.4389039565e-2,1.4332999818e-1,6.249984366818554e-1,-6.636139300925815e-2,2.4619263624e1,7.398e-1
817.000000,1.2235658007e-1,6.4894819221e-1,6.7103037621e-2,3.6328269849e-1,4.8306369294e-2,6.249984388413794e-1,-6.636139144641197e-2,1.9704160597e1,5.101e-1
818.000000,3.7402176909e-2,3.5704343404e-1,3.0048982563e-1,2.3875715528e-1,3.1630428128e-1,6.249984365685922e-1,-6.636139545137335e-2,5.1263883534e1,5.416e-1
819.000000,8.5884259505e-2,8.1738996018e-1,7.1693016282e-2,4.9638411087e-2,2.2539122751e-1,6.249984372819262e-1,-6.636139598309533e-2,3.2689772456e1,8.164e-1
820.000000,3.4550151264e-1,1.6437667480e-1,1.7021211740e-1,9.4823612117e-2,4.7508295860e-1,6.249984377772948e-1,-6.636139552074016e-2,6.5708175334e1,4.697e-1
821.000000,5.0367589706e-1,4.8192899084e-2,7.5897960784e-2,9.5811610709e-2,5.2641850714e-1,6.249984373888690e-1,-6.636139664056187e-2,7.1402947889e1,4.819e-1
822.000000,4.2664359012e-1,5.1874573746e-2,2.7192957182e-1,8.4330490498e-2,4.1521863931e-1,6.249984327476608e-1,-6.636139637525490e-2,5.8339069045e1,4.186e-1
823.000000,2.4139107551e-1,2.3408891796e-1,6.2207948332e-1,1.0732668361e-1,4.5110690000e-2,6.249984251954002e-1,-6.636139625578760e-2,1.4774131436e1,2.365e-1
824.000000,1.5724468392e-1,5.0077903481e-1,9.8914748828e-2,4.3653222173e-1,5.6526169466e-2,6.249984293739744e-1,-6.636139849020121e-2,2.3075879189e1,6.225e-1
825.000000,3.9430744395e-1,1.2287765601e-1,3.9648741363e-2,1.7987312823e-1,5.1328988363e-1,6.249984265913791e-1,-6.636139305910455e-2,7.2217144173e1,6.066e-1
826.000000,4.6948096158e-1,2.9628454826e-2,5.6810087080e-1,4.5391075520e-2,1.3739548341e-1,6.249984230653985e-1,-6.636139419526915e-2,2.3877940649e1,6.699e-1
827.000000,2.8814524734e-1,1.6020948630e-1,1.6316927464e-1,5.5394682583e-1,8.4526016435e-2,6.249984252795374e-1,-6.636139984959093e-2,3.0315474324e1,7.387e-1
828.000000,1.4877930606e-1,4.9969015532e-1,1.0402362420e-1,4.7762071879e-1,1.9883042751e-2,6.249984235623117e-1,-6.636139492259430e-2,1.9734851431e1,4.949e-1
829.000000,1.3717340376e-1,2.8536649618e-1,2.2130783942e-1,3.4767351044e-1,2.5847558819e-1,6.249984189947266e-1,-6.636139201622100e-2,4.6620210032e1,4.892e-1
830.000000,2.8013819419e-1,1.1459965262e-1,7.6612442990e-1,3.0430173559e-2,5.8704377326e-2,6.249984137971907e-1,-6.636139115369907e-2,1.4986189693e1,3.022e-1
831.000000,5.8051646191e-1,9.4882783943e-2,2.4519953115e-1,2.8316345111e-1,4.6234606706e-2,6.249984174107358e-1,-6.636139146298681e-2,1.7420880142e1,5.210e-1
832.000000,6.6266407630e-1,7.9441286637e-2,9.8062733045e-2,1.4465960072e-1,2.6516913530e-1,6.249984160063090e-1,-6.636138969596250e-2,3.9845473018e1,4.686e-1
833.000000,2.0758795851e-1,4.5051382888e-1,3.0486995580e-1,2.0568313006e-1,8.1341954990e-2,6.249984141237523e-1,-6.636139092549398e-2,2.0437411684e1,5.975e-1
834.000000,1.1183015856e-1,9.2543510497e-2,6.3834704788e-1,2.0929311160e-1,1.9798298987e-1,6.249984092042897e-1,-6.636139035713004e-2,3.7386980758e1,7.822e-1
835.000000,1.4142597247e-1,4.2824367691e-2,7.4161438364e-1,1.1242632846e-1,2.1170578015e-1,6.249984162060362e-1,-6.636138637449268e-2,3.6785259161e1,7.732e-1
836.000000,2.3387339455e-1,6.3270411320e-2,2.8437622080e-1,6.3672611889e-1,3.1750700089e-2,6.249984228247225e-1,-6.636139309077985e-2,2.6957812702e1,6.984e-1
837.000000,4.1585843805e-1,8.6343190797e-2,7.3068838124e-2,6.4270291854e-1,3.2023455268e-2,6.249984203897629e-1,-6.636139201399679e-2,2.5630661973e1,5.623e-1
838.000000,4.9389323200e-1,3.0253161057e-2,3.3728354285e-1,8.3487628691e-2,3.0507926539e-1,6.249984149964050e-1,-6.636137811046332e-2,4.4727471369e1,5.943e-1
839.000000,1.5460585029e-1,8.6100133069e-1,5.4749123732e-2,1.7631748340e-1,3.3230417183e-3,6.249984149089849e-1,-6.636137837789838e-2,8.3048073850e0,7.333e-1
840.000000,8.9032345087e-2,1.5391609395e-1,1.6738549400e-1,7.5837764705e-1,8.1285257154e-2,6.249984186216085e-1,-6.636139986835067e-2,3.6364029934e1,4.078e-1
841.000000,1.1754013863e-1,3.1640195759e-2,4.6769856643e-1,5.1962472888e-1,1.1349321182e-1,6.249984207642461e-1,-6.636137791574749e-2,3.5018761430e1,6.172e-1
842.000000,1.6808777301e-1,4.6715377480e-2,5.8664678369e-1,4.4752426485e-2,4.0379444901e-1,6.249984048408770e-1,-6.636136943873033e-2,5.7988416032e1,6.186e-1
843.000000,2.8217337018e-1,9.7281846483e-2,5.3402950026e-1,3.8958226314e-2,2.9755385482e-1,6.249983990259451e-1,-6.636136634145878e-2,4.3941443039e1,5.157e-1
844.000000,4.9502485596e-1,4.1475754910e-2,4.0462462810e-1,3.0171540544e-1,7.1561529724e-3,6.249983986889662e-1,-6.636136614051065e-2,1.4138341517e1,3.381e-1
845.000000,4.8416662818e-1,8.9335427104e-2,7.8092339529e-2,4.9689740581e-1,1.0150499779e-1,6.249983992093514e-1,-6.636137175241186e-2,2.9938849588e1,5.245e-1
846.000000,1.4127288685e-1,7.7378055104e-1,9.9543571091e-3,9.7006191590e-2,2.2798280930e-1,6.249983979459763e-1,-6.636136236144799e-2,3.3983830124e1,2.672e-1
847.000000,5.2930489637e-2,3.3875327463e-1,1.1306741206e-1,2.9655240138e-1,4.4869321727e-1,6.249983974868928e-1,-6.636135747060723e-2,6.8530919745e1,4.701e-1
848.000000,1.2354525400e-1,5.6843059298e-1,2.6976896236e-2,1.8760212831e-1,3.4344191780e-1,6.249983946657811e-1,-6.636135762292578e-2,5.1378282567e1,7.522e-1
849.000000,3.9269501964e-1,7.1090741856e-2,5.8104867962e-1,1.5889190523e-1,4.6270434410e-2,6.249983903804991e-1,-6.636135948729496e-2,1.5994075003e1,4.063e-1
850.000000,3.8734315048e-1,3.5562925775e-2,3.5567772879e-1,3.3836446644e-1,1.3304851783e-1,6.249983946601372e-1,-6.636136104094621e-2,3.0968092466e1,5.111e-1
851.000000,2.3896796043e-1,2.1458988039e-1,1.0972363791e-1,4.8272451613e-1,2.0399079476e-1,6.249983948139111e-1,-6.636136191416452e-2,4.2984459090e1,3.973e-1
852.000000,3.0828697240e-1,6.6462170428e-1,1.7043970154e-1,8.4835593623e-2,2.1812815580e-2,6.249983937120647e-1,-6.636135551093268e-2,8.3536838972e0,5.017e-1
853.000000,8.9662248185e-1,1.2647925543e-2,1.3107282337e-1,1.8081141431e-1,2.8842142026e-2,6.249983935449797e-1,-6.636135573950315e-2,1.0999949116e1,2.591e-1
854.000000,5.2706960628e-1,3.1493790719e-1,1.2459432961e-1,1.6296996393e-1,1.2042497935e-1,6.249983931844246e-1,-6.636135499740675e-2,2.2519601457e1,3.205e-1
855.000000,2.2926448257e-1,1.3722774245e-1,3.3554131372e-1,3.6610522044e-1,1.8185802972e-1,6.249983944486801e-1,-6.636135917180537e-2,3.8066613094e1,6.003e-1
856.000000,1.2623269276e-1,2.6725401788e-1,1.4853069772e-2,6.1885685896e-2,7.7977133333e-1,6.249983998165687e-1,-6.636135365705814e-2,1.0250752155e2,4.970e-1
857.000000,5.5560307666e-2,1.1533698017e-1,4.2929570224e-1,7.3587005264e-2,5.7621678308e-1,6.249983892116582e-1,-6.636135293862680e-2,7.9803352135e1,4.454e-1
858.000000,2.1450530925e-2,6.4906644122e-1,5.4705181525e-2,3.9713903122e-1,1.2763558184e-1,6.249983833668388e-1,-6.636135324463222e-2,3.0792303075e1,8.055e-1
859.000000,6.2569440779e-3,1.0959719582e-1,4.4592258797e-1,4.5303064916e-1,2.3518939775e-1,6.249983873906941e-1,-6.636135722396144e-2,4.8390927252e1,4.150e-1
860.000000,6.6213862185e-3,3.4206214390e-1,1.3021387056e-1,7.0433368689e-1,6.6765708211e-2,6.249983978882108e-1,-6.636134953124792e-2,3.2813834577e1,8.371e-1
861.000000,1.8476153274e-2,1.9855018291e-1,8.1112906595e-1,2.7477567024e-2,1.9436378900e-1,6.249983790818364e-1,-6.636134957911262e-2,3.2653218107e1,8.877e-1
862.000000,6.1500849197e-2,7.6733708696e-1,2.9939136127e-2,3.5619995338e-1,3.5019751930e-2,6.249983887938110e-1,-6.636134753004494e-2,1.7685864443e1,4.716e-1
863.000000,2.2685687168e-1,1.4021620915e-1,5.2544547613e-1,2.0052854953e-1,1.5694966036e-1,6.249983834252244e-1,-6.636134418557883e-2,3.1103894774e1,6.830e-1
864.000000,3.9228942973e-1,7.8332038864e-2,5.6274772316e-2,2.3498685052e-1,4.8811368346e-1,6.249983874461400e-1,-6.636133815729056e-2,7.0801137671e1,6.960e-1
865.000000,4.5810342796e-1,1.9538205898e-2,6.6551862778e-1,3.7413643738e-2,6.9422859369e-2,6.249983823729759e-1,-6.636134018693546e-2,1.5675639747e1,2.766e-1
866.000000,2.2062166710e-1,3.7127932998e-1,9.9439658215e-2,2.4881502083e-1,3.0984109227e-1,6.249983841982414e-1,-6.636133914505728e-2,4.9270127236e1,5.433e-1
867.000000,1.8577986040e-1,1.1459934955e-1,7.7170879433e-2,1.6369382739e-1,7.0875286320e-1,6.249983899869991e-1,-6.636133636509089e-2,9.6898024631e1,7.186e-1
868.000000,2.3279181180e-1,1.8231805668e-2,4.3204629115e-1,4.1467809250e-1,1.5224873898e-1,6.249983700519878e-1,-6.636133392934930e-2,3.6366767396e1,4.077e-1
869.000000,1.7642718041e-1,1.6037111312e-1,5.2570799652e-2,7.2923309908e-1,1.3139455628e-1,6.249983742712747e-1,-6.636134560932674e-2,4.0983484588e1,8.079e-1
870.000000,1.0599899417e-1,2.6165586219e-1,3.2047385999e-2,8.0935578145e-1,4.0938719684e-2,6.249983717469232e-1,-6.636134724644989e-2,3.1972231435e1,8.943e-1
871.000000,9.8881567210e-2,2.2207980264e-1,3.1538343717e-2,8.1551463026e-1,8.1982385725e-2,6.249983647732926e-1,-6.636134335006233e-2,3.7336120680e1,8.787e-1
872.000000,1.1813662798e-1,4.5368207138e-1,1.2512809249e-1,4.5671149947e-1,9.6338418383e-2,6.249983548490350e-1,-6.636131638476050e-2,2.8913542733e1,5.097e-1
873.000000,3.6555209526e-1,2.2325961450e-1,4.7417774643e-1,1.6576208060e-1,2.1245165359e-2,6.249983510763113e-1,-6.636131462292434e-2,1.2446484993e1,2.701e-1
874.000000,5.0070878510e-1,3.8563670255e-2,1.7527288005e-1,1.4174037410e-1,3.9371099843e-1,6.249983539680410e-1,-6.636131545299923e-2,5.6660364544e1,5.860e-1
875.000000,4.2531035292e-1,9.5403418201e-2,1.3854427529e-1,1.2557240273e-1,4.6516626049e-1,6.249983548154183e-1,-6.636131597337028e-2,6.5071414446e1,3.928e-1
876.000000,3.8629740190e-1,4.4394313262e-2,4.3308855725e-1,2.3832049954e-1,1.4789592585e-1,6.249983489023700e-1,-6.636131494691841e-2,3.0303580279e1,6.581e-1
877.000000,3.0843085698e-1,5.5799948438e-2,1.3250089481e-1,6.3951469473e-1,1.1375031444e-1,6.249983546968488e-1,-6.636131448370546e-2,3.6350332963e1,7.242e-1
878.000000,1.7077895252e-1,8.2858156136e-2,4.0937612226e-1,2.1849246642e-2,5.6513421290e-1,6.249983452289353e-1,-6.636131851273885e-2,7.6562469911e1,6.172e-1
879.000000,1.0826683827e-1,8.8346891317e-2,2.5678856586e-1,1.4353786889e-1,6.5305653536e-1,6.249983498517788e-1,-6.636132259748612e-2,9.0469584060e1,8.057e-1
880.000000,5.7921273474e-2,2.4299410938e-1,1.5962838655e-2,3.0453730995e-1,6.2858115542e-1,6.249983434407487e-1,-6.636131999579736e-2,9.0846233377e1,7.597e-1
881.000000,4.0249147991e-2,2.1514333351e-1,1.4511646428e-2,3.3088445890e-1,6.4920808193e-1,6.249983343803811e-1,-6.636131849112545e-2,9.4253441584e1,7.905e-1
882.000000,4.0200295693e-2,6.6847724319e-2,3.8389737539e-1,1.5085924938e-1,6.0819201308e-1,6.249983289318284e-1,-6.636132001357264e-2,8.5901048255e1,7.259e-1
883.000000,6.5033004093e-2,1.7793258390e-1,2.7322526294e-1,1.5304375946e-2,7.1850143236e-1,6.249983296212658e-1,-6.636132453774377e-2,9.5032107146e1,6.777e-1
884.000000,1.7202820660e-1,2.6283997785e-1,3.6554678187e-2,5.3090219650e-1,2.4767158733e-1,6.249983232397878e-1,-6.636132510410594e-2,4.9594964951e1,6.505e-1
885.000000,3.4723076693e-1,4.0874599781e-2,1.6314070349e-1,6.9697030561e-1,1.7802724551e-3,6.249983241348058e-1,-6.636132329449398e-2,2.4091414865e1,4.025e-1
886.000000,3.1402082354e-1,1.5439348105e-1,2.8427081108e-1,2.6288219445e-1,2.3442932545e-1,6.249983177856286e-1,-6.636132469186684e-2,4.1159147742e1,4.360e-1
887.000000,3.8063632200e-1,6.1284984509e-1,1.7511025055e-1,7.0660443016e-2,1.0739768611e-2,6.249983146335469e-1,-6.636132606255778e-2,6.4527244142e0,7.556e-1
888.000000,7.1678042829e-1,2.1720449493e-3,6.4053957033e-2,1.4727582282e-1,3.1971437816e-1,6.249983156278814e-1,-6.636132535974042e-2,4.6511432695e1,3.627e-1
889.000000,4.1081265740e-1,3.1209597861e-1,2.6158682101e-1,1.0707633951e-1,1.5842483276e-1,6.249983146472116e-1,-6.636132568974142e-2,2.6627114311e1,3.613e-1
890.000000,4.0118603986e-1,2.9056965169e-1,8.7011275425e-2,2.6112623276e-1,2.1010342700e-1,6.249983133654765e-1,-6.636132622876276e-2,3.6727100631e1,5.901e-1
891.000000,4.8131487403e-1,1.2639202230e-1,1.6692994686e-1,4.5017998738e-1,2.5179794959e-2,6.249983127651360e-1,-6.636132167576929e-2,1.9457654407e1,6.935e-1
892.000000,4.3627710216e-1,5.7066744199e-1,1.8569076018e-1,5.1713752092e-2,5.6475662090e-3,6.249983113132683e-1,-6.636132731684420e-2,5.2227280582e0,6.527e-1
893.000000,8.3612430272e-1,2.4857330405e-2,7.5975302269e-2,2.9937198162e-1,1.3667706283e-2,6.249983116510217e-1,-6.636132652623683e-2,1.2404949046e1,6.075e-1
894.000000,4.3564666043e-1,2.7519520679e-1,2.5712928905e-1,1.2603710817e-1,1.5598835532e-1,6.249983098814063e-1,-6.636132912151949e-2,2.6824944999e1,5.168e-1
895.000000,1.2268319507e-1,3.9197072836e-1,3.9974953097e-1,2.4312561495e-1,9.2467552892e-2,6.249983111192307e-1,-6.636132682629300e-2,2.3659145751e1,3.832e-1
896.000000,1.0492516310e-1,4.9069318415e-1,3.0846378074e-1,2.3660300212e-1,1.0931148854e-1,6.249983093249626e-1,-6.636132838260364e-2,2.5064725797e1,4.506e-1
897.000000,3.6835002331e-1,2.4911038149e-1,3.9982406338e-1,2.1735734848e-1,1.5354799667e-2,6.249983081657500e-1,-6.636132771753619e-2,1.2801837790e1,5.680e-1
898.000000,7.7364065393e-1,9.9767248735e-2,7.1459791498e-2,2.3353688169e-1,7.1592042543e-2,6.249983091967080e-1,-6.636132851018708e-2,1.7794994816e1,7.241e-1
899.000000,5.7178009618e-1,3.7954827173e-1,1.8828552897e-1,8.7852259215e-2,2.2530461488e-2,6.249983087891774e-1,-6.636132881777096e-2,8.2464421887e0,5.187e-1
900.000000,4.8119005017e-1,2.0051379917e-1,1.9322328138e-1,2.1149802459e-1,1.6357146089e-1,6.249983080996849e-1,-6.636132979555881e-2,2.9892492655e1,4.395e-1
901.000000,4.3217592412e-1,2.4574374319e-1,9.9206362452e-2,2.4617194458e-1,2.2669864046e-1,6.249983073946088e-1,-6.636133180278403e-2,3.8396154553e1,3.087e-1
902.000000,3.6050386292e-1,3.4903029978e-1,2.5295215533e-1,1.9521020411e-1,9.2300093702e-2,6.249983079170705e-1,-6.636133033971117e-2,2.0963068299e1,4.293e-1
903.000000,6.2425522367e-1,1.2547418569e-2,5.0081576699e-2,4.9776272656e-2,5.1333612938e-1,6.249983104862709e-1,-6.636133020595300e-2,6.8037740348e1,6.713e-1
904.000000,3.9806526624e-1,3.9931856925e-1,1.8282522766e-1,8.4954519185e-2,1.8483303174e-1,6.249983070385802e-1,-6.636133003111939e-2,2.8837444270e1,6.313e-1
905.000000,2.6578465059e-1,2.3732851414e-1,5.1532930079e-1,2.1022355546e-1,2.1330591756e-2,6.249983063696646e-1,-6.636132798299535e-2,1.4187653279e1,5.027e-1
906.000000,2.3983198759e-1,4.0882055223e-1,2.7694579563e-2,4.5735213314e-1,1.1629736267e-1,6.249983075954193e-1,-6.636132614645970e-2,3.0680444417e1,3.403e-1
907.000000,2.8207905211e-1,4.4874353874e-1,2.5795802067e-1,2.3317619850e-1,2.8039798573e-2,6.249983043000817e-1,-6.636133081739269e-2,1.4152923338e1,5.926e-1
908.000000,5.7293711966e-1,1.4988317450e-1,4.0363745690e-1,3.2615076693e-2,9.0923779393e-2,6.249983035681833e-1,-6.636133210421385e-2,1.6497260781e1,3.214e-1
909.000000,6.1939085370e-1,9.5730619076e-2,2.6372619624e-2,4.8579907883e-1,2.2703441008e-2,6.249983061192743e-1,-6.636133678658886e-2,1.9163748593e1,6.968e-1
910.000000,2.4278334083e-1,4.4645330645e-1,5.2527411290e-2,7.7415053388e-2,4.3081749805e-1,6.249983050037624e-1,-6.636133140383499e-2,5.9056439032e1,3.409e-1
911.000000,1.9674345024e-1,6.5403576703e-2,2.1595942491e-1,2.6967350441e-1,5.0221666780e-1,6.249983120272147e-1,-6.636132980273572e-2,7.4870139897e1,4.470e-1
912.000000,1.9610395751e-1,5.7836451072e-2,3.6146831314e-1,4.0065391843e-1,2.3393398385e-1,6.249983120033372e-1,-6.636133284882220e-2,4.5869946709e1,4.033e-1
913.000000,1.2061612455e-1,6.0797697712e-1,2.9392777705e-1,8.7037770793e-2,1.4043795689e-1,6.249983032037393e-1,-6.636132814061323e-2,2.4388951381e1,7.786e-1
914.000000,2.7477941469e-1,1.6363729195e-1,4.5315068099e-1,2.6253437575e-1,9.5894845276e-2,6.249983043298167e-1,-6.636132737313934e-2,2.4765509958e1,4.476e-1
915.000000,3.3973961703e-1,1.6777490920e-2,7.2529412581e-2,3.0799299792e-1,5.1295709020e-1,6.249983043271078e-1,-6.636132933779185e-2,7.6297943570e1,5.514e-1
916.000000,1.9242365931e-1,2.1115153624e-1,8.2078689699e-3,2.1525066537e-2,8.1668848688e-1,6.249983089665189e-1,-6.636132936105779e-2,1.0580910630e2,4.255e-1
917.000000,7.3133907915e-2,2.8395679430e-1,6.4638324827e-2,2.8426219215e-1,5.4400537843e-1,6.249982988093005e-1,-6.636133008110058e-2,7.9850665729e1,5.313e-1
918.000000,3.3874445544e-2,1.2083340927e-1,2.4216864626e-1,4.6287803645e-2,8.0683228008e-1,6.249982924014386e-1,-6.636132993107696e-2,1.0695169478e2,1.926e-1
919.000000,3.0440483301e-2,6.2353333472e-1,1.3687835105e-1,1.3812217698e-1,3.2102221676e-1,6.249982814031909e-1,-6.636132587319701e-2,4.7868067128e1,2.105e-1
920.000000,1.1297201679e-1,2.4109188816e-1,3.9206754914e-1,3.0987033947e-1,1.9399476770e-1,6.249982806314036e-1,-6.636132476498979e-2,3.8422391307e1,5.359e-1
921.000000,1.9496247343e-1,9.6146540353e-2,8.7965423291e-2,2.5462805391e-1,6.1629406813e-1,6.249982795564513e-1,-6.636132286903051e-2,8.8027236149e1,7.674e-1
922.000000,2.8025207755e-1,1.1184474028e-2,3.6670799102e-1,4.5460155375e-2,5.4639184466e-1,6.249982713103723e-1,-6.636132251550192e-2,7.4489040003e1,5.983e-1
923.000000,2.3917948772e-1,1.1540928115e-1,2.4777848760e-1,2.4253040687e-1,4.0509888726e-1,6.249982753036922e-1,-6.636132567589595e-2,6.1946266797e1,6.349e-1
924.000000,2.4266873646e-1,4.1572649044e-2,4.0850388494e-1,3.4485460819e-1,2.1239666582e-1,6.249982722225816e-1,-6.636132376021611e-2,4.1694631432e1,4.549e-1
925.000000,1.9414254310e-1,1.6608381150e-1,1.5161222618e-1,2.3489433713e-1,5.0326362360e-1,6.249982707564139e-1,-6.636132659340128e-2,7.3576499313e1,6.797e-1
926.000000,2.0272488321e-1,1.4213392319e-1,4.7420566360e-1,4.7287716574e-2,3.8364435653e-1,6.249982715492566e-1,-6.636132786967706e-2,5.4798960163e1,6.122e-1
927.000000,3.5723200390e-1,3.1458457364e-2,1.2098205093e-1,2.4962546329e-1,4.9069856995e-1,6.249982727161811e-1,-6.636132931929836e-2,7.2006821103e1,6.986e-1
928.000000,3.5804184313e-1,3.3053674457e-2,4.6129543455e-1,2.8003477048e-1,1.1757080981e-1,6.249982662125033e-1,-6.636133038573619e-2,2.7945668058e1,5.640e-1
929.000000,2.7859245467e-1,2.5549057223e-1,2.4138361627e-1,3.5663435544e-3,4.7096355548e-1,6.249982711051427e-1,-6.636133207560388e-2,6.2978804398e1,4.886e-1
930.000000,4.2968696071e-1,1.0831152263e-1,3.6729719847e-1,6.8408404579e-2,2.7629245064e-1,6.249982685099422e-1,-6.636133178051976e-2,4.0924346741e1,5.517e-1
931.000000,4.9781387721e-1,3.6647100713e-2,1.2855006688e-1,4.0706966995e-1,1.7991582745e-1,6.249982711022909e-1,-6.636133226673914e-2,3.7406057027e1,6.179e-1
932.000000,2.0137236731e-1,3.7031301422e-1,1.3775826323e-1,2.4874951107e-2,5.1567794396e-1,6.249982699116530e-1,-6.636133204927712e-2,6.8746153580e1,4.354e-1
933.000000,9.4803502541e-2,1.2753898115e-1,4.0260765128e-1,5.4818068994e-1,7.6865709676e-2,6.249982672936151e-1,-6.636132809251863e-2,3.0903933840e1,3.882e-1
934.000000,5.3062294468e-2,4.3491105371e-1,5.6186200456e-2,2.9198896841e-1,4.1384801312e-1,6.249982650836668e-1,-6.636133566084845e-2,6.3662035527e1,6.433e-1
935.000000,7.7133019912e-2,2.5043248172e-1,4.4520532943e-1,1.0788670575e-1,3.6933897689e-1,6.249982568499916e-1,-6.636133759038552e-2,5.4828837735e1,6.047e-1
936.000000,1.2479138215e-1,7.1887040469e-3,4.2077324532e-1,5.8613795994e-1,1.1110522134e-1,6.249982563997389e-1,-6.636133695610585e-2,3.6420842111e1,6.180e-1
937.000000,1.2488380466e-1,8.7086603963e-3,1.6488360353e-2,5.4407354243e-2,1.0455083595e0,6.249982695982630e-1,-6.636133774764205e-2,1.3577787146e2,7.443e-1
938.000000,9.8299222103e-2,3.7247012909e-2,1.5749244331e-3,6.3359542259e-1,4.7927989373e-1,6.249982378819701e-1,-6.636133075718138e-2,8.1759122952e1,6.703e-1
939.000000,6.8494665491e-2,6.1353706494e-2,2.0190594915e-2,5.5304862412e-1,5.4690886706e-1,6.249982290428520e-1,-6.636132676242998e-2,8.8020370461e1,7.254e-1
940.000000,5.0574418029e-2,1.2205926107e-1,1.9446298059e-2,4.5741918955e-2,1.0121745682e0,6.249982321598301e-1,-6.636132531247325e-2,1.3144706225e2,1.006e0
941.000000,4.7471326843e-2,1.6890081793e-1,4.4881197726e-2,8.0812481158e-1,1.8061828258e-1,6.249982183278600e-1,-6.636132587868594e-2,4.9699721022e1,6.846e-1
942.000000,6.0889542514e-2,3.2504531945e-1,2.9664611919e-3,1.6022955775e-1,7.0086553750e-1,6.249982092053308e-1,-6.636132002129831e-2,9.5542401748e1,8.284e-1
943.000000,1.1721873042e-1,4.4816443595e-2,4.9827582023e-1,1.3802973857e-1,4.5165566823e-1,6.249982005271468e-1,-6.636131986844451e-2,6.6363325983e1,6.659e-1
944.000000,1.5060539859e-1,7.4862011245e-3,8.7748953005e-2,1.8168384932e-1,8.2247200191e-1,6.249982019731692e-1,-6.636131269545727e-2,1.1188256615e2,9.050e-1
945.000000,1.6123472360e-1,1.1221105600e-2,2.6414680022e-1,1.5691874637e-1,6.5647498133e-1,6.249981785602859e-1,-6.636130952961602e-2,9.1266431469e1,8.072e-1
946.000000,1.6562113803e-1,1.5365324224e-2,4.4612460686e-1,1.6946617546e-1,4.5341909656e-1,6.249981705695160e-1,-6.636130355082721e-2,6.7143100047e1,6.733e-1
947.000000,1.6670644988e-1,1.2423311684e-2,7.6038169258e-1,9.8979725613e-3,3.0058689460e-1,6.249981606526044e-1,-6.636130030336165e-2,4.4983111019e1,5.397e-1
948.000000,1.6071744845e-1,6.2256038083e-3,7.1278364316e-1,1.4942667907e-2,3.5532693679e-1,6.249981500552582e-1,-6.636129626091951e-2,5.1755092359e1,6.281e-1
949.000000,1.3646690972e-1,1.4200505987e-2,5.9127771933e-1,1.1015679789e-1,3.9789436580e-1,6.249981493639293e-1,-6.636128934614891e-2,5.9282352576e1,7.639e-1
950.000000,1.0665910924e-1,7.2713953437e-2,9.1252833721e-1,1.2905611476e-2,1.4518930055e-1,6.249981559616660e-1,-6.636128532583507e-2,2.6496194197e1,8.429e-1
951.000000,1.2913871490e-1,2.2954297401e-1,1.3238613064e-1,4.2319702016e-1,3.3573148277e-1,6.249981612380864e-1,-6.636128247754797e-2,5.8098678790e1,5.639e-1
952.000000,3.2207851656e-1,2.5673313234e-1,4.3206313064e-3,1.0074101570e-1,5.6612303622e-1,6.249981660609452e-1,-6.636128361272925e-2,7.6396531712e1,7.285e-1
953.000000,5.5690881091e-1,4.2096843695e-3,2.4917363915e-2,6.4869397795e-1,1.5266495075e-2,6.249981661076974e-1,-6.636128572622524e-2,2.3198531349e1,7.287e-1
954.000000,3.2459625733e-1,3.2284233235e-1,2.7693466602e-2,1.8750770374e-1,3.8735656184e-1,6.249981609356876e-1,-6.636128366880234e-2,5.6611416962e1,5.370e-1
955.000000,1.2877495147e-1,2.5195526864e-1,4.9512197344e-1,2.6683609734e-1,1.0730801947e-1,6.249981551787762e-1,-6.636128271974998e-2,2.6803455408e1,3.261e-1
956.000000,5.0030579319e-2,5.2245710439e-1,5.4059285600e-2,4.2017071289e-2,5.8143228415e-1,6.249981623781637e-1,-6.636128255156583e-2,7.7270282436e1,6.952e-1
957.000000,3.8579366176e-2,5.5461979164e-2,1.6846273531e-1,8.0198931088e-2,9.0729334107e-1,6.249981764066074e-1,-6.636128266923302e-2,1.2017782898e2,7.890e-1
958.000000,2.9220272304e-2,1.9579177929e-1,2.8805153581e-1,2.5949907818e-2,7.1098282878e-1,6.249981620029865e-1,-6.636127654605858e-2,9.4546805115e1,7.077e-1
959.000000,2.6909244126e-2,4.1170045727e-1,1.1682284269e-1,1.8533138547e-1,5.0923237936e-1,6.249981544588288e-1,-6.636127814909362e-2,7.2883787171e1,5.661e-1
960.000000,4.5869735131e-2,1.1825160060e-1,2.8223948815e-1,1.3742403481e-1,6.6621144761e-1,6.249981531539872e-1,-6.636128008279167e-2,9.2189988382e1,5.758e-1
961.000000,5.6893360363e-2,4.5269279154e-3,5.7757558968e-1,2.9757471963e-2,5.8124293179e-1,6.249981408572720e-1,-6.636128419112269e-2,8.0009439626e1,7.586e-1
962.000000,5.4802221270e-2,4.1509057320e-3,1.3141898188e-1,7.7850206778e-1,2.8112209265e-1,6.249981346550080e-1,-6.636129066293855e-2,6.1982748805e1,8.822e-1
963.000000,4.5310601559e-2,2.6966435043e-2,5.1582040077e-1,2.4275951762e-1,4.1913929042e-1,6.249981227096132e-1,-6.636129369165827e-2,6.5621285115e1,7.150e-1
964.000000,4.2671724801e-2,2.1639809824e-1,2.5039368265e-1,2.1358662984e-2,7.1917409211e-1,6.249981303923604e-1,-6.636129972476169e-2,9.5195042525e1,5.303e-1
965.000000,1.1283172510e-1,4.0555508267e-1,3.5845097742e-1,1.0128272341e-1,2.7187573558e-1,6.249981220895382e-1,-6.636130303067009e-2,4.1776275151e1,6.089e-1
966.000000,4.3237304150e-1,2.2646583042e-1,1.6979229784e-1,2.6937775281e-3,4.1867130435e-1,6.249981258244657e-1,-6.636130002691616e-2,5.5703584402e1,6.078e-1
967.000000,5.4783343009e-1,3.6060467965e-2,6.5390419477e-2,1.7526321810e-2,5.8318561521e-1,6.249981272730847e-1,-6.636129952091584e-2,7.6077762051e1,7.161e-1
968.000000,3.0000030461e-1,1.8520654447e-1,4.2757321690e-1,2.6230024973e-1,7.4915931877e-2,6.249981237961679e-1,-6.636129920109154e-2,2.1923846248e1,4.953e-1
969.000000,1.9438998954e-1,1.9351561473e-1,2.3015988995e-1,2.0389614920e-1,4.2803459612e-1,6.249981197638990e-1,-6.636129504848817e-2,6.3638610421e1,4.197e-1
970.000000,1.6559116300e-1,5.0982858436e-1,1.3795850855e-1,5.5505437899e-2,3.8111254241e-1,6.249981181082555e-1,-6.636129789609484e-2,5.2764700260e1,6.117e-1
971.000000,4.5406816750e-1,3.7040340132e-1,7.4039742526e-2,2.9831059219e-1,5.3174333140e-2,6.249981183407892e-1,-6.636129685212884e-2,1.7912412419e1,2.459e-1
972.000000,7.6008463800e-1,2.5520455582e-2,2.9083241981e-1,1.8609003075e-2,1.5494971947e-1,6.249981179723573e-1,-6.636129849737604e-2,2.3186794779e1,5.002e-1
973.000000,3.7124177146e-1,3.2081819682e-1,1.1879993523e-1,2.4474507127e-3,4.3668888451e-1,6.249981193652119e-1,-6.636129858834512e-2,5.7752152401e1,6.500e-1
974.000000,1.5660598546e-1,8.9202045611e-2,3.7845517945e-1,6.2403745121e-1,1.6955844163e-3,6.249981230701543e-1,-6.636130088231124e-2,2.3470581763e1,3.666e-1
975.000000,1.0443798109e-1,4.9550186449e-2,2.2933498986e-1,1.9087885337e-1,6.7579423650e-1,6.249981236332225e-1,-6.636129200067084e-2,9.4595784862e1,8.127e-1
976.000000,6.1791806197e-2,2.0950485471e-1,1.3132930575e-1,8.6121620629e-2,7.6124864160e-1,6.249981144405311e-1,-6.636129258837840e-2,1.0169625804e2,7.908e-1
977.000000,3.3656667725e-2,2.7711961307e-1,6.7717336696e-2,1.6751691835e-1,7.0398567476e-1,6.249981052978330e-1,-6.636128509953315e-2,9.6583514010e1,8.329e-1
978.000000,4.7904860409e-2,1.4379319813e-1,2.8962983776e-1,2.2972266140e-1,5.3894565299e-1,6.249981053427048e-1,-6.636128924845072e-2,7.8964746276e1,6.297e-1
979.000000,1.2063266996e-1,2.2141302855e-1,2.5246137912e-2,8.7422791373e-1,8.4764579751e-3,6.249981040598526e-1,-6.636130416026012e-2,2.9765391356e1,7.022e-1
980.000000,2.6005141511e-1,6.8062787205e-2,1.2941969256e-1,3.6464730390e-1,4.2781498073e-1,6.249980897535674e-1,-6.636127912047095e-2,6.7730540081e1,6.028e-1
981.000000,3.7856791180e-1,5.0056555769e-2,6.4266820903e-1,2.1298870089e-2,1.5740461721e-1,6.249980819453425e-1,-6.636128001162801e-2,2.6260097585e1,3.897e-1
982.000000,4.1719076180e-1,3.0346358132e-2,1.1617146670e-1,3.3496991971e-1,3.5131766226e-1,6.249980842967788e-1,-6.636128111898412e-2,5.6886358031e1,5.609e-1
983.000000,2.4990155508e-1,1.1163847919e-1,4.3694760554e-1,1.1505378369e-1,3.3645474019e-1,6.249980818506320e-1,-6.636128126918825e-2,5.0591736403e1,4.633e-1
984.000000,2.0725869905e-1,4.1047530949e-2,5.4519596644e-2,2.5732391778e-1,6.8984641975e-1,6.249980820848000e-1,-6.636127363259435e-2,9.7156588281e1,6.708e-1
985.000000,1.3821593812e-1,1.5847954453e-1,7.5122387230e-1,3.4064204982e-2,1.6801256929e-1,6.249980646124846e-1,-6.636127402334771e-2,2.8991521465e1,8.459e-1
986.000000,3.4548994049e-2,6.9118643526e-1,1.6253482486e-1,3.4844871920e-1,1.3277165393e-2,6.249980693850908e-1,-6.636127524053266e-2,1.5549762151e1,4.678e-1
987.000000,2.1296237999e-2,5.3588343210e-2,1.9151794345e-1,7.0713613984e-1,2.7645746183e-1,6.249980631663448e-1,-6.636128855250439e-2,5.9664879943e1,7.191e-1
988.000000,2.1881678073e-2,1.4693727973e-2,3.7032035852e-1,2.4591187754e-1,5.9718845410e-1,6.249980480976706e-1,-6.636125173843337e-2,8.7312193369e1,6.407e-1
989.000000,3.1370569300e-2,1.0016030411e-1,2.4412338596e-1,1.3252278273e-1,7.4181907670e-1,6.249980594015964e-1,-6.636124930584958e-2,1.0136256385e2,7.922e-1
990.000000,1.0331480486e-1,8.2210829091e-1,1.6839397843e-2,4.7927049241e-2,2.5980655196e-1,6.249980474043884e-1,-6.636125102160663e-2,3.6619493394e1,4.139e-1
991.000000,3.1787090843e-1,5.4298736222e-2,2.1028202140e-1,4.0767925218e-1,2.5986518636e-1,6.249980523002184e-1,-6.636125220172839e-2,4.8258269022e1,6.381e-1
992.000000,3.5709073785e-1,4.0195901418e-2,2.5370896959e-1,5.8137964665e-1,1.7620841067e-2,6.249980482882773e-1,-6.636125464630790e-2,2.3148225278e1,7.302e-1
993.000000,3.1154123320e-1,3.2652837453e-2,1.2175873357e-1,6.9102916143e-1,9.3014121201e-2,6.249980434223442e-1,-6.636126661503727e-2,3.5213886839e1,5.442e-1
994.000000,1.8558751399e-1,2.7110857291e-1,2.8776914636e-1,4.5189376491e-1,5.3637087834e-2,6.249980430056403e-1,-6.636124776221901e-2,2.4263311794e1,6.601e-1
995.000000,8.2892012396e-2,3.6116615494e-1,1.0371714652e-1,8.0717926756e-2,6.2150284818e-1,6.249980444004463e-1,-6.636124113832997e-2,8.3728853712e1,6.021e-1
996.000000,8.1928670230e-2,6.9669149285e-2,1.4334647035e-1,9.5525063747e-2,8.5952676061e-1,6.249980571109586e-1,-6.636124036717561e-2,1.1440330179e2,8.910e-1
997.000000,6.7538308349e-2,4.2506953324e-1,2.0943583819e-1,7.0275441660e-2,4.7767696368e-1,6.249980425622201e-1,-6.636123762718651e-2,6.5950860411e1,6.696e-1
998.000000,1.6080193601e-1,3.7250219167e-1,3.7910211266e-1,1.2122992800e-1,2.1635991493e-1,6.249980416350781e-1,-6.636123722177560e-2,3.5431649060e1,3.824e-1
999.000000,2.8985999511e-1,2.4782854347e-1,1.1625441901e-1,2.9963799574e-1,2.9641513432e-1,6.249980438271617e-1,-6.636124026535502e-2,4.9100175493e1,4.787e-1
1000.000000,5.9509529047e-1,3.2706221882e-1,1.6197689459e-1,1.0911586277e-1,5.6745818629e-2,6.249980426417956e-1,-6.636123988792995e-2,1.3002659633e1,5.711e-1
1001.000000,9.0940475643e-1,4.9361138927e-2,4.6998190908e-2,5.1897432448e-2,1.9233456722e-1,6.249980429658355e-1,-6.636123992700212e-2,2.7208952626e1,7.698e-1
1002.000000,2.8696772152e-1,5.0203929594e-1,1.2976641451e-1,1.0448891346e-1,2.2673374042e-1,6.249980429294493e-1,-6.636123976183848e-2,3.4551257773e1,6.751e-1
1003.000000,9.4626546065e-2,3.0005987182e-1,2.2715099228e-1,6.2460909427e-1,3.5495822357e-3,6.249980433401354e-1,-6.636123466137098e-2,2.2906478498e1,2.814e-1
1004.000000,6.6504370746e-2,1.3803944453e-1,8.3061558643e-1,1.8258474826e-1,3.2251910509e-2,6.249980302367815e-1,-6.636124035584531e-2,1.6925212255e1,5.934e-1
1005.000000,9.3556266916e-2,2.4462465730e-2,7.8891724588e-2,1.0364681364e0,1.6617494001e-2,6.249980438039830e-1,-6.636127240717347e-2,3.6020856458e1,2.015e-1
1006.000000,1.2935585594e-1,5.2453474195e-2,6.8231402996e-1,1.4159588081e-1,2.4427678491e-1,6.249980129035835e-1,-6.636123534962132e-2,4.1426593770e1,4.693e-1
1007.000000,2.2891447651e-1,9.9872936254e-2,1.0562217210e-1,1.3587811414e-1,6.7970831891e-1,6.249980089620319e-1,-6.636122996140147e-2,9.2509944961e1,3.357e-1
1008.000000,4.1498667786e-1,9.7827009371e-2,3.1768303679e-1,1.7415630772e-1,2.4534297612e-1,6.249980039290015e-1,-6.636123229449291e-2,3.9921514443e1,3.627e-1
1009.000000,6.1642705165e-1,7.3472051842e-3,7.0043994262e-2,1.8566094284e-1,3.7051681483e-1,6.249980043817566e-1,-6.636123339164626e-2,5.4250562359e1,4.879e-1
1010.000000,3.6590963736e-1,1.8969980821e-1,2.1003071215e-1,4.0153582003e-2,4.4420226523e-1,6.249980024776629e-1,-6.636123324906416e-2,6.0385404706e1,4.341e-1
1011.000000,1.8024292535e-1,1.1611147431e-1,1.2820683058e-1,8.0010449480e-1,2.5330292211e-2,6.249980086246665e-1,-6.636124757992531e-2,3.0193620292e1,3.121e-1
1012.000000,1.4029323182e-1,9.8720059473e-2,3.6508493140e-1,5.2505751484e-2,5.9339202579e-1,6.249979999772571e-1,-6.636122662392797e-2,8.0822629534e1,2.552e-1
1013.000000,2.0806563778e-1,7.5074052744e-2,6.1150466964e-2,7.3365174247e-2,8.3234067878e-1,6.249980052600983e-1,-6.636122562984922e-2,1.0963067712e2,3.623e-1
1014.000000,2.6668940950e-1,3.8330323408e-3,2.7820811907e-1,2.7985083516e-1,4.2141457336e-1,6.249979847189242e-1,-6.636122280684831e-2,6.5262967837e1,4.755e-1
1015.000000,2.2583030974e-1,1.7758496144e-2,3.6714320179e-1,5.2020543819e-1,1.1905854244e-1,6.249979941537959e-1,-6.636122130730544e-2,3.4971645216e1,7.189e-1
1016.000000,1.3351999282e-1,1.6067049811e-1,2.9812897814e-3,1.2341542146e-1,8.2940878429e-1,6.249979932270863e-1,-6.636122410123906e-2,1.1052556919e2,3.505e-1
1017.000000,6.3079448871e-2,1.5874943655e-1,1.2021606581e-1,2.0055337840e-1,7.0739762561e-1,6.249979776203671e-1,-6.636121812106340e-2,9.8275371311e1,4.712e-1
1018.000000,3.8487864714e-2,5.6636870879e-2,4.7393834884e-1,2.8316591637e-1,3.9776695253e-1,6.249979766675594e-1,-6.636122032703459e-2,6.3899503713e1,5.160e-1
1019.000000,2.3158954423e-2,8.2098137629e-2,2.7596946580e-2,8.8609150934e-2,1.0285327897e0,6.249979896232107e-1,-6.636121781758295e-2,1.3488424123e2,6.906e-1
1020.000000,1.6562013199e-2,3.2094969728e-2,5.5443711201e-1,5.8184594017e-1,6.5055893107e-2,6.249979641082031e-1,-6.636121050440277e-2,3.1454192245e1,4.230e-1
1021.000000,8.0517134482e-3,4.1422612021e-1,1.7937455032e-1,7.4737558080e-2,5.7360598622e-1,6.249979641401604e-1,-6.636122309480208e-2,7.8080642595e1,3.788e-1
1022.000000,5.5618048503e-3,3.4769674238e-1,3.7232494948e-1,1.6475154538e-1,3.5966086971e-1,6.249979559034251e-1,-6.636122642818799e-2,5.4985414758e1,5.909e-1
1023.000000,1.0122632177e-2,5.1513626743e-2,8.5123241180e-1,7.6793369922e-2,2.6033385737e-1,6.249979490063439e-1,-6.636122535941734e-2,4.2698069445e1,7.408e-1
1024.000000,1.4911952337e-2,9.6329991649e-2,1.3607262458e-1,4.4702617143e-1,5.5565516269e-1,6.249979513403177e-1,-6.636123356954422e-2,8.6717395266e1,5.455e-1
1025.000000,1.9816113925e-2,2.3113916129e-1,7.6921226993e-1,4.1127714071e-2,1.8870062345e-1,6.249979413358381e-1,-6.636123452432374e-2,3.2095651191e1,7.545e-1
1026.000000,4.2810147346e-2,5.1812359573e-1,7.3774117100e-2,1.7901790388e-1,4.3627012324e-1,6.249979436476205e-1,-6.636123612610276e-2,6.3218993901e1,6.639e-1
1027.000000,1.0065603201e-1,9.2025187466e-2,2.1458902571e-1,4.6364939076e-1,3.7907623161e-1,6.249979337778313e-1,-6.636123709492016e-2,6.5309628747e1,3.224e-1
1028.000000,1.9459118963e-1,1.3386219878e-1,1.9321076227e-1,2.0692872838e-2,7.0763884827e-1,6.249979358940454e-1,-6.636123861972172e-2,9.3150650600e1,3.367e-1
1029.000000,4.0795616617e-1,2.2795156132e-1,3.4673436833e-1,8.2718973557e-2,1.8463478803e-1,6.249979287027942e-1,-6.636123933279531e-2,2.9714016174e1,4.769e-1
1030.000000,7.9221997614e-1,3.3206060251e-2,4.3707985745e-2,9.8961280348e-2,2.8190055455e-1,6.249979285194366e-1,-6.636124018468048e-2,4.0062217948e1,5.764e-1
1031.000000,4.1478107771e-1,6.6778921330e-1,5.2255191206e-2,8.0710321004e-2,3.4460052613e-2,6.249979279163965e-1,-6.636123974897651e-2,8.9546275017e0,8.126e-1
1032.000000,9.7718643703e-2,3.1010665428e-1,2.1066737448e-1,2.6623190396e-1,3.6527128241e-1,6.249979294106724e-1,-6.636124029891470e-2,5.7628556701e1,5.604e-1
1033.000000,4.7645498230e-2,6.0482009594e-2,2.2885831240e-1,3.5064124195e-2,8.7794592521e-1,6.249979348132177e-1,-6.636124408645672e-2,1.1547478367e2,9.183e-1
1034.000000,3.2481226023e-2,4.3120392461e-2,3.5352333529e-1,6.0681118888e-1,2.1405967524e-1,6.249979089513253e-1,-6.636124938121425e-2,4.9748264556e1,6.843e-1
1035.000000,1.7274099409e-2,6.3743772786e-1,2.7982274575e-1,3.4252577578e-2,2.8120866739e-1,6.249979089939831e-1,-6.636125297747106e-2,4.0612886380e1,6.880e-1
1036.000000,1.8857526043e-2,3.0168738692e-1,3.1543265629e-1,3.5588879900e-1,2.5812943657e-1,6.249979024134386e-1,-6.636125085192371e-2,4.7565274236e1,5.616e-1
1037.000000,3.5391916834e-2,2.7025554917e-2,1.0372266053e0,1.0537880235e-1,4.4972898458e-2,6.249978889347085e-1,-6.636125035510901e-2,1.7498212588e1,8.039e-1
1038.000000,4.0604781529e-2,4.6620105076e-2,9.2755284761e-1,1.6102364156e-1,7.4194384964e-2,6.249978803695122e-1,-6.636124792778741e-2,2.2183603187e1,2.884e-1
1039.000000,6.8505174059e-2,5.6256304004e-1,5.4037297446e-1,6.5885334653e-2,1.2669246440e-2,6.249978848282111e-1,-6.636124465969258e-2,9.2123567160e0,2.349e-1
1040.000000,3.1837194780e-1,2.5217860062e-1,3.6934150764e-1,1.4023122756e-1,1.6987248681e-1,6.249978852177801e-1,-6.636124356301371e-2,2.9849352830e1,3.615e-1
1041.000000,5.1655440497e-1,8.4783475248e-2,6.2564528619e-2,4.3939410076e-1,1.4669926437e-1,6.249978869783026e-1,-6.636124229015265e-2,3.3766477445e1,2.896e-1
1042.000000,5.3094596368e-1,5.8646203891e-2,4.2403769457e-1,2.7302598576e-2,2.0906330745e-1,6.249978840831487e-1,-6.636124563685515e-2,3.1408853454e1,4.720e-1
1043.000000,3.1483183735e-1,2.7042924888e-1,9.2705331166e-2,5.4696480130e-1,2.5064558320e-2,6.249978885105223e-1,-6.636124154707673e-2,2.2151054172e1,4.331e-1
1044.000000,8.0312014277e-2,4.2881615592e-1,3.9427895780e-1,7.7738436786e-2,2.6885020179e-1,6.249978832858556e-1,-6.636124785051849e-2,4.0952475787e1,6.548e-1
1045.000000,4.1869792335e-2,5.1499666179e-1,2.2423053247e-1,3.9532006110e-1,7.3578718488e-2,6.249978830955949e-1,-6.636124285165070e-2,2.4913090401e1,5.087e-1
1046.000000,1.4125171079e-1,4.6773280935e-1,1.0117236007e-1,7.3778469161e-2,4.6606042201e-1,6.249978856847003e-1,-6.636124696741912e-2,6.3832115385e1,2.567e-1
1047.000000,4.0854219462e-1,3.3548760964e-1,3.6860972767e-2,2.0708588990e-1,2.6201909886e-1,6.249978828936048e-1,-6.636124658132417e-2,4.1335327230e1,4.261e-1
1048.000000,7.4307832494e-1,1.0527922471e-2,2.0373051848e-1,5.9117967745e-2,2.3354103040e-1,6.249978820191455e-1,-6.636124649385688e-2,3.3807466014e1,4.310e-1
1049.000000,3.7885946019e-1,4.3671941819e-1,8.8979330110e-2,2.9570617451e-1,4.9731381615e-2,6.249978823095288e-1,-6.636124611576116e-2,1.7602917639e1,4.389e-1
1050.000000,2.3443168371e-1,2.3170741921e-1,1.6960962620e-1,1.6842621250e-1,4.4582081971e-1,6.249978806633448e-1,-6.636124876399872e-2,6.4392211413e1,5.216e-1
1051.000000,8.9369243499e-2,6.4271046428e-1,6.4802033080e-3,1.2056241915e-1,3.9087343035e-1,6.249978802906366e-1,-6.636124917076924e-2,5.5271743674e1,7.445e-1
1052.000000,5.4877531409e-2,4.7238383636e-1,8.4695717273e-2,6.0082183875e-1,3.7216836113e-2,6.249978799531364e-1,-6.636123673401471e-2,2.5639826039e1,2.758e-1
1053.000000,6.3161652202e-2,5.2996263818e-1,7.6132469863e-2,2.7568889626e-1,3.0505009277e-1,6.249978746354886e-1,-6.636125142352353e-2,4.9569022416e1,2.759e-1
1054.000000,1.3226845674e-1,4.0924664145e-1,6.0241633520e-2,1.0287195740e-1,5.4536706221e-1,6.249978756616960e-1,-6.636125252613156e-2,7.4465447179e1,5.995e-1
1055.000000,2.8919101069e-1,3.5937024906e-1,1.1737758682e-1,2.1796252791e-1,2.6609436994e-1,6.249978722145221e-1,-6.636125288910946e-2,4.2837236944e1,5.548e-1
1056.000000,6.5897771326e-1,7.1332875269e-2,1.4066261903e-1,6.4552471080e-3,3.7256729191e-1,6.249978732860637e-1,-6.636125236971208e-2,4.9492636831e1,6.083e-1
1057.000000,5.0795938990e-1,2.9781222507e-1,8.2084769394e-2,1.8606151027e-3,3.6027874677e-1,6.249978731216986e-1,-6.636125256915856e-2,4.7681501571e1,5.835e-1
1058.000000,1.4967076867e-1,3.1340659057e-1,5.7450962977e-1,1.2987869457e-1,8.2530055088e-2,6.249978693317169e-1,-6.636125273997637e-2,2.0017690881e1,5.598e-1
1059.000000,1.7455407961e-1,1.6961035725e-1,5.1727824266e-1,3.7761821925e-1,1.0934838484e-2,6.249978686332816e-1,-6.636125555795143e-2,1.8048166038e1,4.161e-1
1060.000000,4.3575638882e-1,2.2446152332e-1,1.1741192727e-2,5.4689792954e-1,3.1138707062e-2,6.249978707308175e-1,-6.636125735377148e-2,2.2247219032e1,7.395e-1
1061.000000,6.6135826060e-1,1.2397097811e-2,1.6177704991e-2,1.8378118665e-1,3.7628148529e-1,6.249978676729002e-1,-6.636124714884416e-2,5.4529923056e1,8.084e-1
1062.000000,2.9003828744e-1,4.1092458690e-1,2.9243691511e-2,2.7858274197e-1,2.4120642550e-1,6.249978666583770e-1,-6.636124730100819e-2,4.0989888057e1,5.382e-1
1063.000000,1.3241717842e-1,4.2679869342e-1,3.1156604954e-1,3.2480761546e-1,5.4406189996e-2,6.249978634183785e-1,-6.636124631732826e-2,2.0770170387e1,5.574e-1
1064.000000,2.9182425577e-1,9.2875404631e-2,6.1023540339e-1,9.2708963052e-2,1.6235170161e-1,6.249978642273608e-1,-6.636124729183983e-2,2.8961250789e1,5.498e-1
1065.000000,3.3070899660e-1,1.2785070406e-2,4.4331565197e-2,7.8192628164e-1,8.0243833032e-2,6.249978734395194e-1,-6.636125920753409e-2,3.5838428801e1,4.284e-1
1066.000000,2.0877591184e-1,1.3956134373e-1,7.4696380135e-1,1.2758855643e-2,1.4193580043e-1,6.249978564930057e-1,-6.636124552762471e-2,2.4935286890e1,4.963e-1
1067.000000,1.8432784014e-1,3.5481161316e-1,4.6468192934e-2,1.9300457382e-1,4.7138349419e-1,6.249978571258987e-1,-6.636123994286952e-2,6.7686766309e1,6.534e-1
1068.000000,2.6337065179e-1,3.4083194024e-1,2.6980648428e-1,1.2304523043e-1,2.5294139844e-1,6.249978525906461e-1,-6.636124077979794e-2,3.9285747454e1,5.837e-1
1069.000000,6.2998314823e-1,1.7350229482e-1,1.4181237289e-1,2.1698408204e-1,8.7713807863e-2,6.249978529244201e-1,-6.636124235894436e-2,1.9967353179e1,4.645e-1
1070.000000,7.1093069676e-1,1.1465981131e-1,4.8695586085e-2,2.8860182490e-1,8.7107787424e-2,6.249978532423952e-1,-6.636124248323914e-2,2.1359404847e1,3.847e-1
1071.000000,2.0653881538e-1,5.7123480614e-1,9.7888548949e-2,1.4994316636e-1,2.2439037007e-1,6.249978534537743e-1,-6.636124168891784e-2,3.5548996104e1,4.733e-1
1072.000000,1.2493284498e-1,2.2497870528e-1,3.8982054731e-1,3.9624722643e-2,4.7063888708e-1,6.249978536444230e-1,-6.636124054229522e-2,6.5140756882e1,6.500e-1
1073.000000,2.6212006836e-1,1.3078086260e-1,2.6487906196e-1,6.4707142426e-3,5.8574500333e-1,6.249978552481619e-1,-6.636124231190417e-2,7.7694077537e1,7.609e-1
1074.000000,4.3065231569e-1,6.2485612037e-2,5.0734102593e-1,1.8606604998e-1,6.3450689960e-2,6.249978467977536e-1,-6.636124279181357e-2,1.8474827504e1,6.059e-1
1075.000000,5.5002648866e-1,6.8456540275e-2,2.4067123466e-1,2.7790120125e-1,1.1294023067e-1,6.249978477603971e-1,-6.636124140950611e-2,2.5686484168e1,5.904e-1
1076.000000,4.9274680542e-1,7.7671856576e-2,1.8942647872e-1,1.1082374602e-1,3.7932681029e-1,6.249978485147749e-1,-6.636124380519214e-2,5.4017320536e1,4.734e-1
1077.000000,1.8136276802e-1,6.6197582660e-1,9.4108282353e-2,1.8896624847e-1,1.2358257195e-1,6.249978486950772e-1,-6.636124295573506e-2,2.4032988456e1,6.805e-1
1078.000000,2.2470210971e-1,3.3745966365e-1,3.8959670829e-1,3.3702286199e-2,2.6453492722e-1,6.249978475333737e-1,-6.636124362618161e-2,3.8842987891e1,6.206e-1
1079.000000,4.3025351219e-1,4.6969292306e-2,5.3723711169e-1,5.5108127910e-3,2.3002496283e-1,6.249978459022711e-1,-6.636124422286746e-2,3.4226503486e1,6.526e-1
1080.000000,4.6155883381e-1,1.1649756489e-1,3.9558785893e-1,1.0239240190e-1,1.7395904084e-1,6.249978501844126e-1,-6.636124538906643e-2,2.9171791506e1,6.341e-1
1081.000000,5.2787812358e-1,4.5921611491e-2,9.4362236410e-2,9.8308471870e-2,4.8352526077e-1,6.249978520599655e-1,-6.636124622004919e-2,6.6147784655e1,5.731e-1
1082.000000,3.0824373538e-1,2.8706212583e-1,5.1593286199e-2,5.3925134216e-1,6.3845213460e-2,6.249978515154951e-1,-6.636124408231812e-2,2.6569222681e1,5.178e-1
1083.000000,1.0037757830e-1,3.4661997596e-1,4.8159332886e-1,1.3665305588e-1,1.8475174992e-1,6.249978444609680e-1,-6.636124970218618e-2,3.2617297150e1,5.464e-1
1084.000000,2.4766096826e-2,4.4399332903e-1,1.9178298503e-1,4.9661987643e-1,9.2833411539e-2,6.249978494248720e-1,-6.636124581455274e-2,3.0209146309e1,3.884e-1
1085.000000,1.0987621005e-2,3.6002830473e-1,2.7345980357e-1,9.3209653470e-2,5.1231030815e-1,6.249978454683696e-1,-6.636124845116427e-2,7.1471657203e1,3.433e-1
1086.000000,3.3618257828e-2,6.9120474356e-1,6.2813455378e-2,2.5081578420e-1,2.1154344340e-1,6.249978421854977e-1,-6.636124686971867e-2,3.7005392109e1,6.263e-1
1087.000000,1.1130900354e-1,1.6087136086e-1,1.8492485159e-1,2.7814652545e-2,7.6507581984e-1,6.249978441889512e-1,-6.636124742759816e-2,1.0067656986e2,6.406e-1
1088.000000,1.7581601967e-1,1.1904136325e-2,1.5459926874e-1,5.4748987194e-1,3.6018635404e-1,6.249978253571626e-1,-6.636124948513224e-2,6.4972039651e1,3.476e-1
1089.000000,1.8144080329e-1,9.3642921066e-3,4.9547610463e-1,2.9950610776e-1,2.6420833502e-1,6.249978214003279e-1,-6.636124929127352e-2,4.7476120153e1,5.143e-1
1090.000000,9.8315035261e-2,2.8358289367e-1,1.5603698360e-1,2.6536319472e-2,6.8552442159e-1,6.249978267980915e-1,-6.636125502663236e-2,9.0460907361e1,7.891e-1
1091.000000,5.7757597504e-2,2.7310736896e-1,2.5197979650e-1,5.8445558239e-2,6.0870532355e-1,6.249978223726446e-1,-6.636125370211578e-2,8.2375471187e1,6.931e-1
1092.000000,6.1825623030e-2,2.2159100314e-1,1.6803519181e-1,7.1338995615e-2,7.2720483524e-1,6.249978244150286e-1,-6.636125521514472e-2,9.7183443122e1,8.094e-1
1093.000000,9.6937037788e-2,1.7258397848e-1,4.3134478755e-1,4.5131433912e-1,9.7815473539e-2,6.249978082335298e-1,-6.636125409955601e-2,3.0806834241e1,6.264e-1
1094.000000,2.0130626992e-1,2.5980338319e-1,5.7574304728e-1,6.7464870112e-2,1.4567804656e-1,6.249978085295870e-1,-6.636125289666803e-2,2.6031870083e1,4.810e-1
1095.000000,7.0294020979e-1,1.9951477823e-1,3.2513528225e-2,1.2523385358e-1,1.8979324934e-1,6.249978095775791e-1,-6.636125221930968e-2,2.9311627118e1,6.735e-1
1096.000000,7.2569381302e-1,1.0357297435e-1,2.9340449014e-1,2.3829470696e-2,1.0349486995e-1,6.249978090782026e-1,-6.636125238755752e-2,1.6927115192e1,7.065e-1
1097.000000,3.0822596102e-1,2.5892564866e-1,3.4205328323e-1,1.9695002119e-2,3.2109572289e-1,6.249978089544865e-1,-6.636125224602575e-2,4.5138883141e1,4.606e-1
1098.000000,1.8534775258e-1,1.6736844357e-1,4.1148269288e-1,1.2818216437e-1,3.5761456313e-1,6.249978082626220e-1,-6.636125255587171e-2,5.3595765647e1,6.268e-1
1099.000000,2.3856545697e-1,8.3577059145e-3,9.3298160880e-2,8.3168245215e-2,8.2660605876e-1,6.249978138663868e-1,-6.636125164936175e-2,1.0934934280e2,1.814e-1
1100.000000,2.0088595783e-1,5.1162076385e-2,6.8558029672e-3,2.3644713631e-1,7.5464462648e-1,6.249977999883063e-1,-6.636124153249481e-2,1.0441843411e2,4.390e-1
1101.000000,1.2399632094e-1,1.3452600395e-1,2.1162104859e-1,7.7317100626e-1,6.6812161847e-3,6.249977979671472e-1,-6.636124774156162e-2,2.7620686429e1,8.003e-1
1102.000000,1.5693462057e-1,3.5511848837e-1,1.8360187960e-1,3.6223927924e-1,1.9210129913e-1,6.249977834545598e-1,-6.636124208630803e-2,3.8438142548e1,5.803e-1
1103.000000,5.8738689997e-1,4.2229446167e-1,4.0362123903e-2,3.2592939718e-2,1.6735914509e-1,6.249977851783975e-1,-6.636124113705576e-2,2.3926124007e1,5.938e-1
1104.000000,8.8336193776e-1,6.7657919438e-2,1.0978661439e-2,6.1392013081e-2,2.2660503850e-1,6.249977851124594e-1,-6.636124099816736e-2,3.1634815446e1,4.714e-1
1105.000000,3.1150804797e-1,4.2688827257e-1,2.2911820471e-1,7.4782187533e-2,2.0769885540e-1,6.249977840950613e-1,-6.636124178820371e-2,3.1820959700e1,4.499e-1
1106.000000,1.6560870378e-1,8.9335488576e-2,4.7634426376e-1,1.6003793500e-1,3.5866917268e-1,6.249977818987565e-1,-6.636124209477424e-2,5.5103097462e1,4.087e-1
1107.000000,1.0897800362e-1,1.9065690265e-1,5.7951497746e-4,5.9843149176e-1,3.5134964451e-1,6.249977787645654e-1,-6.636123884926348e-2,6.4563001161e1,4.628e-1
1108.000000,8.4738603140e-2,7.2246901540e-2,4.4423356556e-1,1.8943073377e-1,4.5934575628e-1,6.249977801404950e-1,-6.636123374942926e-2,6.8598771913e1,6.443e-1
1109.000000,7.9040739060e-2,3.0424717686e-2,6.7096160134e-2,5.0148918215e-1,5.7194476224e-1,6.249977806381081e-1,-6.636122820257595e-2,8.9893722482e1,7.252e-1
1110.000000,5.0970943292e-2,2.8144310895e-1,6.9588224340e-1,3.7958590402e-2,1.8374064294e-1,6.249977644914042e-1,-6.636122841821093e-2,3.0888906826e1,4.233e-1
1111.000000,5.1322367980e-2,5.4107571793e-1,2.9560946477e-1,7.9829406804e-2,2.8215857683e-1,6.249977671608444e-1,-6.636122874867365e-2,4.2143527190e1,3.930e-1
1112.000000,9.9252674249e-2,1.3360982869e-1,1.2020494694e-1,5.2869297047e-1,3.6823511936e-1,6.249977698559417e-1,-6.636123031066643e-2,6.5330755904e1,3.752e-1
1113.000000,1.6910378877e-1,1.0732252726e-1,4.4410687777e-2,8.8263382943e-1,4.6524709138e-2,6.249977711907275e-1,-6.636124426616059e-2,3.4853927763e1,2.107e-1
1114.000000,2.1416134239e-1,2.0381645594e-2,7.0167314708e-1,2.7102584186e-1,4.2753530415e-2,6.249977536758413e-1,-6.636122374361433e-2,1.9906507972e1,5.907e-1
1115.000000,1.9523712053e-1,6.8088415547e-2,3.3850694906e-2,1.1969403842e-1,8.3312525334e-1,6.249977613765457e-1,-6.636121926866088e-2,1.1097484261e2,2.739e-1
1116.000000,1.6756851868e-1,1.0274077799e-1,8.7076306300e-2,1.2075882060e-1,7.7185107594e-1,6.249977497557649e-1,-6.636121257685187e-2,1.0364709625e2,2.888e-1
1117.000000,1.6610866346e-1,2.9038516908e-1,2.5345174624e-1,6.9782993786e-2,4.7026692189e-1,6.249977472269452e-1,-6.636121448787423e-2,6.5118660443e1,5.031e-1
1118.000000,5.3512982213e-1,4.7704931056e-1,3.5034532319e-2,3.9678117261e-2,1.6310371147e-1,6.249977468745349e-1,-6.636121455339448e-2,2.3648914612e1,6.731e-1
1119.000000,9.8071485857e-1,3.1931304581e-2,1.0176922733e-1,4.1318589063e-2,9.4261514027e-2,6.249977467867888e-1,-6.636121461939877e-2,1.4756042503e1,8.810e-1
1120.000000,3.3270531368e-1,5.5424018616e-1,1.7773971515e-1,2.2731745371e-2,1.6257853294e-1,6.249977466533205e-1,-6.636121446881030e-2,2.4234218819e1,6.813e-1
1121.000000,1.2031301838e-1,1.7652919981e-1,1.2121204023e-1,2.9302505071e-1,5.3891618819e-1,6.249977486615037e-1,-6.636120704186821e-2,7.9740984942e1,7.307e-1
1122.000000,6.4643839744e-2,3.9700586340e-1,1.0139797798e-1,1.7169443783e-1,5.1525337546e-1,6.249977472088215e-1,-6.636120838393553e-2,7.3084171540e1,7.033e-1
1123.000000,1.2846768145e-1,3.4111137050e-1,2.2284509904e-1,2.9895062919e-1,2.5862070084e-1,6.249977405090141e-1,-6.636120632060893e-2,4.5199087216e1,5.466e-1
1124.000000,2.9130503034e-1,1.9600676869e-1,4.1207240198e-2,3.1970212919e-1,4.0177431929e-1,6.249977438529222e-1,-6.636120273114984e-2,6.2524904977e1,6.007e-1
1125.000000,5.0923724438e-1,4.1919699374e-2,8.2223685111e-2,4.3892464537e-1,1.7769020682e-1,6.249977405296505e-1,-6.636120462958719e-2,3.7786182627e1,4.915e-1
1126.000000,3.7834961804e-1,3.4480507874e-1,2.8716928502e-1,1.9197997523e-1,4.7691520639e-2,6.249977388399384e-1,-6.636120239957763e-2,1.5424013096e1,5.593e-1
1127.000000,2.8868412748e-1,3.5809353064e-1,3.2325094315e-1,1.3623122330e-1,1.4373565376e-1,6.249977391707893e-1,-6.636120201674919e-2,2.6204099497e1,5.371e-1
1128.000000,4.1691756585e-1,2.2501318375e-2,4.8279929908e-2,3.9959466109e-1,3.6270200122e-1,6.249977382211369e-1,-6.636119888036915e-2,5.9852586170e1,6.365e-1
1129.000000,2.7670997515e-1,1.8223979228e-1,1.2509047895e-1,1.3228486615e-1,5.3367036417e-1,6.249977383503800e-1,-6.636119525560488e-2,7.4046480735e1,4.892e-1
1130.000000,2.9854962054e-1,2.5090578270e-1,1.2375163415e-1,1.6803097342e-1,4.0875745646e-1,6.249977336383354e-1,-6.636119487265024e-2,5.9339045026e1,4.075e-1
1131.000000,5.6489174548e-1,3.7779720343e-2,1.1844658115e-1,2.6189446865e-1,2.6698294440e-1,6.249977300134426e-1,-6.636119246033187e-2,4.3860017843e1,4.625e-1
1132.000000,4.1156664210e-1,3.5705725725e-1,2.1910207076e-1,1.9716206353e-1,6.5107426803e-2,6.249977302222715e-1,-6.636119445231774e-2,1.7315651065e1,5.975e-1
1133.000000,3.5489301143e-1,1.7438709802e-1,3.6789576894e-1,3.3211467752e-1,2.0704908135e-2,6.249977320201471e-1,-6.636119440219670e-2,1.6747284775e1,3.617e-1
1134.000000,4.3854310713e-1,2.9651316659e-2,2.9684885358e-2,3.8503065024e-1,3.6708550061e-1,6.249977299987055e-1,-6.636118986619391e-2,5.9823978155e1,2.242e-1
1135.000000,2.3369300348e-1,5.3104416379e-1,3.5186759333e-1,1.3497191375e-2,1.1989350111e-1,6.249977265427630e-1,-6.636119037253303e-2,1.9772153842e1,5.004e-1
1136.000000,4.1046365498e-1,1.4478170972e-1,4.8242922792e-1,1.6103598493e-1,5.1284877296e-2,6.249977274197966e-1,-6.636119039083262e-2,1.6071844882e1,5.803e-1
1137.000000,4.7132557673e-1,4.9447747849e-2,5.2795211610e-1,2.9787209302e-2,1.7148279833e-1,6.249977241539162e-1,-6.636118902715482e-2,2.7461164097e1,6.344e-1
1138.000000,2.2580174425e-1,3.8029656353e-1,1.4887762030e-1,3.7331172194e-1,1.2170780179e-1,6.249977259068167e-1,-6.636119191559176e-2,2.9589088693e1,5.844e-1
1139.000000,1.4070644200e-1,3.5480024661e-1,4.4673980553e-2,5.4966917568e-1,1.6014560580e-1,6.249977253216493e-1,-6.636119773873922e-2,3.9225396723e1,4.133e-1
1140.000000,9.0241524054e-2,2.9474787155e-1,4.1903557647e-1,3.9603500853e-1,4.9935458049e-2,6.249977193274756e-1,-6.636119092249687e-2,2.3051760020e1,5.945e-1
1141.000000,9.7262217363e-2,6.3882480884e-1,4.0090524796e-2,3.7666357492e-1,9.7154313977e-2,6.249977199455335e-1,-6.636118371043823e-2,2.6135991511e1,6.980e-1
1142.000000,2.4613888572e-1,1.4139799987e-1,1.5133077395e-1,6.2928550076e-1,8.1842290473e-2,6.249977253891081e-1,-6.636117622987363e-2,3.2229460839e1,6.262e-1
1143.000000,3.8305815992e-1,5.2317270122e-2,2.1953156831e-1,3.6884032123e-1,2.2624813099e-1,6.249977252904376e-1,-6.636118338529948e-2,4.2815067213e1,4.571e-1
1144.000000,4.7195702447e-1,4.4327930379e-2,1.4702741544e-1,3.2580755287e-2,5.5410231448e-1,6.249977200283336e-1,-6.636118256421553e-2,7.3468534119e1,7.210e-1
1145.000000,3.6897224811e-1,1.2937417902e-1,3.5608956660e-1,4.6101184014e-3,3.9094931572e-1,6.249977139288883e-1,-6.636118363721130e-2,5.3480987216e1,5.962e-1
1146.000000,1.1492961330e-1,4.9681313380e-1,1.8239047679e-1,1.8466744437e-1,2.7119475350e-1,6.249977108781520e-1,-6.636118254248215e-2,4.3132501556e1,4.956e-1
1147.000000,6.5367906502e-2,6.5221075812e-2,2.8803535860e-1,2.7006193415e-1,5.6130914114e-1,6.249977080992675e-1,-6.636117146608841e-2,8.2956960932e1,7.152e-1
1148.000000,4.4119886492e-2,7.0593649900e-2,1.2892553552e-1,1.2497537945e-1,8.8138100048e-1,6.249977259209014e-1,-6.636116887410110e-2,1.1801063173e2,8.116e-1
1149.000000,2.2215645106e-2,6.7107994717e-1,6.6379512794e-2,3.6632695469e-2,4.5368761308e-1,6.249977068057313e-1,-6.636117026448719e-2,6.1128564548e1,7.523e-1
1150.000000,2.8819587399e-2,1.0925667846e-1,5.5120096537e-1,5.3468246103e-1,2.6035729134e-2,6.249977106937297e-1,-6.636117442461067e-2,2.5084942956e1,7.003e-1
1151.000000,4.5007567686e-2,3.0642508599e-2,6.2234961704e-1,5.3805972565e-2,4.9818972918e-1,6.249976975314414e-1,-6.636116308901617e-2,7.0552662194e1,6.977e-1
1152.000000,6.4546895510e-2,1.7226639225e-1,5.6776693237e-1,4.5672099316e-2,3.9974306369e-1,6.249976915689208e-1,-6.636115598311738e-2,5.7547561022e1,6.068e-1
1153.000000,1.6764189414e-1,2.7280633246e-1,1.4214149016e-1,6.1626451792e-1,5.1141149031e-2,6.249976918566061e-1,-6.636116218314667e-2,2.8033097183e1,5.243e-1
1154.000000,2.6758944195e-1,2.5669698821e-3,3.8465774946e-1,2.7239331312e-1,3.2278788929e-1,6.249976818537812e-1,-6.636114756942475e-2,5.3249626505e1,5.112e-1
1155.000000,2.3032832431e-1,5.1623451009e-2,4.1209588683e-1,7.1788452161e-2,4.8415926050e-1,6.249976874052310e-1,-6.636114571441067e-2,6.7784793972e1,6.569e-1
1156.000000,1.0593376084e-1,4.1051346406e-1,6.1063229503e-2,8.0579408032e-2,5.9190552022e-1,6.249976913290723e-1,-6.636114477355239e-2,7.9704947289e1,7.617e-1
1157.000000,1.2828346409e-1,1.4473114007e-1,1.6760175016e-1,9.3512483662e-2,7.1586654560e-1,6.249976917948257e-1,-6.636114436238631e-2,9.6317735328e1,7.354e-1
1158.000000,3.0150556348e-1,2.8583462714e-1,2.3563021861e-1,1.5311987843e-1,2.7390508113e-1,6.249976843965802e-1,-6.636114194942716e-2,4.2567150280e1,4.998e-1
1159.000000,9.5926300857e-1,2.2597995147e-1,3.4798968516e-2,1.8170479806e-2,1.1782958818e-2,6.249976835919548e-1,-6.636114211068531e-2,3.2996572378e0,4.863e-1
1160.000000,8.4645210777e-1,3.6555893241e-1,4.0698830806e-3,1.7099187592e-2,1.6815256391e-2,6.249976836257763e-1,-6.636114210651528e-2,3.8864298043e0,5.275e-1
1161.000000,2.3294843451e-1,3.0108561266e-1,2.6446828543e-1,1.1279600211e-1,3.3869703219e-1,6.249976834517961e-1,-6.636114189553691e-2,4.9797083914e1,5.753e-1
1162.000000,1.0612410373e-1,2.2734450498e-1,1.6995488814e-1,4.8693231967e-1,2.5963955880e-1,6.249976876553229e-1,-6.636114210696366e-2,5.0683087922e1,6.976e-1
1163.000000,3.7102957499e-2,2.6584415645e-1,1.8658748063e-1,1.3304429484e-1,6.2741647719e-1,6.249976833075606e-1,-6.636113783290729e-2,8.6609666152e1,3.644e-1
1164.000000,1.6026613256e-2,4.0323934543e-1,1.6222470628e-1,4.9611098499e-2,6.1889359312e-1,6.249976782885607e-1,-6.636114049708133e-2,8.2918224719e1,5.983e-1
1165.000000,4.5719992486e-3,2.8540555535e-1,2.4248886894e-1,2.2505948281e-1,4.9246945092e-1,6.249976786329824e-1,-6.636114001948291e-2,7.2751001229e1,4.459e-1
1166.000000,6.0323411310e-3,6.1578579774e-1,6.1697676492e-4,7.6892834119e-2,5.5066740070e-1,6.249976752282800e-1,-6.636113829242982e-2,7.4185521561e1,5.850e-1
1167.000000,1.5917315310e-2,6.5275428581e-2,2.9956542488e-1,1.8097339099e-1,6.8826378494e-1,6.249976723560577e-1,-6.636113657344561e-2,9.6423945899e1,8.255e-1
1168.000000,3.0272394876e-2,3.8079773251e-1,8.6937388592e-2,1.6491559232e-1,5.8707223031e-1,6.249976693035376e-1,-6.636113299469948e-2,8.1894775205e1,6.022e-1
1169.000000,1.0599076748e-1,2.5449392338e-1,4.6056249307e-1,4.1013204848e-1,1.8816086851e-2,6.249976596345951e-1,-6.636113884584438e-2,1.9779167843e1,4.547e-1
1170.000000,2.4367927816e-1,2.9023986650e-1,6.1531007698e-3,5.0962743405e-1,2.0029564238e-1,6.249976609309966e-1,-6.636113506334226e-2,4.2697464292e1,6.975e-1
1171.000000,4.5642710875e-1,1.3655548827e-2,3.7737712263e-1,3.2496686353e-1,7.7568675004e-2,6.249976593696315e-1,-6.636113052619139e-2,2.3602271667e1,6.610e-1
1172.000000,3.8854485509e-1,8.0577537765e-2,1.2096555344e-1,5.7011290359e-1,8.9794465964e-2,6.249976579193837e-1,-6.636113782648154e-2,3.1060456489e1,6.233e-1
1173.000000,2.4965871565e-1,1.3745272918e-1,1.7388613464e-1,4.7102349219e-1,2.1797424007e-1,6.249976558631701e-1,-6.636112865706430e-2,4.4764278372e1,4.869e-1
1174.000000,7.5726262130e-2,8.6310126316e-1,1.1896959976e-2,1.1459214190e-2,2.8781160237e-1,6.249976509101915e-1,-6.636112350909262e-2,3.9065821294e1,4.098e-1
1175.000000,2.6937092479e-2,2.0361913977e-1,1.5816521013e-1,2.1242441240e-1,6.4884944105e-1,6.249976479141710e-1,-6.636111731062105e-2,9.1536338158e1,3.279e-1
1176.000000,2.6772437560e-2,4.1809789009e-2,1.8726502534e-1,9.3369778344e-1,6.0450266166e-2,6.249976507541350e-1,-6.636115607612805e-2,3.9211089139e1,9.334e-1
1177.000000,4.7450979565e-2,2.9349315698e-1,3.9588582196e-1,1.8556572018e-1,3.2759960970e-1,6.249976441991226e-1,-6.636110894320571e-2,5.1648651467e1,6.267e-1
1178.000000,1.5583747299e-1,2.2989433027e-1,1.0803544638e-1,5.1744558493e-1,2.3878246336e-1,6.249976489718372e-1,-6.636110874284644e-2,4.8524404997e1,7.003e-1
1179.000000,2.4322028692e-1,2.6070037724e-3,7.0222488902e-1,1.2419899269e-2,2.8952319631e-1,6.249976376426680e-1,-6.636110988605466e-2,4.3201029167e1,4.995e-1
1180.000000,2.1021711256e-1,4.6146621153e-2,1.0573872103e-1,3.5028217386e-1,5.3761065113e-1,6.249976398707264e-1,-6.636111283530483e-2,8.1066504475e1,6.809e-1
1181.000000,9.7790981169e-2,3.2594246860e-1,1.3538009709e-1,3.9030973027e-3,6.8697864287e-1,6.249976435125304e-1,-6.636111410364964e-2,8.9841986605e1,6.929e-1
1182.000000,5.8623649666e-2,1.6380452530e-1,3.9754259430e-1,3.0791706992e-2,5.9923279858e-1,6.249976374184494e-1,-6.636111369018391e-2,8.1224394471e1,5.944e-1
1183.000000,1.0108029224e-1,2.3964939274e-1,2.3047566126e-1,4.4655199153e-1,2.3223791585e-1,6.249976268039800e-1,-6.636111063149273e-2,4.6389761179e1,4.998e-1
1184.000000,3.1776098846e-1,3.6115571619e-1,1.3105776321e-2,1.0433413867e-1,4.5363864017e-1,6.249976299043746e-1,-6.636110434111259e-2,6.2390476516e1,5.063e-1
1185.000000,6.6554271021e-1,4.3554024639e-3,4.0772536228e-2,5.0912070296e-1,3.0203907350e-2,6.249976296060709e-1,-6.636110888094883e-2,2.0825625085e1,3.647e-1
1186.000000,4.3804022491e-1,1.7040738225e-1,6.0412729634e-1,1.8811719156e-2,1.8608628989e-2,6.249976258265652e-1,-6.636110447384760e-2,8.3767327713e0,5.802e-1
1187.000000,3.0776403950e-1,1.4653109568e-1,1.4309332199e-1,2.1370654513e-1,4.3890024675e-1,6.249976245200145e-1,-6.636109736982386e-2,6.4609531815e1,5.227e-1
1188.000000,2.4189058411e-1,2.2935586369e-1,2.7432426535e-3,2.3554897057e-1,5.4045658372e-1,6.249976223646456e-1,-6.636109184179530e-2,7.7317612734e1,7.033e-1
1189.000000,2.2712279376e-1,5.9850872431e-2,8.1049738297e-1,6.3622474939e-2,8.8901706937e-2,6.249976155171267e-1,-6.636109365231253e-2,2.0132579891e1,4.741e-1
1190.000000,1.3862641111e-1,3.0396738910e-1,1.1791898848e-2,2.0849518240e-1,5.8711436286e-1,6.249976221660181e-1,-6.636108500725366e-2,8.2594067458e1,4.743e-1
1191.000000,1.0606832442e-1,2.9626642654e-1,4.0241609954e-1,1.5952240814e-1,2.8572196559e-1,6.249976121095151e-1,-6.636108242473328e-2,4.5542024467e1,6.214e-1
1192.000000,1.7155236164e-1,4.7920421157e-1,1.3274316972e-1,4.4344587143e-1,2.3049620365e-2,6.249976173568688e-1,-6.636108796863875e-2,1.9246749254e1,3.322e-1
1193.000000,4.6073325549e-1,8.4944656112e-2,3.5091054403e-1,1.2776269249e-1,2.2564407541e-1,6.249976117674173e-1,-6.636108820637969e-2,3.6178388105e1,3.950e-1
1194.000000,5.2650388403e-1,7.4214377129e-2,1.3913918198e-1,3.8322452220e-1,1.2691325872e-1,6.249976120327971e-1,-6.636108557721669e-2,3.0032875979e1,3.558e-1
1195.000000,4.4038346439e-1,7.3178593160e-2,1.0317711957e-1,3.9472018106e-1,2.3853586923e-1,6.249976137017569e-1,-6.636108805975011e-2,4.4355602930e1,5.934e-1
1196.000000,2.7292051817e-1,1.8374804859e-1,6.2082531877e-1,1.2260683955e-1,4.9894498386e-2,6.249976117287026e-1,-6.636108943087768e-2,1.5780473565e1,4.053e-1
1197.000000,9.7481378762e-2,4.0630334639e-1,9.3590375435e-2,5.7059753063e-1,8.2022600573e-2,6.249976158956830e-1,-6.636109080542639e-2,3.0368084239e1,6.661e-1
1198.000000,1.0070916823e-1,1.4482870203e-1,4.5385338967e-2,2.9305045542e-1,6.6602155254e-1,6.249976085908018e-1,-6.636107842378121e-2,9.5331467998e1,8.150e-1
1199.000000,1.1500828477e-1,7.9300877626e-2,9.0309315263e-1,8.5967670222e-2,6.6625207710e-2,6.249975964769913e-1,-6.636107965542512e-2,1.8719843153e1,3.700e-1
1200.000000,1.2390486696e-1,2.5636067279e-1,9.8620415541e-2,1.1042398204e-1,6.6068527425e-1,6.249976057851973e-1,-6.636107893815235e-2,8.9464919632e1,8.124e-1
1201.000000,2.1398060130e-1,4.4783767444e-2,2.7884773725e-1,4.2350322361e-1,2.8887990123e-1,6.249976154201081e-1,-6.636108040305130e-2,5.2956070247e1,5.342e-1
1202.000000,2.7283790256e-1,1.2462001301e-2,1.5087821037e-1,3.5630146114e-2,7.7818696243e-1,6.249976113846832e-1,-6.636107819595941e-2,1.0211646450e2,8.667e-1
1203.000000,2.2970422678e-1,6.8618863566e-2,2.9134981032e-1,1.5752205058e-1,5.0280025519e-1,6.249976032236038e-1,-6.636107945279755e-2,7.1982026607e1,7.072e-1
1204.000000,1.1410088523e-1,2.1960409368e-1,1.1131343498e-1,1.5757105106e-1,6.4740573467e-1,6.249975998146765e-1,-6.636107737775397e-2,8.9296973782e1,7.959e-1
1205.000000,9.7058328704e-2,1.9103147544e-2,2.4894874986e-1,1.1703758291e-1,7.6784736234e-1,6.249975856792505e-1,-6.636107539922885e-2,1.0410799049e2,8.662e-1
1206.000000,9.1371296552e-2,7.4929075420e-3,3.7161269162e-1,2.4011693167e-1,5.3940131253e-1,6.249975699585233e-1,-6.636106442805192e-2,7.9760682814e1,7.227e-1
1207.000000,6.5938297050e-2,1.1794780625e-1,1.0203931468e0,3.0281801799e-2,1.5434081902e-2,6.249975669027138e-1,-6.636106252283823e-2,1.1376590076e1,3.566e-1
1208.000000,2.5620011996e-2,4.1706712782e-1,8.9199072482e-2,6.2746824109e-1,9.0640699062e-2,6.249975762251074e-1,-6.636106320518975e-2,3.3241530036e1,5.807e-1
1209.000000,1.4786605856e-2,2.8604801353e-1,4.1232617805e-2,8.1439820109e-3,8.9978394185e-1,6.249975805261303e-1,-6.636106309155333e-2,1.1634230225e2,9.304e-1
1210.000000,1.5099656512e-2,6.4188218290e-2,4.6699175699e-1,5.6939856956e-1,1.3431692772e-1,6.249975645319563e-1,-6.636105311397250e-2,3.9285181295e1,5.030e-1
1211.000000,3.2149732248e-2,3.9350491174e-1,1.3696625103e-1,3.2746096466e-2,6.5462813899e-1,6.249975652376227e-1,-6.636107002273973e-2,8.6739091576e1,2.120e-1
1212.000000,1.1485604058e-1,3.3418060779e-1,1.9657227096e-1,4.5288173377e-1,1.5150446198e-1,6.249975575370029e-1,-6.636106927103115e-2,3.6183154017e1,6.722e-1
1213.000000,2.0940846647e-1,1.5897294193e-1,1.2782720704e-1,2.9058831716e-1,4.6319817635e-1,6.249975544762445e-1,-6.636107438047120e-2,7.0033460495e1,3.942e-1
1214.000000,3.7451860295e-1,5.1463833649e-1,2.0371551679e-1,1.1852599859e-1,3.8596650680e-2,6.249975527496761e-1,-6.636107395604744e-2,1.1579463351e1,5.515e-1
1215.000000,1.0534656383e0,2.3036663165e-2,7.9704978727e-2,1.6108991418e-2,7.7678834016e-2,6.249975528261880e-1,-6.636107408917154e-2,1.1668824455e1,8.649e-1
1216.000000,5.7979676150e-1,3.1070038414e-1,2.9483067394e-1,2.1360588714e-2,4.3306696722e-2,6.249975525111968e-1,-6.636107413501131e-2,9.4967405599e0,6.890e-1
1217.000000,2.2376001728e-1,2.2137757022e-1,2.4768459140e-1,1.3037714415e-1,4.2679578715e-1,6.249975550983782e-1,-6.636107415687660e-2,6.1338041248e1,5.145e-1
1218.000000,1.1602256622e-1,1.5287149858e-1,2.2009490778e-1,1.5550786239e-2,7.4545536593e-1,6.249975623747142e-1,-6.636107610627624e-2,9.8040425541e1,5.939e-1
1219.000000,1.2150988654e-1,2.6079631786e-2,5.1258289576e-1,4.3185946609e-1,1.5796322198e-1,6.249975510793221e-1,-6.636107185238518e-2,3.8252372701e1,6.427e-1
1220.000000,1.1007488671e-1,6.9034976871e-2,1.5870161207e-1,7.3087284207e-1,1.8131078503e-1,6.249975513738901e-1,-6.636108393269259e-2,4.8058431723e1,6.627e-1
1221.000000,1.1126895799e-1,7.9184554932e-2,6.6188640658e-1,7.2360877024e-3,3.9041906582e-1,6.249975365117054e-1,-6.636108507238211e-2,5.5714290073e1,7.730e-1
1222.000000,2.0102747106e-1,1.4829343748e-1,2.2385657423e-1,4.5890048778e-1,2.1791710247e-1,6.249975365105670e-1,-6.636108528493354e-2,4.4766157930e1,4.979e-1
1223.000000,3.7550993854e-1,6.7744352908e-2,4.4901388093e-2,7.6341797223e-4,7.6107599449e-1,6.249975460003460e-1,-6.636108643151852e-2,9.8124611449e1,8.691e-1
1224.000000,4.1854515527e-1,3.5959890576e-2,1.1912821834e-1,2.0729914849e-1,4.6906265907e-1,6.249975358722321e-1,-6.636108707815083e-2,6.7907811218e1,6.805e-1
1225.000000,2.8092982668e-1,7.2273248461e-2,7.5680695692e-1,3.9337746150e-2,1.0064728090e-1,6.249975295587035e-1,-6.636108734154171e-2,2.0481126898e1,8.254e-1
1226.000000,1.6986145794e-1,1.6768842585e-1,1.7726346250e-1,6.0385671510e-1,1.3132500394e-1,6.249975326605408e-1,-6.636108703995773e-2,3.7971430669e1,6.249e-1
1227.000000,1.8239198001e-1,1.8952995835e-2,8.2247587782e-1,5.5167056464e-2,1.7100713099e-1,6.249975205617198e-1,-6.636108934631009e-2,3.0363167578e1,8.723e-1
1228.000000,1.5338143017e-1,8.3198751841e-2,9.5255051398e-2,1.2648331716e-1,7.9167650928e-1,6.249975299229285e-1,-6.636109092999125e-2,1.0638718797e2,6.549e-1
1229.000000,1.3835770459e-1,4.0859260773e-2,4.5563024697e-1,2.3709027072e-1,3.7805756228e-1,6.249975226673607e-1,-6.636109072730401e-2,5.9774195985e1,5.271e-1
1230.000000,1.4785797380e-1,5.0008950494e-3,1.0030833560e-1,3.6075719288e-1,6.3607064478e-1,6.249975210575400e-1,-6.636108924926767e-2,9.3847670166e1,5.077e-1
1231.000000,1.1608355330e-1,4.9619087204e-2,4.3507919097e-2,7.1839101481e-2,9.6894538523e-1,6.249975231522349e-1,-6.636108631711322e-2,1.2682920386e2,8.078e-1
1232.000000,6.9217753510e-2,2.8011771986e-1,3.4042825043e-1,4.8094385621e-1,7.9287442628e-2,6.249975113234032e-1,-6.636108010901583e-2,2.8857266375e1,5.672e-1
1233.000000,1.6302027085e-1,6.2255310314e-1,3.4523153154e-1,3.5505064332e-2,8.3685037325e-2,6.249975035980484e-1,-6.636108641081706e-2,1.5936315430e1,3.729e-1
1234.000000,3.6114144101e-1,2.7376293067e-2,8.0135670177e-2,1.9250229292e-1,5.8883931537e-1,6.249975062743258e-1,-6.636108463032546e-2,8.2407914409e1,5.527e-1
1235.000000,3.4950667045e-1,2.6988366711e-2,5.0109228749e-1,3.0939044166e-1,6.3017240198e-2,6.249975032586563e-1,-6.636108347652678e-2,2.2204169247e1,5.562e-1
1236.000000,2.1412058785e-1,1.6346066219e-1,1.0084274031e-1,4.2805746224e-1,3.4351354729e-1,6.249974999425927e-1,-6.636108422042911e-2,5.8908296386e1,4.301e-1
1237.000000,1.4760618563e-1,1.1259646160e-1,4.6574264634e-1,1.5361175302e-1,3.7043793679e-1,6.249974916906679e-1,-6.636108160154464e-2,5.6356569192e1,4.649e-1
1238.000000,8.8686025625e-2,7.2493701786e-1,9.6767031206e-2,1.9216886977e-1,1.4743604306e-1,6.249974937579702e-1,-6.636108580125147e-2,2.7289570642e1,6.410e-1
1239.000000,2.1383255488e-1,6.8806987835e-2,3.3671659239e-1,4.0170286382e-1,2.2893599899e-1,6.249974989601728e-1,-6.636108256175424e-2,4.5096562505e1,4.716e-1
1240.000000,2.4954957638e-1,4.5824281416e-3,5.2741956542e-2,9.6446554121e-2,8.4667448181e-1,6.249974984997770e-1,-6.636108491916722e-2,1.1201649870e2,8.373e-1
1241.000000,1.7526479654e-1,8.7010490095e-2,4.8579613427e-3,3.0027486542e-1,6.8258685195e-1,6.249974826719864e-1,-6.636107926336965e-2,9.7280429812e1,8.119e-1
1242.000000,9.0230568568e-2,1.3624181288e-1,4.8288161405e-2,6.5432786141e-1,3.2090654810e-1,6.249974761788780e-1,-6.636108185650097e-2,6.2718433923e1,5.568e-1
1243.000000,5.9838945859e-2,2.1496025121e-1,1.4065525344e-2,5.8585172471e-2,9.0254505937e-1,6.249974771281386e-1,-6.636107782715854e-2,1.1797285730e2,8.245e-1
1244.000000,7.8955010313e-2,1.3210829559e-1,1.5451032792e-1,4.3835560383e-1,4.4606566988e-1,6.249974537652081e-1,-6.636107439255831e-2,7.2663561787e1,6.289e-1
1245.000000,1.7336482045e-1,2.6295593462e-1,7.9992285085e-2,2.7667624053e-1,4.5700563245e-1,6.249974565680086e-1,-6.636107720455914e-2,6.8602893211e1,5.221e-1
1246.000000,4.6918510327e-1,2.2492593501e-1,1.6839359694e-2,3.3648651716e-1,2.0255799420e-1,6.249974546651936e-1,-6.636107729571050e-2,3.7514151106e1,6.388e-1
1247.000000,6.8394088624e-1,2.5246099416e-2,1.2934748801e-3,2.7806909074e-1,2.6144535698e-1,6.249974541283686e-1,-6.636107713270693e-2,4.2766027038e1,7.363e-1
1248.000000,3.0958654426e-1,3.1938859466e-1,4.1365002707e-2,2.5424816086e-1,3.2540660442e-1,6.249974534595960e-1,-6.636107689257591e-2,5.0912476997e1,4.636e-1
1249.000000,1.1976003170e-1,2.0754482338e-1,3.0773315154e-1,1.3620843836e-1,4.7874844926e-1,6.249974471184292e-1,-6.636107658309991e-2,6.8575306408e1,5.148e-1
1250.000000,4.1005841839e-2,3.1496027253e-1,5.2563162692e-2,5.8456419538e-1,2.5690141779e-1,6.249974451140486e-1,-6.636107517082021e-2,5.2660364496e1,7.585e-1
1251.000000,1.6961390727e-2,2.7944923786e-1,2.8667547263e-1,6.2512242177e-1,4.1786361458e-2,6.249974422208203e-1,-6.636107070592574e-2,2.8213354715e1,7.350e-1
1252.000000,8.0074048185e-3,5.4163880087e-1,8.9674789375e-2,5.4327440384e-1,6.7399483889e-2,6.249974413964714e-1,-6.636107846343192e-2,2.7816594480e1,6.714e-1
1253.000000,1.3422616208e-2,1.1439978720e-1,3.4006302496e-1,6.5404401085e-2,7.1670505532e-1,6.249974423872962e-1,-6.636107249730944e-2,9.6787202998e1,8.337e-1
1254.000000,1.7183927309e-2,6.9674016873e-2,4.9330093419e-2,6.8446391505e-2,1.0453604841e0,6.249974565848226e-1,-6.636107226437951e-2,1.3653900723e2,1.020e0
1255.000000,2.1477190337e-2,8.1233795489e-2,1.5011834857e-3,2.8547930372e-1,8.6030338352e-1,6.249974282720034e-1,-6.636106143528410e-2,1.1943938646e2,9.196e-1
1256.000000,3.1214722954e-2,6.8028231996e-2,8.4996259012e-3,1.0048833341e0,1.3736893645e-1,6.249974256995561e-1,-6.636107528927825e-2,4.9959151390e1,8.309e-1
1257.000000,4.3147951660e-2,6.1487792486e-2,5.6354793171e-1,6.9906716649e-3,5.7482044882e-1,6.249973981711398e-1,-6.636105911701241e-2,7.8453651957e1,7.318e-1
1258.000000,5.7837712970e-2,2.6608668533e-1,5.6406732865e-2,4.7099249521e-1,3.9867114671e-1,6.249973865425071e-1,-6.636105399730584e-2,6.7114012716e1,6.376e-1
1259.000000,1.4270118204e-1,2.0147805352e-1,8.5178979449e-2,4.6249377652e-1,3.5814278186e-1,6.249973866959387e-1,-6.636105452972782e-2,6.1797815461e1,6.466e-1
1260.000000,2.8132420092e-1,1.6451908843e-1,4.7204331666e-1,7.0441193100e-2,2.6166695640e-1,6.249973777579889e-1,-6.636105468290349e-2,3.9993535409e1,5.277e-1
1261.000000,6.2723429399e-1,9.7029533302e-2,1.3816744386e-1,1.6219759588e-1,2.2536589501e-1,6.249973810239838e-1,-6.636105611410417e-2,3.5650173394e1,7.905e-1
1262.000000,6.5485204194e-1,8.8189117141e-2,1.9500424846e-1,1.9456398992e-1,1.1738536348e-1,6.249973804712744e-1,-6.636105557943831e-2,2.3315212446e1,7.995e-1
1263.000000,2.6587323460e-1,4.8154953597e-1,1.8193211808e-1,3.5554942182e-2,2.8508492890e-1,6.249973798658526e-1,-6.636105620301376e-2,4.0180121683e1,5.632e-1
1264.000000,2.8607195590e-1,1.0333897847e-1,3.7813276632e-1,4.2522849067e-1,5.7222565980e-2,6.249973786724777e-1,-6.636106036432046e-2,2.4306576212e1,4.949e-1
1265.000000,3.1656571002e-1,2.3292181828e-1,2.8345827400e-1,3.8229198733e-1,3.4756966314e-2,6.249973779717937e-1,-6.636105662949610e-2,1.9574027966e1,6.121e-1
1266.000000,5.0714773882e-1,7.1160906236e-3,1.2358550754e-1,3.7032219292e-1,2.4182321999e-1,6.249973749480545e-1,-6.636105640245583e-2,4.4060172443e1,3.405e-1
1267.000000,3.1972906294e-1,3.8266109335e-1,7.3122419030e-2,3.7353692852e-1,1.0094524121e-1,6.249973725255106e-1,-6.636105671868107e-2,2.6384338658e1,6.110e-1
1268.000000,9.4364277692e-2,1.5087628443e-1,7.4933830398e-1,1.7932410882e-1,7.6091761373e-2,6.249973681469708e-1,-6.636105434563624e-2,2.1821758077e1,8.366e-1
1269.000000,6.3680029797e-2,2.4540617847e-2,5.8950421275e-1,5.3902042752e-1,3.3249461292e-2,6.249973746035783e-1,-6.636106006746043e-2,2.6301539679e1,7.210e-1
1270.000000,6.6966208743e-2,1.5325993500e-1,7.0744078129e-1,1.8174312865e-1,1.4058467941e-1,6.249973665534935e-1,-6.636104807156287e-2,2.9810148307e1,5.209e-1
1271.000000,1.6531760308e-1,5.5580411678e-1,2.7943259928e-2,3.5091775379e-1,1.5001200665e-1,6.249973701133257e-1,-6.636104569689094e-2,3.1848718087e1,7.437e-1
1272.000000,4.9100479034e-1,9.0863025053e-2,3.8226145251e-2,2.2785983370e-1,4.0204094324e-1,6.249973687905888e-1,-6.636104053981486e-2,5.9485793020e1,5.052e-1
1273.000000,4.9234267504e-1,8.1400964114e-2,5.3462593870e-1,4.4851620572e-2,9.6773533090e-2,6.249973657573098e-1,-6.636104200974098e-2,1.8508244869e1,5.142e-1
1274.000000,3.3285172667e-1,1.3167577640e-1,3.1503958691e-2,2.6759940267e-1,4.8636386970e-1,6.249973670622592e-1,-6.636103439113833e-2,7.1499565292e1,6.974e-1
1275.000000,1.5445181446e-1,4.3352814724e-1,4.2691600437e-1,8.7244412641e-2,1.4785434546e-1,6.249973620842482e-1,-6.636103701415803e-2,2.6076787660e1,5.832e-1
1276.000000,3.0670322401e-2,4.0285550690e-1,3.0188506886e-1,3.4497525692e-1,1.6960856994e-1,6.249973625151060e-1,-6.636104001457467e-2,3.5985231900e1,4.556e-1
1277.000000,1.9027749134e-2,2.8664343795e-1,1.1875124981e-1,1.2299404765e-2,8.1327289551e-1,6.249973685807041e-1,-6.636103856802750e-2,1.0602532233e2,5.345e-1
1278.000000,5.0131531395e-2,6.2684030648e-1,7.3253700048e-2,3.8489154947e-1,1.1487762742e-1,6.249973574076118e-1,-6.636103708754933e-2,2.8885641872e1,5.934e-1
1279.000000,1.8055499942e-1,1.1999769092e-1,2.1385268297e-1,7.1725673168e-1,1.8332616309e-2,6.249973606521315e-1,-6.636104070526117e-2,2.7339884647e1,4.568e-1
1280.000000,2.6387366442e-1,3.1017750466e-2,3.8351161781e-1,2.3990151994e-2,5.4760151762e-1,6.249973511552087e-1,-6.636103270496904e-2,7.4122744395e1,4.954e-1
1281.000000,3.0815530955e-1,5.1320214347e-2,1.2148493683e-1,6.0571038950e-1,1.6332385094e-1,6.249973505769284e-1,-6.636103881547650e-2,4.1516782962e1,5.539e-1
1282.000000,2.8436695566e-1,6.0521130362e-2,2.5627292344e-1,5.3915020067e-1,1.0968347853e-1,6.249973443270593e-1,-6.636104034541683e-2,3.3605700799e1,7.247e-1
1283.000000,1.1590885132e-1,6.8787750141e-1,3.3314625150e-2,3.6568276116e-1,4.7210944131e-2,6.249973415848606e-1,-6.636103016115476e-2,1.9445075635e1,3.078e-1
1284.000000,1.2736538085e-1,1.0932600497e-1,2.0399708827e-1,7.0928513211e-1,1.0002109660e-1,6.249973513983356e-1,-6.636102492080387e-2,3.7414135999e1,8.335e-1
1285.000000,1.2767427131e-1,1.2469261059e-1,1.4745521572e-1,5.1479625480e-1,3.3537634399e-1,6.249973482076923e-1,-6.636102904195919e-2,6.0894516267e1,3.324e-1
1286.000000,1.5174553638e-1,6.8722401600e-1,2.3574135832e-2,3.5593238502e-1,3.1518603606e-2,6.249973384198747e-1,-6.636103033939848e-2,1.7063131469e1,8.290e-1
1287.000000,3.7329769978e-1,5.0098348658e-2,1.5349760087e-1,4.8110173507e-1,1.9199929601e-1,6.249973401932059e-1,-6.636102987879920e-2,4.1485991765e1,3.675e-1
1288.000000,3.8259473441e-1,6.1264096049e-2,1.0131533757e-1,3.5856321192e-1,3.4625728929e-1,6.249973346155822e-1,-6.636102618599421e-2,5.6919304070e1,5.759e-1
1289.000000,2.3358091121e-1,2.9449834068e-1,2.5515769642e-1,1.5641005254e-2,4.5111671537e-1,6.249973344683519e-1,-6.636102511553535e-2,6.0990500444e1,5.397e-1
1290.000000,7.6411205266e-2,4.3095815053e-1,2.5340369888e-1,9.7909034962e-2,3.9131257483e-1,6.249973322286841e-1,-6.636102720174997e-2,5.6148450191e1,6.159e-1
1291.000000,5.0399705112e-2,1.1793524189e-1,3.0838625946e-1,1.5438228000e-1,6.1889117483e-1,6.249973306494866e-1,-6.636102989649464e-2,8.6886463751e1,5.227e-1
1292.000000,3.4960121760e-2,7.8871438714e-2,6.6705294153e-1,1.7801196535e-1,2.9109816514e-1,6.249973162431836e-1,-6.636103485010666e-2,4.8468594500e1,5.302e-1
1293.000000,1.5575365698e-2,5.5049098369e-1,2.8563925005e-1,1.5370507230e-1,2.4458397925e-1,6.249973254954339e-1,-6.636103785214523e-2,3.9619195309e1,7.267e-1
1294.000000,2.7382657932e-2,3.2424726444e-1,6.8839054770e-1,1.3091750030e-1,7.9056679342e-2,6.249973248572743e-1,-6.636103948160110e-2,2.0477925205e1,6.236e-1
1295.000000,4.5392666482e-2,1.4643661664e-1,7.8602075592e-1,9.8264664436e-2,1.7387993729e-1,6.249973203850172e-1,-6.636103441708791e-2,3.2004836849e1,3.838e-1
1296.000000,7.5051809279e-2,5.9322900774e-1,1.0802786638e-1,2.0907886706e-1,2.6460710527e-1,6.249973278634147e-1,-6.636102817197680e-2,4.2648440072e1,3.191e-1
1297.000000,2.5439990909e-1,2.2177332220e-1,8.9848221182e-2,2.6030130002e-1,4.2367190275e-1,6.249973276222409e-1,-6.636102654947224e-2,6.3849177521e1,1.981e-1
1298.000000,3.6409277249e-1,3.7438569213e-3,2.2320795667e-1,2.7026719108e-1,3.8868287965e-1,6.249973284074920e-1,-6.636102791145472e-2,6.0375156464e1,4.176e-1
1299.000000,2.4307261568e-1,2.9138180347e-1,2.4663684879e-1,3.1152152863e-1,1.5738184968e-1,6.249973231252313e-1,-6.636102936736686e-2,3.2790960380e1,5.126e-1
1300.000000,2.3991706287e-1,2.0785707226e-1,3.7920875385e-1,3.9029761804e-1,3.2714133779e-2,6.249973204002336e-1,-6.636103230974480e-2,2.0246275608e1,6.207e-1
1301.000000,3.3470984789e-1,4.4546448124e-1,1.6384931284e-1,2.5162691443e-1,5.4344083335e-2,6.249973198697762e-1,-6.636102466399806e-2,1.7377182318e1,5.561e-1
1302.000000,7.4927784923e-1,2.9647184029e-2,3.9652964349e-2,7.9374667679e-2,3.5204197639e-1,6.249973208401260e-1,-6.636102369393081e-2,4.8352519351e1,8.541e-1
1303.000000,4.7827736253e-1,4.1523618270e-1,9.4916066334e-2,1.3244760217e-2,2.4832026840e-1,6.249973200890016e-1,-6.636102372389617e-2,3.4037766259e1,6.786e-1
1304.000000,1.1933740010e-1,3.2332579269e-1,4.1615402576e-1,2.4120265843e-1,1.4997475597e-1,6.249973164827622e-1,-6.636102111638319e-2,3.0950806326e1,6.451e-1
1305.000000,4.6296199071e-2,2.2651216349e-1,6.8876669392e-1,1.5973403869e-1,1.2868552755e-1,6.249973113626345e-1,-6.636102053740908e-2,2.7569542743e1,6.431e-1
1306.000000,1.9421435702e-2,5.6145900397e-1,1.0935038357e-1,2.4658092089e-1,3.1318288181e-1,6.249973129730153e-1,-6.636101680366328e-2,4.9985430135e1,5.939e-1
1307.000000,2.4349528457e-2,1.9515908697e-1,1.5647316825e-1,6.8224454624e-2,8.0578840600e-1,6.249973221555633e-1,-6.636101478920108e-2,1.0697837680e2,8.527e-1
1308.000000,4.6335191282e-2,7.4731795523e-1,2.4621972831e-2,2.8479506212e-3,4.2887156254e-1,6.249973162564777e-1,-6.636101449817985e-2,5.6701473714e1,6.363e-1
1309.000000,1.5400894407e-1,1.2438553477e-1,5.1050444289e-1,4.3972006245e-1,2.1375641490e-2,6.249973128317696e-1,-6.636101980372816e-2,2.1216935194e1,6.604e-1
1310.000000,2.6804690791e-1,9.9916817290e-2,2.5750086385e-1,2.7805988911e-1,3.4647015474e-1,6.249973164466472e-1,-6.636100926253471e-2,5.5639960257e1,5.010e-1
1311.000000,5.3118115634e-1,1.9538649762e-1,2.0428775461e-1,3.2798113440e-2,2.8634110066e-1,6.249973113352814e-1,-6.636100965031376e-2,3.9991866125e1,4.126e-1
1312.000000,7.1842494479e-1,3.6843977363e-2,1.9575324445e-1,1.9989781915e-1,9.9074637053e-2,6.249973114009029e-1,-6.636100975193157e-2,2.1077210138e1,3.500e-1
1313.000000,3.7187021959e-1,1.5194845899e-1,3.9323061564e-1,6.9394484592e-2,2.6355083949e-1,6.249973091471634e-1,-6.636100895802272e-2,3.9590807914e1,5.822e-1
1314.000000,1.8372565304e-1,1.9486007512e-1,1.0675252263e-1,2.3558956054e-1,5.2906680343e-1,6.249973073772136e-1,-6.636100074135101e-2,7.6595019935e1,7.063e-1
1315.000000,7.0454286867e-2,7.2696949391e-1,4.8232596165e-2,1.7037186857e-1,2.3396636393e-1,6.249973047212094e-1,-6.636100624148897e-2,3.7274621278e1,7.998e-1
1316.000000,6.9255542414e-2,1.8131268791e-1,1.3288502408e-1,3.6821598830e-1,4.9832537176e-1,6.249973072348787e-1,-6.636100605008921e-2,7.7028892551e1,5.729e-1
1317.000000,9.9831624539e-2,5.2592262962e-2,3.1958884073e-1,6.3595270319e-3,7.7162235032e-1,6.249973027890448e-1,-6.636100122749715e-2,1.0168297677e2,5.955e-1
1318.000000,1.2283289954e-1,2.1274431041e-1,2.9139348931e-1,2.7477722677e-1,3.4824666842e-1,6.249972972218564e-1,-6.636099598440375e-2,5.6186497799e1,5.364e-1
1319.000000,4.2742778364e-1,6.5121237689e-1,6.8721260528e-2,6.7734579815e-2,3.4898582785e-2,6.249972918250719e-1,-6.636099683556909e-2,8.7004338804e0,5.829e-1
1320.000000,7.9018282783e-1,1.7226945540e-2,4.9340362400e-2,2.2733560628e-1,1.6590884241e-1,6.249972922310454e-1,-6.636099666641831e-2,2.9335339433e1,8.152e-1
1321.000000,3.9309445737e-1,1.6849269478e-1,5.0941279261e-1,1.2824591743e-1,5.0748718968e-2,6.249972905835988e-1,-6.636099701322606e-2,1.5208540345e1,6.924e-1
1322.000000,2.4030939570e-1,8.2177677371e-2,6.9494040932e-1,1.1961292762e-1,1.1295416558e-1,6.249972877907481e-1,-6.636099566714779e-2,2.4129780205e1,6.985e-1
1323.000000,2.1258324763e-1,5.3532850798e-2,5.6069386644e-1,3.7515208208e-3,4.1943310702e-1,6.249972963526175e-1,-6.636099443807371e-2,5.8506394622e1,6.393e-1
1324.000000,9.7388236071e-2,2.5510617289e-1,3.4544001537e-2,8.6105373284e-1,1.9024710062e-3,6.249973071715983e-1,-6.636099842186748e-2,2.8632494216e1,6.646e-1
1325.000000,4.0067554774e-2,2.7656777526e-1,2.4358639044e-1,5.5970824967e-2,6.3380204418e-1,6.249972948088189e-1,-6.636098916217989e-2,8.5439588506e1,7.769e-1
1326.000000,1.6574839013e-2,3.9800253903e-1,3.8166323950e-1,8.8196614843e-2,3.6555734510e-1,6.249972887475346e-1,-6.636099340340923e-2,5.3471230262e1,6.152e-1
1327.000000,4.1777442324e-2,3.4982317204e-1,1.2007649726e-1,5.6806614459e-4,7.3774941733e-1,6.249972975510778e-1,-6.636098943477592e-2,9.6131250579e1,5.958e-1
1328.000000,9.7176946064e-2,1.5447518423e-1,3.9980884202e-1,2.7764926959e-2,5.7076866911e-1,6.249972841905164e-1,-6.636098503590866e-2,7.7502876886e1,4.388e-1
1329.000000,2.5694124963e-1,3.4242234468e-1,3.7905456874e-2,5.2830928574e-1,8.4416235591e-2,6.249972862546573e-1,-6.636098681602784e-2,2.8827734268e1,6.781e-1
1330.000000,5.9479815051e-1,2.2874000878e-2,8.4995889637e-2,1.0988731113e-1,4.3743921436e-1,6.249972832557279e-1,-6.636098099431724e-2,6.0531727589e1,7.521e-1
1331.000000,4.2438856699e-1,3.0206210964e-1,2.0454878187e-1,2.2409862420e-1,9.4896481380e-2,6.249972820430939e-1,-6.636098188571125e-2,2.1770614349e1,6.410e-1
1332.000000,1.4189818091e-1,3.6803608300e-1,6.4977229599e-1,9.0233918458e-2,5.4083432335e-5,6.249972809002472e-1,-6.636098192004322e-2,8.8996076944e0,8.056e-1
1333.000000,6.8121471883e-2,4.5207799395e-1,5.3705708312e-1,1.7048678067e-1,2.2251232022e-2,6.249972808221999e-1,-6.636098388582794e-2,1.3538408069e1,4.834e-1
1334.000000,3.6326945766e-2,4.7306377523e-1,2.3497634049e-1,4.7156391126e-1,3.4063593567e-2,6.249972831584928e-1,-6.636098026842827e-2,2.2294286884e1,6.346e-1
1335.000000,5.5162103448e-2,7.5703830643e-2,6.5796051333e-2,5.9250806810e-1,4.6082449606e-1,6.249972747938761e-1,-6.636098072747092e-2,7.8651150799e1,6.449e-1
1336.000000,6.9695588825e-2,1.3085869569e-1,4.3805886831e-1,4.0030034187e-2,5.7135134200e-1,6.249972645111328e-1,-6.636097891148200e-2,7.8214969003e1,7.485e-1
1337.000000,1.4374729894e-1,6.8252922511e-1,1.0690357297e-1,2.8598545998e-1,3.0828964024e-2,6.249972605113652e-1,-6.636097735900715e-2,1.5389802798e1,5.809e-1
1338.000000,5.2343130468e-1,8.1908832269e-2,2.3554127596e-1,3.0268606519e-1,1.0642704267e-1,6.249972603818411e-1,-6.636097582110181e-2,2.5618479072e1,6.605e-1
1339.000000,4.7494175677e-1,1.4093730263e-1,1.7844919328e-1,1.1241331011e-1,3.4325295724e-1,6.249972600102072e-1,-6.636097789086770e-2,4.9480543480e1,6.463e-1
1340.000000,2.1363249286e-1,3.3359958893e-1,3.8953626367e-1,4.7647647832e-2,2.6557852256e-1,6.249972579264542e-1,-6.636097661515354e-2,3.9409081152e1,6.179e-1
1341.000000,3.4159694671e-1,2.0627702058e-1,4.1223758048e-2,4.4831176968e-1,2.1258502331e-1,6.249972591638450e-1,-6.636097848676228e-2,4.2470002193e1,5.247e-1
1342.000000,5.0986505506e-1,2.4792421980e-3,5.8639038655e-1,3.6482143772e-2,1.1477768060e-1,6.249972540888025e-1,-6.636097739719848e-2,2.0809985821e1,7.022e-1
1343.000000,2.4116640481e-1,4.9232337401e-1,2.3533668897e-3,4.5188262817e-1,6.2268739451e-2,6.249972566649460e-1,-6.636097895241659e-2,2.3554699637e1,5.716e-1
1344.000000,8.7949971052e-2,2.0772738460e-1,7.0745820310e-1,3.6900000413e-2,2.0995893213e-1,6.249972456493377e-1,-6.636097909576762e-2,3.4174638705e1,8.248e-1
1345.000000,3.2164971881e-2,4.8680931189e-1,7.3302224057e-3,6.5181109217e-1,7.1878914777e-2,6.249972565624199e-1,-6.636097824768007e-2,3.1106798930e1,8.071e-1
1346.000000,2.1470896766e-2,1.0389536611e-1,7.3933880263e-1,1.2439028438e-1,2.6089913761e-1,6.249972437478983e-1,-6.636097062202369e-2,4.3508815316e1,8.567e-1
1347.000000,4.2839705612e-2,2.0645664573e-1,7.8062377324e-2,1.1015740665e-1,8.1247837604e-1,6.249972556747621e-1,-6.636096750532008e-2,1.0858110131e2,3.628e-1
1348.000000,1.1078466122e-1,2.1081516155e-1,1.5204941661e-2,4.2740794756e-1,4.8578177251e-1,6.249972422512782e-1,-6.636096297228535e-2,7.6455783390e1,6.470e-1
1349.000000,2.2068490534e-1,6.9533633987e-2,1.5173079597e-2,9.3269212736e-1,1.1910750671e-2,6.249972484754042e-1,-6.636098298950872e-2,3.1741518519e1,9.293e-1
1350.000000,2.9397522040e-1,4.0551426100e-3,2.3238130286e-2,2.7087891267e-1,6.5784705830e-1,6.249972321364817e-1,-6.636095430684461e-2,9.3213551606e1,6.911e-1
1351.000000,2.2812115221e-1,1.0244574639e-1,6.4830197364e-1,1.8625410580e-2,2.5250015249e-1,6.249972176504791e-1,-6.636095616391068e-2,3.8421400515e1,5.022e-1
1352.000000,2.4748893674e-1,2.5511617534e-1,1.5044019867e-1,5.5096398871e-1,4.5985139204e-2,6.249972193335038e-1,-6.636095729531966e-2,2.5354443865e1,5.780e-1
1353.000000,3.8951884344e-1,9.1064921230e-4,4.3661629910e-1,1.0849466535e-1,3.1445397213e-1,6.249972146104287e-1,-6.636095556748216e-2,4.7411448836e1,4.455e-1
1354.000000,2.9306825552e-1,8.7274208213e-2,2.3165194685e-2,2.1969619371e-1,6.2679058076e-1,6.249972164443626e-1,-6.636095117710109e-2,8.7765876638e1,7.453e-1
1355.000000,1.4912737159e-1,3.0145866655e-1,2.4462813926e-1,1.3368147141e-1,4.2109877264e-1,6.249972107198326e-1,-6.636095206425172e-2,6.0812956116e1,6.469e-1
1356.000000,1.8645564922e-1,2.3638873696e-1,2.2957821626e-1,1.9167107582e-1,4.0590073539e-1,6.249972068211844e-1,-6.636094362618818e-2,6.0491399584e1,5.893e-1
1357.000000,3.0420931666e-1,3.5792904904e-1,1.4460247228e-1,1.0031608288e-1,3.4293749221e-1,6.249972065371272e-1,-6.636094727219922e-2,4.9130896190e1,5.502e-1
1358.000000,7.2128729760e-1,9.8975844419e-2,2.2417266351e-1,1.9392945462e-1,1.1629155250e-2,6.249972076998457e-1,-6.636094786710658e-2,1.0046251066e1,8.333e-1
1359.000000,6.6622320924e-1,1.7051484287e-1,1.8006972080e-1,2.2024491112e-1,1.2941731687e-2,6.249972078598990e-1,-6.636094768901760e-2,1.0819077869e1,8.123e-1
1360.000000,2.0430245953e-1,5.6328315931e-1,3.6434489440e-1,2.5840368280e-2,9.2223533199e-2,6.249972073636679e-1,-6.636094874743928e-2,1.6774980738e1,4.141e-1
1361.000000,1.8993522339e-1,5.1596123718e-2,5.2951929887e-1,1.8640104790e-1,2.9254271889e-1,6.249972063817170e-1,-6.636094736441964e-2,4.7844615800e1,2.921e-1
1362.000000,1.5915877128e-1,6.6431846363e-2,3.9642970706e-1,4.7936450245e-1,1.4860960611e-1,6.249972166295321e-1,-6.636095051356908e-2,3.7745574395e1,6.747e-1
1363.000000,4.8711302703e-2,6.8771414227e-1,4.1331542324e-2,3.3050098823e-1,1.4173643895e-1,6.249972072423345e-1,-6.636094211566400e-2,3.0448732084e1,8.055e-1
1364.000000,3.2417685438e-2,3.1980122474e-1,6.4163452684e-2,2.7859776241e-2,8.0575228851e-1,6.249972138072867e-1,-6.636094152985851e-2,1.0519692468e2,5.004e-1
1365.000000,7.0745530849e-2,7.0111637249e-2,6.4560664363e-1,1.8757876936e-2,4.4477269877e-1,6.249971937205216e-1,-6.636094294434056e-2,6.2871606694e1,8.008e-1
1366.000000,8.8834117129e-2,1.6185168915e-3,1.6978228909e-1,2.6837285374e-1,7.2138663206e-1,6.249972044564532e-1,-6.636094633911260e-2,1.0233133263e2,5.807e-1
1367.000000,8.6850904958e-2,3.6955942397e-3,1.4683079269e-2,1.0674967657e0,7.7268062433e-2,6.249972032893073e-1,-6.636096070928812e-2,4.4218489768e1,1.001e0
1368.000000,7.0644249480e-2,3.0702202910e-2,1.0987613936e-1,1.1732283782e-1,9.2144894113e-1,6.249971853473744e-1,-6.636093791892038e-2,1.2267553092e2,3.343e-1
1369.000000,5.1649585904e-2,2.2625655709e-1,3.9878694921e-1,1.8352020873e-1,3.8978103590e-1,6.249971684175996e-1,-6.636093905444013e-2,5.9433252775e1,6.209e-1
1370.000000,1.5129363890e-1,7.1142228068e-1,1.2937371086e-1,2.2956211383e-1,2.8342589124e-2,6.249971667002070e-1,-6.636093969256335e-2,1.3507320118e1,5.957e-1
1371.000000,3.9975799326e-1,2.0213683585e-2,1.8091667510e-1,6.4102030794e-1,8.0856768130e-3,6.249971683498619e-1,-6.636094128541589e-2,2.3235256251e1,5.586e-1
1372.000000,3.4471160118e-1,6.8752174620e-2,9.8338682344e-3,6.1657847951e-2,7.6503884503e-1,6.249971685076963e-1,-6.636093850705965e-2,1.0028655439e2,8.678e-1
1373.000000,1.9145911123e-1,6.9665541032e-2,4.3401132708e-1,1.6753949783e-1,3.8731884394e-1,6.249971605568375e-1,-6.636093718221753e-2,5.8645227209e1,6.025e-1
1374.000000,1.4331786074e-1,1.2276081952e-1,4.9818411893e-2,1.0442439307e-1,8.2967285241e-1,6.249971688241882e-1,-6.636093546836581e-2,1.1025543355e2,8.149e-1
1375.000000,1.9318282890e-1,1.9859501474e-1,4.7173918138e-1,1.2385409740e-1,2.6262318672e-1,6.249971545722741e-1,-6.636093524185752e-2,4.1846793912e1,4.478e-1
1376.000000,5.5222429222e-1,2.1167035642e-1,1.4051830503e-2,3.9670824412e-2,4.3237700984e-1,6.249971567006366e-1,-6.636093555941665e-2,5.7425591144e1,1.473e-1
1377.000000,6.4517413367e-1,1.0149787918e-1,2.7976193899e-1,3.4516180089e-2,1.8904417708e-1,6.249971544988591e-1,-6.636093566337486e-2,2.8065850766e1,2.495e-1
1378.000000,3.9414187170e-1,2.1595240425e-1,8.3895293946e-2,1.7364285323e-1,3.8236188620e-1,6.249971546644286e-1,-6.636093722746800e-2,5.5799030833e1,2.900e-1
1379.000000,3.3363724317e-1,4.2120868722e-2,2.4984448177e-1,2.0222806467e-1,4.2216365072e-1,6.249971545198048e-1,-6.636093753746068e-2,6.2758061574e1,6.496e-1
1380.000000,2.3800691019e-1,9.4113147183e-2,1.0972600621e-1,5.7070107794e-2,7.5107814292e-1,6.249971571499214e-1,-6.636093845849850e-2,9.9149283543e1,8.611e-1
1381.000000,1.2607525082e-1,1.0801985568e-1,4.3985236437e-1,8.1736011109e-2,4.9431081099e-1,6.249971464856743e-1,-6.636093941165924e-2,6.9685232414e1,7.028e-1
1382.000000,1.3012340709e-1,1.2237441818e-1,7.7521918772e-2,1.8733212512e-1,7.3264241505e-1,6.249971421063082e-1,-6.636093757659892e-2,1.0070284302e2,8.514e-1
1383.000000,1.7587133993e-1,1.4993926153e-2,4.3837319969e-1,4.6018769827e-1,1.6056810703e-1,6.249971355354632e-1,-6.636093320762984e-2,3.8903633164e1,6.119e-1
1384.000000,1.8095495006e-1,1.3216816655e-1,2.2734932789e-1,2.8376686015e-1,4.2575495660e-1,6.249971306291469e-1,-6.636094296183022e-2,6.5750782401e1,5.306e-1
1385.000000,2.8034486380e-1,3.4066865195e-2,7.0014621419e-1,9.8774363843e-2,1.3666194334e-1,6.249971251844049e-1,-6.636094448183512e-2,2.6462984267e1,2.104e-1
1386.000000,3.2893249592e-1,1.2937033981e-2,1.4757466608e-1,4.6311962600e-1,2.9743043335e-1,6.249971276651198e-1,-6.636094630819897e-2,5.4261861146e1,6.565e-1
1387.000000,2.5225586074e-1,7.2119628683e-2,2.3883846139e-2,1.8513478486e-1,7.1660013460e-1,6.249971275118407e-1,-6.636094493544292e-2,9.8110568301e1,5.657e-1
1388.000000,1.5386440635e-1,1.2025123515e-1,5.1758939323e-2,6.9909384817e-2,8.5421029368e-1,6.249971296565365e-1,-6.636094488774963e-2,1.1230752409e2,7.318e-1
1389.000000,8.4914909530e-2,1.9809923736e-1,2.4042606845e-1,1.8533167432e-1,5.4122233336e-1,6.249971115123230e-1,-6.636094363116331e-2,7.7569136726e1,7.285e-1
1390.000000,2.0304841562e-2,1.0431935394e0,6.7937799086e-2,1.0930506837e-1,9.2529672986e-3,6.249971078435476e-1,-6.636094409745465e-2,7.3221838943e0,6.413e-1
1391.000000,1.2876864446e-2,1.6393459010e-1,3.6532316004e-1,4.9762981266e-1,2.1022979023e-1,6.249971087344084e-1,-6.636095552991350e-2,4.6090460047e1,7.054e-1
1392.000000,8.6770824656e-3,2.8093172150e-1,4.9226593259e-1,3.3797922031e-1,1.3014025211e-1,6.249971044888615e-1,-6.636094281779777e-2,3.1977616765e1,4.680e-1
1393.000000,7.2590851158e-3,7.2094348897e-1,2.8285001181e-1,1.6099562023e-1,7.7945995816e-2,6.249971009717902e-1,-6.636093694726791e-2,1.8837263927e1,8.055e-1
1394.000000,1.9325674237e-2,1.9160550291e-1,1.8453089907e-1,6.8909438689e-1,1.6543773392e-1,6.249970985178088e-1,-6.636092695541998e-2,4.5096171358e1,2.242e-1
1395.000000,3.9655162778e-2,2.8166362396e-1,1.5564576116e-1,2.5841610736e-2,7.4718803932e-1,6.249970989794948e-1,-6.636094151823635e-2,9.8295321495e1,3.832e-1
1396.000000,1.2044005961e-1,3.7568269488e-1,6.5389465691e-2,4.2363209800e-1,2.6484986508e-1,6.249970916272880e-1,-6.636094110065957e-2,4.8791711011e1,3.440e-1
1397.000000,2.6728068877e-1,1.7853587733e-1,3.1112076149e-1,2.3703930835e-1,2.5601753305e-1,6.249970844917945e-1,-6.636093897306550e-2,4.3335180289e1,5.154e-1
1398.000000,5.2195728176e-1,2.6230948380e-2,3.6929366561e-1,8.9984666162e-2,2.4252760596e-1,6.249970839328195e-1,-6.636093935428472e-2,3.7190832742e1,7.217e-1
1399.000000,4.4279846643e-1,8.1932638735e-2,2.2742627138e-1,3.5131132638e-1,1.4652546418e-1,6.249970835529202e-1,-6.636094020123223e-2,3.2201896541e1,6.647e-1
1400.000000,2.2374663506e-1,1.6503720618e-1,1.4769243932e-1,1.4781467859e-1,5.6570320493e-1,6.249970820432180e-1,-6.636093397839254e-2,7.8763567191e1,4.651e-1
1401.000000,8.2845437076e-2,2.7362212899e-1,2.0264528157e-1,1.5897543993e-1,5.3190586387e-1,6.249970757166468e-1,-6.636092851932764e-2,7.5380993882e1,3.846e-1
1402.000000,3.7226061319e-2,5.3600538909e-1,1.5863266828e-2,2.7639398904e-1,3.8450544280e-1,6.249970745400462e-1,-6.636093117362327e-2,5.9278834271e1,6.343e-1
1403.000000,6.1808469912e-2,1.7621853090e-1,2.2797963867e-1,7.3562562498e-1,4.8361882701e-2,6.249970735856082e-1,-6.636095058165192e-2,3.1937519391e1,7.028e-1
1404.000000,8.7430625515e-2,1.0418250419e-2,8.0557455502e-1,1.2162123320e-1,2.2494943468e-1,6.249970494209928e-1,-6.636092690941227e-2,3.9194555356e1,4.077e-1
1405.000000,9.6166295206e-2,9.8697407230e-2,7.4139023881e-1,8.6640604554e-2,2.2709957995e-1,6.249970628757454e-1,-6.636092252930119e-2,3.8017845452e1,5.481e-1
1406.000000,2.1067802830e-1,2.7460344389e-1,1.6453470092e-2,7.1897632520e-1,2.9282880565e-2,6.249970740251118e-1,-6.636092820081541e-2,2.7541624781e1,3.572e-1
1407.000000,4.0800976755e-1,9.4955153144e-3,4.1331235465e-1,1.4595558172e-2,4.0458093137e-1,6.249970635294689e-1,-6.636091856550461e-2,5.5782911829e1,5.792e-1
1408.000000,3.2777971871e-1,9.6908346973e-2,1.1716298315e-1,5.3736530005e-1,1.7077777563e-1,6.249970622494375e-1,-6.636092140301086e-2,4.0350255300e1,3.762e-1
1409.000000,2.3754191135e-1,1.0726792309e-1,3.5972447845e-1,1.2767630407e-1,4.1778350364e-1,6.249970602964783e-1,-6.636091457379237e-2,6.0773032826e1,4.476e-1
1410.000000,2.6715025107e-1,2.3320323975e-2,3.8878285738e-1,2.6900797224e-2,5.4383990451e-1,6.249970670764378e-1,-6.636091421929605e-2,7.3762811921e1,6.234e-1
1411.000000,2.1810953701e-1,7.8972463220e-2,6.3836403091e-2,3.9752254266e-1,4.9155318499e-1,6.249970654829227e-1,-6.636091069149061e-2,7.6417219963e1,6.040e-1
1412.000000,9.6370433099e-2,6.4937341142e-1,4.6112415395e-2,3.3807974514e-1,1.2005811814e-1,6.249970616018761e-1,-6.636091096460399e-2,2.7901822329e1,5.061e-1
1413.000000,8.1020091448e-2,3.1374756276e-1,3.8646754534e-1,4.0020423322e-1,6.8554692414e-2,6.249970625870871e-1,-6.636090436853313e-2,2.5341281626e1,5.598e-1
1414.000000,9.7697070515e-2,6.8108111340e-1,7.0917625108e-2,2.9913392929e-1,1.0116438585e-1,6.249970620810913e-1,-6.636091226185967e-2,2.4499678889e1,5.799e-1
1415.000000,2.4808790444e-1,2.7107451945e-1,7.9465225309e-2,1.8596664399e-1,4.6539983139e-1,6.249970622868415e-1,-6.636091651676179e-2,6.6824025819e1,3.815e-1
1416.000000,3.7823965452e-1,3.8263823038e-1,1.3714303266e-1,1.0773004161e-1,2.4424315638e-1,6.249970577726502e-1,-6.636091571524730e-2,3.6762025897e1,5.435e-1
1417.000000,6.5731966183e-1,2.6886350989e-2,3.6004570986e-1,4.3369833635e-2,1.6237255769e-1,6.249970570012954e-1,-6.636091541649342e-2,2.5434320273e1,2.703e-1
1418.000000,3.9108600014e-1,3.7700823814e-1,1.1228521931e-2,3.0809835602e-1,1.6257299812e-1,6.249970571747058e-1,-6.636091553592974e-2,3.1707878804e1,3.608e-1
1419.000000,2.2852635058e-1,2.8298642881e-1,1.5996640362e-1,2.2252484032e-1,3.5599008907e-1,6.249970561954811e-1,-6.636091837749730e-2,5.4647493553e1,5.966e-1
1420.000000,1.1709055850e-1,7.5353142934e-1,5.0442218973e-3,1.1694091029e-1,2.5738698692e-1,6.249970534658349e-1,-6.636091872123144e-2,3.8293605368e1,7.616e-1
1421.000000,1.6490925742e-1,1.4697832011e-1,1.2963723150e-1,5.5839754784e-1,2.5007175435e-1,6.249970556143871e-1,-6.636092026826793e-2,5.1291415209e1,3.687e-1
1422.000000,2.6203813388e-1,6.6961489144e-3,4.6467181319e-1,7.3074056573e-2,4.4351394132e-1,6.249970469397583e-1,-6.636091421585945e-2,6.2969940170e1,5.917e-1
1423.000000,2.4272238466e-1,2.2689444835e-2,1.0608162795e-1,1.5397391530e-1,7.2452672712e-1,6.249970499363821e-1,-6.636090889699099e-2,9.8681979467e1,3.741e-1
1424.000000,1.5516756016e-1,2.5996374328e-1,1.7594431800e-1,4.9014257817e-2,6.0990419422e-1,6.249970367384995e-1,-6.636090979931741e-2,8.1641258921e1,3.682e-1
1425.000000,1.7619644486e-1,3.6706138484e-1,3.9804600920e-2,6.0677100271e-1,6.0160635166e-2,6.249970342512429e-1,-6.636091546967907e-2,2.8257891188e1,7.719e-1
1426.000000,3.5228498667e-1,2.8454853334e-2,7.2198152229e-1,1.2499406895e-1,2.2278621602e-2,6.249970264250417e-1,-6.636090781853808e-2,1.2860378150e1,8.470e-1
1427.000000,3.6845168023e-1,2.3451571738e-2,8.5574067598e-2,1.2256105379e-1,6.4995568941e-1,6.249970313839617e-1,-6.636090290448994e-2,8.8032003491e1,2.816e-1
1428.000000,1.8251734259e-1,5.3393165003e-1,1.5016868015e-1,1.2091564029e-1,2.6246073660e-1,6.249970248303133e-1,-6.636090508686571e-2,3.9824746187e1,3.571e-1
1429.000000,9.0751834527e-2,1.7406143572e-1,6.2397044201e-1,2.5007576641e-1,1.1113456984e-1,6.249970242514047e-1,-6.636090362608159e-2,2.7612911789e1,6.415e-1
1430.000000,7.0291035685e-2,1.6392708991e-1,9.4541067090e-1,7.6972198987e-3,6.2668021595e-2,6.249970189935661e-1,-6.636090532825097e-2,1.6194102866e1,3.690e-1
1431.000000,3.2145809188e-2,4.7449154862e-1,7.3775510975e-2,5.5296559157e-1,1.1661559369e-1,6.249970270218934e-1,-6.636090567361051e-2,3.4176955013e1,6.882e-1
1432.000000,4.1633463881e-2,1.6553462212e-1,3.3061372746e-1,5.5066593855e-1,1.6154628424e-1,6.249970181262516e-1,-6.636091057158540e-2,4.1296030212e1,7.400e-1
1433.000000,1.2273609850e-1,3.8938431602e-1,5.5913392077e-2,1.3200802189e-1,5.4995221367e-1,6.249970210780691e-1,-6.636091298314428e-2,7.5905583868e1,5.671e-1
1434.000000,2.9276332755e-1,7.1457557593e-2,4.1751013621e-1,6.5710851082e-2,4.0255216139e-1,6.249970169156225e-1,-6.636091321686471e-2,5.7258801761e1,4.708e-1
1435.000000,3.7042304306e-1,1.2572110690e-1,2.4584348966e-2,7.1581524323e-1,1.3450293967e-2,6.249970180638313e-1,-6.636090812880509e-2,2.5261053938e1,3.751e-1
1436.000000,3.9792886740e-1,8.2143794571e-2,4.2832921030e-3,5.5916740741e-2,7.0972133429e-1,6.249970145565740e-1,-6.636091505896857e-2,9.3031184853e1,2.634e-1
1437.000000,2.4553585590e-1,2.8184727609e-1,1.1689391838e-2,7.0638200288e-1,4.5394983610e-3,6.249970125379669e-1,-6.636091092054791e-2,2.3965257497e1,8.401e-1
1438.000000,1.4299516588e-1,2.4851123579e-1,4.4896971893e-2,7.0160957543e-2,7.4342968739e-1,6.249970092478410e-1,-6.636091713700799e-2,9.8331846457e1,2.519e-1
1439.000000,1.1698325086e-1,1.1187453031e-1,3.8749486227e-1,1.6524465647e-1,4.6839669337e-1,6.249969966418210e-1,-6.636091778397846e-2,6.8624805343e1,4.827e-1
1440.000000,5.3507900195e-2,7.5140088401e-1,2.8622637878e-1,5.4822886898e-2,1.0403592567e-1,6.249969877812146e-1,-6.636091923951243e-2,1.8890297615e1,8.537e-1
1441.000000,4.8467799768e-2,3.0087771225e-1,2.3166164760e-1,4.0805677369e-1,2.6093005417e-1,6.249969937412679e-1,-6.636091709036795e-2,4.8936146197e1,5.314e-1
1442.000000,6.3671994442e-2,2.3120545401e-1,4.1178067677e-1,5.1592134706e-1,2.7414517125e-2,6.249969947073247e-1,-6.636091200612618e-2,2.3807033617e1,4.534e-1
1443.000000,9.0191163013e-2,4.8095115856e-1,2.4932820307e-2,6.2951460834e-2,5.9096739352e-1,6.249969981190262e-1,-6.636092220528970e-2,7.8864733578e1,6.330e-1
1444.000000,1.9439732656e-1,3.5964861453e-1,2.3587634547e-1,2.7722288392e-1,1.8284881790e-1,6.249969941922249e-1,-6.636092159950174e-2,3.4979287633e1,5.874e-1
1445.000000,5.2991746793e-1,2.0106800784e-1,8.5815935368e-2,8.8759910697e-2,3.4443266683e-1,6.249969943359825e-1,-6.636092171943223e-2,4.8281320730e1,4.464e-1
1446.000000,6.3174613815e-1,6.6219881395e-2,1.0182607579e-2,6.4611469102e-2,4.7723389327e-1,6.249969947521568e-1,-6.636092135227323e-2,6.3683279043e1,4.727e-1
1447.000000,2.9193693434e-1,2.8323163367e-1,2.3042115541e-1,3.9718532418e-1,4.7218939173e-2,6.249969933832566e-1,-6.636092145771885e-2,2.1309755566e1,6.088e-1
1448.000000,3.0130770567e-1,2.1820088144e-1,5.3591882408e-1,3.4150006790e-2,1.6041656103e-1,6.249969895025193e-1,-6.636092074543591e-2,2.6500526238e1,7.134e-1
1449.000000,5.0822754975e-1,1.2181884527e-2,7.9303352138e-2,3.3230880966e-1,3.1797238170e-1,6.249969888878135e-1,-6.636091858269021e-2,5.2247251128e1,7.096e-1
1450.000000,3.6037807675e-1,3.2815231876e-1,3.2042461287e-1,2.0664869877e-1,3.4390268412e-2,6.249969877789767e-1,-6.636092018258687e-2,1.4414603296e1,5.998e-1
1451.000000,1.5350417900e-1,2.8967445127e-1,3.8974927429e-1,1.3407462339e-1,2.8299144311e-1,6.249969855332965e-1,-6.636091923482763e-2,4.4287387853e1,4.787e-1
1452.000000,1.5643347847e-1,8.7487443480e-2,1.1892955833e-1,7.3976316288e-1,1.4738033974e-1,6.249969914545617e-1,-6.636091162436444e-2,4.3741732792e1,2.574e-1
1453.000000,1.0727778547e-1,2.8555136597e-1,1.0460294155e-1,5.8626631330e-2,6.9393523850e-1,6.249969814145229e-1,-6.636092192007899e-2,9.2161327888e1,5.284e-1
1454.000000,6.8920230873e-2,5.1313702196e-1,1.4131209826e-1,4.5576561558e-1,7.0858983368e-2,6.249969750216208e-1,-6.636091850171880e-2,2.5845680515e1,6.817e-1
1455.000000,9.2398441803e-2,5.9646041802e-1,1.2653280463e-2,3.9420110214e-1,1.5428070918e-1,6.249969758006815e-1,-6.636092142164277e-2,3.3702712343e1,4.742e-1
1456.000000,2.1349246192e-1,1.6340368702e-1,3.5517295699e-1,3.4840224428e-2,4.8308461707e-1,6.249969737179029e-1,-6.636092504787663e-2,6.6224655428e1,5.544e-1
1457.000000,2.5509074776e-1,1.7941117231e-1,3.0247563457e-1,7.3164279755e-2,4.3985211099e-1,6.249969726972280e-1,-6.636092824905071e-2,6.1548499954e1,5.583e-1
1458.000000,4.3883481113e-1,7.2371005532e-1,3.2631609125e-2,4.4362398008e-2,1.0455073658e-2,6.249969736216431e-1,-6.636092763939705e-2,4.6857365537e0,8.209e-1
1459.000000,8.4969752057e-1,3.9905084631e-2,1.1496110448e-1,1.2107041931e-1,1.2435981911e-1,6.249969740521866e-1,-6.636092763101335e-2,2.1216658030e1,6.223e-1
1460.000000,4.0940039586e-1,3.1418107377e-1,1.3559667701e-1,1.6282864463e-1,2.2798715695e-1,6.249969741128116e-1,-6.636092774675109e-2,3.6310708480e1,5.578e-1
1461.000000,2.7684106700e-1,1.0785020524e-1,1.0799107385e-1,6.7263046798e-2,6.9004856867e-1,6.249969807794223e-1,-6.636092776417842e-2,9.1696683822e1,8.044e-1
1462.000000,2.5745412497e-1,4.1093058845e-2,4.6834049624e-1,2.5394899931e-1,2.2915724805e-1,6.249969637074689e-1,-6.636093017048628e-2,4.1416132878e1,5.723e-1
1463.000000,1.3908050776e-1,3.3542726191e-1,5.5708153855e-1,4.9536000182e-2,1.6886862419e-1,6.249969662952954e-1,-6.636092937056692e-2,2.8397382988e1,7.147e-1
1464.000000,6.9153412702e-2,5.6021113758e-1,1.9823866639e-1,2.2432358404e-1,1.9806713235e-1,6.249969665303142e-1,-6.636092925387042e-2,3.5271855942e1,6.520e-1
1465.000000,1.2904643878e-1,5.4685401109e-2,8.8859734588e-2,1.5603953388e-1,8.2136282835e-1,6.249969683537338e-1,-6.636092500504595e-2,1.1101247901e2,5.607e-1
1466.000000,1.5122904197e-1,3.8025110863e-2,7.0606837493e-1,2.4588437293e-2,3.3008292243e-1,6.249969437462223e-1,-6.636092154296906e-2,4.8837655807e1,6.637e-1
1467.000000,1.8102554601e-1,2.5253307756e-1,8.0875047956e-2,4.5041612052e-1,2.8514409991e-1,6.249969459773096e-1,-6.636092331898534e-2,5.2154339957e1,4.083e-1
1468.000000,3.3498976346e-1,3.7188645070e-2,6.5294038589e-1,1.8742497237e-1,3.7450117727e-2,6.249969422598028e-1,-6.636092307435554e-2,1.6256609444e1,6.388e-1
1469.000000,3.7618499829e-1,2.5075033010e-2,6.2453058678e-2,7.7623219336e-1,1.0048615149e-2,6.249969492402893e-1,-6.636093203261752e-2,2.6863519961e1,5.914e-1
1470.000000,2.2477943424e-1,2.3060228688e-1,1.0036070112e-1,2.8847341362e-3,6.9136673809e-1,6.249969472324222e-1,-6.636092237110318e-2,8.9963733868e1,5.738e-1
1471.000000,7.8640280335e-2,3.5806348636e-1,2.0620310136e-1,5.5233569749e-1,5.4751318902e-2,6.249969422219271e-1,-6.636092527175420e-2,2.7087983063e1,5.830e-1
1472.000000,9.2621562205e-2,3.5947218445e-1,1.9533869705e-1,1.3822972219e-1,4.6433170913e-1,6.249969375094420e-1,-6.636091753292823e-2,6.6185774605e1,5.992e-1
1473.000000,1.7478107821e-1,2.9466900554e-1,5.3568296607e-2,1.7197824263e-1,5.5499724826e-1,6.249969356243175e-1,-6.636091618454422e-2,7.7648226465e1,3.868e-1
1474.000000,4.0008667019e-1,1.1376506583e-1,2.2047863432e-1,2.4928119176e-2,4.9073538011e-1,6.249969348205592e-1,-6.636091792613230e-2,6.5803231009e1,3.613e-1
1475.000000,5.3678991490e-1,1.1022073354e-2,1.8390779128e-1,3.1430254886e-1,2.0397154249e-1,6.249969354431106e-1,-6.636091720926357e-2,3.7927740436e1,4.561e-1
1476.000000,2.0820627728e-1,7.1201100297e-1,3.5790178747e-2,1.5868307015e-2,2.7811809609e-1,6.249969310502018e-1,-6.636091725360962e-2,3.7921348698e1,8.430e-1
1477.000000,1.0826236513e-1,1.2405466537e-1,6.6004932234e-1,6.6481912799e-2,2.9114558181e-1,6.249969237185804e-1,-6.636091411757145e-2,4.4976690773e1,5.625e-1
1478.000000,8.9920753228e-2,1.5199619612e-1,2.3716991643e-2,1.2997297982e-1,8.5438694584e-1,6.249969333236096e-1,-6.636090925536559e-2,1.1405935312e2,2.829e-1
1479.000000,8.3557100596e-2,2.3346374747e-1,1.3764540721e-3,1.7690155836e-1,7.5469498425e-1,6.249969223696663e-1,-6.636090203655252e-2,1.0278152553e2,3.171e-1
1480.000000,1.3157085464e-1,9.5289421718e-2,4.1136461087e-1,6.0514781803e-1,6.6211162058e-3,6.249969107286374e-1,-6.636090628764429e-2,2.3759514209e1,3.108e-1
1481.000000,2.0732260981e-1,6.3032233858e-2,4.5652267203e-1,4.2729169717e-1,9.5824586899e-2,6.249968998811899e-1,-6.636090806609032e-2,2.9820788581e1,5.218e-1
1482.000000,4.0940079958e-1,1.3428542300e-1,2.8340230499e-1,2.8885829643e-1,1.3404697322e-1,6.249968986080253e-1,-6.636090158336175e-2,2.9141967743e1,5.094e-1
1483.000000,7.6839911833e-1,1.9775159847e-2,7.0411662722e-2,2.1817489379e-1,1.7323295948e-1,6.249968970812385e-1,-6.636089918081992e-2,3.0142458595e1,7.152e-1
1484.000000,4.5231584535e-1,4.8528523998e-1,7.4588053676e-2,1.9793862688e-1,3.9866028170e-2,6.249968970305421e-1,-6.636089933799641e-2,1.3230320498e1,6.355e-1
1485.000000,1.0543635476e-1,3.4592839834e-1,3.6570584283e-1,2.6230433979e-1,1.7061885573e-1,6.249968957226337e-1,-6.636089820270583e-2,3.3903174123e1,4.643e-1
1486.000000,1.0381770117e-1,2.4238205432e-1,4.9621467930e-1,2.5769045499e-1,1.4988889614e-1,6.249968929562657e-1,-6.636089809881310e-2,3.1938263659e1,6.058e-1
1487.000000,3.1311441132e-1,4.3467674874e-1,2.0731339516e-1,1.8708390382e-1,1.0780533299e-1,6.249968960136378e-1,-6.636089447571702e-2,2.2470185409e1,4.530e-1
1488.000000,9.2561338158e-1,4.8224280966e-2,6.1224716017e-2,1.5837213296e-1,5.6559281998e-2,6.249968967625700e-1,-6.636089475990183e-2,1.3356549331e1,3.025e-1
1489.000000,5.8622698410e-1,3.9260543942e-1,1.5303073694e-1,6.6429931815e-2,5.1700700541e-2,6.249968964111975e-1,-6.636089467794674e-2,1.1046017754e1,3.187e-1
1490.000000,2.5039892781e-1,1.5795892291e-1,3.6270743103e-1,2.6981747748e-1,2.0911103370e-1,6.249968964621142e-1,-6.636089379143600e-2,3.8743148350e1,3.473e-1
1491.000000,1.1499604615e-1,4.5288351241e-1,5.5053621195e-1,1.2382844067e-1,7.7495733800e-3,6.249968922771768e-1,-6.636089229884187e-2,1.0322010238e1,6.682e-1
1492.000000,2.4027970769e-2,4.4043501533e-1,2.9176918611e-1,2.6981224364e-1,2.2394936960e-1,6.249968927204533e-1,-6.636089158705073e-2,4.0526548610e1,6.626e-1
1493.000000,2.6525276388e-2,1.4825958162e-1,5.0041035225e-1,1.8905693186e-2,5.5589287159e-1,6.249968875212089e-1,-6.636089491688517e-2,7.6072334365e1,4.176e-1
1494.000000,6.1264701079e-2,4.3082400427e-1,2.7714784605e-1,2.3083823939e-1,2.4991896789e-1,6.249968793398478e-1,-6.636089570020474e-2,4.2485914678e1,5.196e-1
1495.000000,2.3444169789e-1,4.2914901009e-1,2.0094703455e-1,2.1973760167e-1,1.6571841527e-1,6.249968797335873e-1,-6.636089702856107e-2,3.0826655553e1,5.608e-1
1496.000000,5.1328880869e-1,2.8640078366e-1,1.2277026876e-2,2.5515140236e-1,1.8287573719e-1,6.249968793887709e-1,-6.636089884255814e-2,3.2500601423e1,5.650e-1
1497.000000,6.6297939701e-1,1.4121806204e-1,3.0044590090e-1,1.2346062279e-1,2.1889774265e-2,6.249968784995412e-1,-6.636089863606075e-2,9.7701240649e0,5.070e-1
1498.000000,5.8519506756e-1,1.7873047300e-1,3.1628122660e-1,1.5418420132e-1,1.5602788623e-2,6.249968785573610e-1,-6.636089835106021e-2,1.0111359679e1,3.730e-1
1499.000000,4.5691032446e-1,2.8639302205e-1,2.2941538396e-3,3.8160402748e-1,1.2279223044e-1,6.249968791345668e-1,-6.636089696790576e-2,2.8748328812e1,3.798e-1
1500.000000,2.2533996733e-1,4.0918205759e-1,3.6173717773e-1,2.2848627710e-1,2.5248273072e-2,6.249968764134718e-1,-6.636089848110802e-2,1.4368271341e1,5.692e-1
1501.000000,1.0785288168e-1,3.9937931636e-1,2.0206725780e-1,1.6344701602e-1,3.7724728122e-1,6.249968765436487e-1,-6.636090112530701e-2,5.5987179645e1,5.178e-1
1502.000000,1.3822382968e-1,4.6100049323e-2,6.5870073277e-2,9.7166042626e-2,9.0263377051e-1,6.249968827095129e-1,-6.636089968692502e-2,1.1933470859e2,7.400e-1
1503.000000,1.4653227216e-1,4.6995810433e-2,5.4178850044e-1,4.5155658963e-1,6.3120568241e-2,6.249968704568869e-1,-6.636089368039419e-2,2.7030809364e1,6.538e-1
1504.000000,1.1630286067e-1,5.1602818079e-1,9.6737499624e-3,3.7668460347e-1,2.3130433761e-1,6.249968662561132e-1,-6.636089856340319e-2,4.2828460317e1,4.793e-1
1505.000000,1.9042156914e-1,1.0805153895e-1,4.0592260474e-1,4.6027100049e-2,4.9957092060e-1,6.249968667358938e-1,-6.636089892784584e-2,6.8976639739e1,6.687e-1
1506.000000,2.0957685762e-1,2.8833673515e-1,1.7666445142e-1,4.1284953524e-1,1.6256615279e-1,6.249968661129027e-1,-6.636090125458588e-2,3.6114430195e1,5.358e-1
1507.000000,4.7153662879e-1,4.0578203701e-1,1.2607533110e-1,4.5343902503e-2,2.0125582840e-1,6.249968639024314e-1,-6.636090183860711e-2,2.9267685953e1,6.368e-1
1508.000000,6.5583339155e-1,5.3282417346e-2,5.7511395391e-2,9.9558265565e-2,3.8380826139e-1,6.249968656222493e-1,-6.636090139185374e-2,5.3207894650e1,6.153e-1
1509.000000,3.3701588610e-1,1.5392843666e-1,7.0330542787e-1,3.3599182231e-2,2.2144793173e-2,6.249968630115219e-1,-6.636090091363277e-2,1.0012515597e1,4.382e-1
1510.000000,2.7797868395e-1,7.4557373496e-2,2.7040522586e-1,3.9449737658e-2,5.8760272083e-1,6.249968708970124e-1,-6.636090130023908e-2,7.8926885767e1,7.436e-1
1511.000000,2.0335515642e-1,1.1882477802e-1,3.8127166905e-2,1.9666362244e-2,8.7002029188e-1,6.249968777342736e-1,-6.636090195950614e-2,1.1263626542e2,9.201e-1
1512.000000,9.4632710880e-2,1.6458121649e-1,2.4661701268e-1,6.8597203733e-2,6.7556559070e-1,6.249968672468008e-1,-6.636090135742387e-2,9.1016921020e1,8.186e-1
1513.000000,3.6120694491e-2,7.0948199291e-1,2.4643475177e-2,1.1922871867e-2,4.6782469284e-1,6.249968636425095e-1,-6.636089875521663e-2,6.1897264717e1,6.596e-1
1514.000000,4.1565589556e-2,1.5128084071e-1,3.7336740664e-1,2.7675390298e-1,4.0702598925e-1,6.249968645683383e-1,-6.636089938751971e-2,6.4265735249e1,6.024e-1
1515.000000,5.3926260332e-2,3.0730340262e-1,2.4176352860e-1,4.1113092326e-1,2.3586959008e-1,6.249968524470382e-1,-6.636089191209948e-2,4.5923175239e1,5.206e-1
1516.000000,1.5588686840e-1,4.6170520431e-1,1.0695886693e-1,2.1196653091e-2,5.0424612223e-1,6.249968574746294e-1,-6.636089231606243e-2,6.7078821322e1,7.019e-1
1517.000000,3.6499123682e-1,4.8236870626e-2,1.2670507192e-1,5.8175089575e-1,1.2830963838e-1,6.249968567499778e-1,-6.636089580938846e-2,3.6332272312e1,5.268e-1
1518.000000,4.1496239950e-1,1.9985249224e-2,2.4271126051e-1,3.2754566822e-1,2.4478912125e-1,6.249968493540948e-1,-6.636089238255991e-2,4.4003610686e1,4.556e-1
1519.000000,2.1269448135e-1,4.1998199979e-1,4.7246742869e-2,1.8474947986e-1,3.8532099294e-1,6.249968484047005e-1,-6.636088703134708e-2,5.6557355635e1,3.736e-1
1520.000000,5.7519913650e-2,2.4599375067e-1,7.5478494113e-1,1.2566919434e-1,6.6025883781e-2,6.249968417838132e-1,-6.636088707356425e-2,1.9031754330e1,3.436e-1
1521.000000,2.6873995378e-2,4.3906551915e-1,1.8503678766e-1,2.5014670704e-1,3.4887067914e-1,6.249968441861773e-1,-6.636087798467091e-2,5.5032003893e1,6.604e-1
1522.000000,6.2951455272e-2,3.1177447516e-1,5.9064360823e-1,1.4894564203e-1,1.3567849587e-1,6.249968382776709e-1,-6.636087818333497e-2,2.7513281560e1,5.335e-1
1523.000000,2.4950084437e-1,3.6578931670e-1,5.9439297522e-2,3.8303187530e-1,1.9223235116e-1,6.249968425254989e-1,-6.636088208864077e-2,3.8194604393e1,3.841e-1
1524.000000,4.7402483125e-1,3.5351714975e-2,6.0624363282e-1,1.0270246669e-1,3.1671034938e-2,6.249968403386278e-1,-6.636088123647756e-2,1.2498036314e1,5.358e-1
1525.000000,4.3050570099e-1,7.0431750153e-2,5.3984937974e-2,6.8565355824e-1,9.4177460180e-3,6.249968466906584e-1,-6.636087512744870e-2,2.3934381209e1,3.849e-1
1526.000000,2.3653856565e-1,1.5678731624e-1,1.8031936121e-1,3.5014668640e-2,6.4133377739e-1,6.249968445610854e-1,-6.636088208990146e-2,8.5085591708e1,4.244e-1
1527.000000,1.2357553338e-1,4.6819772612e-1,1.7020281992e-1,1.5237241740e-1,3.3564517971e-1,6.249968382693476e-1,-6.636088284268157e-2,5.0198306139e1,4.243e-1
1528.000000,2.7607433863e-1,2.6451858226e-1,5.0578255317e-2,1.8933215781e-1,4.6949033892e-1,6.249968364720294e-1,-6.636088116188092e-2,6.7225092809e1,2.224e-1
1529.000000,5.1845208216e-1,1.6570201145e-2,2.1109243561e-1,6.5404240529e-2,4.3847471222e-1,6.249968358347954e-1,-6.636088097075743e-2,6.0198804790e1,4.422e-1
1530.000000,4.1671824096e-1,1.1803297340e-1,1.4200706082e-1,1.8853581141e-1,3.8469958962e-1,6.249968381105420e-1,-6.636088100611362e-2,5.6855174990e1,3.216e-1
1531.000000,2.0107050581e-1,1.3777784816e-1,3.5705410801e-1,4.3939032654e-1,1.1470088192e-1,6.249968352170943e-1,-6.636088144915316e-2,3.1974727148e1,5.479e-1
1532.000000,7.1817558556e-2,5.7741864663e-1,8.8780083276e-3,7.6516086456e-2,5.1536337004e-1,6.249968350073341e-1,-6.636088127743503e-2,6.9676796271e1,3.271e-1
1533.000000,2.2204914492e-2,2.5262185248e-1,2.4306670799e-1,1.6064264729e-1,5.7145754819e-1,6.249968352264341e-1,-6.636088192661121e-2,8.0748010708e1,4.626e-1
1534.000000,2.0974776662e-2,1.8950223733e-2,2.3610335880e-1,4.6757327715e-2,9.2720799413e-1,6.249968405213352e-1,-6.636088339890309e-2,1.2211607244e2,8.060e-1
1535.000000,2.4076238700e-2,9.1712221112e-3,4.2877769107e-1,1.9037716838e-1,5.9759128924e-1,6.249968047520611e-1,-6.636087173252135e-2,8.6044356503e1,5.444e-1
1536.000000,3.1542679987e-2,5.0684380196e-2,2.9114088195e-1,8.2059266390e-1,5.6033028827e-2,6.249968174289653e-1,-6.636087864143797e-2,3.5877460091e1,7.406e-1
1537.000000,5.1688589692e-2,7.3776775974e-2,8.1595762924e-4,7.5014487063e-2,1.0486978351e0,6.249968227329148e-1,-6.636087151321284e-2,1.3681371199e2,8.301e-1
1538.000000,8.1399087016e-2,3.3694893509e-2,5.9909785886e-2,2.9824720660e-1,7.7674261116e-1,6.249967920831819e-1,-6.636086113013967e-2,1.0955433246e2,5.770e-1
1539.000000,1.0484027427e-1,1.5998428809e-2,4.4067883562e-1,3.2416393871e-1,3.6431209597e-1,6.249967866891895e-1,-6.636086340110597e-2,6.0615042003e1,4.372e-1
1540.000000,1.4952718185e-1,4.8686084807e-2,2.0024935496e-1,8.2732818708e-2,7.6879813988e-1,6.249967901020603e-1,-6.636086944197822e-2,1.0282774270e2,8.258e-1
1541.000000,2.0900559265e-1,1.5960130627e-2,2.9485086880e-1,3.9569811937e-1,3.3447883231e-1,6.249967718791001e-1,-6.636087292793723e-2,5.7970860363e1,4.347e-1
1542.000000,2.2189415365e-1,1.2325394700e-1,6.1635633001e-1,1.5361413413e-1,1.3487497740e-1,6.249967710958914e-1,-6.636087314885297e-2,2.7467955010e1,3.314e-1
1543.000000,3.3817757093e-1,4.1844794132e-1,1.4154683971e-1,1.7504699018e-1,1.7677421275e-1,6.249967774468803e-1,-6.636087519169172e-2,3.0366962304e1,4.059e-1
1544.000000,8.4495858121e-1,4.9491120490e-2,6.8449704457e-2,2.2527080781e-1,6.1823343297e-2,6.249967786352494e-1,-6.636087484037588e-2,1.6191112959e1,1.952e-1
1545.000000,5.0844428080e-1,5.3401016500e-1,2.0975623493e-2,8.5214604858e-2,1.0134888227e-1,6.249967782136662e-1,-6.636087503633058e-2,1.7189571744e1,2.355e-1
1546.000000,2.1847480062e-1,1.8547289984e-1,2.4467186862e-1,1.7735250002e-1,4.2402149504e-1,6.249967820729978e-1,-6.636087502769053e-2,6.2387589515e1,4.118e-1
1547.000000,2.3413120862e-1,3.3941568151e-2,6.3795230968e-1,1.6323832250e-1,1.8073012755e-1,6.249967682526373e-1,-6.636087419396752e-2,3.3645649864e1,4.181e-1
1548.000000,1.5522182590e-1,6.3128187908e-1,2.4741819962e-1,2.7839324066e-2,1.8823231790e-1,6.249967732801170e-1,-6.636087276046498e-2,2.8304115329e1,7.784e-1
1549.000000,3.4552625485e-1,2.2994482801e-1,2.0027374228e-1,2.5562037331e-1,2.1862834787e-1,6.249967731553313e-1,-6.636087382380326e-2,3.8399123195e1,5.366e-1
1550.000000,4.3876456413e-1,5.6882480364e-2,1.4470943395e-1,6.3995624817e-2,5.4564144834e-1,6.249967757984456e-1,-6.636087138244394e-2,7.3380788096e1,5.530e-1
1551.000000,3.1863862150e-1,1.1181221291e-1,2.5126022864e-1,1.7415336209e-2,5.5086714565e-1,6.249967724530809e-1,-6.636087070169641e-2,7.3461310968e1,3.908e-1
1552.000000,1.1773001750e-1,4.7321487850e-1,2.7305428803e-2,4.9136872557e-1,1.4037449356e-1,6.249967719629711e-1,-6.636087137251073e-2,3.4915472590e1,6.828e-1
1553.000000,7.9126782948e-2,1.2039077317e-1,3.9428820507e-1,1.5157566505e-1,5.0461209874e-1,6.249967624849910e-1,-6.636086430226104e-2,7.2875420498e1,3.692e-1
1554.000000,1.4007349037e-1,1.7550910656e-1,7.4426610186e-1,2.8610472259e-2,1.6153433729e-1,6.249967541678656e-1,-6.636086217921162e-2,2.7967114058e1,1.397e-1
1555.000000,4.7318238087e-1,4.0349848373e-1,1.1390325792e-2,1.7841633627e-1,1.8350599170e-1,6.249967591787102e-1,-6.636086447182760e-2,3.0332800462e1,4.153e-1
1556.000000,8.0633684567e-1,2.7632250114e-2,1.0191267441e-1,1.5885216839e-2,2.9822653201e-1,6.249967595206261e-1,-6.636086445167105e-2,3.9955057355e1,5.261e-1
1557.000000,4.1598518749e-1,2.7422053515e-1,3.6674308760e-1,1.5251719781e-1,4.0527507909e-2,6.249967579801767e-1,-6.636086427584277e-2,1.3758449707e1,4.875e-1
1558.000000,3.5537534459e-1,1.3353301633e-1,1.2057093246e-1,3.2615816079e-1,3.1435606011e-1,6.249967571398932e-1,-6.636086529366544e-2,5.2083958004e1,4.310e-1
1559.000000,2.8094611996e-1,2.2833569244e-1,8.6910640820e-3,6.0324607515e-1,1.2877456261e-1,6.249967571200902e-1,-6.636086108874394e-2,3.6453691376e1,4.969e-1
1560.000000,2.2954414749e-1,1.7162902588e-1,7.8606401169e-1,2.1218339227e-2,4.1537971871e-2,6.249967480807981e-1,-6.636086862780512e-2,1.2742389474e1,7.108e-1
1561.000000,1.5248841979e-1,4.5665439679e-1,1.6136615274e-1,1.0004580211e-1,3.7943873638e-1,6.249967539047327e-1,-6.636086694523996e-2,5.4050106150e1,3.544e-1
1562.000000,1.8622957175e-1,2.3158994276e-1,5.1111220471e-2,7.5817490308e-2,7.0524529561e-1,6.249967604475132e-1,-6.636086814027503e-2,9.3662741962e1,4.712e-1
1563.000000,2.3326912677e-1,3.1350024932e-1,7.6598195220e-3,5.7393202495e-1,1.2163228941e-1,6.249967549876638e-1,-6.636086504659111e-2,3.4739671462e1,5.278e-1
1564.000000,3.4836139646e-1,1.4300069746e-1,1.0408593009e-2,2.9360820971e-1,4.5461460487e-1,6.249967507545293e-1,-6.636087348528928e-2,6.8129582971e1,3.199e-1
1565.000000,3.7058479344e-1,2.0310447752e-1,9.5150468695e-2,9.2864877801e-2,4.8828888008e-1,6.249967487657486e-1,-6.636087383982442e-2,6.6825357841e1,4.848e-1
1566.000000,4.8305695051e-1,3.6475866484e-2,4.5100247346e-1,2.4237590006e-1,3.7082305712e-2,6.249967481102092e-1,-6.636087350072148e-2,1.6425063929e1,6.497e-1
1567.000000,3.8227757722e-1,1.9650403696e-1,2.9112744975e-1,2.7867252179e-1,1.0141190474e-1,6.249967452347447e-1,-6.636087253013984e-2,2.4811410964e1,5.922e-1
1568.000000,1.8080220153e-1,5.1381613434e-1,4.5589433422e-1,2.9923106878e-2,6.9557713673e-2,6.249967453242191e-1,-6.636087178724555e-2,1.4626114813e1,6.297e-1
1569.000000,2.3086326310e-1,2.3235631913e-2,4.1521785054e-1,7.6338502581e-3,5.7304289858e-1,6.249967471927177e-1,-6.636087258728661e-2,7.7077419926e1,6.265e-1
1570.000000,1.8490029885e-1,7.4905958630e-2,4.8280594592e-3,9.6982466949e-1,1.5534524269e-2,6.249967553489280e-1,-6.636088184254015e-2,3.3303695072e1,8.612e-1
1571.000000,1.0539748496e-1,1.0743932743e-1,1.6035297238e-1,1.2816612788e-2,8.6398709077e-1,6.249967441644683e-1,-6.636087002049301e-2,1.1255088040e2,8.552e-1
1572.000000,5.9672632832e-2,1.5642189893e-1,3.6172184580e-1,4.4539976566e-1,2.2677734614e-1,6.249967446763637e-1,-6.636086820862984e-2,4.6516747687e1,5.988e-1
1573.000000,5.0221912641e-2,2.4056747725e-1,3.5544727985e-1,1.1020194413e-1,4.9355484841e-1,6.249967311384907e-1,-6.636087387869222e-2,7.0051306959e1,6.316e-1
1574.000000,1.4292381248e-1,6.6220688289e-1,1.5570839302e-1,8.3552795364e-3,2.8079910086e-1,6.249967343902187e-1,-6.636087066274961e-2,3.8851196671e1,4.744e-1
1575.000000,5.4226643572e-1,6.1221738749e-2,5.6121171811e-1,5.7622285985e-2,2.7671286831e-2,6.249967326985943e-1,-6.636087027837792e-2,1.0269108306e1,7.461e-1
1576.000000,4.7547244871e-1,8.9466484404e-2,1.0435730762e-1,2.4287787503e-1,3.3781935024e-1,6.249967330053177e-1,-6.636086756975176e-2,5.2264496486e1,6.531e-1
1577.000000,2.5360933527e-1,8.7918912521e-2,2.0836645100e-1,4.6728138149e-1,2.3281740433e-1,6.249967423082389e-1,-6.636087171510251e-2,4.6723206063e1,4.756e-1
1578.000000,1.5915743248e-1,5.7993555227e-2,5.8349719609e-1,1.9536104010e-1,2.5398423465e-1,6.249967292738232e-1,-6.636086809162622e-2,4.3625078714e1,6.622e-1
1579.000000,1.6742436874e-1,4.3086476047e-2,4.5833282585e-1,4.1916808680e-1,1.6198169399e-1,6.249967257118967e-1,-6.636087269656840e-2,3.7983583352e1,5.116e-1
1580.000000,2.3064341886e-1,2.9850719957e-2,3.2375836077e-1,5.7362113152e-1,9.2119841305e-2,6.249967362089035e-1,-6.636087270817859e-2,3.2912305931e1,3.375e-1
1581.000000,2.8052288548e-1,1.1382872752e-3,6.1977860291e-1,1.3312692376e-1,2.1542674636e-1,6.249967228884499e-1,-6.636086094085904e-2,3.6935451935e1,5.666e-1
1582.000000,2.0819521961e-1,1.5745620303e-1,5.1897845656e-1,1.9351278400e-1,1.7185077026e-1,6.249967167286961e-1,-6.636085962759122e-2,3.2760145350e1,7.135e-1
1583.000000,1.4521025863e-1,7.6673531704e-1,6.6042015414e-2,1.3997653299e-1,1.3202931688e-1,6.249967204804295e-1,-6.636085700001142e-2,2.3513413504e1,5.389e-1
1584.000000,4.2813651537e-1,1.7240112028e-1,2.0566691400e-1,3.0495421731e-1,1.3883467483e-1,6.249967208937522e-1,-6.636085860748678e-2,2.9733579143e1,3.873e-1
1585.000000,6.3015554170e-1,2.0729409843e-2,3.6906228946e-1,1.7155363176e-1,5.8492566434e-2,6.249967195988936e-1,-6.636085678581806e-2,1.6285799626e1,5.997e-1
1586.000000,2.9867904305e-1,4.9478997626e-1,1.9180306573e-2,2.5231268377e-1,1.8503143050e-1,6.249967200802000e-1,-6.636085552149822e-2,3.3050390912e1,3.740e-1
1587.000000,9.4158668259e-2,1.6557129633e-1,7.4777534110e-1,4.2174301082e-2,2.0031382271e-1,6.249967147404512e-1,-6.636085591358563e-2,3.3350171597e1,6.022e-1
1588.000000,5.1875848563e-2,1.8637050783e-1,6.4724332689e-1,3.4625477236e-1,1.8248989099e-2,6.249967223727071e-1,-6.636085353746624e-2,1.8992648875e1,7.841e-1
1589.000000,1.1359233498e-2,6.0036744751e-1,3.4617773901e-1,1.2541332883e-1,1.6667569226e-1,6.249967205480998e-1,-6.636085210352791e-2,2.9323551555e1,6.099e-1
1590.000000,8.7687536691e-3,1.5184657061e-1,3.8175872827e-1,9.1156595796e-3,6.9850374720e-1,6.249967296600523e-1,-6.636085505808494e-2,9.3062328092e1,6.742e-1
1591.000000,1.8738316406e-2,2.3679573557e-1,3.6031663982e-1,4.3433168978e-2,5.9070958358e-1,6.249967221744621e-1,-6.636086007571140e-2,8.0366181854e1,5.006e-1
1592.000000,6.0365645454e-2,3.5440202549e-1,1.7143722836e-1,4.8299650827e-1,1.8079203101e-1,6.249967192873656e-1,-6.636085939162921e-2,4.0707752934e1,2.593e-1
1593.000000,1.2380374524e-1,2.9246420351e-1,1.4047084632e-1,3.3789226418e-2,6.5946540655e-1,6.249967140185829e-1,-6.636085996572258e-2,8.7263424334e1,5.116e-1
1594.000000,3.6555708551e-1,3.5352479683e-1,9.0906043858e-3,8.8104681554e-2,4.3371625303e-1,6.249967106541642e-1,-6.636085939886324e-2,5.9297583169e1,5.758e-1
1595.000000,6.0181940924e-1,6.9100350920e-3,3.3627117946e-1,1.2328906126e-1,1.8170373140e-1,6.249967082272990e-1,-6.636085946139555e-2,3.0208226790e1,4.204e-1
1596.000000,2.9984691274e-1,3.4027436774e-1,6.8789842144e-2,4.4702757697e-2,4.9637953929e-1,6.249967098051904e-1,-6.636085901082961e-2,6.6347860204e1,4.290e-1
1597.000000,2.2498281093e-1,3.7544989930e-1,5.1751690398e-2,3.7324954241e-1,2.2455947162e-1,6.249967073297291e-1,-6.636085952443585e-2,4.1965002452e1,5.406e-1
1598.000000,4.2243292065e-1,3.1798581105e-2,6.8190937544e-1,6.8264287167e-2,4.5588240966e-2,6.249967026640273e-1,-6.636085900000180e-2,1.3749840659e1,8.184e-1
1599.000000,3.7970252486e-1,9.4838033430e-2,4.1814221612e-2,7.1941546213e-1,1.4223178059e-2,6.249967100447801e-1,-6.636087044044940e-2,2.5555902682e1,8.156e-1
1600.000000,1.5532461832e-1,3.2612753561e-1,2.5617481499e-2,9.8078045408e-2,6.4484573077e-1,6.249967058044197e-1,-6.636085603226649e-2,8.6613608224e1,6.803e-1
1601.000000,9.8378587050e-2,7.8439106519e-2,3.0836541642e-1,1.1965843216e-1,6.4515184855e-1,6.249966953477620e-1,-6.636085421146490e-2,8.9081497281e1,6.320e-1
1602.000000,1.3520977913e-1,6.5111180118e-2,2.5730087111e-1,5.2221255819e-1,2.7015897858e-1,6.249966835647299e-1,-6.636086034240726e-2,5.3547385339e1,7.119e-1
1603.000000,2.5063460526e-1,1.6978779423e-1,9.4387409158e-2,4.4669250012e-1,2.8849105733e-1,6.249966830504291e-1,-6.636084729706299e-2,5.2441007506e1,4.370e-1
1604.000000,5.4677027911e-1,1.9686613758e-1,3.1886240534e-1,1.0621163798e-1,8.1282901446e-2,6.249966807243086e-1,-6.636084448661847e-2,1.7021000458e1,6.941e-1
1605.000000,8.5265710105e-1,1.8027136200e-2,1.0251389898e-1,5.6984329456e-2,2.1981089648e-1,6.249966810832260e-1,-6.636084438815985e-2,3.1241787306e1,8.720e-1
1606.000000,3.8048343687e-1,2.5366434658e-1,4.4103304972e-1,5.0547176457e-2,1.2426535012e-1,6.249966798694302e-1,-6.636084465157130e-2,2.1749309271e1,6.489e-1
1607.000000,2.4024405578e-1,1.3911714264e-1,4.1189271207e-1,2.5304400306e-1,2.0569544740e-1,6.249966804769959e-1,-6.636084481474475e-2,3.8119923375e1,5.938e-1
1608.000000,3.3458569610e-1,8.6097539621e-2,6.5074945708e-2,5.4721707476e-1,2.1701810997e-1,6.249966830779994e-1,-6.636084733844241e-2,4.6149351961e1,6.972e-1
1609.000000,4.5296536275e-1,2.6807458036e-3,6.2699498912e-1,1.3654368980e-1,3.0808569602e-2,6.249966785415031e-1,-6.636083965391400e-2,1.3560699069e1,7.913e-1
1610.000000,2.8229998213e-1,2.3261399725e-1,9.0325163842e-3,1.5701106860e-1,5.6903579985e-1,6.249966821041034e-1,-6.636083473233964e-2,7.8539574693e1,4.445e-1
1611.000000,1.0364841531e-1,2.4434814763e-1,4.3103040730e-1,2.5863435717e-1,2.1233201635e-1,6.249966718835900e-1,-6.636083292894043e-2,3.9443561284e1,5.461e-1
1612.000000,2.8100370443e-2,5.3851876263e-1,6.6294456309e-2,5.7357017947e-1,4.3509586143e-2,6.249966774992346e-1,-6.636083922030872e-2,2.5544916130e1,7.304e-1
1613.000000,1.5467823528e-2,1.1952459388e-1,6.4614965653e-1,6.7630418838e-2,4.0122082945e-1,6.249966611132735e-1,-6.636083136889794e-2,5.8936419924e1,6.180e-1
1614.000000,9.7495616751e-3,6.3168115235e-1,8.3379919656e-2,4.8330066820e-2,4.7685264093e-1,6.249966707170944e-1,-6.636082709949725e-2,6.4518976621e1,6.676e-1
1615.000000,1.6798002419e-2,2.8256042736e-1,2.8272012808e-1,4.8448776154e-1,1.8342700828e-1,6.249966638357423e-1,-6.636082538248045e-2,4.1817546309e1,6.040e-1
1616.000000,2.6701759486e-2,3.0655350710e-2,4.1025849858e-1,6.5280822780e-1,1.2956948497e-1,6.249966607728122e-1,-6.636082660948212e-2,4.0831486936e1,3.226e-1
1617.000000,4.5668528883e-2,1.4674958983e-1,2.8027417646e-1,3.8238543328e-3,7.7347717817e-1,6.249966638394103e-1,-6.636084239291337e-2,1.0168596900e2,4.413e-1
1618.000000,1.2917203834e-1,6.5550848176e-1,1.5283826655e-1,1.5943745084e-1,1.5303707316e-1,6.249966553321756e-1,-6.636084434308594e-2,2.7289052907e1,3.697e-1
1619.000000,4.8596597378e-1,7.4694484283e-2,4.4733574858e-1,1.1040776554e-1,1.3158933671e-1,6.249966544456851e-1,-6.636084421879170e-2,2.4347541540e1,2.181e-1
1620.000000,4.6896625374e-1,4.2251684973e-2,5.3398453254e-1,1.7503068665e-2,1.8728777109e-1,6.249966555073239e-1,-6.636084363842085e-2,2.9123795654e1,5.629e-1
1621.000000,2.5540070749e-1,1.8857407406e-1,3.5146021717e-1,4.2067086160e-1,3.3887452963e-2,6.249966566454136e-1,-6.636084465507960e-2,2.1115591790e1,5.785e-1
1622.000000,1.8143472880e-1,4.9317812194e-1,2.0515089644e-1,2.0025611021e-1,1.6997345353e-1,6.249966554602195e-1,-6.636084260280661e-2,3.0883078358e1,4.453e-1
1623.000000,2.5032388982e-1,7.7784154597e-2,1.5160274768e-1,5.1820880331e-1,2.5207372362e-1,6.249966595126526e-1,-6.636084879509832e-2,5.0341670565e1,7.090e-1
1624.000000,2.3938636609e-1,6.9411438031e-1,7.8544794981e-2,1.9112290760e-1,4.6824857894e-2,6.249966534345301e-1,-6.636083803428437e-2,1.4245795157e1,6.937e-1
1625.000000,6.5579180045e-1,9.9614598658e-2,7.4054432996e-2,9.2519991093e-2,3.2801248575e-1,6.249966544710117e-1,-6.636083818581706e-2,4.6065798452e1,7.935e-1
1626.000000,6.0596431329e-1,1.4070619279e-1,1.1037153781e-2,1.0993305740e-1,3.8235259027e-1,6.249966537640208e-1,-6.636083787583558e-2,5.3131681163e1,7.714e-1
1627.000000,2.1343158085e-1,3.2031371965e-1,8.3229949669e-2,6.9306546871e-2,5.6371151097e-1,6.249966540067158e-1,-6.636083733478840e-2,7.5786065732e1,4.603e-1
1628.000000,8.2040880601e-2,3.2400677086e-1,8.8501934979e-2,6.3113566534e-1,1.2430805261e-1,6.249966521984960e-1,-6.636083928356566e-2,3.7504821487e1,7.686e-1
1629.000000,7.1658597890e-2,1.6375255330e-1,3.4838005551e-1,3.6954932447e-1,2.9665275665e-1,6.249966439128245e-1,-6.636083374353129e-2,5.2947506084e1,6.079e-1
1630.000000,9.4540671651e-2,5.7887506303e-1,6.6111371390e-2,5.2054282810e-3,5.0526075233e-1,6.249966433370175e-1,-6.636083510300773e-2,6.6573861436e1,6.973e-1
1631.000000,2.8919611810e-1,1.5295378041e-1,5.8928348351e-2,3.4810784127e-1,4.0080719267e-1,6.249966403995313e-1,-6.636083331175512e-2,6.3364703989e1,6.129e-1
1632.000000,4.3173846088e-1,1.0008142855e-2,3.8264778452e-1,1.7071049528e-2,4.0852783520e-1,6.249966364880548e-1,-6.636083298944202e-2,5.6134904282e1,6.385e-1
1633.000000,3.2705694782e-1,1.3375813052e-1,3.6406585011e-1,4.8783714796e-2,3.7632861901e-1,6.249966311292939e-1,-6.636083087333215e-2,5.3074713643e1,6.000e-1
1634.000000,1.0094755378e-1,4.6780015305e-1,2.6807150068e-1,1.8957214056e-2,3.9421684121e-1,6.249966313927031e-1,-6.636083105990022e-2,5.4197032614e1,6.273e-1
1635.000000,9.6803327404e-2,1.6575132184e-1,9.1896541511e-2,8.1696665081e-1,7.8575429969e-2,6.249966357686567e-1,-6.636084535275959e-2,3.7315664502e1,6.299e-1
1636.000000,2.0820457702e-1,2.0924883647e-1,2.8788319939e-2,8.0082467918e-1,2.9268530225e-3,6.249966328155623e-1,-6.636083167342841e-2,2.6753933442e1,6.085e-1
1637.000000,3.7721184291e-1,8.9460277415e-3,3.6901065256e-1,1.0909757936e-2,4.8391496068e-1,6.249966209167891e-1,-6.636082469408591e-2,6.5448810418e1,6.589e-1
1638.000000,3.2127457007e-1,1.0728954735e-1,2.9739892200e-1,5.0674881605e-1,1.7281390703e-2,6.249966230865508e-1,-6.636082503426689e-2,2.1182387879e1,6.029e-1
1639.000000,2.6589059709e-1,1.7623371671e-1,1.6868365154e-2,4.4925334335e-1,3.4174722017e-1,6.249966212377434e-1,-6.636082598784700e-2,5.8740110823e1,5.151e-1
1640.000000,2.6283908388e-1,8.6657618604e-2,1.1281677001e-1,3.4231554489e-2,7.5344822196e-1,6.249966244708125e-1,-6.636082715719029e-2,9.8744051093e1,6.409e-1
1641.000000,1.6446969295e-1,6.1049972791e-1,1.0951153101e-1,1.7572328255e-1,1.8978899308e-1,6.249966137464578e-1,-6.636082650053619e-2,3.2095462707e1,4.255e-1
1642.000000,2.3423197475e-1,1.6039604577e-1,4.0762664451e-1,3.5201990058e-1,9.5718659164e-2,6.249966123918268e-1,-6.636082672744080e-2,2.7215546427e1,4.614e-1
1643.000000,3.0384739174e-1,1.8232137899e-1,1.6863080094e-2,1.1117803229e-1,6.3578334721e-1,6.249966151611176e-1,-6.636082616619911e-2,8.5589436571e1,5.505e-1
1644.000000,3.6124361383e-1,5.2610962145e-2,4.3718335245e-1,7.4254788991e-2,3.2470049910e-1,6.249966082547952e-1,-6.636082583462474e-2,4.7721127683e1,5.667e-1
1645.000000,2.4051163688e-1,6.6934262614e-1,1.8501139253e-1,1.2959365072e-1,2.5533912544e-2,6.249966094087150e-1,-6.636082573685449e-2,1.0354369840e1,3.447e-1
1646.000000,5.8192995100e-1,1.1493563769e-1,3.3289578248e-1,1.6846099934e-1,5.1770848369e-2,6.249966094372187e-1,-6.636082510698833e-2,1.5201423081e1,2.948e-1
1647.000000,5.6878973182e-1,1.4564885374e-1,3.3462101183e-2,3.9701914776e-1,1.0507338503e-1,6.249966097669449e-1,-6.636082316326096e-2,2.6997395395e1,3.205e-1
1648.000000,2.9843137931e-1,2.9521697844e-1,2.6675914188e-1,2.4345965150e-1,1.4612606435e-1,6.249966077453356e-1,-6.636082727840810e-2,2.9368567867e1,4.700e-1
1649.000000,9.0755817694e-2,5.9477865221e-1,1.9429335757e-1,2.5635447688e-1,1.1381090976e-1,6.249966070587826e-1,-6.636082813825930e-2,2.5560421783e1,5.531e-1
1650.000000,4.9855968005e-2,1.4831532783e-1,4.7318615331e-1,3.5630679534e-1,2.2232896295e-1,6.249966037188439e-1,-6.636082700590687e-2,4.3966972575e1,6.222e-1
1651.000000,2.3505341698e-2,3.4103459096e-1,1.8776079419e-1,6.0867179133e-1,8.9020701661e-2,6.249966099214234e-1,-6.636081767328922e-2,3.3068055342e1,7.243e-1
1652.000000,5.4720748251e-3,8.0641497780e-1,1.0064121303e-1,5.6046094382e-2,2.8141885730e-1,6.249966086708011e-1,-6.636083463424947e-2,4.0235784452e1,2.236e-1
1653.000000,3.3767264942e-3,8.1426438735e-2,3.5863749420e-1,1.9606684456e-1,6.1048573388e-1,6.249966189365934e-1,-6.636082958156268e-2,8.7449954157e1,2.192e-1
1654.000000,2.7415356859e-3,3.4501927308e-2,1.7018148298e-1,3.9280759450e-1,6.4976072428e-1,6.249966323787444e-1,-6.636082256760593e-2,9.7171042219e1,6.242e-1
1655.000000,1.4081158164e-3,3.0901239703e-1,1.4204519071e-1,6.3525431748e-1,1.6227319782e-1,6.249966094287873e-1,-6.636083893152858e-2,4.2854197858e1,5.395e-1
1656.000000,3.2307518409e-4,7.3038470820e-1,1.1965501909e-1,6.3125980767e-2,3.3650442614e-1,6.249966046903649e-1,-6.636081884282312e-2,4.7510769037e1,7.688e-1
1657.000000,2.4889280823e-4,2.4128057418e-1,1.3022410585e-1,1.8563905398e-1,6.9260057916e-1,6.249966029860303e-1,-6.636080932964468e-2,9.6117802301e1,5.938e-1
1658.000000,6.8734911852e-4,6.3028825552e-1,4.2507638507e-2,7.0502061112e-2,5.0600789036e-1,6.249965973062895e-1,-6.636081370664673e-2,6.8626057215e1,6.869e-1
1659.000000,2.7961450418e-3,2.8984684505e-1,1.5591952834e-1,7.2325556612e-1,7.8175106479e-2,6.249965955102944e-1,-6.636080078333390e-2,3.4979039734e1,6.861e-1
1660.000000,5.2883633458e-3,2.5262034654e-2,8.2293910329e-1,4.2062212206e-2,3.5444143300e-1,6.249965732483896e-1,-6.636081947760783e-2,5.3351175292e1,8.078e-1
1661.000000,7.4800617112e-3,7.9422475221e-2,2.6522641255e-1,9.0177639138e-2,8.0768658126e-1,6.249965849369827e-1,-6.636083168533294e-2,1.0855396313e2,6.226e-1
1662.000000,1.7227414515e-2,3.9378257812e-1,2.2733286617e-1,7.1210484671e-2,5.4043981347e-1,6.249965784753353e-1,-6.636083506174696e-2,7.4069873427e1,6.258e-1
1663.000000,7.3852460058e-2,3.5347073944e-1,4.9829443692e-1,3.1471757112e-1,9.6579385721e-3,6.249965730528625e-1,-6.636083914934603e-2,1.6037401617e1,5.543e-1
1664.000000,1.7510252310e-1,2.6321087171e-1,1.0935220378e-1,4.6859234268e-1,2.3373520522e-1,6.249965732366681e-1,-6.636083258100586e-2,4.6401851869e1,4.915e-1
1665.000000,4.5170345562e-1,3.1762861451e-1,1.0704025831e-1,3.4998048210e-1,2.3640338627e-2,6.249965745865540e-1,-6.636083085979753e-2,1.5942769795e1,6.181e-1
1666.000000,8.5949365569e-1,5.3497445014e-3,7.2399352225e-2,2.9202353250e-1,2.0726863824e-2,6.249965743690336e-1,-6.636083008300382e-2,1.3017432744e1,8.520e-1
1667.000000,3.6554881601e-1,5.8672085196e-1,1.8644657823e-2,1.3845276030e-1,1.4062606192e-1,6.249965740058017e-1,-6.636082931660900e-2,2.3935997630e1,5.684e-1
1668.000000,1.1756758774e-1,2.1657588352e-1,2.0620493131e-1,1.9023028628e-1,5.1941446090e-1,6.249965748766124e-1,-6.636082515480642e-2,7.4713995167e1,6.635e-1
1669.000000,1.2108722463e-1,2.8410532474e-1,2.8425431040e-1,1.9266559539e-1,3.6788068048e-1,6.249965678199574e-1,-6.636082352232470e-2,5.6156814899e1,5.324e-1
1670.000000,3.5678947226e-1,3.5357111130e-1,1.1984713706e-1,1.2544891914e-1,2.9433649722e-1,6.249965684862295e-1,-6.636082207815805e-2,4.3533751112e1,5.702e-1
1671.000000,8.2124241363e-1,9.1094489363e-3,4.6008446687e-2,3.1531353240e-1,5.8319297284e-2,6.249965694692186e-1,-6.636082432554141e-2,1.8351810767e1,8.684e-1
1672.000000,4.8687104185e-1,2.9953298133e-1,3.3168474108e-1,8.5518495515e-3,1.2335252306e-1,6.249965684375265e-1,-6.636082338738346e-2,1.9558761550e1,6.788e-1
1673.000000,3.0726837068e-1,1.0651389434e-1,3.8497370182e-1,2.6247959881e-1,1.8875757136e-1,6.249965684995160e-1,-6.636082391340234e-2,3.6006767884e1,5.443e-1
1674.000000,1.9603562034e-1,2.7811964329e-1,8.7091496663e-3,4.2010453993e-1,3.4702417889e-1,6.249965660598026e-1,-6.636081669339869e-2,5.8586370470e1,6.315e-1
1675.000000,1.6353242245e-1,6.1141707782e-2,4.0011071314e-1,1.9931555733e-1,4.2589271961e-1,6.249965601567977e-1,-6.636081632375003e-2,6.4297301277e1,4.259e-1
1676.000000,8.1894067004e-2,6.1208855124e-1,3.3262828298e-1,4.5798291856e-2,1.7758391665e-1,6.249965548636454e-1,-6.636081385025072e-2,2.8122437070e1,7.719e-1
1677.000000,5.8552671750e-2,3.5813221244e-1,2.8903587087e-1,1.4914196962e-1,3.9513038410e-1,6.249965543923984e-1,-6.636081416407723e-2,5.8407059920e1,5.933e-1
1678.000000,1.0032652784e-1,1.4595553157e-2,2.5697604569e-1,4.5309488200e-2,8.3278550998e-1,6.249965624320529e-1,-6.636081673513859e-2,1.1018161164e2,8.473e-1
1679.000000,1.0897646414e-1,6.0050365551e-3,1.0372415159e-2,5.7881385513e-1,5.4582530709e-1,6.249965390385124e-1,-6.636080889096521e-2,8.8537160298e1,7.335e-1
1680.000000,9.8027264112e-2,1.8233188006e-2,5.5213143753e-2,9.0131400289e-1,1.7720548097e-1,6.249965398631167e-1,-6.636081628121647e-2,5.2051534815e1,7.462e-1
1681.000000,6.7794975993e-2,2.2341609597e-1,6.7765338110e-1,3.5501844183e-2,2.4562673176e-1,6.249965145033118e-1,-6.636080858587808e-2,3.8478237408e1,3.541e-1
1682.000000,1.2685009830e-1,6.9647645516e-1,3.4484318776e-2,1.5292530302e-1,2.3925686159e-1,6.249965184272799e-1,-6.636080956341374e-2,3.7250740490e1,4.649e-1
1683.000000,3.6453121173e-1,4.1335372327e-2,4.3270824197e-1,2.4915007508e-1,1.6226813110e-1,6.249965161023668e-1,-6.636080823253435e-2,3.2469725469e1,5.952e-1
1684.000000,3.4063852860e-1,7.8555379700e-2,2.1860307335e-1,4.9888433127e-2,5.6230762323e-1,6.249965190005744e-1,-6.636081071501303e-2,7.5648060244e1,5.632e-1
1685.000000,2.1516517984e-1,2.0919815858e-1,3.4235248635e-2,3.5251077377e-1,4.3888367060e-1,6.249965157144700e-1,-6.636081150371433e-2,6.8257315494e1,5.936e-1
1686.000000,1.4833967347e-1,3.0619237688e-1,9.9507971473e-2,7.2019665769e-2,6.2393334102e-1,6.249965143017072e-1,-6.636081022458568e-2,8.3650715317e1,4.273e-1
1687.000000,1.6017441719e-1,2.8255212230e-1,6.5138097642e-2,4.7373748285e-2,6.9475464539e-1,6.249965154063127e-1,-6.636081020002207e-2,9.1610850790e1,4.710e-1
1688.000000,2.3298903272e-1,1.6860288929e-2,3.9136424430e-1,2.6071172078e-1,3.4806772321e-1,6.249965049682393e-1,-6.636081085128415e-2,5.6176572684e1,4.869e-1
1689.000000,1.6705236994e-1,1.8882123292e-1,1.8525117972e-1,4.6558039554e-2,6.6231019841e-1,6.249965102736943e-1,-6.636081533138349e-2,8.8208740751e1,8.125e-1
1690.000000,5.5568377498e-2,4.9829188910e-1,7.7926335960e-2,6.3768872648e-2,5.5443754066e-1,6.249965079354305e-1,-6.636081436653285e-2,7.4656387784e1,7.445e-1
1691.000000,4.0731481851e-2,6.3936623314e-2,1.7003165043e-1,8.1234056915e-1,1.6295271319e-1,6.249965189686069e-1,-6.636083130431293e-2,4.8361337693e1,5.707e-1
1692.000000,5.1961879797e-2,2.4253147719e-2,5.5125546876e-1,2.8154366143e-1,3.4097884337e-1,6.249965005378272e-1,-6.636080946968599e-2,5.7139220102e1,7.069e-1
1693.000000,8.0031147108e-2,1.3901498537e-1,5.1305911599e-1,1.2486345583e-1,3.9302425537e-1,6.249964798375262e-1,-6.636080276069548e-2,5.8725253747e1,6.248e-1
1694.000000,2.2476081551e-1,6.5678215421e-1,2.1801838675e-1,1.2532637813e-1,2.5105225911e-2,6.249964802599406e-1,-6.636080030163100e-2,1.0394004827e1,8.088e-1
1695.000000,8.7758929926e-1,7.0544513966e-2,1.0823356436e-1,1.9155892994e-1,2.0666535100e-3,6.249964805149480e-1,-6.636080041827430e-2,7.8401695996e0,7.339e-1
1696.000000,6.1236038145e-1,2.7554728053e-1,4.1052575820e-2,1.8711698540e-1,1.3391573769e-1,6.249964804460354e-1,-6.636080006907234e-2,2.4314653315e1,6.338e-1
1697.000000,2.1290205038e-1,2.1371230677e-1,1.4158914879e-1,3.5355381182e-1,3.2823564612e-1,6.249964819389471e-1,-6.636080080736104e-2,5.4994473511e1,4.450e-1
1698.000000,9.6171229167e-2,1.3147528737e-1,5.4162702413e-2,5.2203288700e-1,4.4615084186e-1,6.249964739019250e-1,-6.636079651472640e-2,7.4556697951e1,6.491e-1
1699.000000,5.7276922254e-2,5.2723489560e-2,1.8050219709e-1,8.4928290689e-1,1.1020742645e-1,6.249964711184258e-1,-6.636082256960979e-2,4.2861706622e1,7.814e-1
1700.000000,5.4688736506e-2,3.6726075803e-1,1.9007362090e-1,1.8236871748e-1,4.5560109806e-1,6.249964654935614e-1,-6.636078699210628e-2,6.6435194363e1,6.138e-1
1701.000000,1.4725771522e-1,2.3324773337e-1,6.5071352412e-2,5.6476344892e-1,2.3965267910e-1,6.249964645116730e-1,-6.636078786196239e-2,4.9808668434e1,6.206e-1
1702.000000,2.5599405583e-1,1.4641352798e-2,3.3310878250e-1,2.1335196535e-1,4.3289675905e-1,6.249964577604792e-1,-6.636078881202100e-2,6.5060198043e1,6.579e-1
1703.000000,2.6990026199e-1,8.3436459726e-3,4.7973695269e-1,2.3959698786e-2,4.6805234540e-1,6.249964524204327e-1,-6.636079064035943e-2,6.4666943617e1,3.361e-1
1704.000000,1.5854109074e-1,2.3024710251e-1,1.5657037007e-1,5.7008658867e-1,1.3454775226e-1,6.249964521231749e-1,-6.636079255592217e-2,3.7257210838e1,6.574e-1
1705.000000,1.2113154739e-1,4.3299256632e-1,4.0398676252e-2,1.2300033859e-1,5.3246977588e-1,6.249964522120113e-1,-6.636079077474924e-2,7.3341882464e1,6.887e-1
1706.000000,1.9387906143e-1,2.7046413263e-1,3.1663553868e-1,1.0416398740e-1,3.6485017234e-1,6.249964462382658e-1,-6.636079007284694e-2,5.3205021762e1,3.490e-1
1707.000000,4.3185201470e-1,1.7471098673e-1,3.2171453004e-1,5.2186766353e-2,2.6952859983e-1,6.249964488251795e-1,-6.636079169112334e-2,3.9308701523e1,6.282e-1
1708.000000,6.3631397358e-1,1.8122362859e-2,6.3487872122e-2,2.7877857024e-2,5.0419083775e-1,6.249964516625890e-1,-6.636079215590675e-2,6.6290823346e1,7.432e-1
1709.000000,3.5493452961e-1,2.9772011475e-1,5.4317709895e-1,4.8827150619e-2,5.3340029581e-3,6.249964484418592e-1,-6.636079253776170e-2,7.3635454843e0,5.444e-1
1710.000000,2.0359817567e-1,2.8155032618e-1,4.5215374118e-1,4.0501792575e-2,2.7218886014e-1,6.249964478711065e-1,-6.636079182032047e-2,4.0418361129e1,5.278e-1
1711.000000,2.9425687914e-1,2.3015728591e-2,2.4680027712e-1,1.5848386558e-1,5.2743614052e-1,6.249964454787365e-1,-6.636078322287650e-2,7.4750871799e1,6.428e-1
1712.000000,2.3097784938e-1,1.9285978966e-1,1.1865001574e-1,2.4164816709e-1,4.6585708525e-1,6.249964535661546e-1,-6.636078569671176e-2,6.8812856889e1,6.403e-1
1713.000000,1.8154691372e-1,9.1940446278e-2,5.0690651373e-1,1.4051227288e-1,3.2908675417e-1,6.249964503919800e-1,-6.636078511391710e-2,5.0949403725e1,4.813e-1
1714.000000,1.6747797428e-1,5.5482853923e-2,7.1971795017e-2,8.6381206619e-1,9.1248229345e-2,6.249964593792449e-1,-6.636080738510278e-2,4.0092238530e1,8.245e-1
1715.000000,8.9446563762e-2,7.2696332138e-1,2.9837657194e-1,2.3547599750e-2,1.1165883219e-1,6.249964445104805e-1,-6.636077889994564e-2,1.8931516212e1,8.354e-1
1716.000000,1.7340086744e-1,2.4323762282e-1,3.9685668752e-1,1.6581661256e-1,2.7068109197e-1,6.249964411496836e-1,-6.636077537116479e-2,4.3701340554e1,4.875e-1
1717.000000,2.6432974632e-1,8.1698561498e-2,6.4637452315e-1,7.1652881729e-2,1.8593715777e-1,6.249964352351208e-1,-6.636077384186871e-2,3.1559406592e1,4.143e-1
1718.000000,3.6637457319e-1,2.2426907283e-1,1.2686655714e-1,1.7563276035e-1,3.5684991210e-1,6.249964378065179e-1,-6.636077162559398e-2,5.2943694969e1,5.913e-1
1719.000000,4.3137561251e-1,9.4024086111e-2,2.1514555616e-1,1.8081037883e-1,3.2863723539e-1,6.249964344988227e-1,-6.636077048898820e-2,4.9976398680e1,6.522e-1
1720.000000,2.9994802572e-1,1.6780112241e-1,1.1384084757e-1,2.7929171421e-1,3.8911115319e-1,6.249964315490335e-1,-6.636076332047129e-2,6.0139865501e1,5.335e-1
1721.000000,1.8052918209e-1,3.2139358896e-1,2.7076403653e-2,2.8320016378e-1,4.3779352202e-1,6.249964302530486e-1,-6.636076090000707e-2,6.6049639058e1,4.416e-1
1722.000000,1.9180738867e-1,2.8592087676e-2,2.3914791795e-1,6.5012242292e-1,1.4032304427e-1,6.249964307391780e-1,-6.636078465848450e-2,4.0831538413e1,3.716e-1
1723.000000,1.5105685127e-1,1.3468839243e-1,1.8162642055e-1,5.8849516263e-1,1.9412605401e-1,6.249964404431165e-1,-6.636076644696559e-2,4.5477896692e1,7.660e-1
1724.000000,6.0586790976e-2,4.1208996049e-1,1.9264346305e-3,7.1069968604e-1,6.4690002411e-2,6.249964372753768e-1,-6.636076845351965e-2,3.1892595055e1,8.173e-1
1725.000000,2.8743815769e-2,3.4407011056e-1,8.2031868039e-2,7.0305934949e-1,9.2087715821e-2,6.249964298388975e-1,-6.636076629494395e-2,3.5643893882e1,6.640e-1
1726.000000,2.0868248625e-2,3.0858624858e-1,8.9465930025e-2,6.0728298488e-1,2.2378942929e-1,6.249964207001424e-1,-6.636075203522837e-2,4.9421436527e1,4.369e-1
1727.000000,2.6328033436e-2,2.9422056346e-1,4.2630243222e-1,3.8014050459e-1,1.2300129137e-1,6.249964125372274e-1,-6.636074289435778e-2,3.1920686043e1,4.176e-1
1728.000000,7.5476865596e-2,5.8281903792e-1,9.9937683033e-2,3.1075999920e-1,1.8099924420e-1,6.249964149754309e-1,-6.636074167313416e-2,3.5115101205e1,5.846e-1
1729.000000,1.9974206895e-1,1.0114855927e-1,4.1528228785e-1,7.3125087441e-2,4.6069481078e-1,6.249964071447341e-1,-6.636073865501141e-2,6.4933365034e1,4.551e-1
1730.000000,3.5334281040e-1,1.2285367218e-1,3.5954618364e-1,3.3948349500e-1,7.4766663946e-2,6.249964125822960e-1,-6.636073556891106e-2,2.3732353044e1,5.859e-1
1731.000000,7.2462503959e-1,8.2593782665e-2,5.8184484198e-2,5.1060012699e-2,3.3352950192e-1,6.249964105395760e-1,-6.636073659007771e-2,4.5318672611e1,8.511e-1
1732.000000,5.8372461746e-1,3.2837587703e-1,2.4265418163e-1,3.2300228598e-2,6.2937913107e-2,6.249964089156420e-1,-6.636073650696005e-2,1.1979507709e1,7.624e-1
1733.000000,1.3636541689e-1,3.5476445305e-1,4.0626888904e-1,3.1291181820e-1,3.9682241744e-2,6.249964094614656e-1,-6.636073572646740e-2,1.9120367852e1,3.664e-1
1734.000000,8.7617190263e-2,9.2771319622e-2,5.3655216726e-2,1.7158280020e-1,8.4436629764e-1,6.249964122249003e-1,-6.636072909468141e-2,1.1422812867e2,9.188e-1
1735.000000,6.4046600568e-2,8.9691761519e-2,3.6932675610e-1,1.1583845534e-1,6.1108920906e-1,6.249963912910219e-1,-6.636072525730255e-2,8.5092270202e1,7.742e-1
1736.000000,2.6746554338e-2,4.5986567200e-1,3.1266118767e-1,6.1685210045e-2,3.8903414845e-1,6.249963862550263e-1,-6.636072028732912e-2,5.5204691846e1,6.602e-1
1737.000000,6.7543303559e-3,3.8614241672e-1,3.6582720204e-1,1.6519245460e-1,3.2607636514e-1,6.249963844294411e-1,-6.636072111476293e-2,5.0726212900e1,5.835e-1
1738.000000,5.2357874981e-3,1.1024036499e-1,1.3955683489e-1,9.2515603027e-2,9.0244418987e-1,6.249963901372880e-1,-6.636071476879747e-2,1.1981290890e2,5.199e-1
1739.000000,4.1051990847e-3,2.2000905523e-1,1.9896354695e-1,6.2504971512e-2,7.6440997679e-1,6.249963747814878e-1,-6.636071644992128e-2,1.0187841520e2,6.700e-1
1740.000000,3.9659299428e-3,2.5942902393e-1,1.5055400063e-1,3.1781256856e-1,5.1823119285e-1,6.249963579557267e-1,-6.636070558356058e-2,7.8228867896e1,5.617e-1
1741.000000,5.2731070128e-3,8.9404301209e-2,1.6561424946e-1,5.7440475651e-1,4.1529634032e-1,6.249963772598095e-1,-6.636071002546787e-2,7.3045242921e1,5.139e-1
1742.000000,6.3461782011e-3,2.6540862791e-1,2.7964478230e-1,6.4114056095e-1,5.7452589759e-2,6.249963695580734e-1,-6.636070028219260e-2,3.0641578043e1,4.634e-1
1743.000000,2.2843579140e-2,6.6853967475e-1,1.9216509916e-1,3.5974368806e-1,6.7006829554e-3,6.249963620315719e-1,-6.636070523132559e-2,1.5255307368e1,6.103e-1
1744.000000,6.4290078573e-2,1.8416390228e-1,2.5889925817e-1,6.8188205554e-1,6.0757427409e-2,6.249963609831629e-1,-6.636072491527542e-2,3.2068843395e1,6.761e-1
1745.000000,1.3730145946e-1,5.3043687937e-1,6.3846121006e-3,5.3349164479e-1,4.2378113917e-2,6.249963548150919e-1,-6.636070426490731e-2,2.3676732600e1,5.337e-1
1746.000000,3.5992402261e-1,6.5215605748e-2,5.6038571415e-1,2.3807007905e-1,2.6397277505e-2,6.249963495303482e-1,-6.636069767180880e-2,1.5790572986e1,6.865e-1
1747.000000,4.4423554722e-1,1.9328217200e-2,3.8010350349e-1,1.7410027282e-1,2.3222517095e-1,6.249963558374811e-1,-6.636069684344753e-2,3.8597632848e1,4.371e-1
1748.000000,2.6483674326e-1,2.6101362114e-1,3.4089903620e-2,7.8349898381e-2,6.1170255343e-1,6.249963599139450e-1,-6.636069617365878e-2,8.1732288430e1,5.992e-1
1749.000000,1.0523770131e-1,1.2553019807e-1,4.3708260997e-1,2.8899260594e-2,5.5324294112e-1,6.249963555303245e-1,-6.636069569465607e-2,7.5540212928e1,5.356e-1
1750.000000,8.4509475160e-2,7.2441321301e-2,7.2309960406e-1,2.3660425837e-1,1.3333805069e-1,6.249963547901711e-1,-6.636068979031444e-2,3.0610540969e1,2.442e-1
1751.000000,1.5751399753e-1,2.1955692117e-1,1.7383442791e-2,6.7925636783e-1,1.7628199551e-1,6.249963624165626e-1,-6.636069400830309e-2,4.4957237579e1,7.993e-1
1752.000000,2.8315735390e-1,6.7513605083e-3,8.3006056167e-1,5.7188506556e-3,1.2430456812e-1,6.249963474267300e-1,-6.636068883952088e-2,2.2889553832e1,9.067e-2
1753.000000,2.5341994144e-1,3.0434105825e-2,6.8890188054e-2,6.3189035242e-1,2.6535810821e-1,6.249963479711977e-1,-6.636069077760823e-2,5.4925028815e1,7.745e-1
1754.000000,1.7632323290e-1,2.6346080382e-2,6.7062090804e-1,2.6819827788e-1,1.0850418035e-1,6.249963397777404e-1,-6.636068664594971e-2,2.7976701019e1,1.886e-1
1755.000000,1.2324595928e-1,9.0174913370e-2,3.9941243698e-1,2.8505095366e-2,6.0865426421e-1,6.249963346036931e-1,-6.636068110715029e-2,8.2257181173e1,3.465e-1
1756.000000,1.1012828571e-1,3.1041680759e-1,7.0939205060e-2,5.9686308124e-2,6.9882206596e-1,6.249963362231337e-1,-6.636067988734062e-2,9.2602597702e1,5.337e-1
1757.000000,1.8584100001e-1,3.1181428680e-2,2.5264297703e-1,1.4560026543e-1,6.3472699665e-1,6.249963338996355e-1,-6.636068031756691e-2,8.8080691239e1,3.815e-1
1758.000000,2.3131912322e-1,8.9306055156e-3,4.4094159809e-1,3.7430860955e-2,5.3137045418e-1,6.249963209763481e-1,-6.636067619298987e-2,7.2874259243e1,6.307e-1
1759.000000,2.1575227947e-1,4.2298643020e-2,4.3295171037e-1,4.8074741054e-2,5.1091525476e-1,6.249963143365336e-1,-6.636067118542949e-2,7.0591631432e1,6.162e-1
1760.000000,9.3704172187e-2,5.5806747751e-1,2.7954172164e-1,2.3681009981e-1,8.1869157160e-2,6.249963141566754e-1,-6.636066818560975e-2,2.1456496125e1,7.004e-1
1761.000000,5.8400198270e-2,3.3875886666e-1,5.4909349956e-1,1.5235204788e-1,1.5138801446e-1,6.249963134117605e-1,-6.636066855564282e-2,2.9352397212e1,6.980e-1
1762.000000,1.2306319828e-1,1.1824006968e-1,9.0031263638e-1,4.3210489113e-2,6.5166228145e-2,6.249963107985645e-1,-6.636066505511770e-2,1.7224525684e1,5.236e-1
1763.000000,2.8485667236e-1,2.3137467641e-1,2.8991385328e-2,2.4741978794e-1,4.5735011279e-1,6.249963174135478e-1,-6.636065635678842e-2,6.7295356422e1,1.895e-1
1764.000000,5.1434555506e-1,2.6794709628e-2,2.9020078949e-3,3.6901518701e-1,3.3693516992e-1,6.249963147551554e-1,-6.636065547190914e-2,5.5270165994e1,3.108e-1
1765.000000,3.8769944077e-1,1.5446985524e-1,1.6011515458e-1,4.9194281968e-1,5.5765355692e-2,6.249963129768819e-1,-6.636066060080187e-2,2.4663846426e1,4.668e-1
1766.000000,2.9192258406e-1,8.1821502986e-2,9.6463800915e-2,4.4603670257e-1,3.3374803741e-1,6.249963139728705e-1,-6.636065344222006e-2,5.8074237976e1,5.133e-1
1767.000000,2.7759818236e-1,1.9985720445e-2,4.4552523907e-1,1.6644893302e-1,3.4043453436e-1,6.249963046270578e-1,-6.636064977365207e-2,5.2644958700e1,5.827e-1
1768.000000,1.5725345016e-1,3.6902210968e-1,3.4337863607e-1,1.7075006090e-1,2.0958834768e-1,6.249963022391316e-1,-6.636064777110592e-2,3.5855010485e1,5.956e-1
1769.000000,5.6252735532e-2,2.9866476862e-1,5.4319434124e-1,3.2164064795e-2,3.1971668749e-1,6.249962988443538e-1,-6.636064708553596e-2,4.6923996708e1,5.523e-1
1770.000000,4.2268032360e-2,2.4337584372e-1,2.0407526961e-1,2.2187592341e-1,5.3839753539e-1,6.249963022450888e-1,-6.636064280076169e-2,7.8155401939e1,5.677e-1
1771.000000,3.8509697610e-2,1.8458980452e-1,4.9340024634e-1,5.0603018038e-1,2.7462659142e-2,6.249962939974441e-1,-6.636064135649586e-2,2.4043822571e1,6.651e-1
1772.000000,3.9576936254e-2,5.1841774947e-1,2.2119290236e-1,3.3116675595e-1,1.3963824956e-1,6.249962967946552e-1,-6.636064268783592e-2,3.1297199320e1,4.487e-1
1773.000000,1.4570407661e-1,3.7624659615e-1,5.2249145204e-1,1.5347416181e-1,5.2076303768e-2,6.249962951940551e-1,-6.636064263857053e-2,1.6582216907e1,7.171e-1
1774.000000,2.9731389062e-1,7.2287991873e-2,6.3053865646e-1,2.1726325613e-1,3.2588791450e-2,6.249962932641289e-1,-6.636064155055511e-2,1.6461331682e1,7.269e-1
1775.000000,4.6839784500e-1,1.3052497412e-1,1.5334825124e-2,4.7878383826e-1,1.5695110946e-1,6.249962959854445e-1,-6.636064294009528e-2,3.6028752307e1,6.876e-1
1776.000000,4.9537016420e-1,9.5486019633e-2,1.3511028868e-2,4.9294787671e-1,1.5267749842e-1,6.249962939214092e-1,-6.636064124565708e-2,3.5863797206e1,6.602e-1
1777.000000,2.6155547478e-1,3.4880797402e-1,3.5674298737e-1,2.3931375637e-1,4.3572388451e-2,6.249962905005505e-1,-6.636063554832275e-2,1.6917643510e1,5.145e-1
1778.000000,5.9861483929e-2,4.7403567464e-1,2.3098879579e-1,1.9887502693e-1,2.8623159976e-1,6.249962905223099e-1,-6.636063360625410e-2,4.5827558089e1,5.967e-1
1779.000000,6.5139372938e-2,2.7731854960e-1,1.4577254088e-1,7.3599206096e-2,6.8816291701e-1,6.249962932662994e-1,-6.636063662818015e-2,9.2193415085e1,8.213e-1
1780.000000,1.8713937038e-1,5.5242587732e-1,2.7491413869e-1,4.3388517250e-2,1.9212467058e-1,6.249962871124540e-1,-6.636063499477488e-2,2.9378124936e1,5.099e-1
1781.000000,6.7377863133e-1,8.3765309293e-2,2.2427531689e-1,7.2281237249e-3,2.6094519393e-1,6.249962875879257e-1,-6.636063456187567e-2,3.5930907252e1,4.066e-1
1782.000000,5.6991898106e-1,1.5384325678e-1,3.8244907411e-2,7.3813799374e-2,4.1417163213e-1,6.249962883779003e-1,-6.636063476539508e-2,5.6274615756e1,4.258e-1
1783.000000,2.5219344358e-1,1.5639148755e-1,3.2679116105e-1,4.0156251442e-1,1.1305396763e-1,6.249962871159852e-1,-6.636063255094467e-2,3.0374117304e1,5.273e-1
1784.000000,2.1480136936e-1,2.4868596041e-1,3.4999383270e-2,7.6683219672e-3,7.4383754772e-1,6.249962913597225e-1,-6.636063547338450e-2,9.6341360083e1,7.117e-1
1785.000000,3.0905355951e-1,2.0613775278e-2,7.7343010726e-1,4.1581028589e-2,1.0531408246e-1,6.249962765502747e-1,-6.636063563251354e-2,2.1193990658e1,8.399e-1
1786.000000,2.7560838832e-1,6.6109716849e-2,3.5784387218e-2,5.6405735134e-1,3.0843271300e-1,6.249962783603533e-1,-6.636063614445815e-2,5.8085521232e1,5.733e-1
1787.000000,1.2764313308e-1,2.2410517891e-1,1.8951597031e-2,2.2788544394e-1,6.5140719851e-1,6.249962757381786e-1,-6.636063066259129e-2,9.1336100316e1,7.303e-1
1788.000000,7.0247478516e-2,7.0471358121e-2,5.9760859090e-1,3.2449086854e-2,4.7921601642e-1,6.249962654050696e-1,-6.636063112488920e-2,6.7334956063e1,6.866e-1
1789.000000,8.0489306348e-2,1.3763758733e-1,2.7250681780e-1,4.6851813086e-1,2.9084067058e-1,6.249962564647269e-1,-6.636062535643028e-2,5.4715760393e1,5.547e-1
1790.000000,2.2465334726e-1,6.9468432893e-1,1.0484430002e-1,7.5855025432e-3,2.1822504506e-1,6.249962619048118e-1,-6.636062718519146e-2,3.0515991580e1,8.108e-1
1791.000000,7.4346267468e-1,3.4978873811e-2,2.6611975004e-1,4.8880555076e-2,1.5655066839e-1,6.249962609994819e-1,-6.636062687834629e-2,2.4173310401e1,6.877e-1
1792.000000,4.9900957752e-1,3.3004268508e-1,3.6158981613e-2,3.6854665285e-1,1.6234627049e-2,6.249962620541319e-1,-6.636062905640717e-2,1.5070387165e1,5.493e-1
1793.000000,1.9204211462e-1,2.9166700644e-1,4.3063913279e-1,1.0828320123e-1,2.2736106186e-1,6.249962584675797e-1,-6.636062599384908e-2,3.6691746490e1,3.643e-1
1794.000000,3.0021418937e-1,1.4416476364e-1,4.1503854252e-1,3.0732336598e-1,8.3251660405e-2,6.249962609610592e-1,-6.636062674800759e-2,2.4249305205e1,5.954e-1
1795.000000,5.6574690934e-1,4.3515497808e-2,5.8527921186e-2,2.6723488197e-1,3.1496730906e-1,6.249962596817764e-1,-6.636062512461689e-2,4.9705459602e1,4.042e-1
1796.000000,4.8218729538e-1,1.3647101409e-1,1.1821563620e-3,1.7652180238e-1,4.5363024992e-1,6.249962590608720e-1,-6.636062294290329e-2,6.4236862593e1,4.184e-1
1797.000000,1.8800574674e-1,2.0388468193e-1,4.3721304477e-1,3.6926686236e-1,5.1622178356e-2,6.249962570801531e-1,-6.636062500386210e-2,2.2423655020e1,5.848e-1
1798.000000,1.2510225394e-1,4.4760628666e-1,9.1259873162e-2,2.0146613564e-1,3.8455796086e-1,6.249962551320174e-1,-6.636062237009914e-2,5.7358178017e1,6.030e-1
1799.000000,2.5967039957e-1,9.7917410712e-2,2.6209059578e-1,9.6456209387e-2,5.3385788598e-1,6.249962507155782e-1,-6.636061932094663e-2,7.3842802893e1,6.052e-1
1800.000000,3.0427058311e-1,9.8699465766e-3,7.5745931923e-2,4.6122195761e-1,3.9888408733e-1,6.249962532724418e-1,-6.636061769740313e-2,6.6594108462e1,5.878e-1
1801.000000,2.1342839801e-1,1.0471350191e-1,4.9865773297e-1,1.5016665252e-1,2.8302620396e-1,6.249962446886800e-1,-6.636061734979665e-2,4.5338090055e1,4.582e-1
1802.000000,2.0785223978e-1,2.9227111875e-1,2.8302433747e-1,1.2578666016e-1,3.4105812004e-1,6.249962381030275e-1,-6.636061335694116e-2,5.0633275547e1,5.198e-1
1803.000000,5.4839388120e-1,2.6398176047e-1,1.2767357414e-2,2.2554666334e-1,1.9930281897e-1,6.249962406960308e-1,-6.636061657538095e-2,3.3632553376e1,7.403e-1
1804.000000,7.5217213056e-1,5.9990018539e-2,3.6309044206e-2,3.4205345321e-1,5.9467835908e-2,6.249962412121107e-1,-6.636061681511835e-2,1.9344131955e1,8.630e-1
1805.000000,2.8900310861e-1,4.1087402694e-1,3.2062446532e-1,2.1774359452e-1,1.1747282754e-2,6.249962390696761e-1,-6.636061725753585e-2,1.2002692548e1,5.050e-1
1806.000000,1.9001833624e-1,7.7202106412e-2,2.2790364012e-1,4.9376791137e-2,7.0549161444e-1,6.249962441718095e-1,-6.636061621564192e-2,9.3955626466e1,3.396e-1
1807.000000,7.7923444469e-2,8.6985571539e-1,5.8919729664e-2,2.3839298656e-1,4.9006047681e-3,6.249962404250988e-1,-6.636061605294061e-2,1.0505883971e1,8.844e-1
1808.000000,4.6115837515e-2,1.9197162860e-1,4.4957703272e-1,1.1258893912e-1,4.4973904179e-1,6.249962398752142e-1,-6.636061594200826e-2,6.5173060838e1,4.299e-1
1809.000000,6.3988377078e-2,2.6736073759e-2,2.6351154284e-1,6.7702490229e-1,2.1873159654e-1,6.249962462540559e-1,-6.636061874501803e-2,5.1855999909e1,8.069e-1
1810.000000,7.5357811880e-2,3.7275242530e-3,3.0641508864e-1,7.2971950515e-1,1.3477251033e-1,6.249962201269444e-1,-6.636063735600750e-2,4.3098360150e1,4.917e-1
1811.000000,8.1764450284e-2,2.9691947765e-2,7.7212684732e-1,7.1885809881e-2,2.9452334490e-1,6.249962000744920e-1,-6.636060245736818e-2,4.6276614962e1,8.264e-1
1812.000000,1.0891896433e-1,2.5178283502e-1,5.1433957151e-1,3.5485985771e-1,2.0091183279e-2,6.249962059213703e-1,-6.636059902931858e-2,1.8599928631e1,5.955e-1
1813.000000,4.1443034818e-1,4.8026273242e-1,1.5500695946e-1,4.6060885174e-2,1.5423148499e-1,6.249962051126193e-1,-6.636059650993496e-2,2.3623374719e1,6.046e-1
1814.000000,6.5928569994e-1,2.2028714661e-2,9.1802148274e-2,2.8093886989e-1,1.9593697932e-1,6.249962060391525e-1,-6.636059640993142e-2,3.5178094654e1,4.201e-1
1815.000000,3.2488531599e-1,1.8194627673e-1,3.4248607273e-1,2.6158754633e-2,3.7451598982e-1,6.249962049563693e-1,-6.636059547095093e-2,5.2041350639e1,4.884e-1
1816.000000,1.6121809715e-1,1.2292194077e-1,2.6628807971e-1,1.0909295346e-1,5.9047135089e-1,6.249962109909388e-1,-6.636059259815633e-2,8.1528064993e1,5.211e-1
1817.000000,1.3619921366e-1,4.6420795338e-1,8.7296511059e-2,4.0380170489e-2,5.2190857742e-1,6.249962130027253e-1,-6.636059335676232e-2,6.9791350968e1,3.013e-1
1818.000000,3.2677917294e-1,9.4044862166e-2,8.0445710929e-2,7.2111384858e-2,6.7661129324e-1,6.249962120687358e-1,-6.636059183178787e-2,8.9908854849e1,5.330e-1
1819.000000,3.8589178877e-1,1.3924342926e-2,1.6433145841e-1,4.6935437519e-1,2.1649043808e-1,6.249962016927406e-1,-6.636059191960178e-2,4.4265562329e1,5.895e-1
1820.000000,1.8663757734e-1,5.9076140633e-1,1.9085320202e-1,1.1760731014e-1,1.6413290650e-1,6.249962011648384e-1,-6.636059157622196e-2,2.7574113174e1,4.011e-1
1821.000000,5.3680167391e-2,2.5033036265e-1,3.1912442001e-1,6.2447536033e-1,2.3820983448e-3,6.249962043640624e-1,-6.636059636945854e-2,2.3368616288e1,6.013e-1
1822.000000,5.2723364257e-2,3.7271400278e-2,6.3353153713e-1,2.6849883067e-2,4.9961619432e-1,6.249961895239602e-1,-6.636058633035329e-2,6.9979225910e1,7.067e-1
1823.000000,4.6953186487e-2,1.4029291628e-1,2.8100208489e-1,6.3100084633e-1,1.5074334274e-1,6.249961883627135e-1,-6.636060149916603e-2,4.2039254058e1,3.735e-1
1824.000000,7.6360652253e-2,1.0733056507e0,5.5910713303e-2,8.2615128790e-3,3.6153846699e-2,6.249961879151290e-1,-6.636057788951980e-2,7.5241381235e0,9.941e-1
1825.000000,3.0512610962e-1,1.1554130769e-1,2.2393286572e-1,1.3310529888e-1,4.7228679383e-1,6.249961878754893e-1,-6.636057600374637e-2,6.6887187771e1,5.941e-1
1826.000000,3.7279801165e-1,9.6089661946e-3,4.7475674410e-1,5.6795104468e-2,3.3603354117e-1,6.249961837938227e-1,-6.636057439771431e-2,4.8833407504e1,4.906e-1
1827.000000,2.5633305818e-1,7.0414048111e-2,7.7215458017e-1,1.0617365774e-1,4.4917012392e-2,6.249961782953001e-1,-6.636057280527315e-2,1.5593165900e1,8.292e-1
1828.000000,2.0751445393e-1,2.1558028466e-1,3.5119671441e-1,2.3862363585e-1,2.3707726447e-1,6.249961766628216e-1,-6.636056908214896e-2,4.1326337711e1,5.909e-1
1829.000000,5.0075031186e-1,3.6628512985e-1,2.0674245599e-1,1.6494772753e-1,1.1266731585e-2,6.249961784051445e-1,-6.636057010019962e-2,9.3573539873e0,3.963e-1
1830.000000,8.3864952059e-1,2.0892713119e-2,1.3182951392e-1,3.0005271776e-2,2.2861533803e-1,6.249961787169794e-1,-6.636057040812215e-2,3.1738678263e1,1.643e-1
1831.000000,3.4246319091e-1,4.1605213325e-1,1.5824362119e-1,9.6443423560e-2,2.3678998675e-1,6.249961778314910e-1,-6.636057077577592e-2,3.5664592689e1,3.758e-1
1832.000000,1.2194004403e-1,3.0071397197e-1,8.8361187827e-2,7.1184566623e-1,2.7131491149e-2,6.249961806032015e-1,-6.636058175552272e-2,2.7621179655e1,1.477e-1
1833.000000,1.3883954551e-1,2.2637153166e-1,5.2732428353e-1,1.0946419732e-1,2.4799277199e-1,6.249961650085545e-1,-6.636056679072770e-2,3.9986686234e1,3.622e-1
1834.000000,4.3428447348e-1,4.0915728777e-1,6.5992073348e-2,1.6817330789e-1,1.7238519763e-1,6.249961700532088e-1,-6.636056479521969e-2,2.9010244548e1,5.581e-1
1835.000000,9.4229294404e-1,2.2981136516e-3,9.9813206264e-2,3.9631073263e-2,1.6595700364e-1,6.249961704288620e-1,-6.636056517307887e-2,2.3784939159e1,8.217e-1
1836.000000,4.2637249060e-1,5.6961718674e-1,1.8833379282e-1,2.0371202738e-2,4.5297667697e-2,6.249961702980625e-1,-6.636056521751238e-2,9.3090709142e0,7.546e-1
1837.000000,2.9661780193e-1,1.3870217483e-1,3.1269776941e-1,4.2814831789e-1,7.3826275689e-2,6.249961698767421e-1,-6.636057117570658e-2,2.6077804867e1,5.424e-1
1838.000000,2.3766263535e-1,2.8338133696e-1,8.9239622336e-2,5.5643388883e-1,8.3274857989e-2,6.249961707309024e-1,-6.636057311348739e-2,2.9864577235e1,7.245e-1
1839.000000,2.9885323671e-1,3.0626307346e-1,2.9063407030e-1,1.0463536993e-1,2.4960658779e-1,6.249961691004079e-1,-6.636055928525242e-2,3.8385000403e1,3.595e-1
1840.000000,6.3175070932e-1,4.0144936775e-2,8.4070808670e-2,2.6845473117e-2,4.6718041554e-1,6.249961717105906e-1,-6.636055964984978e-2,6.1726880026e1,5.363e-1
1841.000000,5.1236577283e-1,1.2543971856e-1,1.2067142749e-1,4.4150885621e-2,4.4736453575e-1,6.249961701248509e-1,-6.636055975489111e-2,6.0147922659e1,5.653e-1
1842.000000,2.4626995859e-1,1.1893982552e-1,4.9384466016e-1,3.2867521988e-1,6.2262667619e-2,6.249961658840650e-1,-6.636056029408960e-2,2.2799000403e1,5.571e-1
1843.000000,1.8119389117e-1,2.3835434401e-1,1.8135743021e-1,9.2254114562e-2,5.5683255340e-1,6.249961666763539e-1,-6.636055790274382e-2,7.6244863576e1,4.257e-1
1844.000000,3.3752286678e-1,2.7322133202e-1,1.7103323158e-1,4.1763159217e-1,5.0583309353e-2,6.249961659501412e-1,-6.636055885201068e-2,2.1922344497e1,5.606e-1
1845.000000,7.7541097056e-1,5.2241519091e-2,8.6230204582e-2,2.6412621173e-1,7.1983424031e-2,6.249961649944696e-1,-6.636056095449727e-2,1.8847947211e1,8.729e-1
1846.000000,5.1700906756e-1,4.2086487475e-1,2.3573784491e-2,4.8288425294e-3,2.8371576143e-1,6.249961653796211e-1,-6.636056096356811e-2,3.7758964983e1,7.181e-1
1847.000000,1.3518331716e-1,2.3844843476e-1,4.2969308631e-1,5.9255488743e-2,3.8741200133e-1,6.249961641553997e-1,-6.636056078092478e-2,5.5466945029e1,5.425e-1
1848.000000,7.0457723128e-2,8.7484103806e-2,2.6100630362e-1,7.2004186383e-1,1.1100233135e-1,6.249961628693261e-1,-6.636057068150994e-2,3.9547885554e1,8.032e-1
1849.000000,3.2154150237e-2,6.9106718802e-1,4.0814983336e-1,1.2734613829e-3,1.1734768564e-1,6.249961593186121e-1,-6.636055214495584e-2,1.9724664644e1,6.108e-1
1850.000000,5.4131744424e-2,3.0107701404e-1,3.8979256769e-1,2.7364131890e-1,2.3134967735e-1,6.249961612024781e-1,-6.636055023714052e-2,4.2116841347e1,6.232e-1
1851.000000,1.0097126242e-1,3.0710496446e-2,2.7154893658e-1,9.6458605992e-2,7.5030303117e-1,6.249961663068780e-1,-6.636055764456665e-2,1.0140976150e2,2.983e-1
1852.000000,1.0956554820e-1,3.7051072390e-2,2.3854528504e-1,4.0205172456e-1,4.6277868593e-1,6.249961580569003e-1,-6.636056231780990e-2,7.4138574184e1,6.256e-1
1853.000000,7.8073493746e-2,4.5312857569e-1,3.2616351547e-1,2.2945067010e-1,1.6317604443e-1,6.249961497138516e-1,-6.636056540800614e-2,3.1783557152e1,6.477e-1
1854.000000,1.3294688094e-1,4.4142322542e-1,4.6995382418e-1,1.5372577445e-1,5.1942595847e-2,6.249961504162657e-1,-6.636056530733725e-2,1.6276827536e1,6.644e-1
1855.000000,2.4674326618e-1,1.5724663370e-1,3.7243995974e-1,1.0918732229e-1,3.6437510995e-1,6.249961459283406e-1,-6.636057016983171e-2,5.3551392965e1,4.479e-1
1856.000000,4.5424192138e-1,5.8153009743e-1,5.4432753858e-2,1.6881410038e-2,1.4290611478e-1,6.249961487423584e-1,-6.636056768038334e-2,2.0657830999e1,2.054e-1
1857.000000,9.3394241189e-1,6.4590716461e-3,2.0445233502e-1,2.6969994730e-2,7.8168484009e-2,6.249961486448348e-1,-6.636056755789756e-2,1.2984113814e1,4.453e-1
1858.000000,3.6635858237e-1,4.9133918189e-1,2.0200573815e-1,8.7457266079e-3,1.8154306807e-1,6.249961485401125e-1,-6.636056742193273e-2,2.6299279524e1,3.465e-1
1859.000000,2.3038572020e-1,2.0479268026e-1,1.6298789289e-1,4.9362177935e-1,1.5820422042e-1,6.249961465629352e-1,-6.636057116930452e-2,3.7874718517e1,3.285e-1
1860.000000,2.9218725004e-1,1.8819693903e-2,1.7867997854e-1,6.9211195353e-1,6.8193422392e-2,6.249961492037801e-1,-6.636058128975657e-2,3.2489513420e1,8.318e-1
1861.000000,2.2134062019e-1,2.5289018320e-1,2.2869929511e-1,3.8832134033e-1,1.5874084219e-1,6.249961405080877e-1,-6.636056314746668e-2,3.5191155728e1,4.071e-1
1862.000000,4.3508189102e-1,5.4901848246e-1,3.3183924033e-2,4.0908360162e-2,1.9179962784e-1,6.249961427585904e-1,-6.636056134224795e-2,2.7440469191e1,6.592e-1
1863.000000,9.0435181275e-1,2.3995490595e-2,9.0455995091e-2,1.0275463612e-1,1.2843435026e-1,6.249961424097057e-1,-6.636056148431166e-2,2.0951560038e1,9.415e-1
1864.000000,4.3613682868e-1,3.8479948716e-1,1.2550522777e-1,2.5230491393e-1,5.1245828088e-2,6.249961428158973e-1,-6.636056075585653e-2,1.6624932452e1,6.404e-1
1865.000000,1.4570223364e-1,2.0956396625e-1,5.3956112567e-1,1.8752880849e-1,1.6763614476e-1,6.249961394055609e-1,-6.636056125316900e-2,3.2266816455e1,7.158e-1
1866.000000,8.8460477881e-2,1.4101815272e-1,8.4981023435e-2,7.1164326142e-1,2.2388936497e-1,6.249961402165130e-1,-6.636056729649768e-2,5.2436537814e1,5.376e-1
1867.000000,3.1695505210e-2,7.4752522086e-1,1.0074934052e-1,3.1016051252e-1,5.9861693701e-2,6.249961364087881e-1,-6.636055514221109e-2,1.9904326113e1,4.403e-1
1868.000000,1.2607587237e-2,1.8130500315e-1,3.5281914445e-1,6.5028243513e-1,5.2978117998e-2,6.249961439806645e-1,-6.636054910044636e-2,3.0781703983e1,7.455e-1
1869.000000,1.3568075107e-2,6.4052168421e-2,4.4181858117e-2,3.9958798321e-1,7.2860218103e-1,6.249961329425242e-1,-6.636054733315683e-2,1.0653623787e2,6.109e-1
1870.000000,1.3123592507e-2,1.7407241169e-1,8.5759577829e-1,3.5359865389e-2,1.6984058302e-1,6.249961154483876e-1,-6.636054789480740e-2,3.0086583165e1,4.169e-1
1871.000000,2.4119339631e-2,4.6581612047e-1,7.8690220281e-2,6.3123583656e-1,5.0130736656e-2,6.249961267993632e-1,-6.636055148567158e-2,2.8189494735e1,6.999e-1
1872.000000,5.1541564450e-2,8.4748181547e-2,5.1165435862e-1,5.0167896067e-1,1.0036916977e-1,6.249961175276129e-1,-6.636055436255353e-2,3.3189482486e1,6.838e-1
1873.000000,9.0764531579e-2,1.5766318761e-1,1.0016576928e-2,8.3955307495e-2,9.0759265730e-1,6.249961304526921e-1,-6.636054987948231e-2,1.1929927123e2,9.527e-1
1874.000000,1.5277854225e-1,2.1172342727e-2,4.5644853896e-1,1.2259319419e-1,4.9699962321e-1,6.249961206694791e-1,-6.636054780128807e-2,7.1309256253e1,6.990e-1
1875.000000,1.7300205583e-1,2.7775083458e-2,4.2601290273e-2,1.5882611997e-1,8.4778770573e-1,6.249961276299183e-1,-6.636054632008684e-2,1.1408212369e2,9.170e-1
1876.000000,1.7037600876e-1,1.8469426051e-2,6.5833587863e-1,2.2627039999e-1,1.7654049117e-1,6.249961023010364e-1,-6.636054640256357e-2,3.5226649555e1,7.734e-1
1877.000000,1.7594523485e-1,1.9443832319e-2,2.2623418960e-1,6.0070092311e-1,2.2766802164e-1,6.249961007585592e-1,-6.636054828383087e-2,5.0300670109e1,6.966e-1
1878.000000,1.7169368748e-1,1.6454513892e-2,2.3464750545e-1,3.4880588832e-2,7.9231590887e-1,6.249961022607524e-1,-6.636054248485984e-2,1.0452855109e2,8.135e-1
1879.000000,1.1326082682e-1,1.9530647474e-1,2.8516547337e-1,3.7522476945e-1,2.8103466271e-1,6.249961035431607e-1,-6.636054282534185e-2,5.0708196599e1,5.902e-1
1880.000000,6.1397182130e-2,3.8115012045e-1,1.2712274730e-1,5.1664094358e-2,6.2865806511e-1,6.249961046713046e-1,-6.636054488751048e-2,8.3931464164e1,5.476e-1
1881.000000,1.6861497967e-1,6.4371847695e-1,1.2063156087e-2,2.3899734874e-1,1.8659823533e-1,6.249960983878460e-1,-6.636054392246243e-2,3.3000738974e1,5.725e-1
1882.000000,4.7775843369e-1,4.0203218501e-2,6.6519578112e-2,4.6676983042e-1,1.9874113868e-1,6.249960997046976e-1,-6.636054427838115e-2,4.1226942604e1,6.194e-1
1883.000000,4.2344311204e-1,7.8544234597e-2,8.8980943491e-2,6.6246970616e-2,5.9277693498e-1,6.249960978615949e-1,-6.636054312618883e-2,7.9076008311e1,5.529e-1
1884.000000,2.0752686083e-1,1.8965393464e-1,5.2235004092e-1,2.2764941282e-3,3.2818486561e-1,6.249960980649554e-1,-6.636054349607171e-2,4.6742382237e1,7.217e-1
1885.000000,1.7790542294e-1,2.2525028782e-1,2.7667846248e-1,3.4669375700e-2,5.3548865373e-1,6.249961013349563e-1,-6.636054470759715e-2,7.2404848687e1,4.198e-1
1886.000000,3.4969794056e-1,5.6714380088e-2,2.6790224292e-2,7.3307743112e-2,7.4348191161e-1,6.249960998293005e-1,-6.636054300558870e-2,9.8014131990e1,5.904e-1
1887.000000,3.7514028134e-1,2.3716114730e-2,7.6750200953e-2,5.4758627641e-1,2.2679930446e-1,6.249960889477548e-1,-6.636054280642746e-2,4.7402075793e1,6.970e-1
1888.000000,1.9877265264e-1,4.1041212404e-1,2.1736193963e-1,1.8345852151e-1,2.3998693509e-1,6.249960864560602e-1,-6.636054153800375e-2,3.9248106471e1,4.625e-1
1889.000000,1.1466872198e-1,2.6371141529e-1,7.9623231637e-1,3.9202666030e-2,3.6177048874e-2,6.249960842723913e-1,-6.636054173021021e-2,1.2839763291e1,8.180e-1
1890.000000,9.2264587472e-2,3.6814293221e-1,6.2673999633e-1,1.6167992035e-1,1.1647405444e-3,6.249960884541530e-1,-6.636054325723352e-2,1.1119182370e1,5.393e-1
1891.000000,1.4124602043e-1,4.6419107731e-1,3.1870894810e-1,1.7338666244e-1,1.5245946674e-1,6.249960875164866e-1,-6.636054434949956e-2,2.8611861691e1,6.667e-1
1892.000000,2.6598522454e-1,2.0855397860e-2,9.0134335916e-2,1.8838019927e-1,6.8463702161e-1,6.249960895965390e-1,-6.636054306695678e-2,9.4557483238e1,3.552e-1
1893.000000,2.7190563017e-1,1.6375404610e-2,1.7236437907e-2,9.0239279179e-1,4.2081915129e-2,6.249960898011374e-1,-6.636055676223715e-2,3.4569649601e1,3.571e-1
1894.000000,1.6134811521e-1,2.4187572474e-1,2.9872910992e-1,6.2664760118e-2,4.8537443776e-1,6.249960738726048e-1,-6.636053928006595e-2,6.7087458743e1,6.477e-1
1895.000000,6.3856687378e-2,6.3728950253e-1,2.3823409216e-1,2.8607857456e-1,2.4533291273e-2,6.249960739511852e-1,-6.636053791163243e-2,1.5507155755e1,6.095e-1
1896.000000,5.7927209676e-2,4.5830073161e-1,1.4296940150e-1,5.3371259643e-1,5.7082214459e-2,6.249960768374432e-1,-6.636052997361003e-2,2.6474646817e1,6.738e-1
1897.000000,1.0017168879e-1,5.1499620012e-1,1.4943074694e-1,2.7129069811e-1,2.1410281333e-1,6.249960736482931e-1,-6.636054294592209e-2,3.8361986666e1,4.517e-1
1898.000000,2.3379231116e-1,2.7104895415e-1,2.1546045261e-1,1.6261151880e-1,3.6707890665e-1,6.249960716836805e-1,-6.636054648715090e-2,5.4572346337e1,3.083e-1
1899.000000,5.1007235487e-1,4.1908154170e-1,8.1999227622e-2,1.6215815064e-1,7.6680867176e-2,6.249960709982767e-1,-6.636054429169991e-2,1.6753404901e1,5.212e-1
1900.000000,8.9562374596e-1,1.9338175007e-2,1.6110783519e-2,9.7229322268e-2,2.2169011583e-1,6.249960712926098e-1,-6.636054419159661e-2,3.2103047630e1,2.967e-1
1901.000000,3.6824275094e-1,3.9270299409e-1,2.2961812230e-1,1.0682781886e-1,1.5260045410e-1,6.249960701486800e-1,-6.636054328817194e-2,2.5757820670e1,4.676e-1
1902.000000,2.2558068174e-1,1.3617658058e-1,2.8916734506e-1,3.4949721936e-1,2.4957030705e-1,6.249960668911173e-1,-6.636054321848803e-2,4.5827392585e1,5.912e-1
1903.000000,1.7182317628e-1,2.6254302189e-1,7.8079743191e-3,1.5032170244e-1,6.5749626371e-1,6.249960693210319e-1,-6.636054188369947e-2,8.9643277660e1,4.977e-1
1904.000000,1.7938968074e-1,1.1622518017e-1,3.4409923924e-1,5.9223108620e-1,1.8046942197e-2,6.249960642768707e-1,-6.636054358795739e-2,2.4336342474e1,7.641e-1
1905.000000,1.7150542429e-1,5.4115569725e-1,2.2729686350e-1,1.0674020692e-1,2.0329393278e-1,6.249960623737890e-1,-6.636054010251292e-2,3.2423749032e1,4.767e-1
1906.000000,5.1675396631e-1,1.8697383573e-1,3.5111994035e-1,9.3668677031e-2,1.0147570553e-1,6.249960624759952e-1,-6.636053997369019e-2,1.9427572150e1,5.677e-1
1907.000000,5.8452027549e-1,1.1014361316e-1,3.3334825290e-2,1.6907511246e-1,3.5291829899e-1,6.249960626940156e-1,-6.636054209091449e-2,5.1363171835e1,5.228e-1
1908.000000,3.4761663565e-1,1.8557694294e-1,3.8977829577e-1,3.0701965438e-1,2.0000592044e-2,6.249960603939083e-1,-6.636053859695970e-2,1.6047893292e1,6.036e-1
1909.000000,1.0211049828e-1,6.4696751553e-1,6.3292913195e-2,9.1336032684e-2,3.4628515985e-1,6.249960597723505e-1,-6.636054238008945e-2,4.9098587093e1,4.998e-1
1910.000000,3.0655129273e-2,1.9798942272e-1,1.1700156051e-1,6.9585819186e-1,2.0848780949e-1,6.249960569224560e-1,-6.636054683729695e-2,5.0301220648e1,4.367e-1
1911.000000,2.3955758263e-2,1.6113088702e-1,8.4609295196e-2,8.9506696061e-1,8.5229218842e-2,6.249960599655455e-1,-6.636053360132670e-2,4.0562596766e1,8.562e-1
1912.000000,4.1141987413e-2,8.3952710096e-2,9.7583808840e-1,1.4291145316e-3,1.4763016450e-1,6.249960324692819e-1,-6.636054183614822e-2,2.6937573842e1,2.453e-1
1913.000000,8.8348294749e-2,4.6429179578e-1,4.9290667439e-1,1.5404849779e-1,5.0396818750e-2,6.249960407335049e-1,-6.636054246219271e-2,1.6296355863e1,3.696e-1
1914.000000,4.3926054026e-1,3.4797617205e-1,2.5442606030e-1,1.9783614269e-1,1.0493164798e-2,6.249960400494416e-1,-6.636054268091374e-2,1.0624872757e1,3.706e-1
1915.000000,6.2022390493e-1,4.5174231166e-2,1.7675245406e-1,1.7845272095e-1,2.2938876979e-1,6.249960404408043e-1,-6.636054287162749e-2,3.6886729650e1,4.783e-1
1916.000000,4.2153537195e-1,3.3091712056e-1,9.9485793024e-2,1.1947914523e-1,2.7857464792e-1,6.249960393440923e-1,-6.636054357404797e-2,4.1149375853e1,3.331e-1
1917.000000,4.3572900948e-1,2.1001304206e-1,5.3805594871e-2,3.8507875129e-1,1.6536567831e-1,6.249960380065041e-1,-6.636054256813975e-2,3.4557662213e1,5.578e-1
1918.000000,4.0964753164e-1,1.0349994225e-1,4.5461466577e-1,2.2535787415e-2,2.5969414516e-1,6.249960361146278e-1,-6.636054475562118e-2,3.8010736754e1,6.357e-1
1919.000000,2.8443841014e-1,2.7034140864e-1,3.3894489148e-1,1.0730254448e-1,2.4896482187e-1,6.249960382987668e-1,-6.636054626765998e-2,3.8695639777e1,5.303e-1
1920.000000,8.0999370096e-2,5.8132317005e-1,5.7394657059e-1,2.2862133681e-3,1.1436751698e-2,6.249960379030215e-1,-6.636054660552780e-2,7.3317816349e0,2.319e-1
1921.000000,7.7300826026e-2,9.0514785796e-2,3.5761391085e-1,3.4203407098e-1,3.8252849751e-1,6.249960455806094e-1,-6.636054737606711e-2,6.2989329225e1,5.844e-1
1922.000000,7.3710771563e-2,6.0331336070e-1,8.6709502045e-3,1.7988995606e-1,3.8440703813e-1,6.249960383334214e-1,-6.636054335629434e-2,5.6273429184e1,7.179e-1
1923.000000,1.4521638087e-1,1.7196147915e-1,3.5637183885e-1,1.3933359566e-1,4.3710877847e-1,6.249960364959535e-1,-6.636054172784982e-2,6.3676104564e1,5.930e-1
1924.000000,2.9455787099e-1,2.6757787715e-1,3.5933643827e-2,7.4826075834e-2,5.7709660934e-1,6.249960385722316e-1,-6.636054152854320e-2,7.7232704262e1,4.088e-1
1925.000000,4.5814370775e-1,3.6237201243e-2,1.5466843700e-1,3.9034119881e-1,2.1060152552e-1,6.249960351586338e-1,-6.636054198907804e-2,4.0986807381e1,5.788e-1
1926.000000,3.9228666486e-1,5.2149737601e-2,3.3338314117e-1,2.3989007023e-1,2.3228245060e-1,6.249960322281040e-1,-6.636054153479586e-2,4.0376143861e1,5.941e-1
1927.000000,1.8775409338e-1,3.9300294046e-1,5.8416652557e-3,8.9206329764e-2,5.7418704252e-1,6.249960356937077e-1,-6.636053860222137e-2,7.7277160245e1,6.999e-1
1928.000000,6.4488547543e-2,1.0569281149e-1,3.8002409942e-1,1.2599339208e-1,5.7379320848e-1,6.249960295070898e-1,-6.636053680751006e-2,8.0761141924e1,7.392e-1
1929.000000,3.8578356032e-2,2.0710545579e-1,2.0413363762e-1,3.7392124216e-1,4.2625335634e-1,6.249960239764900e-1,-6.636052745129831e-2,6.8592478552e1,3.467e-1
1930.000000,4.9538091211e-2,1.0721378655e0,2.5281095376e-2,6.6727912483e-3,9.6362209059e-2,6.249960262131329e-1,-6.636052984832500e-2,1.4919185619e1,4.609e-1
1931.000000,1.5607792494e-1,9.2759663549e-2,1.7883425258e-1,6.8304133212e-1,1.3927887835e-1,6.249960257700596e-1,-6.636054889266491e-2,4.1379251367e1,3.966e-1
1932.000000,1.9387130374e-1,7.4812381552e-2,3.7675030269e-1,5.9773519495e-1,6.8228792808e-3,6.249960311056524e-1,-6.636053305114775e-2,2.3261417623e1,7.713e-1
1933.000000,2.2090347048e-1,1.3756473868e-1,2.5000085903e-2,5.7005577390e-1,2.9646798690e-1,6.249960279289004e-1,-6.636052228114192e-2,5.6775268988e1,7.253e-1
1934.000000,3.2801621497e-1,6.3926360936e-2,7.3248434599e-1,4.4755079463e-2,8.0810033296e-2,6.249960173320691e-1,-6.636051697508003e-2,1.7927582402e1,8.110e-1
1935.000000,4.2855875499e-1,1.8459874150e-3,3.7820457914e-1,1.0383077160e-1,3.3755193448e-1,6.249960138137326e-1,-6.636051353096784e-2,4.9772840291e1,5.985e-1
1936.000000,2.1127528643e-1,4.1590445281e-1,4.4323339858e-2,1.8627234417e-1,3.9221660670e-1,6.249960149844707e-1,-6.636051069812617e-2,5.7456473939e1,6.091e-1
1937.000000,6.6146874525e-2,1.9361451394e-1,6.9958372523e-1,1.0163178736e-1,1.8901512130e-1,6.249960111751425e-1,-6.636051319986727e-2,3.3463124989e1,8.253e-1
1938.000000,8.3504058447e-2,3.1772025072e-1,5.5454823663e-1,1.9423906231e-1,9.9980411745e-2,6.249960099238405e-1,-6.636050673461184e-2,2.4126721121e1,6.182e-1
1939.000000,3.6897266281e-1,4.1187317526e-1,1.8470959761e-1,1.2643105300e-2,2.7179348497e-1,6.249960129760630e-1,-6.636050867851259e-2,3.7680054908e1,4.649e-1
1940.000000,5.7390440907e-1,1.8664250578e-2,6.1990894206e-2,3.2470609348e-2,5.6296186726e-1,6.249960152298423e-1,-6.636050888888750e-2,7.3918386368e1,3.002e-1
1941.000000,3.0847900580e-1,1.9758651775e-1,1.1894024916e-1,2.4028340013e-2,6.0095791847e-1,6.249960155904755e-1,-6.636050865824089e-2,7.9192454976e1,3.314e-1
1942.000000,1.5773507184e-1,7.5018797550e-2,1.5063489491e-1,2.8927674854e-1,5.7732653494e-1,6.249960238862644e-1,-6.636050877234560e-2,8.4588636715e1,3.765e-1
1943.000000,9.0696566656e-2,1.2472715716e-1,1.0419481958e-1,4.2627035387e-1,5.0410313604e-1,6.249960166555717e-1,-6.636050413100028e-2,7.9294213892e1,3.503e-1
1944.000000,8.6157752925e-2,5.5292312339e-1,3.3826879269e-2,4.5869104030e-1,1.1839321662e-1,6.249960062544889e-1,-6.636050750402915e-2,3.1251985175e1,6.468e-1
1945.000000,2.1494727301e-1,2.1306921760e-1,4.8142735350e-1,2.7561903680e-1,6.4929125365e-2,6.249960031404219e-1,-6.636050507058142e-2,2.1515768124e1,6.034e-1
1946.000000,4.5851211093e-1,1.5622204725e-1,2.1220256590e-1,3.4922557372e-1,7.3829707354e-2,6.249960025800769e-1,-6.636050372645028e-2,2.2864741578e1,4.597e-1
1947.000000,4.9053254148e-1,7.7991911226e-2,8.9011040575e-2,3.7858147947e-1,2.1387503287e-1,6.249960028074885e-1,-6.636050198690738e-2,4.0603949968e1,5.862e-1
1948.000000,2.6612892990e-1,6.9192749620e-1,2.0957338226e-1,9.7092824166e-3,7.2652911755e-2,6.249960012662479e-1,-6.636049971297947e-2,1.2803776257e1,6.522e-1
1949.000000,5.9156906498e-1,6.1682875446e-2,2.4219135251e-1,1.4442519761e-1,2.1012351431e-1,6.249960024290228e-1,-6.636049949764834e-2,3.3874097259e1,7.646e-1
1950.000000,5.0115128785e-1,1.3616854074e-1,3.1757464367e-2,2.9244725540e-1,2.8846745433e-1,6.249960013441076e-1,-6.636049799135001e-2,4.7059118768e1,7.018e-1
1951.000000,2.1647969582e-1,4.1063610728e-1,1.9116642005e-1,1.2791194640e-1,3.0379783239e-1,6.249960009690434e-1,-6.636049855034629e-2,4.5438148254e1,5.381e-1
1952.000000,2.8853595002e-1,5.2713229253e-2,3.1644847547e-1,5.6769779518e-2,5.3552456529e-1,6.249959997762369e-1,-6.636049867716956e-2,7.3145059539e1,7.074e-1
1953.000000,3.1205474679e-1,1.9121950831e-2,7.0237150804e-2,7.9165299053e-1,5.6925157709e-2,6.249959983319668e-1,-6.636050884597813e-2,3.3375484365e1,7.966e-1
1954.000000,1.6608994797e-1,5.4180462581e-1,4.1191356162e-1,3.9776857195e-2,9.0406982965e-2,6.249959877793410e-1,-6.636049432440139e-2,1.7306915968e1,6.542e-1
1955.000000,2.5308770776e-1,2.3128963374e-1,3.3135260904e-1,3.9763813523e-1,3.6623893501e-2,6.249959896337803e-1,-6.636049301255473e-2,2.0652222689e1,6.256e-1
1956.000000,3.6868098111e-1,6.4638274521e-3,7.7152545091e-2,9.2780907762e-2,7.0491372018e-1,6.249959907984255e-1,-6.636049287208290e-2,9.4012433737e1,6.252e-1
1957.000000,2.5476833654e-1,1.4684334995e-1,2.2076586640e-1,2.2866228007e-1,3.9895212587e-1,6.249959794159629e-1,-6.636049098021493e-2,6.0570262873e1,6.213e-1
1958.000000,6.7919179669e-2,6.5427255864e-1,6.2240551872e-2,1.4743447015e-1,3.1812520692e-1,6.249959836218260e-1,-6.636049357946208e-2,4.7278358652e1,5.568e-1
1959.000000,3.2922741697e-2,2.4800794556e-1,1.8111861845e-1,8.4666760493e-2,7.0327591210e-1,6.249959891511908e-1,-6.636049473780339e-2,9.4690079294e1,7.941e-1
1960.000000,9.7699546814e-2,8.5503477693e-1,1.4161249398e-2,1.7183904214e-1,1.1125735061e-1,6.249959829460440e-1,-6.636049427617402e-2,2.1611999549e1,9.002e-1
1961.000000,3.4954809488e-1,7.6553448071e-2,3.5816058040e-1,1.3839109774e-1,3.2733873620e-1,6.249959786467427e-1,-6.636049321906831e-2,4.9521038948e1,4.464e-1
1962.000000,3.9683849694e-1,2.0724934452e-2,1.4476916490e-1,1.2419951891e-1,5.6345984320e-1,6.249959792042956e-1,-6.636049248967388e-2,7.7495266972e1,5.493e-1
1963.000000,1.7638799141e-1,5.3288795612e-1,9.7410577191e-2,2.0034783282e-1,2.4295760045e-1,6.249959789943099e-1,-6.636049468179077e-2,3.9442958033e1,7.300e-1
1964.000000,1.2598931856e-1,3.2343811935e-1,6.4322129143e-1,6.8485025689e-3,1.5049472089e-1,6.249959764063747e-1,-6.636049444512676e-2,2.5338117586e1,5.002e-1
1965.000000,2.2736776255e-1,2.3965405350e-2,1.9199532597e-1,7.7144457586e-1,3.5218900728e-2,6.249959852289457e-1,-6.636048740009876e-2,3.0891823020e1,7.306e-1
1966.000000,2.3291488340e-1,3.8961678404e-2,4.3187206132e-1,7.4666806222e-3,5.3877664400e-1,6.249959738701532e-1,-6.636050138717448e-2,7.2851701501e1,7.339e-1
1967.000000,1.7842470594e-1,5.8141205263e-1,1.1755327313e-1,1.1112063485e-1,2.6148127880e-1,6.249959726677794e-1,-6.636050356176773e-2,3.9217926645e1,6.454e-1
1968.000000,3.5349656364e-1,1.0907085234e-1,2.2040200711e-1,5.4627366879e-1,2.0748857413e-2,6.249959746502670e-1,-6.636050069100083e-2,2.2294717194e1,4.615e-1
1969.000000,4.1798200302e-1,2.0870225979e-2,8.0526687655e-2,6.2255201328e-2,6.6835782934e-1,6.249959736583590e-1,-6.636050430830616e-2,8.8436913553e1,4.102e-1
1970.000000,1.9522412554e-1,3.6791871345e-1,8.1700157585e-2,7.3683328391e-4,6.0441211506e-1,6.249959724551712e-1,-6.636050462765464e-2,7.8875380143e1,5.507e-1
1971.000000,8.9172784754e-2,1.7847161461e-1,5.3191241481e-1,2.2206442548e-1,2.2837069145e-1,6.249959655536462e-1,-6.636050516552991e-2,4.0994339061e1,5.061e-1
1972.000000,1.7742279655e-1,3.9481159190e-1,2.2554884990e-1,4.9931260852e-2,4.0227742141e-1,6.249959603030255e-1,-6.636050251433558e-2,5.5772035669e1,4.127e-1
1973.000000,6.7786373537e-1,2.9677777677e-1,1.8374224301e-2,3.5434176568e-2,2.2154200985e-1,6.249959614308443e-1,-6.636050293566154e-2,3.0570752126e1,8.152e-1
1974.000000,8.3292422819e-1,9.2832279116e-2,2.9608166972e-1,1.1300621394e-2,1.6853123508e-2,6.249959609670015e-1,-6.636050295769186e-2,5.4895997237e0,8.907e-1
1975.000000,3.3121831351e-1,3.4308435989e-1,1.2062274884e-1,2.9761338844e-1,1.5745310898e-1,6.249959598330930e-1,-6.636050296406969e-2,3.1494386247e1,5.710e-1
1976.000000,1.8668843387e-1,1.9999426701e-1,4.5493524098e-1,5.1706245875e-2,3.5666772449e-1,6.249959561068674e-1,-6.636050074316607e-2,5.1440883281e1,5.439e-1
1977.000000,2.9027105399e-1,9.2273678046e-2,4.9546593233e-2,7.5612990714e-1,6.1770694668e-2,6.249959635412173e-1,-6.636051513980583e-2,3.2828861575e1,5.311e-1
1978.000000,4.1402144209e-1,3.2062407751e-3,6.8261462971e-1,1.2461179827e-1,2.5537792967e-2,6.249959519101037e-1,-6.636049639816333e-2,1.2930755285e1,7.715e-1
1979.000000,3.0077189529e-1,1.5452698245e-1,4.6498082567e-2,1.5751394536e-1,5.9068100205e-1,6.249959538601403e-1,-6.636049141805539e-2,8.1479039088e1,7.684e-1
1980.000000,1.0615655447e-1,4.7683080624e-1,4.1833414343e-2,5.5910372081e-1,6.6067411864e-2,6.249959538604617e-1,-6.636049645231472e-2,2.7689354989e1,6.153e-1
1981.000000,1.0100537182e-1,2.8055998554e-1,4.7613160190e-1,5.2040495129e-2,3.4025443296e-1,6.249959436697519e-1,-6.636049196784592e-2,4.9638538735e1,5.725e-1
1982.000000,3.1428518891e-1,2.3515943838e-1,1.1003334468e-1,5.6836867431e-1,2.2145251965e-2,6.249959491187812e-1,-6.636049528672364e-2,2.2530118058e1,4.681e-1
1983.000000,4.2990383876e-1,1.1293525140e-2,2.7964475249e-1,2.6838604406e-1,2.6076372156e-1,6.249959410042414e-1,-6.636048750537248e-2,4.4440806759e1,5.101e-1
1984.000000,2.7845763531e-1,8.4652960826e-2,4.0848168976e-1,5.0679817985e-2,4.2771977455e-1,6.249959392125013e-1,-6.636048473432175e-2,5.9946273575e1,6.394e-1
1985.000000,1.5941771235e-1,1.5808435900e-1,1.3216460111e-1,1.4925575568e-1,6.5106945764e-1,6.249959428902871e-1,-6.636047938377064e-2,8.9566269143e1,8.006e-1
1986.000000,1.8345224889e-1,5.6362962992e-1,8.6160647720e-2,2.0269418939e-1,2.1405516211e-1,6.249959390125933e-1,-6.636048282092524e-2,3.5793545376e1,7.506e-1
1987.000000,4.9457232753e-1,4.3599662487e-2,6.6509863478e-1,1.7620113244e-2,2.9101136008e-2,6.249959370255026e-1,-6.636048269886224e-2,9.9440635998e0,4.399e-1
1988.000000,4.1215930790e-1,1.5188875715e-1,7.2592544883e-2,4.9181241942e-1,1.2153885328e-1,6.249959413150131e-1,-6.636048074638254e-2,3.2385568168e1,6.844e-1
1989.000000,3.4130349499e-1,2.7388177676e-1,9.7327082735e-2,4.5908427707e-1,7.8395246434e-2,6.249959389923135e-1,-6.636048294184604e-2,2.6222320373e1,5.699e-1
1990.000000,3.6641082188e-1,2.3484571387e-1,3.5470376580e-1,9.3226087047e-2,2.0080548216e-1,6.249959353809965e-1,-6.636048313961153e-2,3.2176863467e1,6.000e-1
1991.000000,5.1798409249e-1,2.9660483474e-1,9.4462941360e-2,3.0717166183e-1,3.3768344534e-2,6.249959374792167e-1,-6.636048188549540e-2,1.5759746526e1,5.675e-1
1992.000000,7.7186228948e-1,4.0940795250e-2,2.4781592567e-1,9.7064699586e-2,9.2308161970e-2,6.249959359751748e-1,-6.636048294648463e-2,1.7371855260e1,5.890e-1
1993.000000,2.6790043738e-1,6.7698909116e-1,1.6584434815e-1,1.1259197717e-2,1.2799879819e-1,6.249959362962150e-1,-6.636048283894348e-2,1.9558823682e1,8.088e-1
1994.000000,1.9360157483e-1,1.7584963314e-1,1.4820888218e-1,4.7960008057e-1,2.5273169914e-1,6.249959349297061e-1,-6.636048108809811e-2,4.9331031180e1,6.743e-1
1995.000000,1.0291953799e-1,8.7038862459e-1,6.9417336901e-2,1.1443697109e-1,9.2829400002e-2,6.249959352876866e-1,-6.636048539968140e-2,1.7891721989e1,1.809e-1
1996.000000,1.5909347715e-1,1.8943627746e-1,3.3938554133e-1,5.7230499161e-2,5.0484607497e-1,6.249959350330923e-1,-6.636048541921667e-2,6.9625177193e1,3.817e-1
1997.000000,2.2442367223e-1,1.4201782485e-2,3.5163452745e-1,3.8832185116e-2,6.2089970307e-1,6.249959351709213e-1,-6.636048094785571e-2,8.3671483537e1,4.677e-1
1998.000000,2.0089971616e-1,9.3634155841e-2,7.3526319158e-2,3.7979712790e-2,8.4395197620e-1,6.249959400743383e-1,-6.636047881621089e-2,1.1011713249e2,4.474e-1
1999.000000,2.4428936959e-1,1.8302488743e-1,3.0797541006e-1,2.2489636148e-1,2.8980582458e-1,6.249959265761186e-1,-6.636047846287443e-2,4.7243826854e1,4.619e-1
2000.000000,6.2921789097e-1,2.9674184369e-1,2.1478525805e-2,1.8851348480e-1,1.1404010752e-1,6.249959263933469e-1,-6.636047938769346e-2,2.1709486116e1,6.357e-1
2001.000000,8.0516595153e-1,1.1640401381e-1,1.0986008117e-1,6.5551945781e-2,1.5300986058e-1,6.249959264384258e-1,-6.636047931305566e-2,2.3197196072e1,6.675e-1
2002.000000,2.8031873824e-1,4.8622891906e-1,2.0366378497e-1,2.2530924797e-1,5.4471161763e-2,6.249959259997735e-1,-6.636047886445209e-2,1.6924132128e1,6.552e-1
2003.000000,1.5133308188e-1,2.4767299475e-1,5.4130511800e-1,1.3509216830e-1,1.7458848287e-1,6.249959229028532e-1,-6.636048016419492e-2,3.1571728668e1,3.857e-1
2004.000000,5.9089343045e-2,6.5358333419e-1,1.0203308744e-1,2.6675020899e-1,1.6853587254e-1,6.249959231067203e-1,-6.636048154743501e-2,3.2261574412e1,5.018e-1
2005.000000,6.0898413117e-2,6.0132703210e-2,2.7910523222e-1,1.3033973134e-1,7.1951577824e-1,6.249959290640281e-1,-6.636048468722694e-2,9.8652447488e1,3.312e-1
2006.000000,7.9681960194e-2,2.5662557014e-2,8.9895377088e-3,1.1322887858e0,3.3690280349e-3,6.249959343643016e-1,-6.636050483435907e-2,3.6827559129e1,2.590e-1
2007.000000,9.7669072989e-2,5.3333275188e-3,8.4252679507e-2,1.5673488460e-1,9.0600185745e-1,6.249959110340747e-1,-6.636047542017717e-2,1.2171727669e2,2.941e-1
2008.000000,1.0170100470e-1,8.5819203881e-4,8.0627958033e-1,1.0173014191e-1,2.3942285515e-1,6.249958870688050e-1,-6.636047705564513e-2,4.0404293530e1,6.808e-1
2009.000000,8.0880399485e-2,4.2526800316e-2,4.7362911481e-2,9.6296447957e-1,1.1625721697e-1,6.249959039122474e-1,-6.636048803924299e-2,4.6200184211e1,2.671e-1
2010.000000,5.6775183368e-2,3.9624528821e-2,2.3037872381e-1,1.6116429151e-1,7.6204905368e-1,6.249958905939681e-1,-6.636047847407513e-2,1.0465020264e2,3.039e-1
2011.000000,5.0409492180e-2,5.6374366871e-3,4.6035040536e-1,2.0964554155e-2,7.1262985899e-1,6.249958736820114e-1,-6.636048145066004e-2,9.5606770545e1,5.780e-1
2012.000000,3.9890895240e-2,2.7705550797e-2,2.1960723668e-2,4.5138515587e-1,7.0904938585e-1,6.249958557161703e-1,-6.636046898497740e-2,1.0545368872e2,4.258e-1
2013.000000,2.5049618814e-2,1.3211419031e-1,2.5991800933e-1,5.1792719777e-1,3.1498269773e-1,6.249958569752952e-1,-6.636047118992250e-2,5.9247552903e1,4.527e-1
2014.000000,9.1325983878e-3,7.9702926729e-1,4.6208204988e-2,2.4032131554e-1,1.5730029988e-1,6.249958430400915e-1,-6.636047620130629e-2,2.9793010955e1,6.462e-1
2015.000000,1.2155364761e-2,2.2757610707e-1,1.1082194062e-1,2.5609204451e-1,6.4334622593e-1,6.249958414497678e-1,-6.636046676880372e-2,9.1891067765e1,6.577e-1
2016.000000,1.8247455925e-2,4.6877905879e-1,5.1481478923e-1,1.1617315109e-1,1.3197720541e-1,6.249958302188734e-1,-6.636046890457263e-2,2.5675823286e1,6.997e-1
2017.000000,6.8409645312e-2,2.9367055776e-1,7.1692888721e-1,4.7710142821e-3,1.6621155605e-1,6.249958303114574e-1,-6.636046972388275e-2,2.7784728668e1,6.847e-1
2018.000000,1.1920801404e-1,1.9372451904e-2,1.7984043727e-1,3.0359829123e-1,6.2797246048e-1,6.249958274616354e-1,-6.636045771085086e-2,9.1632692669e1,4.389e-1
2019.000000,1.2856009382e-1,2.4754384067e-3,3.0210746256e-1,5.4639465467e-1,2.7045404933e-1,6.249958493874036e-1,-6.636046525376593e-2,5.4588837887e1,6.771e-1
2020.000000,1.1165097277e-1,1.7847843248e-2,1.9405507370e-1,2.7855544797e-1,6.4788234541e-1,6.249958415438785e-1,-6.636045897457682e-2,9.3486676310e1,5.101e-1
2021.000000,1.0255912238e-1,8.4627598615e-2,1.9651671238e-1,1.1409504385e-1,7.5219316531e-1,6.249958212647666e-1,-6.636045772533875e-2,1.0172443502e2,4.450e-1
2022.000000,1.4789661888e-1,2.1821521588e-1,3.7049920411e-1,7.1511767282e-2,4.4186880968e-1,6.249958079208221e-1,-6.636045260795159e-2,6.2321956567e1,4.424e-1
2023.000000,4.5726306040e-1,4.0434298436e-1,1.3028705795e-1,2.5470714190e-1,3.3913796297e-3,6.249958121202721e-1,-6.636045349222498e-2,1.0664339096e1,6.712e-1
2024.000000,1.0491053399e0,5.2440595148e-3,4.3371485353e-3,1.1779401810e-1,7.3511057767e-2,6.249958119124792e-1,-6.636045365745503e-2,1.3748561951e1,1.023e0
2025.000000,4.5309092074e-1,4.5374698635e-1,1.3109897427e-1,6.3000166327e-2,1.4905457534e-1,6.249958115172695e-1,-6.636045380688292e-2,2.3277822193e1,6.727e-1
2026.000000,1.4048831950e-1,2.2144006927e-1,1.7277440183e-1,6.0459034698e-1,1.1069848437e-1,6.249958109767484e-1,-6.636046237881582e-2,3.5411616616e1,6.139e-1
2027.000000,6.5735265737e-2,3.1944544060e-1,1.2577096110e-2,7.7357046948e-2,7.7487677338e-1,6.249958113881596e-1,-6.636044901896816e-2,1.0243202778e2,8.652e-1
2028.000000,6.3799779984e-2,1.2542066831e-1,6.7117556360e-1,2.2209921164e-1,1.6749636065e-1,6.249957920896300e-1,-6.636044914485018e-2,3.4198854671e1,3.927e-1
2029.000000,8.8025355708e-2,5.6537702532e-1,3.9944704975e-2,6.8284625189e-4,5.5596167210e-1,6.249958021782508e-1,-6.636045072668652e-2,7.2679269477e1,5.319e-1
2030.000000,2.5270616951e-1,1.5514800648e-1,8.9068101819e-2,3.1272569783e-2,7.2179675814e-1,6.249958028632835e-1,-6.636044944601155e-2,9.4539901187e1,6.023e-1
2031.000000,4.5488280575e-1,1.2273590903e-1,3.5925108666e-1,1.1275541362e-1,2.0036637186e-1,6.249957934546481e-1,-6.636044929670831e-2,3.2601990748e1,3.472e-1
2032.000000,6.2937064564e-1,1.3212483009e-2,3.3368317530e-1,6.5699868232e-3,2.6715529599e-1,6.249957933841084e-1,-6.636044894276903e-2,3.7416693157e1,5.525e-1
2033.000000,2.7801664829e-1,3.9967803942e-1,3.4415816992e-2,1.7813751945e-1,3.5974356462e-1,6.249957943806024e-1,-6.636044852862125e-2,5.2961267832e1,5.997e-1
2034.000000,9.0781829175e-2,4.1734032503e-1,8.2403046932e-2,9.0509166778e-2,5.6895722349e-1,6.249957957032979e-1,-6.636044791698167e-2,7.7262113884e1,6.353e-1
2035.000000,3.4728439436e-2,1.4485431677e-1,8.5999894965e-1,5.0083311465e-2,1.6032654414e-1,6.249957807334394e-1,-6.636044701279580e-2,2.9311528068e1,7.341e-1
2036.000000,2.0423741392e-2,1.7176091958e-1,5.9807599790e-2,1.2021000251e-1,8.7778931548e-1,6.249957893779411e-1,-6.636044016535593e-2,1.1703594697e2,3.292e-1
2037.000000,8.0814204969e-3,5.8654752377e-1,8.9637761878e-2,1.8989279157e-1,3.7583205589e-1,6.249957768075513e-1,-6.636044216438222e-2,5.6077310337e1,4.476e-1
2038.000000,8.4383071142e-3,2.2532176979e-1,6.3969532025e-1,3.5649260582e-1,2.0043550548e-2,6.249957767600938e-1,-6.636043730177414e-2,1.9545763112e1,6.879e-1
2039.000000,2.4318925750e-2,4.9927098129e-1,5.7112353900e-1,5.4463640826e-2,1.0081446080e-1,6.249957738342622e-1,-6.636044501525606e-2,2.0226777226e1,6.956e-1
2040.000000,1.1832139801e-1,3.1356663330e-1,3.9729419985e-1,3.2556929746e-1,9.5240019158e-2,6.249957738913160e-1,-6.636044278926105e-2,2.6473587535e1,6.300e-1
2041.000000,2.2290896140e-1,4.5407421046e-2,6.4384723658e-2,7.0749506033e-1,2.0979538013e-1,6.249957732885194e-1,-6.636044522157321e-2,5.0210997700e1,8.387e-1
2042.000000,2.7398958606e-1,8.7455841314e-2,7.2569959190e-1,6.2997589433e-3,1.5654674600e-1,6.249957621132020e-1,-6.636044078715898e-2,2.6357078985e1,8.518e-1
2043.000000,4.4446209999e-1,2.5753115546e-1,3.6414417842e-1,1.5092633844e-1,3.2927756537e-2,6.249957644322912e-1,-6.636044130646970e-2,1.2694842455e1,5.154e-1
2044.000000,9.9461116120e-1,3.7132630548e-2,3.1563914216e-2,1.1945721809e-1,6.7226605099e-2,6.249957645772647e-1,-6.636044149879619e-2,1.3251718587e1,4.666e-1
2045.000000,5.5364613787e-1,3.7667526337e-1,1.7345437146e-1,6.6425388731e-2,7.9790367231e-2,6.249957643347004e-1,-6.636044147793990e-2,1.4756588012e1,4.687e-1
2046.000000,2.2738856704e-1,1.4074475898e-1,3.7208112462e-1,5.1121219537e-2,4.5865586027e-1,6.249957652225726e-1,-6.636044196541382e-2,6.3715661938e1,3.605e-1
2047.000000,1.3124824702e-1,7.0562026140e-2,6.5434759942e-2,7.9328088843e-1,1.8946560605e-1,6.249957637956326e-1,-6.636044859943002e-2,5.0366812260e1,3.376e-1
2048.000000,8.3181518479e-2,5.6683719920e-2,2.6776293165e-1,2.0087029431e-2,8.2227631710e-1,6.249957582918525e-1,-6.636043778926648e-2,1.0819121518e2,7.669e-1
2049.000000,5.9587645859e-2,2.9939460606e-2,2.3657954435e-1,2.7472201147e-1,6.4916287310e-1,6.249957676899101e-1,-6.636044074709962e-2,9.3866261222e1,5.038e-1
2050.000000,4.5628661172e-2,6.4810378623e-2,2.6062421452e-2,8.1425311380e-1,2.9923693212e-1,6.249957535837711e-1,-6.636044130676036e-2,6.4719361412e1,4.615e-1
2051.000000,4.6248825379e-2,2.6870770182e-1,5.7064674317e-1,4.3783016473e-3,3.6000989674e-1,6.249957343785735e-1,-6.636043283754661e-2,5.1347086197e1,6.649e-1
2052.000000,1.5685304026e-1,3.4435561338e-1,3.1461294744e-1,3.1807234129e-2,4.0236263288e-1,6.249957340391605e-1,-6.636043230748037e-2,5.5804289827e1,6.325e-1
2053.000000,2.8788452832e-1,4.7057146926e-2,4.3281906703e-1,2.0594442179e-3,4.8017128119e-1,6.249957338419755e-1,-6.636042945650655e-2,6.5228435302e1,6.533e-1
2054.000000,3.6264361273e-1,1.2766194199e-2,3.2974987054e-1,3.4451752499e-2,5.1038004374e-1,6.249957368514835e-1,-6.636042707242022e-2,6.9275954838e1,6.370e-1
2055.000000,2.6457458084e-1,1.3736781725e-1,3.1184762420e-2,1.1235353481e-1,7.0451078154e-1,6.249957384323526e-1,-6.636042441408040e-2,9.4429194176e1,7.782e-1
2056.000000,9.3592795602e-2,4.1113863106e-1,5.0721931019e-2,5.1164396504e-1,1.8289413994e-1,6.249957313299842e-1,-6.636042578677277e-2,4.1057905901e1,5.454e-1
2057.000000,6.2815260866e-2,3.3510709249e-1,8.9117481124e-2,7.6002389556e-1,2.9277355752e-3,6.249957328084521e-1,-6.636043500868602e-2,2.6110076476e1,3.488e-1
2058.000000,1.4414225206e-1,2.0394133610e-1,1.2785653941e-1,1.3531484913e-1,6.3873647083e-1,6.249957237694013e-1,-6.636041880810709e-2,8.7591149553e1,3.796e-1
2059.000000,2.8940914148e-1,4.5924855196e-2,1.3120806431e-1,1.6599975238e-1,6.1744961941e-1,6.249957163892226e-1,-6.636041425122985e-2,8.5631762156e1,5.380e-1
2060.000000,3.3704344812e-1,7.8323442633e-3,4.0052461403e-1,2.0716519377e-1,2.9742582552e-1,6.249957128553464e-1,-6.636041803258722e-2,4.8088175193e1,5.786e-1
2061.000000,2.1920360870e-1,1.5914716961e-1,9.3624063328e-3,5.3051852491e-1,3.3175970910e-1,6.249957093267473e-1,-6.636041692927608e-2,5.9944630956e1,4.644e-1
2062.000000,8.4939840636e-2,2.0796509533e-1,1.9328677810e-1,7.5136651938e-2,6.8866304961e-1,6.249957078088021e-1,-6.636041110629287e-2,9.2557937548e1,3.355e-1
2063.000000,5.4086345369e-2,3.3338331645e-1,1.2175294158e-1,5.8122900886e-2,6.8264590980e-1,6.249957070442468e-1,-6.636041304326845e-2,9.0906442621e1,5.442e-1
2064.000000,1.0370458055e-1,2.3218880624e-1,1.3885344035e-1,7.0654659677e-1,6.8697984662e-2,6.249957042840576e-1,-6.636042308651420e-2,3.3029890559e1,4.551e-1
2065.000000,1.6511433423e-1,2.0181457504e-1,5.1684117515e-1,1.7110496031e-2,3.4911080460e-1,6.249956925261928e-1,-6.636040802704146e-2,4.9854634580e1,4.644e-1
2066.000000,4.2887681794e-1,3.0567980219e-1,6.0326813487e-2,4.0070546096e-1,5.4402495121e-2,6.249956948493185e-1,-6.636040996166218e-2,2.1094506648e1,5.773e-1
2067.000000,7.2148172817e-1,8.2287332854e-3,2.3217077645e-1,8.7967356221e-2,2.0014279152e-1,6.249956928272493e-1,-6.636040607636282e-2,3.0667797257e1,2.254e-1
2068.000000,3.4512894332e-1,5.9603614720e-1,7.2155508904e-2,7.5184539120e-2,1.6148624822e-1,6.249956933825771e-1,-6.636040669707609e-2,2.5018025862e1,6.527e-1
2069.000000,3.8316426127e-1,2.2029403981e-1,1.6563445495e-1,2.1447678525e-1,2.6642184749e-1,6.249956943819275e-1,-6.636040673682148e-2,4.2922499456e1,4.686e-1
2070.000000,5.3802326404e-1,1.1360066806e-2,2.0334699051e-1,3.7832638604e-1,1.1893468540e-1,6.249956963936113e-1,-6.636040951935390e-2,2.9248591774e1,4.976e-1
2071.000000,2.9766079107e-1,4.1309335281e-1,4.3043007554e-1,1.0475581489e-1,4.0513508227e-3,6.249956925671223e-1,-6.636040602620125e-2,8.2892166873e0,3.841e-1
2072.000000,3.8861944082e-1,1.9972457311e-1,2.7320848514e-1,1.8429202769e-1,2.0414685783e-1,6.249956922971226e-1,-6.636040592149521e-2,3.4807569437e1,6.153e-1
2073.000000,4.7733955100e-1,3.5269690826e-2,1.3596806495e-1,5.6801565945e-1,3.3398424084e-2,6.249956951527512e-1,-6.636040190522968e-2,2.3848453062e1,6.908e-1
2074.000000,1.8330186825e-1,5.3394979826e-1,1.2425412921e-2,3.6396549331e-1,1.5634881308e-1,6.249956929128385e-1,-6.636040715226590e-2,3.2918497694e1,5.418e-1
2075.000000,5.8678386485e-2,2.1397577553e-1,9.9249347677e-2,1.8181955366e-1,6.9626832094e-1,6.249956921436315e-1,-6.636040329457801e-2,9.6191856323e1,6.909e-1
2076.000000,2.8369450758e-2,2.8228152938e-1,4.7994255710e-1,4.5598569272e-1,3.4121531184e-3,6.249956915353412e-1,-6.636040339269296e-2,1.9446586007e1,4.758e-1
2077.000000,9.8613483851e-3,2.6998806723e-1,6.6619677767e-1,2.8179520094e-1,2.2149977265e-2,6.249956857460460e-1,-6.636040411236195e-2,1.7727124550e1,7.025e-1
2078.000000,1.8830560262e-2,4.9637909292e-1,6.1756595710e-3,3.8148570382e-1,3.4712036176e-1,6.249956891649303e-1,-6.636040373215504e-2,5.7690527570e1,5.091e-1
2079.000000,5.1503591367e-2,7.9046012965e-2,8.4340869217e-1,2.6698203115e-2,2.4933486385e-1,6.249956817323621e-1,-6.636040197630787e-2,3.9700318432e1,7.628e-1
2080.000000,8.1841529143e-2,1.3010350870e-1,1.1548037983e-1,1.7191073814e-1,7.5065522319e-1,6.249956894998450e-1,-6.636039191899386e-2,1.0280998301e2,4.885e-1
2081.000000,1.7969748976e-1,4.5678223215e-1,1.7612025390e-1,3.5997854567e-1,7.7412853886e-2,6.249956876812304e-1,-6.636039516017828e-2,2.3840533999e1,6.061e-1
2082.000000,7.1989679985e-1,2.2745583391e-1,1.2100752449e-1,6.9963290696e-2,1.1166792384e-1,6.249956863925333e-1,-6.636039757766034e-2,1.8315239817e1,5.495e-1
2083.000000,7.6363074063e-1,1.2928119631e-1,2.1572909831e-1,8.9921927793e-2,5.1428409476e-2,6.249956862644112e-1,-6.636039752702021e-2,1.1826548652e1,6.390e-1
2084.000000,2.3341999814e-1,3.9905480081e-1,3.0908300117e-1,1.2288899218e-1,1.8554458064e-1,6.249956864699893e-1,-6.636039762013887e-2,3.1069637682e1,5.965e-1
2085.000000,1.0671209830e-1,1.3902230302e-1,1.3836229048e-1,4.5401356538e-1,4.1188112483e-1,6.249956910069645e-1,-6.636039536811639e-2,6.8687517049e1,4.970e-1
2086.000000,5.2927298576e-2,4.7746045924e-1,5.3234893904e-2,4.3866740632e-1,2.2770129875e-1,6.249956783985340e-1,-6.636039425461224e-2,4.4590386961e1,6.603e-1
2087.000000,8.4482533230e-2,1.9844574272e-1,5.6554686397e-1,6.4864479186e-2,3.3665173026e-1,6.249956746831717e-1,-6.636038945713309e-2,5.0130592471e1,4.547e-1
2088.000000,1.4714794822e-1,5.7805038973e-2,5.6441710739e-1,2.0873339557e-1,2.7188786873e-1,6.249956794432162e-1,-6.636038493235794e-2,4.6185636767e1,4.018e-1
2089.000000,2.6403138214e-1,1.9532748636e-1,5.3968880877e-3,6.8530034373e-1,9.9935270767e-2,6.249956855433731e-1,-6.636039428057974e-2,3.5287171426e1,7.489e-1
2090.000000,4.0930855100e-1,2.6181972998e-2,2.5035019834e-1,2.3587214964e-1,3.2827848607e-1,6.249956790237368e-1,-6.636037836482521e-2,5.1827374814e1,5.719e-1
2091.000000,3.8486766390e-1,4.5035079033e-2,3.2759112298e-1,1.4839094876e-1,3.4410653106e-1,6.249956728682813e-1,-6.636037621539123e-2,5.1697379310e1,5.779e-1
2092.000000,2.5919389734e-1,1.6258693302e-1,3.1449598685e-2,1.7080859527e-1,6.2595232391e-1,6.249956741144210e-1,-6.636037021110136e-2,8.6294140113e1,7.034e-1
2093.000000,1.0115795507e-1,3.0402562613e-1,1.3383977501e-1,1.8334925478e-1,5.2761872360e-1,6.249956672929964e-1,-6.636036433551745e-2,7.5131721204e1,4.751e-1
2094.000000,3.1784424926e-2,4.9844870615e-1,1.0431112921e-2,1.8530738454e-1,5.2401970210e-1,6.249956653244524e-1,-6.636036425357496e-2,7.4100596703e1,3.114e-1
2095.000000,9.7926541567e-3,1.9618484353e-1,4.1166099795e-1,3.5730973623e-1,2.7504306630e-1,6.249956490871876e-1,-6.636035997769257e-2,5.0329978044e1,3.941e-1
2096.000000,6.2842350833e-3,1.6083218282e-2,8.7417307548e-1,1.0477115099e-2,3.4297363117e-1,6.249956375569159e-1,-6.636035721526527e-2,5.1264585631e1,3.349e-1
2097.000000,6.4545468253e-3,2.1546889395e-2,5.2667462483e-1,3.1578866989e-1,3.7952655480e-1,6.249956428647743e-1,-6.636034425911624e-2,6.2944354501e1,5.609e-1
2098.000000,9.8509039347e-3,1.7637058837e-1,9.0975488087e-1,8.5355306931e-2,6.8659595200e-2,6.249956376510417e-1,-6.636034193421544e-2,1.9155503683e1,9.462e-1
2099.000000,3.5873007379e-2,4.1300218531e-1,1.6780221878e-1,1.9766344852e-1,4.3565042083e-1,6.249956404076271e-1,-6.636034121975290e-2,6.4274842843e1,5.435e-1
2100.000000,9.3883227131e-2,2.1298109620e-1,3.4610054316e-2,1.7602148057e-2,8.9091477138e-1,6.249956485400150e-1,-6.636034016317409e-2,1.1535014371e2,4.593e-1
2101.000000,1.8546394529e-1,6.9270559198e-2,4.1526694612e-2,9.0652276296e-1,4.7207320706e-2,6.249956413828908e-1,-6.636034440541383e-2,3.5614752113e1,3.016e-1
2102.000000,2.3068087392e-1,6.3219998119e-4,5.9791455769e-1,2.8664211015e-2,3.9209939512e-1,6.249956188633197e-1,-6.636034028011055e-2,5.6005898626e1,5.124e-1
2103.000000,1.4903214564e-1,2.3510686318e-1,1.3002184983e-1,3.2626403573e-1,4.0956635391e-1,6.249956241450126e-1,-6.636034370462268e-2,6.4449847041e1,4.835e-1
2104.000000,4.4689676750e-2,3.3768553006e-1,2.5353870804e-1,6.5648943398e-2,5.4842838441e-1,6.249956213292522e-1,-6.636034186071285e-2,7.5025624956e1,5.368e-1
2105.000000,2.2987060315e-2,9.9082264383e-2,1.7124940093e-1,4.9972991550e-1,4.5694262270e-1,6.249956319110387e-1,-6.636034272059020e-2,7.6059666267e1,5.532e-1
2106.000000,1.1301107423e-2,2.1151579804e-1,1.2605934226e-1,8.8636241841e-1,1.4752592084e-2,6.249956291098352e-1,-6.636034737839951e-2,3.1689086064e1,3.207e-1
2107.000000,9.0391439231e-3,5.3102858683e-1,3.1739083828e-2,3.1222276655e-2,6.4696215141e-1,6.249956213218133e-1,-6.636033702659197e-2,8.5130757650e1,5.477e-1
2108.000000,1.5041059494e-2,1.4590921168e-1,2.2413972301e-1,4.2642404166e-1,4.3847722903e-1,6.249956324373916e-1,-6.636033857550748e-2,7.1863111386e1,4.658e-1
2109.000000,1.9192801579e-2,2.5013798055e-1,1.3391598547e-1,1.9798378812e-1,6.4876070877e-1,6.249956322491308e-1,-6.636033823691675e-2,9.0958052188e1,4.367e-1
2110.000000,5.1215052848e-2,7.1341076554e-1,6.8232676161e-2,3.2383152356e-2,3.8474960742e-1,6.249956271615900e-1,-6.636033779969984e-2,5.2282501091e1,2.866e-1
2111.000000,1.4705428704e-1,3.6199593507e-1,5.9547318289e-2,2.6648162119e-1,4.1491209278e-1,6.249956271833628e-1,-6.636034093342111e-2,6.2910057314e1,5.917e-1
2112.000000,3.4829949672e-1,3.4193336950e-1,1.2180332613e-2,5.0073820583e-1,4.6839849976e-2,6.249956273254776e-1,-6.636033556810710e-2,2.2974582532e1,5.640e-1
2113.000000,6.2296821675e-1,2.9016262052e-2,1.3908358830e-1,7.6322696925e-2,3.8260048545e-1,6.249956247410750e-1,-6.636034117854137e-2,5.2897373778e1,4.176e-1
2114.000000,4.2332864820e-1,4.8787239702e-1,2.4835568337e-1,5.2982061258e-2,3.7452458017e-2,6.249956239343835e-1,-6.636034063583961e-2,9.6635951715e0,5.145e-1
2115.000000,6.3424808549e-1,6.6119712969e-2,3.6619913187e-1,1.2029212000e-1,6.3132196404e-2,6.249956233668337e-1,-6.636034077526499e-2,1.5309225503e1,7.850e-1
2116.000000,4.7182292014e-1,1.9549767004e-1,2.9548465784e-1,1.7381425166e-1,1.1337174598e-1,6.249956228251129e-1,-6.636034136595219e-2,2.3064423601e1,6.720e-1
2117.000000,2.1919221632e-1,6.4646133734e-1,2.5845173434e-3,3.0998834591e-1,7.1764830390e-2,6.249956236489750e-1,-6.636034017398901e-2,2.0528720281e1,5.310e-1
2118.000000,1.7988633226e-1,1.0959108041e-1,3.0422560127e-1,6.4707266557e-1,9.2155790209e-3,6.249956292639600e-1,-6.636034497470868e-2,2.4628849550e1,5.737e-1
2119.000000,2.3330017441e-1,9.5406958213e-3,4.8849313389e-1,6.3777314566e-3,5.1227950104e-1,6.249956183078438e-1,-6.636033796684937e-2,6.9819540089e1,7.076e-1
2120.000000,1.8050543702e-1,1.7376219095e-1,5.5285155325e-1,2.5303142455e-2,3.1756889670e-1,6.249956101862716e-1,-6.636033501880895e-2,4.6319108863e1,5.635e-1
2121.000000,2.6650352716e-1,4.3052128721e-1,1.7736376084e-1,2.0258061344e-1,1.7302203060e-1,6.249956096248380e-1,-6.636033263605375e-2,3.1042603972e1,6.534e-1
2122.000000,6.5787965973e-1,2.3971553012e-2,3.8903003086e-1,1.6615583289e-1,1.2954141069e-2,6.249956087784827e-1,-6.636033418114647e-2,1.0464239892e1,4.483e-1
2123.000000,4.6585216871e-1,2.6375758365e-1,5.2391776690e-2,3.8860361948e-1,7.9386070896e-2,6.249956097152588e-1,-6.636033730899389e-2,2.3776308363e1,4.207e-1
2124.000000,1.9102617319e-1,4.9727663352e-1,7.2783662721e-2,1.4500712706e-1,3.4389762173e-1,6.249956091100245e-1,-6.636033237439790e-2,5.0331459302e1,3.614e-1
2125.000000,3.0028424312e-1,1.1016141637e-1,1.5725400775e-1,2.3571309750e-1,4.4657845732e-1,6.249956110250762e-1,-6.636033064136185e-2,6.6333358673e1,5.349e-1
2126.000000,4.4903927057e-1,2.1791250192e-2,2.0826679009e-1,2.9448119147e-1,2.7641271362e-1,6.249956079776416e-1,-6.636033190856544e-2,4.6738461927e1,6.468e-1
2127.000000,3.8005814482e-1,9.2813106898e-2,4.0101963937e-1,2.3820380134e-1,1.3789651593e-1,6.249956041809879e-1,-6.636033160803458e-2,2.8857088083e1,5.807e-1
2128.000000,1.6563434344e-1,7.0168445334e-1,1.9022827502e-1,1.3476225144e-1,5.7681887652e-2,6.249956054461453e-1,-6.636032920784925e-2,1.4703685944e1,8.171e-1
2129.000000,3.2133720650e-1,2.3124014518e-1,2.6310085246e-1,2.0435125780e-1,2.2996174975e-1,6.249956058446484e-1,-6.636032853068310e-2,3.8702299931e1,4.806e-1
2130.000000,5.5217359655e-1,1.7687806929e-2,5.8898012103e-1,5.9489931799e-2,3.1659751014e-2,6.249956036596026e-1,-6.636032860503127e-2,1.0979429328e1,6.439e-1
2131.000000,3.9643717761e-1,1.5914886292e-1,1.3881653431e-1,3.9874469164e-1,1.5684394291e-1,6.249956046950360e-1,-6.636032980643294e-2,3.4462903414e1,5.715e-1
2132.000000,1.3865186192e-1,8.5130273553e-1,1.9304399083e-2,1.2618698623e-1,1.1454522681e-1,6.249956047858560e-1,-6.636032670111711e-2,2.0626139186e1,3.647e-1
2133.000000,2.1548568553e-1,2.1863211078e-1,2.1266714044e-1,2.9793724481e-1,3.0526902752e-1,6.249956045420568e-1,-6.636032659583541e-2,5.0854771545e1,2.914e-1
2134.000000,3.7781961617e-1,5.9996554536e-2,1.0174556225e-1,2.8770444652e-1,4.2272503466e-1,6.249956070709295e-1,-6.636032135081618e-2,6.4438214140e1,3.407e-1
2135.000000,4.7948103929e-1,3.8469633861e-2,2.3402522426e-1,3.3679769761e-1,1.6121761020e-1,6.249956026136254e-1,-6.636032487139171e-2,3.3602262011e1,5.356e-1
2136.000000,3.7712438280e-1,1.6927042873e-1,6.0827437846e-1,7.3807763613e-2,2.1514244783e-2,6.249955991985262e-1,-6.636032247029115e-2,1.0508969844e1,3.835e-1
2137.000000,9.1983179022e-2,5.1539674188e-1,2.0913867441e-1,1.7944632618e-1,2.5402627873e-1,6.249956001118220e-1,-6.636032133074860e-2,4.1007540584e1,6.969e-1
2138.000000,3.4522361812e-2,1.3881159376e-1,1.7596933117e-1,5.0483685029e-2,8.5020423713e-1,6.249956044488140e-1,-6.636032306467819e-2,1.1214425929e2,5.321e-1
2139.000000,1.9976855675e-2,5.7176203774e-2,4.9346560270e-1,1.5502849504e-1,5.2434399542e-1,6.249955763098722e-1,-6.636032702734507e-2,7.6149008913e1,6.640e-1
2140.000000,8.4724040946e-3,6.5460260611e-1,1.0890865374e-1,2.8757726174e-1,1.9043023581e-1,6.249955807462143e-1,-6.636033121478756e-2,3.5762253204e1,7.320e-1
2141.000000,3.3948897425e-3,2.0518846533e-1,7.8362872983e-1,1.3012402765e-1,1.2765504089e-1,6.249955767173552e-1,-6.636033284391935e-2,2.7184918332e1,8.267e-1
2142.000000,2.4858587603e-3,5.6958373102e-2,1.8628676818e-1,4.9079294720e-1,5.1346721054e-1,6.249955788875192e-1,-6.636034232971984e-2,8.3034631080e1,7.149e-1
2143.000000,1.7272975962e-3,3.3242571989e-2,4.7465486050e-1,2.0058558431e-1,5.3978082688e-1,6.249955706406762e-1,-6.636034660460466e-2,7.9375272215e1,7.344e-1
2144.000000,1.3970801144e-3,1.9885861614e-1,3.5516939649e-1,3.3864176582e-2,6.6070187936e-1,6.249955743405756e-1,-6.636035234435923e-2,8.8893265153e1,4.054e-1
2145.000000,3.7169646738e-3,5.4202383087e-1,1.4345630077e-1,1.5808121151e-1,4.0271283190e-1,6.249955698624016e-1,-6.636035679954830e-2,5.8839397802e1,3.716e-1
2146.000000,1.2488322306e-2,2.7574996243e-1,4.9959965504e-1,1.4328896973e-1,3.1886423048e-1,6.249955699932245e-1,-6.636035415038327e-2,4.9954409859e1,4.709e-1
2147.000000,4.2858481382e-2,4.8451184767e-1,1.1087125335e-1,4.8774474756e-1,1.2400480711e-1,6.249955685361790e-1,-6.636035117187553e-2,3.3357870195e1,6.927e-1
2148.000000,9.6473759973e-2,4.0853129909e-2,6.4854715216e-1,7.8388437477e-2,3.8572863312e-1,6.249955563184647e-1,-6.636035907703286e-2,5.7200015396e1,6.167e-1
2149.000000,1.2252059640e-1,1.3934227366e-2,2.6146931983e-1,6.2563674338e-1,2.2643023564e-1,6.249955613111446e-1,-6.636036369551931e-2,5.1184329262e1,3.472e-1
2150.000000,1.4825924344e-1,4.8051699163e-3,4.3943444226e-1,2.9200156660e-1,3.6549068375e-1,6.249955529815321e-1,-6.636037266844877e-2,5.9726073151e1,4.238e-1
2151.000000,1.5397517398e-1,7.2779592779e-3,4.5702277726e-1,1.2141712137e-2,6.1957348205e-1,6.249955523543240e-1,-6.636037843902969e-2,8.3441666215e1,7.723e-1
2152.000000,1.3892287790e-1,6.9690768142e-2,2.4334485691e-1,6.7159055383e-1,1.2644204123e-1,6.249955490016339e-1,-6.636037813501877e-2,3.9831080830e1,3.804e-1
2153.000000,1.3209597274e-1,5.1750505261e-1,1.4779253935e-1,1.1202138937e-1,3.4057613945e-1,6.249955467620698e-1,-6.636038940033308e-2,4.9461828716e1,5.496e-1
2154.000000,3.2184746830e-1,2.2770671782e-1,1.4022414808e-1,5.5065922477e-1,9.5535387795e-3,6.249955488762885e-1,-6.636038420304552e-2,2.0582078511e1,5.988e-1
2155.000000,4.7063850516e-1,9.5798863958e-2,6.1955308134e-2,1.5813619550e-1,4.6346221850e-1,6.249955456282497e-1,-6.636039121262993e-2,6.5306081670e1,6.574e-1
2156.000000,4.8234889257e-1,1.2134902362e-1,3.2617275909e-1,1.3797040652e-2,3.0632337171e-1,6.249955438201238e-1,-6.636039021345023e-2,4.2744151446e1,5.347e-1
2157.000000,4.3592210982e-1,1.1548630557e-1,4.3323082891e-2,3.4651991870e-1,3.0873967163e-1,6.249955443059407e-1,-6.636039110684146e-2,5.1402833696e1,4.102e-1
2158.000000,1.4964218492e-1,6.1294870042e-1,2.1490637652e-2,1.3593166305e-1,3.2997789962e-1,6.249955428377287e-1,-6.636039142566537e-2,4.8059627964e1,5.601e-1
2159.000000,5.7383568817e-2,2.7986467958e-1,1.2748715819e-1,1.2402567338e-1,6.6123000432e-1,6.249955421475620e-1,-6.636039258561999e-2,9.0214580510e1,3.233e-1
2160.000000,2.4028096647e-2,3.6259994879e-1,3.8925487399e-1,2.0569429677e-1,2.6841385858e-1,6.249955373905818e-1,-6.636039360969095e-2,4.4790444332e1,5.833e-1
2161.000000,4.2807023738e-3,5.4043323142e-1,6.5498381795e-1,1.8463960840e-2,3.1829357715e-2,6.249955351468743e-1,-6.636039325410077e-2,1.0987881892e1,7.725e-1
2162.000000,2.1915882037e-3,4.0851325102e-2,1.0720753973e0,6.3412231598e-2,7.1460503699e-2,6.249955229667661e-1,-6.636039105937816e-2,1.9835537508e1,9.956e-1
2163.000000,1.5615936923e-3,9.0491463103e-2,1.0659033848e0,4.0797792248e-3,8.7954838061e-2,6.249955294488319e-1,-6.636038799624759e-2,2.0097763009e1,6.643e-1
2164.000000,5.7068766090e-4,4.1472414286e-1,2.0990703228e-2,1.8282185677e-1,6.3088369473e-1,6.249955426252801e-1,-6.636037851214460e-2,8.7601071598e1,6.296e-1
2165.000000,2.0195532954e-4,2.7799375399e-1,5.7474321069e-1,1.6077564744e-1,2.3627649827e-1,6.249955328576089e-1,-6.636037991275888e-2,4.0542246667e1,7.516e-1
2166.000000,4.8782458762e-5,4.4508762112e-1,1.5467490224e-1,4.2629627073e-1,2.2388349316e-1,6.249955348569513e-1,-6.636038103199612e-2,4.4426166640e1,5.747e-1
2167.000000,1.6143828514e-5,2.7922667914e-1,1.1294525178e-1,2.3046443021e-2,8.3475655741e-1,6.249955375886136e-1,-6.636038104483841e-2,1.0904834897e2,8.410e-1
2168.000000,9.2786364095e-6,4.1638024748e-1,4.4693620673e-1,4.1316909421e-2,3.4534839943e-1,6.249955208506422e-1,-6.636037859889947e-2,4.9934991017e1,5.867e-1
2169.000000,2.5466350663e-5,2.6033485805e-1,9.1442731266e-1,1.6033542505e-2,5.9169856184e-2,6.249955178754188e-1,-6.636037808319244e-2,1.5922915902e1,8.695e-1
2170.000000,4.2488288122e-5,2.1856655911e-2,1.1837150183e0,1.8646445770e-2,2.5730422798e-2,6.249955155526193e-1,-6.636037502435668e-2,1.3403635085e1,1.073e0
2171.000000,6.0338219515e-5,1.4301361354e-1,1.0104451814e0,2.5818649304e-2,7.0653243539e-2,6.249955130103527e-1,-6.636036956834802e-2,1.8239430798e1,7.201e-1
2172.000000,2.1845935895e-4,5.5115025457e-1,8.2651252070e-2,1.9816341928e-1,4.1780765162e-1,6.249955184440679e-1,-6.636036556354660e-2,6.1584228579e1,3.460e-1
2173.000000,5.2194748893e-4,7.7473113152e-2,1.8570506104e-1,1.8696528525e-1,7.9932566139e-1,6.249955341614561e-1,-6.636035907406641e-2,1.0993742147e2,6.401e-1
2174.000000,7.8151604777e-4,2.7096220361e-1,1.1012829186e-1,2.7019568278e-1,5.9792335079e-1,6.249955225431432e-1,-6.636035579522925e-2,8.6603792251e1,7.327e-1
2175.000000,2.3902909624e-3,7.5967341046e-1,2.6071893323e-2,7.8412651764e-2,3.8344279102e-1,6.249955187633750e-1,-6.636035716742697e-2,5.3318999220e1,8.709e-1
2176.000000,8.0888380932e-3,2.3208001730e-1,1.0279682406e-1,5.1902311151e-1,3.8800223095e-1,6.249955109527326e-1,-6.636035183957310e-2,6.7563604176e1,7.157e-1
2177.000000,1.5127266195e-2,2.9613087431e-1,1.4770930642e-1,2.7382855058e-1,5.1719504283e-1,6.249955201607451e-1,-6.636034991954595e-2,7.6744978933e1,5.541e-1
2178.000000,3.9795707569e-2,2.5058657874e-1,2.4514895625e-1,6.8695322690e-1,2.7506557277e-2,6.249955133697405e-1,-6.636036387315954e-2,2.7985605254e1,1.964e-1
2179.000000,6.2551164031e-2,2.2254520607e-2,5.9389682113e-1,3.0381737161e-1,2.6747110132e-1,6.249954893499365e-1,-6.636034137001770e-2,4.8785416053e1,5.421e-1
2180.000000,6.0819299415e-2,1.6397041906e-1,7.1711896086e-1,7.4267744350e-2,2.3381456521e-1,6.249954944479225e-1,-6.636033848703599e-2,3.8400134341e1,7.965e-1
2181.000000,9.8820921539e-2,3.9276782770e-1,2.5476465076e-1,4.5836337211e-1,4.5274223014e-2,6.249954975611633e-1,-6.636034107127370e-2,2.3335791776e1,5.295e-1
2182.000000,2.0960804102e-1,1.4520768007e-1,3.6137009055e-1,8.3717882540e-2,4.5008730667e-1,6.249955004308041e-1,-6.636033455221341e-2,6.3576327601e1,5.859e-1
2183.000000,5.4478990577e-1,2.2467757977e-1,4.5960402348e-3,9.9785771582e-2,3.7614170462e-1,6.249955009839347e-1,-6.636033425652242e-2,5.2097801316e1,6.015e-1
2184.000000,6.9237470780e-1,6.5285056587e-2,2.0830296162e-3,4.4391791831e-2,4.4585641664e-1,6.249955012392934e-1,-6.636033429309761e-2,5.8983580373e1,7.138e-1
2185.000000,2.9007549169e-1,2.0543194865e-1,4.7810922212e-1,7.3041517719e-2,2.0333281525e-1,6.249954977151793e-1,-6.636033418792034e-2,3.2744704340e1,6.170e-1
2186.000000,2.0409945717e-1,2.1572491268e-1,1.4574250623e-1,1.8281779606e-1,5.0160632193e-1,6.249954970302942e-1,-6.636032997723820e-2,7.1755218284e1,4.514e-1
2187.000000,3.3251766152e-1,1.4274228233e-1,2.7903876305e-1,4.9182039744e-1,3.8718979413e-3,6.249955011343545e-1,-6.636033486079962e-2,1.8917909154e1,6.942e-1
2188.000000,5.4979122206e-1,2.5276691394e-3,6.3943575068e-2,7.7648665883e-2,5.5607986986e-1,6.249955010053241e-1,-6.636033095448149e-2,7.4454480200e1,7.148e-1
2189.000000,3.0102071461e-1,5.5008747864e-1,1.4091812016e-1,6.8728491002e-2,1.8923619076e-1,6.249954975873734e-1,-6.636033159624140e-2,2.8799574406e1,5.179e-1
2190.000000,7.6579601104e-2,2.4582054327e-1,3.8669191961e-1,4.9826075718e-1,4.2638182764e-2,6.249955019620268e-1,-6.636033369693239e-2,2.5025497868e1,6.179e-1
2191.000000,7.8528594385e-2,9.3126161651e-2,5.1545825364e-1,1.3264855480e-1,4.3022942936e-1,6.249954969213019e-1,-6.636032674450799e-2,6.3663303361e1,6.559e-1
2192.000000,1.6756362845e-1,2.0077364282e-1,2.3793589429e-2,3.0964968251e-1,5.4821045491e-1,6.249954990574382e-1,-6.636032051562911e-2,8.0755405884e1,7.392e-1
2193.000000,3.6652248120e-1,1.0431144028e-1,5.3097961671e-2,8.2198603297e-2,6.4386050797e-1,6.249954972092738e-1,-6.636031997232837e-2,8.5861168141e1,7.486e-1
2194.000000,4.9194793857e-1,4.6957795366e-3,3.2779739150e-1,2.1733429602e-1,2.0821558227e-1,6.249954939495982e-1,-6.636031969225861e-2,3.6484036663e1,4.348e-1
2195.000000,2.9719397764e-1,2.2346186622e-1,2.2166136809e-1,5.5228235155e-2,4.5244554116e-1,6.249954941374828e-1,-6.636032064003355e-2,6.2049144460e1,6.448e-1
2196.000000,2.4493770952e-1,3.9467041281e-2,4.3751496095e-1,8.6114148698e-2,4.4195711915e-1,6.249954897999294e-1,-6.636032116434068e-2,6.3027686635e1,6.569e-1
2197.000000,1.5955363379e-1,1.7281295636e-1,2.8139151471e-2,3.7099238406e-1,5.1849284216e-1,6.249954839183096e-1,-6.636030952005081e-2,7.8889356028e1,6.969e-1
2198.000000,8.5174484468e-2,2.2709562530e-1,6.0696010577e-2,6.7456888273e-1,2.0245595858e-1,6.249954808263540e-1,-6.636031803786391e-2,4.8482913523e1,7.966e-1
2199.000000,6.1245739701e-2,1.8243109562e-1,2.0183009761e-1,7.6715955405e-1,3.7324461350e-2,6.249954741664623e-1,-6.636032257886897e-2,3.1336762624e1,8.750e-1
2200.000000,5.4690014349e-2,7.9355196344e-1,4.9564523703e-2,2.1788952519e-1,1.3429491018e-1,6.249954684358360e-1,-6.636030317430691e-2,2.6173178433e1,3.584e-1
2201.000000,1.7426685822e-1,1.7118945746e-1,1.7576427528e-1,6.9838148403e-1,3.0388865278e-2,6.249954701299283e-1,-6.636031602038642e-2,2.8073608791e1,4.280e-1
2202.000000,2.7602856557e-1,2.0485948787e-2,7.9644559725e-1,9.7541853529e-2,5.9488947138e-2,6.249954561389215e-1,-6.636030071020715e-2,1.7286475505e1,3.446e-1
2203.000000,2.9744319232e-1,1.2351324209e-2,9.0230563720e-1,5.2878767009e-3,3.2602872832e-2,6.249954516301789e-1,-6.636029997365431e-2,1.1734249119e1,8.270e-1
2204.000000,2.0665178197e-1,2.0515360903e-1,6.7061968553e-1,1.4002242248e-1,2.7543407963e-2,6.249954534849654e-1,-6.636029882144151e-2,1.3884864332e1,8.151e-1
2205.000000,4.0964646126e-2,5.6970583728e-1,3.8474607737e-1,1.0340490415e-1,1.5116944180e-1,6.249954533596616e-1,-6.636029773422578e-2,2.6896508099e1,5.869e-1
2206.000000,1.7960089317e-2,1.1765280985e-1,5.0492455554e-1,1.8697962290e-1,4.2247381995e-1,6.249954487808037e-1,-6.636030297979043e-2,6.4343678995e1,5.680e-1
2207.000000,2.6639582904e-2,1.4366212630e-1,5.3720680976e-1,1.7546088013e-1,3.6702148920e-1,6.249954441413003e-1,-6.636031143519165e-2,5.7191797304e1,6.048e-1
2208.000000,8.1287437742e-2,6.4647596847e-1,2.2120346949e-1,2.4353911916e-1,5.7484900559e-2,6.249954477080417e-1,-6.636030994034088e-2,1.8254542496e1,5.506e-1
2209.000000,3.4095488059e-1,2.1619061855e-1,2.6056355778e-1,3.3721969428e-1,9.5062145629e-2,6.249954484114708e-1,-6.636031010118637e-2,2.5646351997e1,4.685e-1
2210.000000,5.6778340831e-1,7.2379111801e-2,3.0539498717e-3,2.0568160970e-1,4.0109281430e-1,6.249954469960228e-1,-6.636031281949650e-2,5.8374773268e1,4.589e-1
2211.000000,4.3478639742e-1,2.0070692893e-1,8.1850656163e-3,2.3978120242e-1,3.6653129552e-1,6.249954449540575e-1,-6.636031442087648e-2,5.5273291885e1,5.212e-1
2212.000000,2.1392660348e-1,1.5858130263e-1,4.1947055358e-1,4.1491968692e-2,4.1652046038e-1,6.249954443865712e-1,-6.636031370969563e-2,5.8422252263e1,4.377e-1
2213.000000,9.3820446125e-2,3.1904208079e-1,5.2140261482e-1,6.2478453129e-2,2.5324728078e-1,6.249954378226672e-1,-6.636031605929459e-2,3.9271177743e1,4.172e-1
2214.000000,4.7714791342e-2,4.2748509076e-1,6.5185781600e-1,5.2424367206e-2,7.0508804767e-2,6.249954350368239e-1,-6.636031632584477e-2,1.6796396866e1,1.742e-1
2215.000000,6.3764341737e-2,2.2220237149e-2,9.2494973554e-1,4.3005624289e-2,1.9605090005e-1,6.249954193816675e-1,-6.636031339979542e-2,3.3946615713e1,3.142e-1
2216.000000,5.9233826553e-2,3.4979411222e-2,7.5533053013e-1,1.3990202604e-1,2.6054505704e-1,6.249954254946173e-1,-6.636030729443444e-2,4.3968852112e1,6.943e-1
2217.000000,3.2455285020e-2,3.8289506865e-1,6.1993405993e-1,2.5170532902e-2,1.8953590909e-1,6.249954277942097e-1,-6.636030264063145e-2,3.0807543675e1,7.861e-1
2218.000000,2.1535782190e-2,3.9293202255e-1,7.2874872257e-1,3.3164403303e-2,7.3609924587e-2,6.249954276040310e-1,-6.636030140044140e-2,1.7109952970e1,7.572e-1
2219.000000,3.1783190736e-2,1.1898401968e-1,3.7266764883e-1,1.1919750566e-1,6.0735848948e-1,6.249954271905414e-1,-6.636029208633232e-2,8.4791407660e1,7.389e-1
2220.000000,4.9604621497e-2,6.7829627200e-1,1.3224786149e-2,9.5438439367e-2,4.1342674120e-1,6.249954301079519e-1,-6.636029606837861e-2,5.7459846077e1,6.309e-1
2221.000000,1.5823373713e-1,2.5189349863e-1,6.0866357163e-1,3.2506403617e-2,1.9869363917e-1,6.249954250845088e-1,-6.636029775788801e-2,3.1925203168e1,7.703e-1
2222.000000,4.4060914673e-1,1.7541018136e-1,2.6202139764e-2,2.1109335419e-1,3.9667603694e-1,6.249954294877682e-1,-6.636029622150094e-2,5.8310262117e1,6.544e-1
2223.000000,5.3290226438e-1,5.7815719996e-2,1.0362365021e-1,3.0843784372e-1,2.4721137953e-1,6.249954289194490e-1,-6.636029625270340e-2,4.2724139353e1,7.018e-1
2224.000000,2.5128377960e-1,6.0277832011e-1,6.6416832882e-2,1.9167618088e-1,1.3783574270e-1,6.249954280916491e-1,-6.636029690426154e-2,2.5639146047e1,4.377e-1
2225.000000,3.3861970625e-1,7.6784792773e-2,1.4948166586e-1,8.9868534964e-2,5.9523616151e-1,6.249954306789407e-1,-6.636029580403885e-2,8.0584754558e1,5.562e-1
2226.000000,3.6604627040e-1,4.9625267572e-2,2.7177977576e-1,2.5305859531e-1,3.0948093667e-1,6.249954228597566e-1,-6.636029562581662e-2,5.0167946820e1,2.791e-1
2227.000000,2.5309085260e-1,5.2846081719e-1,1.0973689285e-1,1.9474345557e-1,1.6395882392e-1,6.249954210649911e-1,-6.636029511712055e-2,2.9279882243e1,7.218e-1
2228.000000,6.1567371900e-1,2.2031507769e-1,5.5915002960e-2,1.8999780652e-1,1.6808923624e-1,6.249954212035307e-1,-6.636029412144115e-2,2.8791139086e1,4.241e-1
2229.000000,7.3307505725e-1,1.0628840768e-1,3.4177214332e-1,5.2816350324e-2,1.6038882971e-2,6.249954207759967e-1,-6.636029416010190e-2,7.0563917213e0,3.571e-1
2230.000000,2.8487425607e-1,4.6397307101e-1,3.4439790366e-1,1.1207968040e-1,4.4665930511e-2,6.249954208218416e-1,-6.636029404860630e-2,1.3129355377e1,5.869e-1
2231.000000,4.2493989007e-1,8.7126759022e-2,4.1885026430e-1,2.4795986508e-1,7.1114057949e-2,6.249954182115606e-1,-6.636029551921163e-2,2.0774840678e1,6.224e-1
2232.000000,3.9895756604e-1,9.8958096328e-2,2.8712242224e-1,1.5069809848e-1,3.1425465984e-1,6.249954214659745e-1,-6.636029340955955e-2,4.7741309965e1,6.200e-1
2233.000000,3.2114145481e-1,4.9517313308e-1,1.6812959975e-1,7.3550467953e-2,1.9199618495e-1,6.249954202750535e-1,-6.636029246576793e-2,2.9425080440e1,6.924e-1
2234.000000,6.9704719750e-1,6.4650366505e-2,8.9386220641e-2,2.1600867181e-1,1.8289838355e-1,6.249954200040100e-1,-6.636029281167846e-2,3.1516184689e1,6.968e-1
2235.000000,5.6135928425e-1,2.1700986989e-1,5.9672713346e-2,3.4158643943e-1,7.0362533741e-2,6.249954203317549e-1,-6.636029371896304e-2,2.1129251469e1,6.060e-1
2236.000000,2.0684578391e-1,2.3613732913e-1,5.8619583612e-1,2.1256760597e-2,1.9955512537e-1,6.249954175636674e-1,-6.636029254274736e-2,3.1488536626e1,6.870e-1
2237.000000,1.3341192461e-1,1.9026204616e-1,4.0853626254e-1,3.0257604997e-1,2.1520454670e-1,6.249954149858954e-1,-6.636029252594527e-2,4.0944135731e1,6.263e-1
2238.000000,5.0940553076e-2,2.5879661727e-1,3.8750253234e-1,5.1610764737e-1,3.6643479276e-2,6.249954146664105e-1,-6.636029053956186e-2,2.4848893833e1,6.908e-1
2239.000000,1.7823443031e-2,6.4820551217e-1,1.5609663997e-1,1.7633735337e-1,2.5152788661e-1,6.249954175734851e-1,-6.636029080812714e-2,4.0392460659e1,4.625e-1
2240.000000,3.5079720412e-3,2.6677940458e-1,5.8117038990e-1,2.1627579586e-1,1.8225726996e-1,6.249954161724454e-1,-6.636029214545834e-2,3.5434431937e1,4.513e-1
2241.000000,2.1733741403e-3,2.3191245616e-1,7.0991175328e-1,2.8693435785e-1,1.9058875018e-2,6.249954082209065e-1,-6.636028746116182e-2,1.7765641079e1,4.313e-1
2242.000000,7.8539536909e-3,6.2020260028e-1,2.3829111954e-1,9.0058228872e-3,3.7463732518e-1,6.249954107887979e-1,-6.636028504513131e-2,5.1392425089e1,7.546e-1
2243.000000,2.1055709903e-2,1.6774462676e-1,1.9766377295e-1,7.3888286925e-2,7.8963842926e-1,6.249954129005306e-1,-6.636028357822384e-2,1.0536547142e2,4.353e-1
2244.000000,3.6220881007e-2,1.5310494497e-1,2.1521282010e-1,2.4984094287e-2,8.2046807716e-1,6.249954087621842e-1,-6.636028622329289e-2,1.0786542778e2,4.591e-1
2245.000000,7.8409704217e-2,5.5906961937e-1,6.2649579847e-2,2.9163565734e-1,2.5822623594e-1,6.249953983588082e-1,-6.636028372500491e-2,4.4043839965e1,3.456e-1
2246.000000,2.7438597958e-1,1.5094167574e-1,2.0790511885e-1,4.6211643416e-1,1.5464158605e-1,6.249953971899587e-1,-6.636028236771500e-2,3.6684166200e1,6.796e-1
2247.000000,3.6622851867e-1,2.4793781867e-3,4.6598873104e-1,2.3918177012e-2,3.9137597723e-1,6.249953910667005e-1,-6.636028564422172e-2,5.4777489613e1,5.907e-1
2248.000000,2.0131512089e-1,3.7967389578e-1,1.3180144277e-1,4.3836893230e-1,9.8831395019e-2,6.249953933780662e-1,-6.636028649667350e-2,2.8592641290e1,5.324e-1
2249.000000,5.9725235193e-2,3.0423785839e-1,5.9155626993e-1,2.4090748258e-2,2.7038066974e-1,6.249953907523773e-1,-6.636028909070374e-2,4.0750418165e1,7.417e-1
2250.000000,7.8728204303e-2,2.7968937708e-1,7.7898375948e-1,4.7659470508e-4,1.1211282689e-1,6.249953812322621e-1,-6.636028949448279e-2,2.1196305805e1,6.308e-1
2251.000000,3.0246761795e-1,2.5662465587e-1,4.3477870241e-1,1.8892873933e-1,6.7191049887e-2,6.249953827238403e-1,-6.636028784410694e-2,1.8788886784e1,4.764e-1
2252.000000,4.2323651557e-1,1.5215248748e-2,4.4189097285e-1,9.8987811570e-2,2.7066022300e-1,6.249953858675483e-1,-6.636028699150025e-2,4.1589295052e1,5.642e-1
2253.000000,3.0810015310e-1,1.0434324053e-1,1.0366712556e-1,1.3975853164e-1,5.9412173415e-1,6.249953924896523e-1,-6.636028489969741e-2,8.1711928545e1,5.011e-1
2254.000000,1.0353558048e-1,8.3160927941e-1,2.9326791306e-2,2.4063899679e-1,4.4880123995e-2,6.249953859906505e-1,-6.636028469100834e-2,1.5394704448e1,4.200e-1
2255.000000,1.3457950648e-1,2.5419185503e-1,1.0859515396e-1,3.1933783255e-2,7.2069048618e-1,6.249953924537137e-1,-6.636028489612938e-2,9.4714697990e1,8.482e-1
2256.000000,2.9067672985e-1,6.1952085745e-2,1.4430232414e-2,3.4303394674e-1,5.3989776748e-1,6.249953811119429e-1,-6.636028078927464e-2,8.0468684929e1,7.150e-1
2257.000000,3.3697167384e-1,1.0140387567e-2,1.8779798203e-2,1.0130185354e-1,7.8279704717e-1,6.249953801588227e-1,-6.636027884002189e-2,1.0377868635e2,7.817e-1
2258.000000,1.9463551574e-1,2.1544063006e-1,2.7334654839e-2,8.0252995202e-1,1.0050004787e-2,6.249953787206435e-1,-6.636028415654366e-2,2.7714235334e1,3.248e-1
2259.000000,6.5366622514e-2,3.1897072768e-1,4.2749548962e-2,1.3732768096e-1,6.8557616153e-1,6.249953708231455e-1,-6.636027650197489e-2,9.3160855625e1,4.485e-1
2260.000000,2.7948556456e-2,1.5046769689e-1,2.0136212448e-1,1.2210199154e-2,8.5800216970e-1,6.249953733416269e-1,-6.636027459146204e-2,1.1214081076e2,3.630e-1
2261.000000,1.3090646452e-2,1.5866357214e-1,3.3451973189e-1,9.5588496009e-3,7.3415792561e-1,6.249953628497875e-1,-6.636027821682206e-2,9.7278127989e1,4.774e-1
2262.000000,1.2461976389e-2,7.5562075047e-1,2.2904732981e-1,1.4625505973e-2,2.3823514992e-1,6.249953562799430e-1,-6.636027619871500e-2,3.4311966509e1,5.964e-1
2263.000000,4.9554396247e-2,2.0777887269e-1,4.6101550488e-1,4.9471550857e-1,3.6926437691e-2,6.249953600395359e-1,-6.636028680444780e-2,2.4685939281e1,5.733e-1
2264.000000,8.4736881772e-2,1.8745380361e-1,5.5465308200e-1,1.8576216307e-1,2.3738476875e-1,6.249953496035660e-1,-6.636027285062407e-2,4.1184140323e1,7.447e-1
2265.000000,1.7807776817e-1,4.8824825307e-1,8.5451224239e-3,3.7847865928e-1,1.9664089682e-1,6.249953498800945e-1,-6.636026943314143e-2,3.8415248259e1,3.689e-1
2266.000000,4.4053640054e-1,1.0510120675e-1,3.8814688647e-2,4.5984793643e-1,2.0569046396e-1,6.249953481706494e-1,-6.636027058565913e-2,4.1784501476e1,6.316e-1
2267.000000,4.7951801492e-1,1.4858467218e-1,4.6021079413e-1,1.1171406723e-1,4.9963140625e-2,6.249953445415287e-1,-6.636026606073414e-2,1.4188746856e1,6.915e-1
2268.000000,4.8174966992e-1,9.8520830641e-2,7.1613593037e-2,3.8253674534e-1,2.1556985142e-1,6.249953451734362e-1,-6.636026486440046e-2,4.0844942072e1,6.719e-1
2269.000000,2.9897932061e-1,1.5668133463e-1,6.3875073355e-1,1.3465253418e-1,2.0926757040e-2,6.249953400009413e-1,-6.636026409558164e-2,1.2560364193e1,4.434e-1
2270.000000,2.1373212688e-1,1.2594999765e-1,4.8335399361e-1,2.6108275224e-1,1.6587180647e-1,6.249953384277946e-1,-6.636026084140960e-2,3.3811837307e1,4.535e-1
2271.000000,5.2127133988e-2,7.4649969974e-1,9.3591638410e-2,2.7785758674e-1,7.9914619769e-2,6.249953393212814e-1,-6.636026032756620e-2,2.1388310180e1,8.580e-1
2272.000000,1.9905032331e-2,1.3057687860e-1,5.8246332774e-1,6.9791569526e-3,5.1006626685e-1,6.249953312389689e-1,-6.636026284593720e-2,7.0442628075e1,3.307e-1
2273.000000,2.0316375642e-2,1.0218743799e-2,4.0956498791e-1,3.7647953150e-1,4.3341101639e-1,6.249953276249922e-1,-6.636027581830731e-2,7.0831070685e1,6.546e-1
2274.000000,1.8957496160e-2,7.2342221226e-2,2.8841459846e-1,6.9405809771e-1,1.7621824569e-1,6.249953296255278e-1,-6.636026801922687e-2,4.7227274554e1,4.198e-1
2275.000000,3.4372456971e-2,5.0021838696e-1,4.4758812405e-1,1.1072287485e-1,1.5708879528e-1,6.249953190560824e-1,-6.636028845788218e-2,2.8248825786e1,5.698e-1
2276.000000,1.8809376761e-1,3.2239931080e-1,5.7500644831e-1,7.5977073594e-2,8.8514039433e-2,6.249953198743897e-1,-6.636028753883852e-2,1.9099960494e1,7.439e-1
2277.000000,3.2746125098e-1,5.5612342871e-2,4.6569722898e-1,3.2080541059e-2,3.6913928796e-1,6.249953259262895e-1,-6.636028657166618e-2,5.2276939316e1,6.259e-1
2278.000000,4.1006405564e-1,4.8458645094e-2,4.8932665428e-2,4.1613366455e-2,7.0092193004e-1,6.249953313263239e-1,-6.636028624487922e-2,9.1743045413e1,8.360e-1
2279.000000,3.1692839222e-1,1.4755142072e-1,3.6891495221e-4,3.9834363139e-1,3.8679828845e-1,6.249953238688806e-1,-6.636028662915922e-2,6.2713695484e1,6.105e-1
2280.000000,1.7434890661e-1,1.6038330337e-1,3.1687256159e-1,5.7866478252e-1,1.9721092060e-2,6.249953230751757e-1,-6.636028423548895e-2,2.3984494377e1,4.723e-1
2281.000000,1.1539358167e-1,7.8771825383e-2,1.7711030170e-1,5.3088406547e-2,8.2562651454e-1,6.249953149224007e-1,-6.636028658409286e-2,1.0901114573e2,8.611e-1
2282.000000,4.9488464140e-2,3.7923708567e-1,1.8939216543e-1,4.2851943962e-1,2.0335344659e-1,6.249953007278867e-1,-6.636028276549583e-2,4.2040218958e1,6.157e-1
2283.000000,1.4777903430e-2,3.7147811554e-1,7.3082256758e-1,9.6283571770e-2,3.6628438620e-2,6.249952984712135e-1,-6.636028446320795e-2,1.4366440163e1,5.634e-1
2284.000000,3.3315266846e-2,4.1447820550e-1,1.9512768693e-1,5.8904273673e-1,1.8026718505e-2,6.249953072541153e-1,-6.636027750567983e-2,2.3563423084e1,7.198e-1
2285.000000,1.3375592386e-1,3.9380596700e-1,2.0358146147e-1,1.3603191562e-1,3.8281533410e-1,6.249953010317659e-1,-6.636028493799634e-2,5.5836525653e1,6.015e-1
2286.000000,3.4480768769e-1,2.2412449283e-1,3.0239250110e-2,2.6447568633e-1,3.8634348151e-1,6.249952992349395e-1,-6.636028590636937e-2,5.8777754426e1,5.915e-1
2287.000000,5.3434214249e-1,6.8281316463e-2,6.4532513877e-2,2.0070853607e-1,3.8212609007e-1,6.249952994820063e-1,-6.636028520898027e-2,5.6254806498e1,4.033e-1
2288.000000,3.7784552370e-1,3.2465294678e-1,2.1589778688e-1,1.7578605328e-1,1.5580828509e-1,6.249952978643107e-1,-6.636028494471045e-2,2.8134025147e1,4.995e-1
2289.000000,1.5088749909e-1,3.9513019782e-1,6.2696775846e-1,2.0714922538e-2,5.6290217612e-2,6.249952977605692e-1,-6.636028467323321e-2,1.3749471588e1,6.463e-1
2290.000000,1.6119711075e-1,9.0749091077e-2,1.5404603819e-1,6.8330864642e-2,7.7566749430e-1,6.249952994781365e-1,-6.636028531788010e-2,1.0296649198e2,4.649e-1
2291.000000,1.1016988663e-1,5.3504534251e-1,1.5092526906e-1,1.6370156290e-1,2.9014851789e-1,6.249952894953408e-1,-6.636028723609767e-2,4.4710038083e1,3.595e-1
2292.000000,2.0737865998e-1,2.3272171306e-1,5.4920048539e-1,3.5969215730e-2,2.2472050177e-1,6.249952879673030e-1,-6.636028763119675e-2,3.4877975770e1,2.099e-1
2293.000000,2.9983980659e-1,5.1723181004e-3,5.2817477800e-1,7.7678369706e-2,3.3912530253e-1,6.249952874627971e-1,-6.636028434811424e-2,5.0279409318e1,5.961e-1
2294.000000,2.4231983750e-1,3.3674394023e-2,7.9676676825e-1,1.0389846774e-1,7.3331114369e-2,6.249952909384598e-1,-6.636028300903221e-2,1.9273776460e1,8.920e-1
2295.000000,2.0068081826e-1,3.7087207195e-2,2.0687743287e-1,7.5272269836e-1,5.2622449634e-2,6.249953031583519e-1,-6.636029761958026e-2,3.2652334187e1,8.674e-1
2296.000000,1.4309843177e-1,1.1066626881e-1,5.5023921224e-1,2.5190930381e-1,1.9407734929e-1,6.249952829598138e-1,-6.636027934514238e-2,3.7597793882e1,3.354e-1
2297.000000,3.7175963432e-2,6.0846428323e-1,1.3665911771e-1,2.9952480141e-1,1.6816640371e-1,6.249952847506860e-1,-6.636027921675919e-2,3.3438882810e1,3.033e-1
2298.000000,1.8239630999e-2,1.2606637200e-1,2.6810423164e-1,1.0515577927e-1,7.3242457959e-1,6.249952967521741e-1,-6.636027460851146e-2,9.9521417537e1,5.740e-1
2299.000000,4.1600813842e-2,8.6556083165e-1,1.7321097217e-2,1.1830982259e-1,2.0719801639e-1,6.249952908475557e-1,-6.636027487750007e-2,3.2197751269e1,8.899e-1
2300.000000,1.3923928364e-1,8.2816120492e-2,5.6980430635e-1,2.7554281055e-1,1.8258804610e-1,6.249952835720747e-1,-6.636027449703912e-2,3.6982326173e1,2.826e-1
2301.000000,2.0806037150e-1,5.4416877343e-2,3.5217220625e-3,1.2084433235e-1,8.6314728494e-1,6.249952940950303e-1,-6.636027019778680e-2,1.1459090882e2,3.877e-1
2302.000000,2.4272121762e-1,2.0316361202e-2,3.6129055946e-4,1.5868993425e-1,8.2790176137e-1,6.249952824958172e-1,-6.636026134351539e-2,1.1121438701e2,5.944e-1
2303.000000,1.8961038160e-1,8.0456866775e-2,1.0803438336e-2,4.9868729204e-1,4.7043255335e-1,6.249952660477132e-1,-6.636025466556519e-2,7.6515506605e1,6.095e-1
2304.000000,1.1741138806e-1,1.5408609790e-1,1.6031235886e-1,6.7440506734e-1,1.4377562697e-1,6.249952695664822e-1,-6.636025889425187e-2,4.1633619168e1,5.837e-1
2305.000000,1.6619135549e-1,2.9268001674e-1,2.5704206534e-1,3.8144139472e-1,1.5263567703e-1,6.249952546568650e-1,-6.636025641382889e-2,3.4468283524e1,5.628e-1
2306.000000,6.6850356187e-1,4.8598900822e-1,2.7721571589e-2,6.6876613620e-2,8.9975393544e-4,6.249952546196024e-1,-6.636025274686395e-2,3.7832225097e0,7.055e-1
2307.000000,9.4754631794e-1,1.0735735224e-1,1.0262841521e-1,9.1858566579e-2,5.9985724924e-4,6.249952546087373e-1,-6.636025270843668e-2,4.5257710435e0,8.556e-1
2308.000000,3.5399212869e-1,3.0301579722e-1,2.9052237442e-1,1.2278296749e-1,1.7967723962e-1,6.249952537156388e-1,-6.636025275975350e-2,3.0034948285e1,5.640e-1
2309.000000,1.4252012990e-1,2.0887847215e-1,1.7470837408e-1,2.4322536731e-3,7.2145128881e-1,6.249952593039656e-1,-6.636025350636228e-2,9.4310281088e1,6.875e-1
2310.000000,7.2463200835e-2,5.4850236222e-2,4.7470716056e-1,2.8100011485e-1,3.6696978161e-1,6.249952470362196e-1,-6.636025455960926e-2,5.9907725078e1,5.221e-1
2311.000000,5.7983520869e-2,2.2645069374e-2,2.3234538404e-1,6.8118988946e-2,8.6889754405e-1,6.249952536387802e-1,-6.636026017085297e-2,1.1533173826e2,9.230e-1
2312.000000,3.7320440628e-2,9.0456654420e-2,1.8240300111e-1,2.2210552568e-1,7.1770484441e-1,6.249952331234846e-1,-6.636026021699742e-2,1.0063239444e2,8.373e-1
2313.000000,3.1603492978e-2,4.6110216427e-1,5.4515866953e-1,1.1485574318e-1,9.7270384814e-2,6.249952273882831e-1,-6.636026201816266e-2,2.1425268469e1,6.937e-1
2314.000000,1.2144635524e-1,3.1385110985e-1,3.3954747570e-1,2.9829404825e-1,1.7685146241e-1,6.249952257198563e-1,-6.636026382878341e-2,3.5587201935e1,5.827e-1
2315.000000,2.4721066270e-1,1.4914519110e-1,1.9712041615e-2,6.2877565208e-1,2.0514690603e-1,6.249952267665061e-1,-6.636026708913681e-2,4.6959216885e1,7.753e-1
2316.000000,3.7557327470e-1,7.4174298845e-3,2.5751864516e-1,4.1573919499e-1,1.9374190545e-1,6.249952250963786e-1,-6.636025944737493e-2,4.0365388796e1,5.799e-1
2317.000000,2.9936968548e-1,1.5081668912e-1,2.2738402982e-1,2.2292400072e-1,3.4949602627e-1,6.249952157065526e-1,-6.636025748118213e-2,5.4139449845e1,3.262e-1
2318.000000,2.7074975747e-1,9.6982066397e-2,4.9377393415e-1,1.1018971222e-1,2.7829494994e-1,6.249952100861111e-1,-6.636025631269737e-2,4.3427354868e1,5.274e-1
2319.000000,2.2135675994e-1,5.7587950823e-1,2.5870644432e-1,1.8523154065e-1,8.8161743366e-3,6.249952137379289e-1,-6.636025903350799e-2,1.0387968567e1,5.037e-1
2320.000000,6.9412583443e-1,1.1758582021e-1,2.2230837846e-1,4.3307577703e-4,2.1553731859e-1,6.249952137272137e-1,-6.636025948062595e-2,2.9963336790e1,7.876e-1
2321.000000,6.4988714488e-1,1.0722668898e-1,3.5217792349e-1,4.4765438004e-2,9.5933230003e-2,6.249952126769575e-1,-6.636025946442742e-2,1.7068767795e1,7.371e-1
2322.000000,3.2071164843e-1,1.5231996306e-1,2.4048204566e-1,1.4590972006e-1,3.9056704494e-1,6.249952110759264e-1,-6.636025799576142e-2,5.7050544910e1,6.239e-1
2323.000000,1.7138024592e-1,1.1101399989e-1,2.8131856886e-1,3.7079132385e-3,6.8256970749e-1,6.249952176966262e-1,-6.636025849563199e-2,9.0045842456e1,8.261e-1
2324.000000,9.0945662757e-2,9.4115692283e-2,1.4271564969e-1,4.3047953528e-1,4.9173387840e-1,6.249952092031558e-1,-6.636026107391954e-2,7.8092710977e1,6.982e-1
2325.000000,6.0252250364e-2,2.2003163106e-2,8.4325762538e-1,1.4055720126e-2,3.1042162417e-1,6.249951915719967e-1,-6.636026119779335e-2,4.7003944392e1,8.241e-1
2326.000000,4.0192890202e-2,1.3555944432e-1,4.1252610228e-2,3.3945051824e-1,6.9353493263e-1,6.249951978145454e-1,-6.636026564723713e-2,1.0025612418e2,7.040e-1
2327.000000,2.2516493806e-2,2.3891612000e-1,2.6682267694e-1,7.6628777550e-2,6.4510632319e-1,6.249951957464426e-1,-6.636026669334308e-2,8.7649402153e1,7.036e-1
2328.000000,1.2615055641e-2,6.3020504003e-1,4.2530821166e-2,3.5522767043e-1,2.0941179817e-1,6.249951927176796e-1,-6.636026463039692e-2,3.9778959796e1,7.593e-1
2329.000000,2.8706466064e-2,3.4813523974e-1,7.7106793009e-2,6.4663959126e-1,1.4940229544e-1,6.249951927570438e-1,-6.636027243487388e-2,4.1143438793e1,5.485e-1
2330.000000,8.9663614740e-2,2.5190142211e-1,4.0040319125e-2,8.1976392715e-1,4.8621099202e-2,6.249951911675166e-1,-6.636028417902079e-2,3.3324903571e1,3.704e-1
2331.000000,1.7220728854e-1,1.2460730050e-1,5.6638507060e-1,3.0276422752e-1,8.4026464261e-2,6.249951757138605e-1,-6.636025708575181e-2,2.5310241516e1,4.929e-1
2332.000000,3.3805210234e-1,1.4124666810e-1,8.3696755287e-2,1.6250121569e-1,5.2449361304e-1,6.249951772344681e-1,-6.636025403372837e-2,7.3456314801e1,3.878e-1
2333.000000,4.0714497954e-1,2.4589576894e-2,3.0909707338e-1,6.7801713458e-2,4.4135699718e-1,6.249951702208070e-1,-6.636025443768503e-2,6.1388878700e1,2.380e-1
2334.000000,2.5625960142e-1,1.7270320452e-1,2.6387461130e-1,2.9970127584e-1,2.5745163348e-1,6.249951632800241e-1,-6.636024983896940e-2,4.5128783013e1,5.261e-1
2335.000000,2.7859673955e-1,2.4111361711e-1,8.0114389089e-2,1.4359543493e-1,5.0657015096e-1,6.249951658173681e-1,-6.636024733599530e-2,7.0698473957e1,4.161e-1
2336.000000,3.6481980595e-1,1.3681197788e-1,4.6516983736e-1,8.8805095606e-2,1.9438360316e-1,6.249951599772359e-1,-6.636024850303579e-2,3.1900256822e1,4.733e-1
2337.000000,5.0500384276e-1,6.3765533772e-2,4.0617958012e-1,1.7573055831e-1,9.9310806288e-2,6.249951606222930e-1,-6.636024990489554e-2,2.1964630701e1,6.749e-1
2338.000000,4.2961210281e-1,1.3665091289e-1,9.9158597328e-2,5.5777673508e-1,2.6791978855e-2,6.249951634830889e-1,-6.636025572600868e-2,2.2559605472e1,6.440e-1
2339.000000,2.4549241977e-1,1.4348570867e-1,4.3713122556e-1,4.1650550568e-1,7.3754577253e-3,6.249951587003104e-1,-6.636025360005932e-2,1.8179002202e1,5.737e-1
2340.000000,7.6778548991e-2,4.0260647999e-1,5.6087337754e-2,2.0264007695e-1,5.1187787765e-1,6.249951606697939e-1,-6.636024425589103e-2,7.3297151738e1,3.934e-1
2341.000000,3.3395572684e-2,1.2450637074e-1,4.0527480743e-1,2.4018400305e-1,4.4662955718e-1,6.249951555402578e-1,-6.636024202943361e-2,6.8362380403e1,6.361e-1
2342.000000,3.8725532661e-2,4.5744111446e-1,5.5484578393e-2,8.3509109228e-2,6.1482998613e-1,6.249951604361090e-1,-6.636024174504759e-2,8.2748651343e1,5.910e-1
2343.000000,8.6298162550e-2,1.4333366439e-1,1.6322068888e-1,7.8720953000e-2,7.7841685697e-1,6.249951628966254e-1,-6.636024106457278e-2,1.0379201011e2,3.929e-1
2344.000000,2.1803868113e-1,4.4861145501e-1,1.4621672384e-1,1.0437134414e-1,3.3275210167e-1,6.249951528936674e-1,-6.636023948566835e-2,4.8108128067e1,5.922e-1
2345.000000,7.3918839585e-1,1.4207478283e-1,6.4009799487e-2,2.2642432360e-1,7.8293003948e-2,6.249951528569403e-1,-6.636023902772298e-2,1.8432905020e1,7.483e-1
2346.000000,6.9952796726e-1,1.2101046329e-1,3.0022820200e-1,6.3479968375e-2,6.5743703320e-2,6.249951521243089e-1,-6.636023958396604e-2,1.3440163539e1,7.815e-1
2347.000000,2.4617638828e-1,3.5863737006e-1,3.8291196389e-1,3.9720235241e-2,2.2254434656e-1,6.249951520164491e-1,-6.636023971804632e-2,3.3660382533e1,6.163e-1
2348.000000,2.3163139663e-1,4.4960244478e-1,1.0437912150e-1,2.6511307417e-1,1.9926426508e-1,6.249951510814739e-1,-6.636023918774306e-2,3.5839497864e1,3.593e-1
2349.000000,6.8226423525e-1,1.9442385154e-1,1.5742625132e-1,2.3389115215e-2,1.9248684940e-1,6.249951513632952e-1,-6.636023921837270e-2,2.7376158242e1,3.684e-1
2350.000000,8.1986107056e-1,1.1442452221e-1,1.6198751406e-2,1.5881031252e-1,1.4069564607e-1,6.249951513815886e-1,-6.636023919449038e-2,2.3859342288e1,3.838e-1
2351.000000,2.6305499356e-1,3.3303693404e-1,2.5771658110e-1,1.8314816509e-1,2.1303362502e-1,6.249951494047281e-1,-6.636023870657545e-2,3.5988379299e1,5.065e-1
2352.000000,1.0619135195e-1,2.4572696092e-1,5.3140637113e-1,2.8824672637e-1,7.8418878523e-2,6.249951444480643e-1,-6.636023792402142e-2,2.4057312262e1,6.980e-1
2353.000000,1.7699664651e-1,4.2662018892e-1,2.4901004422e-1,3.1097144427e-1,8.6391969561e-2,6.249951467361348e-1,-6.636023954494955e-2,2.3943077375e1,5.949e-1
2354.000000,2.8180706744e-1,1.9751278394e-2,2.1976403789e-1,5.7658234505e-1,1.5208556645e-1,6.249951476142780e-1,-6.636025090021669e-2,3.9856105941e1,3.890e-1
2355.000000,2.3538439475e-1,2.9789833856e-1,3.4814025988e-2,3.6608472899e-1,3.1580879449e-1,6.249951413937401e-1,-6.636023057714857e-2,5.3130238105e1,4.634e-1
2356.000000,3.2779412203e-1,1.8487988485e-1,2.3465338847e-2,3.6451592112e-1,3.4933501077e-1,6.249951388074158e-1,-6.636022655067539e-2,5.7100770396e1,5.491e-1
2357.000000,3.5414655385e-1,2.1883313676e-1,4.8829394438e-1,1.0493749190e-1,8.3779142399e-2,6.249951346427279e-1,-6.636022819127205e-2,1.8602821073e1,5.950e-1
2358.000000,4.5073432972e-1,1.2317516034e-1,6.2806939601e-1,2.4692579409e-2,2.3318803365e-2,6.249951344167568e-1,-6.636022801264439e-2,9.2712420254e0,7.240e-1
2359.000000,4.5241771260e-1,9.5685522507e-2,1.2752861013e-1,2.8159560268e-1,2.9276282288e-1,6.249951354019714e-1,-6.636022400783148e-2,4.7922509397e1,5.401e-1
2360.000000,2.1445145154e-1,8.8378581506e-1,8.7149687329e-2,2.7567554386e-2,3.7035763832e-2,6.249951360732752e-1,-6.636022583236502e-2,8.1947343654e0,5.348e-1
2361.000000,4.3812258030e-1,4.3793510938e-2,1.9504297899e-1,1.9058658637e-1,3.8244461455e-1,6.249951355797480e-1,-6.636022274398476e-2,5.6918673570e1,4.481e-1
2362.000000,3.7831709876e-1,1.5144111063e-1,4.6533356198e-1,6.1758283416e-2,1.9314020773e-1,6.249951312564885e-1,-6.636022226960966e-2,3.0912920926e1,6.349e-1
2363.000000,3.6457995758e-1,2.7045292313e-1,4.3033302673e-1,6.1051402540e-2,1.2357295202e-1,6.249951309956066e-1,-6.636022272678826e-2,2.1936842778e1,5.831e-1
2364.000000,4.6416518705e-1,3.4552796958e-2,7.3289429782e-2,2.7701999274e-1,4.0096285665e-1,6.249951315885580e-1,-6.636021820562751e-2,6.1075389045e1,6.216e-1
2365.000000,2.3706988781e-1,7.4779351885e-1,1.4936136713e-1,7.9167934769e-3,1.0784869140e-1,6.249951293287649e-1,-6.636022068236100e-2,1.6866982809e1,7.374e-1
2366.000000,4.5104683958e-1,9.5167344104e-2,3.7059908200e-1,9.1535918270e-2,2.4164107199e-1,6.249951279701648e-1,-6.636021928519015e-2,3.7239857363e1,6.648e-1
2367.000000,4.4551044553e-1,7.3959833767e-2,3.5845941360e-2,2.8624827932e-1,4.0842575487e-1,6.249951274229331e-1,-6.636021419889940e-2,6.2095883983e1,6.375e-1
2368.000000,2.1541961383e-1,2.7565283111e-1,6.1595766546e-2,4.0217900920e-1,2.9514302620e-1,6.249951234424069e-1,-6.636021293779414e-2,5.1799817249e1,5.413e-1
2369.000000,6.7495823042e-2,5.5129864216e-1,5.2666564341e-3,3.9515762710e-1,2.3077149542e-1,6.249951220811378e-1,-6.636021265968606e-2,4.3362273929e1,6.941e-1
2370.000000,2.1744612348e-2,2.7218247978e-1,2.2214778830e-1,6.2572027876e-1,1.0819507370e-1,6.249951164408195e-1,-6.636022502754860e-2,3.6204437926e1,5.214e-1
2371.000000,2.3975480595e-2,1.0629033153e-1,4.7645039837e-1,2.1266379006e-1,4.3061020994e-1,6.249951052521259e-1,-6.636019729061134e-2,6.5959519745e1,3.470e-1
2372.000000,6.6899032607e-2,4.4286090947e-1,5.3033949828e-2,2.9421274647e-1,3.9298357934e-1,6.249951088603782e-1,-6.636019395514775e-2,6.1060148976e1,5.205e-1
2373.000000,1.9409105553e-1,1.4108451144e-1,7.7664295242e-1,9.9454514711e-2,3.8717165993e-2,6.249951000481541e-1,-6.636019573032406e-2,1.4730699888e1,4.370e-1
2374.000000,4.0195634922e-1,1.8189596819e-1,3.4246384903e-2,1.9199533373e-1,4.3989617266e-1,6.249951043530776e-1,-6.636019197621890e-2,6.3289301970e1,5.770e-1
2375.000000,4.8547163439e-1,6.7457250546e-2,4.3829138929e-1,6.8412260514e-2,1.9035766607e-1,6.249951004063339e-1,-6.636019325963816e-2,3.0438955026e1,5.844e-1
2376.000000,3.4039133564e-1,1.3406917258e-1,1.2245360127e-1,2.4636345648e-1,4.0671263316e-1,6.249950995649309e-1,-6.636018627204379e-2,6.1360810475e1,5.826e-1
2377.000000,1.6600365185e-1,3.2110808075e-1,2.5517514819e-2,2.7046390017e-1,4.6689704825e-1,6.249950979233843e-1,-6.636018301163910e-2,6.9347025088e1,6.321e-1
2378.000000,1.3425830981e-1,3.4523413410e-2,2.9828009320e-1,4.0561468425e-1,3.7731368641e-1,6.249950935367653e-1,-6.636018922110232e-2,6.3798238483e1,3.999e-1
2379.000000,1.2011066538e-1,1.9895187099e-2,2.2039503075e-1,1.9961713180e-1,6.8997218515e-1,6.249951000886497e-1,-6.636017656616107e-2,9.6567193869e1,7.904e-1
2380.000000,6.2742553973e-2,3.7817264081e-1,4.9514271141e-2,1.1291351982e-1,6.4664722465e-1,6.249951051948520e-1,-6.636017802088304e-2,8.7567908117e1,8.038e-1
2381.000000,3.1441233199e-2,1.9405347729e-1,5.7721253097e-1,2.8111563189e-1,1.6616732779e-1,6.249951005729333e-1,-6.636017891952728e-2,3.5286645997e1,6.909e-1
2382.000000,3.2176805722e-2,1.4808843480e-2,2.5497199333e-1,8.7715312670e-1,7.0879454337e-2,6.249951117845363e-1,-6.636020656847642e-2,3.9226952246e1,5.049e-1
2383.000000,2.7294836706e-2,1.0215708994e-1,7.9684461066e-1,9.5453468526e-2,2.2824014908e-1,6.249950774518107e-1,-6.636016819417190e-2,3.8861968558e1,6.204e-1
2384.000000,3.6663335975e-2,6.1583571141e-1,3.7081640899e-2,4.3094726821e-1,1.2946221427e-1,6.249950853818921e-1,-6.636016873840618e-2,3.1908132228e1,5.124e-1
2385.000000,1.2491850642e-1,3.7002091177e-1,2.5981184258e-1,3.5701018410e-1,1.3822872312e-1,6.249950839980916e-1,-6.636016764294760e-2,3.1998598268e1,5.562e-1
2386.000000,3.8630964536e-1,1.7557861325e-1,7.7078430122e-2,4.9618716968e-1,1.1483630795e-1,6.249950831816192e-1,-6.636017055188521e-2,3.1737976337e1,5.943e-1
2387.000000,4.7267421925e-1,6.4145374043e-2,2.3424937885e-1,4.1859000144e-1,6.0331194289e-2,6.249950839366401e-1,-6.636016640556518e-2,2.3355895804e1,6.188e-1
2388.000000,3.4069729385e-1,1.1742605842e-1,1.8301013208e-1,5.3628475559e-1,7.2571923368e-2,6.249950816551706e-1,-6.636017052742835e-2,2.8319600190e1,6.505e-1
2389.000000,1.5399381362e-1,4.4638064220e-1,4.2907909854e-2,4.8384935702e-1,1.2285843415e-1,6.249950784255938e-1,-6.636016432188246e-2,3.2522080466e1,6.646e-1
2390.000000,4.8878384679e-2,2.2369701431e-1,6.5964054068e-1,1.0642204433e-1,2.1135216507e-1,6.249950745309885e-1,-6.636015683630223e-2,3.6207540093e1,4.276e-1
2391.000000,5.4966047100e-2,8.4637165692e-2,7.9771760336e-1,2.7514805975e-1,3.7521279760e-2,6.249950778291508e-1,-6.636015443422523e-2,2.0185959903e1,7.659e-1
2392.000000,1.4069730674e-1,3.2830195138e-1,5.3328861524e-2,5.9345861973e-1,1.3420342799e-1,6.249950836836533e-1,-6.636015596772002e-2,3.7322298063e1,3.685e-1
2393.000000,3.7189441188e-1,9.8295419099e-2,1.4969596938e-1,6.0363795265e-1,2.6466413285e-2,6.249950831407650e-1,-6.636015534060971e-2,2.4284221184e1,5.872e-1
2394.000000,5.1327383107e-1,2.6841388801e-2,4.1339733938e-1,2.4125935237e-1,5.5218241976e-2,6.249950767946244e-1,-6.636014589722507e-2,1.8405732657e1,6.469e-1
2395.000000,3.4343256577e-1,2.6708237595e-1,7.0565452888e-2,1.1695936844e-1,4.5195039390e-1,6.249950784723877e-1,-6.636014398799589e-2,6.2862754868e1,4.872e-1
2396.000000,2.4872784300e-1,2.8369642591e-1,1.6255431775e-1,3.4006203775e-1,2.1494952957e-1,6.249950769922207e-1,-6.636014640708782e-2,4.0387716309e1,3.752e-1
2397.000000,5.7782608537e-1,2.3191110535e-1,3.0517362203e-1,4.4913027850e-2,9.0166310881e-2,6.249950757414965e-1,-6.636014410169092e-2,1.6172628914e1,5.470e-1
2398.000000,9.2311874000e-1,2.6252507118e-2,3.0860411185e-2,7.0610355628e-2,1.9914813865e-1,6.249950762910883e-1,-6.636014402241903e-2,2.8511440801e1,2.504e-1
2399.000000,3.4580053743e-1,3.2706945859e-1,4.9060693994e-1,5.5272599245e-3,8.0985954120e-2,6.249950750004349e-1,-6.636014421126549e-2,1.5294969150e1,6.035e-1
2400.000000,1.5814650201e-1,1.3282187135e-1,6.4439905094e-1,1.2059002673e-1,1.9403268429e-1,6.249950676594738e-1,-6.636014339132382e-2,3.4194973845e1,4.486e-1
2401.000000,1.7201356512e-1,3.5269097497e-1,8.9071156809e-3,6.2217323821e-1,9.4205258455e-2,6.249950762184756e-1,-6.636015066616810e-2,3.2830462363e1,5.928e-1
2402.000000,3.4520475574e-1,1.0103019881e-1,2.1568133163e-2,7.2880182931e-1,5.3385232340e-2,6.249950746795230e-1,-6.636015825887519e-2,3.0702176118e1,4.814e-1
2403.000000,3.7103294750e-1,1.4295385149e-1,4.5492831023e-1,1.6833628859e-1,1.1273873186e-1,6.249950648326219e-1,-6.636013327090162e-2,2.3928169572e1,4.702e-1
2404.000000,4.7851718644e-1,8.3153576514e-2,3.4587384825e-1,2.0921668553e-1,1.3322883306e-1,6.249950648973885e-1,-6.636013364628281e-2,2.6920781101e1,6.620e-1
2405.000000,4.1344715688e-1,1.7337860134e-1,2.1548622395e-1,1.4051975537e-1,3.0715839154e-1,6.249950645403963e-1,-6.636013208935947e-2,4.6090276862e1,6.405e-1
2406.000000,3.2584221497e-1,7.0734571027e-2,3.8548858058e-1,1.4671326234e-1,3.2121149206e-1,6.249950604869670e-1,-6.636012983472141e-2,4.9198194272e1,5.557e-1
2407.000000,1.5793600755e-1,3.1853840584e-1,1.1073229847e-2,2.0778794602e-1,5.5465453452e-1,6.249950618943622e-1,-6.636012342981508e-2,7.8449625346e1,7.445e-1
2408.000000,6.9797325047e-2,3.8080285413e-1,4.8607775874e-1,1.1817125383e-1,1.9514091634e-1,6.249950540450534e-1,-6.636012378439377e-2,3.3444643855e1,5.764e-1
2409.000000,2.4317375643e-2,3.8302252312e-1,3.2502314020e-1,2.8159366050e-1,2.3603340683e-1,6.249950531467303e-1,-6.636012510093509e-2,4.2601662066e1,5.596e-1
2410.000000,4.8781882564e-2,2.3512989852e-1,1.2866825529e-1,4.4868733737e-3,8.3292321312e-1,6.249950614322234e-1,-6.636012607151492e-2,1.0828174801e2,3.572e-1
2411.000000,9.1210095861e-2,5.6935394340e-2,3.7408597686e-1,2.4359660727e-1,4.8416202302e-1,6.249950486757032e-1,-6.636012753463169e-2,7.2919994031e1,4.754e-1
2412.000000,1.2303634298e-1,1.8871438064e-1,2.4536805913e-2,5.4729455020e-1,3.6640800157e-1,6.249950406507294e-1,-6.636012887449241e-2,6.5048891187e1,4.344e-1
2413.000000,1.9500351071e-1,1.0509185138e-1,8.2699908324e-2,2.0032476482e-1,6.6687003878e-1,6.249950370090741e-1,-6.636012921453180e-2,9.2739042163e1,4.461e-1
2414.000000,2.1717797269e-1,7.1656018309e-2,2.6131655037e-1,5.6884033761e-1,1.3099920428e-1,6.249950416283946e-1,-6.636012431919261e-2,3.7313222378e1,5.023e-1
2415.000000,1.8302006155e-1,6.2510637802e-1,8.0508423825e-3,2.8218955655e-1,1.5162322048e-1,6.249950294917750e-1,-6.636013032616585e-2,2.9843967557e1,5.868e-1
2416.000000,3.3413186770e-1,3.0438284379e-2,3.8531418600e-1,9.1325995706e-2,4.0877972349e-1,6.249950286360035e-1,-6.636013129804054e-2,5.8556692459e1,5.722e-1
2417.000000,3.2337728725e-1,4.7572135551e-2,6.4802959568e-2,5.5301570090e-1,2.6122197133e-1,6.249950272955385e-1,-6.636013259819748e-2,5.1908171350e1,5.603e-1
2418.000000,1.5064977486e-1,2.9171183661e-1,4.3811527170e-1,1.2193153698e-1,2.4758161903e-1,6.249950195880667e-1,-6.636013362804967e-2,3.9755927153e1,4.971e-1
2419.000000,1.4500100167e-1,4.5796607899e-1,2.6127422366e-1,3.1634613215e-1,6.9402608960e-2,6.249950227180707e-1,-6.636013530063956e-2,2.2085236624e1,6.127e-1
2420.000000,2.2895535864e-1,2.6314090975e-1,3.0645171678e-2,5.4396355160e-1,1.8328505573e-1,6.249950236974848e-1,-6.636013827551435e-2,4.1753241656e1,4.991e-1
2421.000000,3.7591020121e-1,1.8578978520e-1,6.6191433253e-3,4.6679821955e-1,2.1487269258e-1,6.249950209325206e-1,-6.636012928528287e-2,4.3053735494e1,6.651e-1
2422.000000,4.3299822845e-1,1.4187663845e-1,5.2954854497e-1,1.3933593271e-1,6.2306887879e-3,6.249950166814837e-1,-6.636012541539665e-2,9.9929187624e0,6.369e-1
2423.000000,4.9303024952e-1,2.2440246940e-1,4.4803787608e-1,5.9874029040e-2,2.4645408859e-2,6.249950164485306e-1,-6.636012459829883e-2,9.3502043354e0,6.358e-1
2424.000000,5.7314310958e-1,7.2770998595e-2,2.4596504359e-2,4.7651013449e-1,1.0296929098e-1,6.249950190045234e-1,-6.636012980741970e-2,2.9057279137e1,6.864e-1
2425.000000,2.5115251798e-1,3.9804460193e-1,1.4428466490e-1,2.8384570799e-1,1.7266254368e-1,6.249950182425795e-1,-6.636012336566635e-2,3.3259811029e1,5.748e-1
2426.000000,3.4643061257e-1,3.0786673732e-1,1.4361630578e-1,6.0531014581e-2,3.9154536403e-1,6.249950171387946e-1,-6.636012210516390e-2,5.3992678289e1,5.885e-1
2427.000000,5.1777201751e-1,1.5211629032e-2,3.0677874820e-1,2.8221932211e-1,1.2800831658e-1,6.249950167181687e-1,-6.636012257129995e-2,2.8159622082e1,7.170e-1
2428.000000,3.2204097150e-1,1.4284937577e-1,5.4945296745e-2,5.0490100105e-1,2.2525338225e-1,6.249950136564528e-1,-6.636012399866223e-2,4.5875546573e1,7.095e-1
2429.000000,1.3918927030e-1,1.8812494176e-1,6.9125997906e-1,1.2448737703e-1,1.0692843928e-1,6.249950037132395e-1,-6.636011908597454e-2,2.3646360644e1,3.694e-1
2430.000000,1.1718179279e-1,5.1144187306e-1,8.5977575906e-2,3.6225604880e-1,1.7313272481e-1,6.249950076826476e-1,-6.636011980187355e-2,3.5522477587e1,6.657e-1
2431.000000,2.5535843793e-1,4.7538375239e-2,4.2307097144e-1,2.1236503603e-2,5.0278572135e-1,6.249950047786816e-1,-6.636011695041316e-2,6.8643464189e1,3.744e-1
2432.000000,2.7305799986e-1,4.8584911225e-2,3.4434425607e-1,1.1810117269e-2,5.7219272955e-1,6.249950069887313e-1,-6.636011365052086e-2,7.6607046006e1,3.317e-1
2433.000000,2.6652377323e-1,2.9776351384e-2,3.1253400367e-1,1.2673360692e-2,6.2848252476e-1,6.249950068695324e-1,-6.636011095238374e-2,8.3544397330e1,5.280e-1
2434.000000,1.9432980434e-1,1.6818030838e-1,2.6034750009e-1,1.2356230077e-2,6.1477616658e-1,6.249950047331915e-1,-6.636010736892205e-2,8.1603054204e1,4.690e-1
2435.000000,7.2852373186e-2,4.1208769997e-1,7.8602750714e-2,3.5302604560e-2,6.5114458014e-1,6.249950042828164e-1,-6.636010699708199e-2,8.5965613196e1,4.953e-1
2436.000000,5.4766718465e-2,5.2622501621e-2,7.3460905479e-1,1.6646529337e-1,2.4152640352e-1,6.249949858790541e-1,-6.636010947392432e-2,4.2251769839e1,7.086e-1
2437.000000,7.3514613405e-2,8.2660246894e-2,1.1455506672e-1,5.5899113970e-2,9.2336096111e-1,6.249950010486647e-1,-6.636011392729038e-2,1.2109749300e2,9.421e-1
2438.000000,1.2460114240e-1,1.1338777257e-1,9.1893427283e-2,1.7630335705e-1,7.4380428651e-1,6.249949928991148e-1,-6.636011486120978e-2,1.0187287963e2,8.170e-1
2439.000000,2.2805077979e-1,4.0707221147e-1,1.2555355247e-1,1.7908061059e-1,3.1023280909e-1,6.249949817102722e-1,-6.636011491828669e-2,4.7372977335e1,4.318e-1
2440.000000,7.3858255491e-1,1.8617216683e-1,3.8636882127e-2,2.4292618093e-1,4.3672177889e-2,6.249949813406221e-1,-6.636011586512644e-2,1.4414407228e1,8.356e-1
2441.000000,7.0181931023e-1,2.2138238314e-1,2.5959782030e-1,4.3708440941e-2,2.3482007302e-2,6.249949809541244e-1,-6.636011493559110e-2,7.2748240286e0,8.220e-1
2442.000000,3.0519829704e-1,2.8811772363e-1,4.2533069904e-1,8.3555297191e-2,1.4778794514e-1,6.249949810178146e-1,-6.636011500421438e-2,2.5722106676e1,6.345e-1
2443.000000,3.1526492058e-1,2.8301080442e-2,8.0299449303e-1,7.8500826618e-4,1.0264444383e-1,6.249949730750303e-1,-6.636011470659045e-2,1.9801799641e1,6.021e-1
2444.000000,1.7766446900e-1,2.9836154197e-1,1.7143987663e-1,1.0530389189e-2,5.9199368882e-1,6.249949828040080e-1,-6.636011681493964e-2,7.8169238954e1,5.375e-1
2445.000000,5.8664900055e-2,5.4249203209e-1,6.1738206937e-2,5.0323213995e-1,8.3862681703e-2,6.249949803662200e-1,-6.636011393197522e-2,2.8446073906e1,6.734e-1
2446.000000,8.5550467672e-2,1.4227191229e-1,2.5272726900e-1,1.7622725554e-1,5.9321305101e-1,6.249949777573989e-1,-6.636011664841557e-2,8.3919679917e1,2.918e-1
2447.000000,2.6079231707e-1,5.8044829827e-1,1.3738591581e-2,2.5031784788e-1,1.4469288455e-1,6.249949696775398e-1,-6.636011597891742e-2,2.7932061843e1,5.101e-1
2448.000000,6.4765938432e-1,2.1505845539e-3,4.2491819208e-1,6.8378872138e-2,1.0688290331e-1,6.249949682004022e-1,-6.636011591678485e-2,1.9596611930e1,8.045e-1
2449.000000,4.2882071130e-1,1.2775760821e-1,5.5298299232e-1,5.5035314362e-3,1.3492509314e-1,6.249949682078587e-1,-6.636011587875064e-2,2.2340314439e1,6.548e-1
2450.000000,2.3487502557e-1,1.9561176162e-1,3.8870620503e-2,5.2934449840e-1,2.5128803449e-1,6.249949702915516e-1,-6.636011641291861e-2,4.9923518363e1,5.829e-1
2451.000000,1.8338390401e-1,7.3424177189e-2,6.4040655991e-1,3.3327956256e-1,1.9495720103e-2,6.249949618848146e-1,-6.636011203529332e-2,1.8522190961e1,5.444e-1
2452.000000,1.1283410291e-1,2.3515863118e-1,1.0735559740e-1,6.0563676803e-1,1.8900482380e-1,6.249949616601969e-1,-6.636011395678351e-2,4.4958573116e1,4.479e-1
2453.000000,4.2887038021e-2,6.1987733973e-1,3.2076792397e-2,3.7181380268e-1,1.8333495061e-1,6.249949617193119e-1,-6.636010423128597e-2,3.6882727901e1,7.730e-1
2454.000000,5.2808693957e-2,1.4600667338e-1,3.6295041196e-1,8.2128653881e-2,6.0609548935e-1,6.249949612646222e-1,-6.636009936374236e-2,8.3430360551e1,3.816e-1
2455.000000,7.2037428280e-2,1.0162486820e-2,9.7786973948e-2,2.5087397792e-1,8.1912907647e-1,6.249949717149554e-1,-6.636009132836486e-2,1.1371512856e2,5.009e-1
2456.000000,8.3292452751e-2,5.7083512311e-3,2.4851856521e-1,5.4280083203e-1,3.6966969211e-1,6.249949466648252e-1,-6.636009794857040e-2,6.6728558666e1,4.990e-1
2457.000000,9.7937446989e-2,9.6443062765e-3,6.0710348088e-1,1.3502205604e-1,4.0028257636e-1,6.249949332717730e-1,-6.636008358644611e-2,6.0481960751e1,7.253e-1
2458.000000,1.2343871810e-1,1.6547964488e-2,5.4907330671e-1,2.9701627151e-1,2.6391363307e-1,6.249949469367373e-1,-6.636007937858990e-2,4.7772867463e1,5.389e-1
2459.000000,1.7652790996e-1,4.7949061316e-2,9.1311897075e-2,7.7525231516e-1,1.5894872175e-1,6.249949526360300e-1,-6.636009339965296e-2,4.6068167724e1,2.133e-1
2460.000000,2.7991670946e-1,1.0357521486e-1,5.9782825463e-1,1.1167840198e-1,1.5699130523e-1,6.249949430793091e-1,-6.636007288106485e-2,2.8798330755e1,5.298e-1
2461.000000,4.7243562145e-1,1.0686840901e-2,3.8851393730e-2,3.5927646811e-1,3.6873956810e-1,6.249949461466099e-1,-6.636007265284832e-2,5.9263914338e1,3.825e-1
2462.000000,3.7883504358e-1,6.4813314611e-2,2.6311986060e-1,7.2554085606e-2,4.7066758755e-1,6.249949459709114e-1,-6.636007316276669e-2,6.4991184981e1,3.655e-1
2463.000000,2.2654104568e-1,2.1222996167e-1,1.6832195293e-1,1.1632646126e-1,5.2657047350e-1,6.249949475265157e-1,-6.636007471143951e-2,7.3007773439e1,5.959e-1
2464.000000,2.3571367679e-1,2.2176045011e-1,4.1075380156e-1,5.7271915587e-2,3.2449003791e-1,6.249949409811778e-1,-6.636007250369316e-2,4.7214834303e1,4.202e-1
2465.000000,5.3106327714e-1,1.6989293375e-1,5.0384954110e-2,4.3639803070e-1,6.2250692970e-2,6.249949443382449e-1,-6.636007486257101e-2,2.2941222822e1,6.474e-1
2466.000000,6.9293470683e-1,4.3118658897e-2,4.2501166765e-2,4.7084328983e-1,5.9206684551e-4,6.249949445817288e-1,-6.636007458398918e-2,1.5915483836e1,2.970e-1
2467.000000,2.9189865108e-1,3.8977488438e-1,6.6900820694e-2,4.8425637581e-1,1.7159155512e-2,6.249949437401026e-1,-6.636007806970093e-2,1.9153281591e1,6.676e-1
2468.000000,1.3351741391e-1,2.5716118708e-1,1.5915470083e-1,6.0198645184e-1,9.8170124965e-2,6.249949393106715e-1,-6.636008578694928e-2,3.3683661142e1,5.871e-1
2469.000000,7.0150164065e-2,3.4218611362e-1,1.0882213635e-1,6.6286110605e-1,6.5970355217e-2,6.249949376557422e-1,-6.636008513398495e-2,3.1245785262e1,3.068e-1
2470.000000,5.7869940848e-2,3.3711530130e-1,1.8053674412e-1,6.5253798672e-1,2.1929895077e-2,6.249949340338133e-1,-6.636008060461954e-2,2.5835701671e1,3.606e-1
2471.000000,9.6412748836e-2,3.1670231250e-1,6.8002499757e-2,6.9005872155e-1,7.8813579682e-2,6.249949311615804e-1,-6.636007882894886e-2,3.3395648286e1,5.033e-1
2472.000000,1.6301105432e-1,1.3260186965e-1,5.4258112414e-1,2.8548452365e-1,1.2631127008e-1,6.249949209224116e-1,-6.636005877110682e-2,2.9990705587e1,7.228e-1
2473.000000,2.4709958734e-1,2.6357157850e-1,9.4020766462e-4,6.6097733737e-1,7.7401133375e-2,6.249949221235093e-1,-6.636006976787459e-2,3.1716834480e1,4.163e-1
2474.000000,3.8923605795e-1,1.1872356379e-1,4.0212517502e-2,6.1984386908e-1,8.1973827261e-2,6.249949177886842e-1,-6.636006161919844e-2,3.1081418997e1,2.599e-1
2475.000000,4.3093754779e-1,4.6431333234e-2,5.1173012307e-1,1.7994385247e-1,8.0946966734e-2,6.249949116526007e-1,-6.636004642786775e-2,2.0521587446e1,6.803e-1
2476.000000,2.3098643717e-1,3.9195175381e-1,2.3766204105e-1,2.5359571546e-1,1.3579387934e-1,6.249949134159932e-1,-6.636004575963748e-2,2.8297372505e1,5.032e-1
2477.000000,3.3888837894e-1,7.5881224722e-2,9.5503897640e-2,3.2693569845e-1,4.1278062575e-1,6.249949127546179e-1,-6.636004200256668e-2,6.4383100267e1,6.365e-1
2478.000000,4.3542606995e-1,2.8754684257e-3,4.7926783914e-1,6.9323181806e-2,2.6309725983e-1,6.249949095776735e-1,-6.636004132765359e-2,3.9952397761e1,5.951e-1
2479.000000,2.4119300577e-1,2.6802913090e-1,1.1344663266e-2,2.4112618717e-1,4.8829683557e-1,6.249949113362885e-1,-6.636003622282334e-2,7.0965445013e1,6.926e-1
2480.000000,8.2868992694e-2,2.6997752215e-1,2.1923283020e-1,5.1265529501e-1,1.6525517469e-1,6.249949073686315e-1,-6.636004142618890e-2,3.9892883983e1,6.747e-1
2481.000000,2.5972068536e-2,3.4253033559e-1,1.2331035242e-1,7.3412925119e-1,2.4047810038e-2,6.249949088884609e-1,-6.636004999048753e-2,2.8254785248e1,8.568e-1
2482.000000,2.3121743660e-2,1.8460549807e-1,4.8499857491e-1,4.6219046311e-1,9.5073522941e-2,6.249949013431026e-1,-6.636003265128576e-2,3.1220266223e1,6.238e-1
2483.000000,7.7311476389e-2,5.7621895720e-1,2.0130410732e-2,9.1045237622e-2,4.8528371579e-1,6.249948988640133e-1,-6.636002995126167e-2,6.6381900163e1,2.645e-1
2484.000000,2.3567231804e-1,1.7085946533e-1,1.0710290003e-1,5.0469196998e-1,2.3166313298e-1,6.249948931830832e-1,-6.636002987079807e-2,4.7119402350e1,6.592e-1
2485.000000,3.3561933588e-1,1.2160603453e-1,5.1370106014e-1,1.0704989646e-1,1.7201346348e-1,6.249948952460425e-1,-6.636003175784415e-2,2.9963950231e1,3.422e-1
2486.000000,5.6843471470e-1,1.1317683634e-1,1.6049887470e-1,3.7219243093e-4,4.0750717779e-1,6.249948979794269e-1,-6.636003114944575e-2,5.3967390942e1,4.183e-1
2487.000000,5.3372372509e-1,1.9459685109e-1,4.1709160051e-1,6.9185509330e-4,1.0388575866e-1,6.249948952210069e-1,-6.636003091331369e-2,1.7312304840e1,4.904e-1
2488.000000,4.0017407550e-1,3.0948569746e-1,2.8342151949e-1,2.8309101227e-2,2.2859939703e-1,6.249948953564978e-1,-6.636003088779119e-2,3.3253044648e1,6.111e-1
2489.000000,5.1446237278e-1,3.2615326571e-2,3.9196714666e-1,5.0001482787e-3,3.0594479457e-1,6.249948944277431e-1,-6.636003151860409e-2,4.2779137462e1,7.172e-1
2490.000000,2.1179853900e-1,5.4334247390e-1,1.1935790160e-2,4.0522704789e-1,7.7685940419e-2,6.249948956823104e-1,-6.636003030025509e-2,2.4199136445e1,4.509e-1
2491.000000,7.0428550558e-2,3.3145938883e-1,3.9034485016e-1,5.8296156391e-2,3.9946084098e-1,6.249948934553653e-1,-6.636003335587258e-2,5.6817356504e1,4.225e-1
2492.000000,2.1478133359e-2,5.6535742264e-1,5.5931222236e-2,2.8292328399e-1,3.2429972455e-1,6.249948933906351e-1,-6.636003496829015e-2,5.2152813520e1,7.516e-1
2493.000000,3.4847005490e-2,3.8521343451e-1,5.2721690403e-1,1.4754422161e-1,1.5516821389e-1,6.249948897625396e-1,-6.636003601674201e-2,2.9588532073e1,4.468e-1
2494.000000,1.3608195832e-1,3.6905993602e-1,5.2003786420e-2,1.6418371645e-1,5.2866039107e-1,6.249948941392425e-1,-6.636003642915020e-2,7.4144600126e1,3.600e-1
2495.000000,2.8130064359e-1,1.0386907546e-1,6.5493077645e-1,6.8211892764e-2,1.4167739716e-1,6.249948927071390e-1,-6.636003610623009e-2,2.5905322089e1,5.299e-1
2496.000000,3.9756381717e-1,1.3442117128e-1,1.3485857608e-3,3.8789274660e-1,3.2876347240e-1,6.249948966053149e-1,-6.636003770928198e-2,5.4972705295e1,6.002e-1
2497.000000,4.2526429273e-1,8.3329227195e-2,3.2691474363e-2,1.9997736124e-1,5.0872743692e-1,6.249948962256191e-1,-6.636003952467449e-2,7.2157209881e1,5.397e-1
2498.000000,2.3639803172e-1,4.5451614665e-1,3.8563516716e-2,2.8102650769e-1,2.3948558413e-1,6.249948934529683e-1,-6.636003863896554e-2,4.0982742458e1,5.115e-1
2499.000000,2.6312844891e-1,9.0680490001e-2,7.9130792871e-1,5.9436558207e-3,9.8929257956e-2,6.249948906993246e-1,-6.636003925411847e-2,1.9496530639e1,8.891e-1
2500.000000,2.2406648396e-1,1.9189575976e-1,1.7026028472e-2,6.3183162080e-1,1.8516990565e-1,6.249948993201691e-1,-6.636003622005318e-2,4.4552392778e1,7.948e-1
2501.000000,1.9735150010e-1,2.0797134675e-1,1.2200301418e-1,9.1315299779e-2,6.3134862834e-1,6.249948945714145e-1,-6.636004200272287e-2,8.5225356578e1,3.427e-1
2502.000000,2.0827992358e-1,3.0168722504e-1,1.3875885451e-3,6.8422982632e-1,5.4405226958e-2,6.249948952263019e-1,-6.636003688073268e-2,2.9577838613e1,4.266e-1
2503.000000,3.1823227991e-1,5.1811999471e-2,5.7528021556e-1,9.1233582761e-2,2.1343168518e-1,6.249948814410009e-1,-6.636004175148998e-2,3.5103712215e1,6.704e-1
2504.000000,2.5657614936e-1,1.9734983995e-1,4.5022203388e-1,3.2332546129e-2,3.1350919949e-1,6.249948844033982e-1,-6.636004186846577e-2,4.5288583037e1,5.519e-1
2505.000000,1.1263944280e-1,4.7660007741e-1,1.9912481429e-1,2.9344326797e-2,4.3228110953e-1,6.249948854120395e-1,-6.636004204949672e-2,5.8873518868e1,6.454e-1
2506.000000,1.3194579843e-1,1.9224965792e-1,1.5922875538e-1,7.2636145048e-1,4.0204112206e-2,6.249948872081066e-1,-6.636004632803985e-2,3.0113995036e1,7.929e-1
2507.000000,2.0109800582e-1,2.9168358000e-1,1.3936429699e-2,1.5393531526e-1,5.8933643248e-1,6.249948816308237e-1,-6.636003808895179e-2,8.1156401047e1,5.157e-1
2508.000000,3.3139191585e-1,6.6459343923e-2,3.7675115656e-1,4.2083375265e-2,4.3330395751e-1,6.249948745536471e-1,-6.636003691546062e-2,6.0122198468e1,5.581e-1
2509.000000,4.2277971386e-1,1.7421599327e-1,4.3199231729e-1,6.6852657667e-2,1.5414906566e-1,6.249948738713055e-1,-6.636003629350638e-2,2.5886125832e1,4.019e-1
2510.000000,6.4861479251e-1,3.3568196853e-3,4.5983200258e-1,3.7101195684e-2,1.0108493719e-1,6.249948738224524e-1,-6.636003588735100e-2,1.8135787278e1,5.912e-1
2511.000000,3.1961651290e-1,4.2784353739e-1,9.8901804558e-2,4.0185796248e-1,1.7699363106e-3,6.249948768216981e-1,-6.636003754557082e-2,1.4892716415e1,6.345e-1
2512.000000,2.2407904588e-1,1.6152116546e-1,7.4998919269e-1,6.2872160351e-2,5.1528182437e-2,6.249948734056665e-1,-6.636003515952316e-2,1.5042511878e1,4.732e-1
2513.000000,2.7344819133e-1,2.2238660686e-2,8.2988842331e-1,3.0215971227e-2,9.4198506987e-2,6.249948767675338e-1,-6.636003462447890e-2,1.9844628777e1,7.834e-1
2514.000000,1.8249859929e-1,2.6366769821e-1,7.2647293075e-2,5.1078655975e-1,2.2038962345e-1,6.249948868881324e-1,-6.636003467129871e-2,4.5754804754e1,3.831e-1
2515.000000,2.8066732869e-1,3.0450253383e-1,4.2628385891e-2,4.8849539337e-2,5.7334198244e-1,6.249948850951872e-1,-6.636003308007052e-2,7.6041324830e1,3.056e-1
2516.000000,4.4151104600e-1,1.3281150984e-2,4.6460441451e-1,2.9228416953e-1,3.8308980920e-2,6.249948809748128e-1,-6.636003200272661e-2,1.8220796124e1,2.817e-1
2517.000000,2.5955443089e-1,4.6513881818e-1,1.2522513101e-2,3.2614439495e-1,1.8662960599e-1,6.249948815498207e-1,-6.636003381236696e-2,3.5485445161e1,6.620e-1
2518.000000,2.1711800143e-1,3.0984902794e-1,3.7514487820e-1,1.4031737171e-1,2.0756047503e-1,6.249948771636464e-1,-6.636003735653502e-2,3.4787312781e1,2.981e-1
2519.000000,2.9498711727e-1,2.8131335795e-1,2.0647246402e-1,2.8937631266e-1,1.7784050259e-1,6.249948772534203e-1,-6.636003536324911e-2,3.4385526324e1,5.369e-1
2520.000000,4.5239001353e-1,2.4746827509e-3,2.3867664512e-1,7.3019539211e-2,4.8342887399e-1,6.249948772982706e-1,-6.636003623417326e-2,6.6356078658e1,6.343e-1
2521.000000,2.8287768184e-1,2.8374138914e-1,2.0781310121e-1,4.4582072630e-1,2.9736855278e-2,6.249948768907656e-1,-6.636003387055925e-2,2.0444007146e1,5.014e-1
2522.000000,1.3293441653e-1,5.2316365027e-1,4.0883612030e-1,3.6073572460e-2,1.4898198995e-1,6.249948747568705e-1,-6.636003851108996e-2,2.4607532504e1,3.735e-1
2523.000000,1.9166332400e-1,2.1128615051e-2,6.8808763284e-1,8.3928359406e-2,2.6518181238e-1,6.249948718341508e-1,-6.636003667997510e-2,4.2271769440e1,5.695e-1
2524.000000,1.6898589362e-1,6.5917807207e-2,6.2645190258e-1,3.4273711544e-1,4.5897038062e-2,6.249948784542763e-1,-6.636003531424292e-2,2.2070352348e1,7.652e-1
2525.000000,7.4776344978e-2,5.5650368802e-1,1.0058491027e-1,4.7096582541e-1,4.7158989955e-2,6.249948793137289e-1,-6.636003414792202e-2,2.3062331958e1,6.199e-1
2526.000000,1.3064285224e-1,3.1130552611e-1,1.5727073005e-1,4.9175495400e-2,6.0159516094e-1,6.249948823720366e-1,-6.636002962111748e-2,8.0523894772e1,5.463e-1
2527.000000,4.7598605462e-1,4.3869046709e-1,1.2290375676e-2,6.0289006397e-3,3.1699396257e-1,6.249948802997265e-1,-6.636002944056638e-2,4.1981848996e1,5.823e-1
2528.000000,8.5630216278e-1,2.3224938606e-2,1.2507943140e-1,3.2813288619e-2,2.1256993761e-1,6.249948795116238e-1,-6.636002937832630e-2,2.9734213660e1,4.597e-1
2529.000000,4.0406322176e-1,3.9950883544e-1,1.1864444804e-1,7.5935796719e-2,2.5183745781e-1,6.249948798820777e-1,-6.636002949926929e-2,3.6615344961e1,6.261e-1
2530.000000,3.4404306194e-1,1.9164782065e-1,2.7959097654e-1,2.0107459413e-1,2.3363330097e-1,6.249948771124423e-1,-6.636003029746051e-2,3.9131494520e1,5.181e-1
2531.000000,5.2978315919e-1,2.3141437993e-2,4.9682451114e-2,8.9740031823e-3,6.3840871190e-1,6.249948816871116e-1,-6.636003052564504e-2,8.2712117290e1,7.736e-1
2532.000000,3.7958983199e-1,1.7630851910e-1,1.6868728467e-3,1.7977599053e-2,6.7442693814e-1,6.249948805692180e-1,-6.636003039671420e-2,8.7457838189e1,7.834e-1
2533.000000,1.5462279186e-1,2.1197811839e-1,4.6690867709e-1,2.2282327994e-1,1.9365687535e-1,6.249948713141020e-1,-6.636003073995990e-2,3.6154962052e1,6.622e-1
2534.000000,7.4515189488e-2,8.3496681653e-1,1.6437640479e-2,1.9650700407e-1,1.2756309812e-1,6.249948743430067e-1,-6.636002958603886e-2,2.4454993041e1,8.555e-1
2535.000000,1.4386773997e-1,2.6471637948e-1,8.9472839882e-2,5.3909775226e-1,2.1283503804e-1,6.249948748175703e-1,-6.636003591404108e-2,4.5811162290e1,4.862e-1
2536.000000,2.5704569379e-1,3.5303103259e-1,1.0530673359e-1,3.6124632911e-1,1.7335995110e-1,6.249948700860044e-1,-6.636002428738755e-2,3.5426995053e1,3.883e-1
2537.000000,6.4778305311e-1,1.3995443504e-1,2.7316758880e-1,3.4464714872e-2,1.5461994796e-1,6.249948698900512e-1,-6.636002343722543e-2,2.3683365322e1,7.200e-1
2538.000000,7.1371464779e-1,1.3853197707e-1,1.3797160474e-1,2.3898360238e-2,2.3587315205e-1,6.249948709455312e-1,-6.636002325978665e-2,3.2694205107e1,7.316e-1
2539.000000,1.7219958994e-1,5.1142016548e-1,4.8130268740e-1,3.2140910842e-2,5.2926386965e-2,6.249948703160516e-1,-6.636002295141259e-2,1.2762448304e1,6.459e-1
2540.000000,7.0492305733e-2,1.1692984107e-1,4.8131320983e-1,1.8116045657e-1,4.0009391100e-1,6.249948621002301e-1,-6.636001550496218e-2,6.1128766732e1,6.801e-1
2541.000000,6.8356708652e-2,1.2660142241e-1,5.7453090849e-1,1.0658799158e-1,3.7391269947e-1,6.249948653021610e-1,-6.636001405502426e-2,5.6155269730e1,6.634e-1
2542.000000,1.9229348684e-1,3.7301083643e-1,3.0181686405e-2,3.8376639083e-1,2.7073733207e-1,6.249948662892966e-1,-6.636001112867142e-2,4.8018524919e1,5.684e-1
2543.000000,4.0989740219e-1,1.0454363217e-2,8.0121577922e-1,1.6440942833e-2,1.1981233752e-2,6.249948606074197e-1,-6.636001023174148e-2,8.6952917522e0,8.945e-1
2544.000000,3.4932555354e-1,5.0898412142e-2,2.3652724050e-1,1.6711733544e-1,4.4612117900e-1,6.249948603092557e-1,-6.636000527288555e-2,6.4619943171e1,4.360e-1
2545.000000,2.2901130326e-1,5.9020966558e-2,9.3244040235e-2,1.7793571036e-1,6.9077772059e-1,6.249948705033954e-1,-6.636000319810903e-2,9.5091990874e1,3.005e-1
2546.000000,1.4259849525e-1,1.0793509804e-1,3.3694841333e-1,1.3800658116e-1,5.2450112628e-1,6.249948570343185e-1,-6.636000325466748e-2,7.4535111512e1,4.949e-1
2547.000000,1.6985151977e-1,4.6043061576e-1,2.3892018488e-1,8.0481562429e-2,3.0030581415e-1,6.249948484893141e-1,-6.636000131635213e-2,4.3931702679e1,2.301e-1
2548.000000,5.4581782623e-1,1.5482094575e-1,5.6823859846e-2,3.5623566588e-1,1.3629139813e-1,6.249948479159396e-1,-6.636000284263820e-2,2.9881981953e1,3.238e-1
2549.000000,5.9262377468e-1,5.9846013036e-2,4.2471639857e-1,5.5522481946e-2,1.1728102495e-1,6.249948465880801e-1,-6.636000001196155e-2,2.0602425718e1,4.756e-1
2550.000000,3.0086055054e-1,1.6184870206e-1,4.3979669324e-1,4.7128940723e-2,3.0035481175e-1,6.249948491588055e-1,-6.636000025783031e-2,4.3946043232e1,2.490e-1
2551.000000,2.0743667784e-1,6.9937094531e-2,2.2110868789e-1,1.1940741857e-2,7.3956651499e-1,6.249948585516059e-1,-6.635999824303067e-2,9.7059079689e1,3.096e-1
2552.000000,1.0960435137e-1,1.6953669454e-1,1.0640333496e-1,3.5450283563e-3,8.6090030790e-1,6.249948585543104e-1,-6.635999936476608e-2,1.1155378256e2,3.982e-1
2553.000000,5.4128915407e-2,3.2189556665e-1,4.3377722931e-1,2.3130532863e-1,2.0888264689e-1,6.249948434485425e-1,-6.635999968488139e-2,3.8279822744e1,6.522e-1
2554.000000,9.5123733589e-2,2.2573013819e-1,7.6431502037e-1,1.0115812593e-2,1.5470496093e-1,6.249948328388574e-1,-6.636000159629926e-2,2.6739483308e1,7.856e-1
2555.000000,2.1133659508e-1,2.8593220984e-1,4.6258541930e-1,1.5785218782e-1,1.3228326516e-1,6.249948385997779e-1,-6.636000017860284e-2,2.6361744022e1,3.536e-1
2556.000000,8.1114774578e-1,2.6406364979e-1,3.6991274355e-2,7.9124367011e-2,5.8662638431e-2,6.249948376824904e-1,-6.635999982644697e-2,1.1270428831e1,2.795e-1
2557.000000,8.0808350090e-1,1.9337369982e-1,1.0490217093e-1,1.1838557501e-1,2.5244728415e-2,6.249948375368278e-1,-6.635999991681454e-2,8.6496701550e0,1.584e-1
2558.000000,2.9556403728e-1,2.8607233269e-1,1.4342569284e-1,1.3522701220e-1,3.8970060261e-1,6.249948388035010e-1,-6.635999913155181e-2,5.6076273751e1,6.232e-1
2559.000000,1.9322440039e-1,4.3144193798e-1,2.0616542729e-1,9.2359474215e-2,3.2679843183e-1,6.249948358513640e-1,-6.635999932818226e-2,4.7394521944e1,6.256e-1
2560.000000,4.3202533436e-1,9.6085995156e-2,2.2789183758e-1,1.1067141788e-1,3.8331508561e-1,6.249948352927586e-1,-6.635999900035283e-2,5.4837135689e1,4.739e-1
2561.000000,5.8510466180e-1,6.2907858439e-3,2.9815795236e-1,2.8263805986e-1,7.7798208194e-2,6.249948340306554e-1,-6.636000054617897e-2,2.1692986086e1,5.436e-1
2562.000000,2.5923782454e-1,7.0734213524e-1,1.4252284014e-1,9.9271025254e-2,4.1615843811e-2,6.249948344879800e-1,-6.635999845123630e-2,1.1187986720e1,7.503e-1
2563.000000,6.5033481122e-2,2.5454848525e-1,3.9618298120e-1,2.4808613488e-1,2.8613858790e-1,6.249948351762684e-1,-6.635999830272436e-2,4.8275573128e1,6.118e-1
2564.000000,6.9034230985e-2,2.5679602239e-2,2.5897503281e-1,5.1592776231e-1,3.8037305157e-1,6.249948399593755e-1,-6.635999866018069e-2,6.7355115577e1,7.136e-1
2565.000000,7.9762812086e-2,1.3200268073e-3,1.0740838774e-1,2.1142673694e-1,8.5007174855e-1,6.249948560655965e-1,-6.635998412760913e-2,1.1647662796e2,1.114e-1
2566.000000,7.9815158146e-2,1.1723808222e-3,3.8068252072e-1,1.5301415777e-1,6.3530544878e-1,6.249948331171424e-1,-6.635998395656512e-2,8.9303262999e1,3.544e-1
2567.000000,7.0481548366e-2,2.1133899416e-2,3.1482306145e-1,4.1653398063e-1,4.2701715453e-1,6.249948221918408e-1,-6.635998201638355e-2,7.0583376224e1,6.534e-1
2568.000000,7.2252747522e-2,1.5176326849e-1,1.6052291702e-1,1.3650641433e-1,7.2894431830e-1,6.249948328313257e-1,-6.635997174633654e-2,9.9296914247e1,6.756e-1
2569.000000,2.1020578896e-1,7.8124351675e-1,1.1218107799e-2,1.0610597547e-1,1.4121625496e-1,6.249948219678122e-1,-6.635997394549656e-2,2.3228406640e1,8.123e-1
2570.000000,5.7958434009e-1,8.1357332489e-3,2.1630735489e-1,2.8726766003e-1,1.5869456054e-1,6.249948243991812e-1,-6.635997329678525e-2,3.1541991346e1,6.293e-1
2571.000000,3.9802447547e-1,1.6739234236e-1,6.7269526637e-2,6.8587173543e-2,5.4871612891e-1,6.249948234608673e-1,-6.635997297370345e-2,7.3502407189e1,5.552e-1
2572.000000,2.0627797221e-1,8.8747700981e-2,3.2460443347e-1,1.9672203533e-1,4.3363749532e-1,6.249948186606584e-1,-6.635997079281633e-2,6.4678174388e1,4.491e-1
2573.000000,1.2063166889e-1,1.4286969392e-1,5.2584536337e-1,3.2658661266e-1,1.3405631489e-1,6.249948268667895e-1,-6.635996992391530e-2,3.2162798041e1,3.417e-1
2574.000000,4.1087870487e-2,6.4181150962e-1,1.6139952553e-1,1.1674187913e-2,3.9401655448e-1,6.249948240144769e-1,-6.635997033583384e-2,5.3403056146e1,5.895e-1
2575.000000,4.7670868777e-2,1.3799549711e-1,2.4012428954e-1,3.1267877596e-1,5.1152021547e-1,6.249948234273284e-1,-6.635997196903347e-2,7.7701129156e1,5.476e-1
2576.000000,6.8283478934e-2,2.1021642946e-1,3.6653666006e-2,9.2088178705e-1,1.3954292111e-2,6.249948267811959e-1,-6.635998716503909e-2,3.2002170502e1,9.596e-1
2577.000000,1.2533313830e-1,6.7712792872e-2,7.7083814673e-1,3.8207836925e-5,2.8606734850e-1,6.249948171174913e-1,-6.635996716022986e-2,4.2982640587e1,8.777e-1
2578.000000,2.0655743945e-1,9.9450514547e-2,1.3628843854e-2,5.8802089273e-1,3.4233195881e-1,6.249948246957128e-1,-6.635996847088005e-2,6.3046369795e1,7.666e-1
2579.000000,2.7622241158e-1,4.1901086924e-2,4.5064708117e-2,6.9925252883e-1,1.8754890570e-1,6.249948205794156e-1,-6.635996836828631e-2,4.6964771897e1,2.122e-1
2580.000000,2.6156222494e-1,1.2841974972e-1,1.1358866944e-1,6.3993533064e-1,1.0648366169e-1,6.249948182135875e-1,-6.635996631895380e-2,3.5404169244e1,7.988e-1
2581.000000,3.3228780692e-1,2.2372340847e-1,1.7156329922e-2,4.5858279953e-1,2.1823928702e-1,6.249948159336769e-1,-6.635996890896656e-2,4.3360119683e1,5.012e-1
2582.000000,4.2177771542e-1,1.2313633891e-1,2.9361138639e-1,4.7963281681e-2,3.6350090378e-1,6.249948130934412e-1,-6.635996948805259e-2,5.0868993325e1,6.330e-1
2583.000000,5.2241393438e-1,2.4952978671e-1,1.9796420452e-1,8.0050541612e-2,2.0003115826e-1,6.249948127438834e-1,-6.635996909085874e-2,3.0509585766e1,7.066e-1
2584.000000,7.1827216849e-1,4.8215399359e-2,1.3360698909e-2,1.0253107879e-1,3.6761027883e-1,6.249948121851654e-1,-6.635996958922530e-2,5.0897562685e1,7.800e-1
2585.000000,2.9940929477e-1,3.3480090737e-1,1.9369265096e-1,6.5983518507e-2,3.5610325108e-1,6.249948113443252e-1,-6.635996975123259e-2,5.0061536400e1,5.834e-1
2586.000000,9.0193246175e-2,6.0138337344e-1,6.4382101935e-2,1.9286366398e-1,3.0116723293e-1,6.249948092305265e-1,-6.635997058959982e-2,4.6483963247e1,7.737e-1
2587.000000,6.2017428460e-2,3.8158731126e-1,1.1227157657e-1,5.8790578667e-2,6.3532272980e-1,6.249948123765360e-1,-6.635996960736090e-2,8.4894963881e1,4.831e-1
2588.000000,1.5632132542e-1,3.3363320804e-1,9.0033188705e-2,1.2482659629e-1,5.4517530826e-1,6.249948133609143e-1,-6.635997117318733e-2,7.5242583127e1,3.944e-1
2589.000000,4.3623444125e-1,2.7742617189e-1,3.0447198185e-2,2.4745643208e-1,2.5842537700e-1,6.249948102037484e-1,-6.635997088111183e-2,4.2013601233e1,6.538e-1
2590.000000,7.1104642253e-1,2.1744986343e-2,5.5073148139e-2,4.5939519837e-1,2.7298670958e-3,6.249948112358454e-1,-6.635996927757755e-2,1.5889667705e1,8.036e-1
2591.000000,3.6351548441e-1,4.6107056931e-1,2.0437573617e-1,1.5056627673e-1,7.0461554430e-2,6.249948105319426e-1,-6.635997103012331e-2,1.6576104593e1,4.928e-1
2592.000000,5.4094619325e-1,1.8923240970e-1,3.0967894090e-1,4.6644928011e-2,1.6348714741e-1,6.249948096326926e-1,-6.635997095922896e-2,2.5545362008e1,4.021e-1
2593.000000,5.6223545714e-1,1.0824744287e-1,1.6597573544e-1,2.3079249385e-2,3.9045173861e-1,6.249948117251098e-1,-6.635997045112432e-2,5.2541777020e1,6.112e-1
2594.000000,3.4584962936e-1,2.9235455172e-1,1.7338180408e-1,4.5525934944e-2,3.9287770293e-1,6.249948115139402e-1,-6.635997055571952e-2,5.3889864244e1,5.693e-1
2595.000000,5.2576885493e-1,1.4460914046e-1,2.2764028290e-1,4.9190251024e-2,3.0278108897e-1,6.249948091428765e-1,-6.635997091347651e-2,4.2703292393e1,5.373e-1
2596.000000,6.1545490747e-1,6.7029740383e-2,2.4274099184e-2,1.6623225124e-1,3.7699862192e-1,6.249948100977547e-1,-6.635997145024398e-2,5.4211235374e1,5.836e-1
2597.000000,2.1370347251e-1,5.1627217853e-1,1.0253267691e-1,3.8958000344e-1,2.7901288448e-2,6.249948099190964e-1,-6.635996930108418e-2,1.7997582540e1,6.969e-1
2598.000000,6.2067324753e-2,5.1566887573e-1,5.8561164294e-2,5.3924550668e-2,5.5976770805e-1,6.249948117488586e-1,-6.635997181455561e-2,7.4906712981e1,6.011e-1
2599.000000,7.2591477200e-2,6.6459245853e-1,3.2862799748e-2,2.3991072630e-1,2.4003215265e-1,6.249948072118292e-1,-6.635997191622750e-2,4.0029641835e1,4.746e-1
2600.000000,2.5042470921e-1,2.6232915102e-1,8.5824713913e-2,7.5742392215e-2,5.7566864935e-1,6.249948078576327e-1,-6.635997208714896e-2,7.7445812036e1,6.827e-1
2601.000000,4.6602342629e-1,1.2399480188e-1,3.5370642742e-1,1.9889582658e-1,1.0736912665e-1,6.249948044145593e-1,-6.635997297574880e-2,2.3418567398e1,4.320e-1
2602.000000,6.8651327342e-1,2.5675278062e-2,2.5218087602e-1,1.5765327593e-2,2.6985485324e-1,6.249948041689879e-1,-6.635997226381629e-2,3.7457965899e1,5.013e-1
2603.000000,3.9095845145e-1,3.9848571077e-1,8.5788651050e-2,1.6884905949e-3,3.7306830665e-1,6.249948052552052e-1,-6.635997205790256e-2,4.9485534806e1,4.953e-1
2604.000000,2.6569080901e-1,1.8518305677e-1,2.9939991976e-1,4.8920628035e-1,1.0509543218e-2,6.249948045513134e-1,-6.635996946283118e-2,1.9898233379e1,4.961e-1
2605.000000,2.0575428130e-1,3.8259651284e-1,6.1505207431e-2,6.6459888475e-2,5.3367372089e-1,6.249948054696641e-1,-6.635997231392372e-2,7.1797064531e1,5.811e-1
2606.000000,2.9850348425e-1,1.3785826984e-2,2.5889431309e-1,4.7719716926e-1,2.0160883253e-1,6.249948130591635e-1,-6.635997272899601e-2,4.3324217881e1,5.043e-1
2607.000000,2.5578130568e-1,7.4641386209e-2,2.3651369219e-1,4.9626449668e-2,6.3342678129e-1,6.249948075182731e-1,-6.635996931558455e-2,8.4835957357e1,6.548e-1
2608.000000,1.5278538716e-1,9.1792319824e-1,4.3660688114e-3,1.4612087862e-1,2.8794071420e-2,6.249948021234042e-1,-6.635997023292270e-2,1.0308676898e1,6.249e-1
2609.000000,3.3419319147e-1,9.4531113816e-2,1.3202666730e-1,1.3024106750e-1,5.5899757175e-1,6.249948059151035e-1,-6.635996818017716e-2,7.7131775506e1,5.595e-1
2610.000000,3.6651375219e-1,5.3671355431e-2,2.3848904167e-1,2.7051576963e-1,3.2079969323e-1,6.249948060736910e-1,-6.635996912362566e-2,5.1917377281e1,5.261e-1
2611.000000,2.8875192151e-1,1.3063002111e-1,6.8372005040e-1,1.4031186477e-1,6.5757428206e-3,6.249948003028203e-1,-6.635996866832361e-2,1.1207071160e1,2.924e-1
2612.000000,4.0960358588e-1,4.7694448802e-2,3.8844702339e-1,2.5098866132e-1,1.5325589426e-1,6.249948068258239e-1,-6.635996848651267e-2,3.1056158506e1,4.411e-1
2613.000000,3.7006045439e-1,9.8221517228e-2,7.3128080417e-2,1.2990482328e-1,5.7867474186e-1,6.249948085852561e-1,-6.635996670762742e-2,7.9193819208e1,7.589e-1
2614.000000,1.4666931002e-1,5.7051997727e-1,5.6993146890e-3,2.7233577665e-1,2.5476523111e-1,6.249948048713803e-1,-6.635996644175887e-2,4.2584663563e1,7.249e-1
2615.000000,1.4017241899e-1,1.2458103715e-1,7.2925402687e-1,3.9454991368e-2,2.1652712082e-1,6.249947975975789e-1,-6.635996413753339e-2,3.5131311688e1,3.732e-1
2616.000000,2.7831342989e-1,1.0206499394e-1,3.2942624152e-2,3.4462082398e-1,4.9204773146e-1,6.249948017111782e-1,-6.635996224509644e-2,7.4616803690e1,5.833e-1
2617.000000,3.9710976815e-1,1.7336509076e-3,2.8156430638e-1,2.9037784426e-1,2.7920403473e-1,6.249948022102286e-1,-6.635996440239947e-2,4.7484744098e1,6.185e-1
2618.000000,2.4808572959e-1,3.1926858876e-1,1.9826408696e-1,1.3924500503e-2,4.7044669541e-1,6.249948006126729e-1,-6.635996595091354e-2,6.3011453767e1,4.936e-1
2619.000000,1.4380790292e-1,5.7585093161e-1,1.9290988463e-1,3.1576653766e-1,2.1654341234e-2,6.249947990279208e-1,-6.635996377391784e-2,1.5643169775e1,7.313e-1
2620.000000,3.8938368403e-1,1.1264207957e-1,2.4721467921e-1,1.4589358550e-1,3.5485557074e-1,6.249947995260166e-1,-6.635996625130756e-2,5.2487801226e1,4.964e-1
2621.000000,6.0601328086e-1,3.1312831944e-2,1.5380729187e-1,2.8601641027e-1,1.7283978520e-1,6.249948000748095e-1,-6.635996650072336e-2,3.2872108274e1,6.766e-1
2622.000000,3.9802817144e-1,3.0986961716e-1,3.7727084346e-3,4.1496012566e-1,1.2335897618e-1,6.249947994350722e-1,-6.635996594016122e-2,2.9917607960e1,5.829e-1
2623.000000,1.3905257646e-1,2.2695764750e-1,5.4200724050e-1,2.6102154132e-1,8.0950586174e-2,6.249947959772751e-1,-6.635996560169559e-2,2.3573863860e1,4.184e-1
2624.000000,4.3600602171e-2,4.5978094349e-1,7.2778432518e-2,7.7089219786e-3,6.6612070731e-1,6.249948037357200e-1,-6.635996545802507e-2,8.7033725687e1,4.016e-1
2625.000000,2.7120297340e-2,9.5000590236e-2,1.6955932845e-1,1.1490750849e-1,8.4340188387e-1,6.249948041902721e-1,-6.635996770751333e-2,1.1319251736e2,3.175e-1
2626.000000,2.9608619316e-2,5.2304657859e-2,2.4563495703e-1,8.5000123070e-1,7.2440114695e-2,6.249947897969090e-1,-6.635996672088447e-2,3.8556867345e1,1.914e-1
2627.000000,4.4025628190e-2,5.7218876902e-1,3.7568111522e-1,3.0208431951e-2,2.2788561230e-1,6.249947783395137e-1,-6.635997443639760e-2,3.4307867471e1,4.332e-1
2628.000000,2.0332068522e-1,2.8190528865e-1,2.9478146437e-1,9.4256947243e-2,3.7572516638e-1,6.249947759353442e-1,-6.635997294473092e-2,5.4132766243e1,5.243e-1
2629.000000,3.5567304128e-1,2.1568869368e-2,2.1541833427e-1,2.1279044280e-1,4.4453885365e-1,6.249947706838564e-1,-6.635996594849358e-2,6.5654588370e1,6.653e-1
2630.000000,3.5387634694e-1,5.7941136854e-2,2.6041414779e-1,2.4777397321e-1,3.2998394769e-1,6.249947762400341e-1,-6.635997076883737e-2,5.2542846076e1,5.719e-1
2631.000000,2.9632358212e-1,8.4089802942e-2,3.4708273822e-2,6.9490703264e-1,1.3996085364e-1,6.249947725837421e-1,-6.635997897324986e-2,4.0746021898e1,3.726e-1
2632.000000,1.2643546611e-1,5.4092432372e-1,7.7695025484e-2,4.6786049765e-1,3.7074226277e-2,6.249947696165988e-1,-6.635996507093958e-2,2.1483663472e1,3.264e-1
2633.000000,6.4805803434e-2,2.8182845885e-1,2.0015953450e-1,6.7769979397e-1,2.5495947186e-2,6.249947689703228e-1,-6.635996707415777e-2,2.7147210742e1,8.185e-1
2634.000000,9.3558035889e-2,6.0083426775e-2,1.9689655775e-1,2.0208622123e-1,6.9736529278e-1,6.249947672106217e-1,-6.635995637712370e-2,9.7471634888e1,4.495e-1
2635.000000,1.0099669080e-1,2.5907933101e-2,1.7099895164e-1,2.2235691528e-1,7.2972900880e-1,6.249947498065735e-1,-6.635995156907534e-2,1.0199104024e2,3.163e-1
2636.000000,7.7926969721e-2,3.4833786017e-1,5.3679832715e-1,5.9181956021e-3,2.8100813658e-1,6.249947446065605e-1,-6.635995090990467e-2,4.1188449564e1,5.118e-1
2637.000000,1.7818767259e-1,3.8522325621e-1,1.6556574300e-1,4.8215443194e-1,3.8858389462e-2,6.249947466049008e-1,-6.635994659093740e-2,2.2586881966e1,6.147e-1
2638.000000,3.1138511594e-1,9.8817664602e-3,4.3138749516e-1,1.3847815888e-1,3.5885694375e-1,6.249947400929767e-1,-6.635995213395386e-2,5.3991545936e1,5.904e-1
2639.000000,2.7042107080e-1,5.5540512937e-2,3.5806902989e-1,6.8565691688e-2,4.9739317226e-1,6.249947387856416e-1,-6.635995460069785e-2,6.8971271983e1,4.863e-1
2640.000000,9.7018771692e-2,7.3100488101e-1,3.6288392924e-2,3.9467881168e-2,3.4620955411e-1,6.249947404532111e-1,-6.635995734518738e-2,4.7378621415e1,8.480e-1
2641.000000,7.6581997835e-2,1.7418624722e-1,2.3677422929e-1,1.5095406714e-1,6.1149295062e-1,6.249947460544487e-1,-6.635995724109992e-2,8.5382485156e1,4.367e-1
2642.000000,1.7074939746e-1,2.3326490264e-1,1.6097106911e-1,5.2920247035e-2,6.3208386219e-1,6.249947392186734e-1,-6.635995411045247e-2,8.4439855322e1,5.462e-1
2643.000000,5.5595987894e-1,4.6866155839e-1,4.8941923004e-2,8.2009955407e-2,9.4416154390e-2,6.249947350650644e-1,-6.635995429546437e-2,1.6316424775e1,2.858e-1
2644.000000,1.0293560580e0,3.5784852936e-2,9.9671540048e-3,6.8102925067e-2,1.0677848016e-1,6.249947350597812e-1,-6.635995429039075e-2,1.6512924029e1,3.167e-1
2645.000000,4.1196949691e-1,2.7903251979e-1,3.7413411352e-1,1.5802274195e-1,2.6830598007e-2,6.249947350881135e-1,-6.635995476070529e-2,1.2248166984e1,1.866e-1
2646.000000,2.3346335067e-1,8.6871507380e-2,7.7163674555e-1,2.7810009829e-2,1.3020784713e-1,6.249947302798911e-1,-6.635995458997448e-2,2.4020093402e1,4.613e-1
2647.000000,1.5171563749e-1,2.0764795615e-1,3.0888547717e-1,3.3252659200e-1,2.4921382568e-1,6.249947442459330e-1,-6.635995308315817e-2,4.5502458180e1,5.071e-1
2648.000000,5.1708319731e-2,8.0984836518e-1,2.8628905275e-1,5.9010228677e-2,4.3133508853e-2,6.249947375909672e-1,-6.635995232304354e-2,1.1345279763e1,7.658e-1
2649.000000,6.7890276756e-2,7.8110031106e-2,6.7156364941e-1,1.5912789634e-1,2.7329761264e-1,6.249947331256632e-1,-6.635995124835545e-2,4.5636861497e1,4.268e-1
2650.000000,6.4135840105e-2,5.7338177092e-2,7.5620182320e-2,5.9350458477e-1,4.5939068716e-1,6.249947357264108e-1,-6.635995438435933e-2,7.8545860402e1,6.371e-1
2651.000000,4.8923901687e-2,6.1292833330e-2,1.5127113447e-1,4.1324336963e-2,9.4717726609e-1,6.249947362684859e-1,-6.635995255285287e-2,1.2391828554e2,9.573e-1
2652.000000,3.2884452774e-2,1.0887904368e-1,3.8081350768e-1,2.1626980844e-1,5.1114262408e-1,6.249947183297214e-1,-6.635995492877864e-2,7.5627598128e1,6.794e-1
2653.000000,1.4430068326e-2,6.1559532136e-1,5.5431913755e-2,1.7891726275e-2,5.4664040656e-1,6.249947181404274e-1,-6.635995558919468e-2,7.2224368268e1,6.978e-1
2654.000000,2.0341850675e-2,9.0377043509e-2,4.4722274399e-1,1.6933652727e-1,5.2271126239e-1,6.249947139213872e-1,-6.635995566996888e-2,7.6094517423e1,6.212e-1
2655.000000,2.9153400251e-2,3.9688370396e-2,4.2034272438e-1,4.3291992016e-1,3.2788497018e-1,6.249946926856005e-1,-6.635995439938810e-2,5.9279408864e1,6.580e-1
2656.000000,6.2401526690e-2,3.8088813333e-1,6.6857699832e-2,3.2297896748e-1,4.1686306241e-1,6.249946948717264e-1,-6.635993931097051e-2,6.5021637576e1,2.484e-1
2657.000000,2.1110496811e-1,2.1832094791e-1,2.9633458555e-1,4.9288123470e-1,3.1347646562e-2,6.249946914169918e-1,-6.635994860996436e-2,2.2697569335e1,4.554e-1
2658.000000,4.3690734875e-1,2.3400415681e-1,1.2502278668e-1,4.4090013921e-1,1.3154952103e-2,6.249946917743577e-1,-6.635994305903968e-2,1.7479282605e1,6.640e-1
2659.000000,6.8596322251e-1,6.4707911164e-3,4.7520897100e-1,3.3994253020e-2,4.8352141927e-2,6.249946897884247e-1,-6.635994028689442e-2,1.1434485225e1,7.517e-1
2660.000000,3.7196344596e-1,2.0381897137e-1,2.1926382014e-1,3.1572210750e-1,1.3922103337e-1,6.249946891752060e-1,-6.635994105732702e-2,3.0271129939e1,5.330e-1
2661.000000,1.4753390073e-1,4.6978188550e-1,2.2307723118e-2,4.5908428138e-1,1.5128158834e-1,6.249946895364920e-1,-6.635994266590768e-2,3.5246532818e1,6.716e-1
2662.000000,4.0812957134e-2,2.6054766148e-1,2.5090460254e-1,2.8218457272e-1,4.1553958664e-1,6.249946902501264e-1,-6.635993834913775e-2,6.4767712038e1,5.066e-1
2663.000000,2.1251645832e-2,1.5142433936e-1,1.5193479860e-1,1.9749942891e-1,7.2787917577e-1,6.249946942415211e-1,-6.635993351445509e-2,1.0101746911e2,4.332e-1
2664.000000,2.1814766851e-2,8.8944167308e-1,2.3801340788e-2,8.0544293598e-3,3.0687715368e-1,6.249946818787206e-1,-6.635993367644137e-2,4.1518218866e1,2.757e-1
2665.000000,7.1095716247e-2,2.7252309409e-1,2.6610105071e-1,2.6649202770e-1,3.7377746692e-1,6.249946778341108e-1,-6.635993675420244e-2,5.9080663104e1,4.401e-1
2666.000000,1.8560310859e-1,5.8410796473e-1,2.9309250934e-1,4.9569140140e-2,1.3761663697e-1,6.249946798871798e-1,-6.635993634504683e-2,2.2806899575e1,7.466e-1
2667.000000,7.1748555812e-1,1.3352541978e-1,9.8240502718e-2,2.5210814953e-1,4.8629730532e-2,6.249946803417501e-1,-6.635993619087388e-2,1.5703783933e1,4.985e-1
2668.000000,6.4444500103e-1,1.7257501526e-1,3.2891219277e-2,2.4943785877e-1,1.5064026483e-1,6.249946795833051e-1,-6.635993643403076e-2,2.8194467664e1,5.451e-1
2669.000000,2.8040371584e-1,2.0434557312e-1,1.4948505363e-1,5.5749373973e-1,5.8261281305e-2,6.249946818133486e-1,-6.635993857370114e-2,2.7042017112e1,4.475e-1
2670.000000,1.3495425022e-1,2.0662949532e-1,1.1448972411e-1,1.1788065431e-2,7.8212782934e-1,6.249946822082511e-1,-6.635993697049944e-2,1.0188623416e2,8.662e-1
2671.000000,5.1295211822e-2,5.9356340402e-1,2.9842131234e-1,1.8017632771e-1,1.2653308346e-1,6.249946696760548e-1,-6.635993605999344e-2,2.5562022082e1,3.442e-1
2672.000000,1.6831014954e-2,2.0072352870e-1,4.9270084747e-1,5.0437222365e-1,3.5361728281e-2,6.249946715243085e-1,-6.635993664773408e-2,2.5017681721e1,5.906e-1
2673.000000,2.3446035042e-2,1.7313491898e-1,6.2914086959e-1,3.8622039421e-3,4.2040529363e-1,6.249946605923365e-1,-6.635993059278857e-2,5.9326587923e1,6.975e-1
2674.000000,8.6955292737e-2,6.6395998648e-1,3.4481110133e-3,4.2305688726e-1,7.2569054710e-2,6.249946661022554e-1,-6.635993333794549e-2,2.4225641903e1,5.690e-1
2675.000000,2.7394156528e-1,3.0299320185e-1,1.2148018397e-1,4.8512935511e-1,6.6445024050e-2,6.249946651282388e-1,-6.635993599354122e-2,2.5743901100e1,6.960e-1
2676.000000,5.8262570695e-1,2.9746265024e-2,1.8652277685e-1,3.2973447078e-1,1.2136010860e-1,6.249946641035414e-1,-6.635992835458453e-2,2.7928584564e1,5.421e-1
2677.000000,4.5829795101e-1,1.6262013122e-1,1.7270349974e-1,3.4515492492e-1,1.1121281569e-1,6.249946612860033e-1,-6.635992751784971e-2,2.7216215241e1,3.334e-1
2678.000000,2.8459371592e-1,2.2222377350e-1,2.4553632025e-2,5.2466035799e-1,1.9395784174e-1,6.249946605899189e-1,-6.635993119095046e-2,4.2398908659e1,5.257e-1
2679.000000,1.1810087002e-1,6.7740757443e-1,4.7783131591e-2,3.4214101044e-1,6.4556728793e-2,6.249946576406425e-1,-6.635992332633256e-2,2.1007904256e1,6.220e-1
2680.000000,1.0064146337e-1,2.7288096783e-1,4.1451746302e-1,4.5700339029e-2,4.1624907572e-1,6.249946544881885e-1,-6.635992022296221e-2,5.8654514913e1,4.592e-1
2681.000000,2.2250380486e-1,8.7898960833e-2,1.3579988540e-1,1.6592408918e-1,6.3786257387e-1,6.249946570696820e-1,-6.635992234710944e-2,8.8329429216e1,4.717e-1
2682.000000,2.7994212102e-1,5.2445055720e-2,3.7368848705e-1,2.7307910489e-1,2.7083452993e-1,6.249946493098156e-1,-6.635992134461413e-2,4.6639720257e1,5.242e-1
2683.000000,3.1692088481e-1,3.3086418536e-1,4.3919060053e-3,1.5947325642e-1,4.3833906786e-1,6.249946502264564e-1,-6.635992608006547e-2,6.2065868953e1,5.888e-1
2684.000000,4.5462419779e-1,1.5392092127e-1,2.5534723768e-1,1.5507333248e-1,2.3102360353e-1,6.249946463711695e-1,-6.635992654559711e-2,3.7111299734e1,4.626e-1
2685.000000,6.1449539984e-1,1.4812060821e-1,3.1548266994e-1,7.4942149536e-2,9.6948466401e-2,6.249946469627332e-1,-6.635992532771963e-2,1.7934902760e1,3.990e-1
2686.000000,6.1785986306e-1,1.6317726137e-1,2.5576671774e-1,1.0920874074e-1,1.0397670896e-1,6.249946459379175e-1,-6.635992566059681e-2,1.9485116647e1,1.390e-1
2687.000000,1.3908062914e-1,5.8115859294e-1,4.7874337687e-1,2.8545111977e-2,2.2461580507e-2,6.249946457163539e-1,-6.635992580225618e-2,8.8503304035e0,2.798e-1
2688.000000,5.2768066781e-2,1.3142235714e-1,5.0140538245e-1,5.0891092599e-2,5.1350240371e-1,6.249946513437648e-1,-6.635992583967695e-2,7.1657294446e1,6.932e-1
2689.000000,3.3428856852e-2,1.3213560235e-1,1.7001104241e-1,1.4122234872e-1,7.7319146295e-1,6.249946566430675e-1,-6.635993069969218e-2,1.0512869639e2,8.754e-1
2690.000000,5.1925031161e-2,1.8462588398e-1,2.8760400728e-1,1.6761290924e-1,5.5822145512e-1,6.249946433914744e-1,-6.635993323767250e-2,7.9512005693e1,7.140e-1
2691.000000,2.0291441056e-1,8.0049896321e-1,2.4837681860e-2,1.3163109938e-1,9.0107122472e-2,6.249946387362029e-1,-6.635993357132368e-2,1.7647063443e1,2.935e-1
2692.000000,5.4949310384e-1,1.0770001207e-2,2.0285575352e-1,4.7451754206e-1,1.2352877501e-2,6.249946390612144e-1,-6.635993534752758e-2,1.8684862248e1,6.877e-1
2693.000000,3.9700856180e-1,1.4942986306e-1,2.7644167862e-2,8.3410178381e-2,5.9249650821e-1,6.249946396594002e-1,-6.635993123499186e-2,7.9227196109e1,2.910e-1
2694.000000,1.8879814988e-1,3.2537383825e-1,2.9425269632e-1,2.1013364145e-1,2.3143094453e-1,6.249946352180821e-1,-6.635993212829974e-2,3.9446605748e1,5.157e-1
2695.000000,2.7976693714e-1,3.1293028924e-1,3.5142267598e-1,1.3047249176e-1,1.7539687091e-1,6.249946325192288e-1,-6.635992947833111e-2,3.0203044668e1,4.376e-1
2696.000000,6.1291894425e-1,3.2909994245e-2,5.0770399858e-2,2.6373927537e-1,2.8965065287e-1,6.249946332958970e-1,-6.635992929156953e-2,4.6293383039e1,6.255e-1
2697.000000,4.5940229532e-1,2.8520651647e-1,2.8186140874e-1,1.6380805347e-1,5.9710990871e-2,6.249946324342617e-1,-6.635993064693296e-2,1.5939869993e1,5.436e-1
2698.000000,1.3856856850e-1,3.4915877387e-1,6.9735626376e-1,1.7601482196e-2,4.7304173984e-2,6.249946311502548e-1,-6.635993049407199e-2,1.2964633642e1,5.859e-1
2699.000000,8.4942699423e-2,1.0890045132e-1,5.6982138308e-1,1.7789921662e-2,4.6853482310e-1,6.249946392905497e-1,-6.635993159412022e-2,6.5360578167e1,5.329e-1
2700.000000,3.4619214405e-2,3.1741511116e-1,1.4827581622e-1,3.9824929164e-1,3.5142985268e-1,6.249946430497695e-1,-6.635993425460796e-2,5.9565344835e1,3.409e-1
2701.000000,1.4377447926e-2,5.5489643999e-1,1.5422680743e-1,1.9866466359e-1,3.2782392440e-1,6.249946416703407e-1,-6.635993354323549e-2,5.0669527622e1,5.488e-1
2702.000000,1.7440485577e-2,2.5837596295e-1,8.3646794516e-2,4.1809466860e-1,4.7243136583e-1,6.249946387398906e-1,-6.635992838795388e-2,7.5044890746e1,6.446e-1
2703.000000,2.7826292169e-2,4.4105202391e-1,2.7976679815e-2,2.5976777067e-1,4.9336650538e-1,6.249946359712018e-1,-6.635992336779144e-2,7.2583311982e1,3.996e-1
2704.000000,7.3286531014e-2,2.2677828725e-1,4.7900741164e-2,1.5873860042e-1,7.4328511008e-1,6.249946349638820e-1,-6.635991862351662e-2,1.0109353507e2,3.437e-1
2705.000000,1.1944917621e-1,6.4013951412e-2,3.0522475747e-1,2.4753894964e-1,5.1376239848e-1,6.249946166091710e-1,-6.635991293591235e-2,7.6312383945e1,5.056e-1
2706.000000,1.5048694222e-1,4.6528311550e-1,5.7384839121e-1,3.3972264274e-2,2.6398516367e-2,6.249946147864123e-1,-6.635991317465717e-2,1.0062719384e1,7.564e-1
2707.000000,5.4070591336e-1,2.2374997268e-1,1.8599959801e-1,2.5619044790e-1,4.3343300173e-2,6.249946160602461e-1,-6.635991263118690e-2,1.5951886441e1,6.318e-1
2708.000000,6.0882909624e-1,6.9789329298e-2,2.1528122745e-1,4.4871246070e-2,3.1121833171e-1,6.249946153777397e-1,-6.635991291194464e-2,4.3438069359e1,6.682e-1
2709.000000,2.6717260494e-1,3.2657306035e-1,1.3463769920e-1,8.6983223393e-2,4.3462264715e-1,6.249946175155601e-1,-6.635991325514541e-2,6.0278996001e1,5.980e-1
2710.000000,2.1105953478e-1,7.2859530431e-2,1.3781431435e-1,8.9566273975e-2,7.3868959852e-1,6.249946260308765e-1,-6.635991179479497e-2,9.8772152721e1,8.395e-1
2711.000000,2.0847194215e-1,3.7169869342e-2,2.6686060730e-1,2.1331970889e-1,5.2416711104e-1,6.249946193650803e-1,-6.635991079048797e-2,7.6233081466e1,5.918e-1
2712.000000,1.0819010090e-1,7.8577571468e-1,1.4743016543e-1,8.6675281102e-2,1.2191795535e-1,6.249946087319851e-1,-6.635991047466888e-2,2.1184195083e1,8.043e-1
2713.000000,1.6639658643e-1,2.3624730920e-1,3.7182577999e-1,8.1543208565e-2,3.9397632782e-1,6.249946060000189e-1,-6.635991119562884e-2,5.6568651786e1,6.102e-1
2714.000000,2.4252512565e-1,2.1269917252e-1,3.6909106646e-1,3.9183249675e-1,3.3841346297e-2,6.249946038441486e-1,-6.635991064968441e-2,2.0369721662e1,5.751e-1
2715.000000,5.4495838321e-1,4.4098391743e-1,7.5382486134e-2,1.5353798730e-1,3.5126434052e-2,6.249946040650740e-1,-6.635991211818634e-2,1.1166906068e1,7.376e-1
2716.000000,8.5663977717e-1,5.6713423316e-2,1.7664405482e-1,3.5560309502e-4,1.5963634960e-1,6.249946040011692e-1,-6.635991204363670e-2,2.2399731222e1,9.149e-1
2717.000000,3.9904686164e-1,1.9799158125e-1,4.2130248376e-1,1.5807984324e-1,7.3568435603e-2,6.249946027476259e-1,-6.635991205278670e-2,1.8441241204e1,5.889e-1
2718.000000,1.4364815088e-1,3.5668399136e-1,3.8496841926e-1,2.7207445877e-1,9.2614179580e-2,6.249945999242191e-1,-6.635991223298235e-2,2.4425937079e1,5.372e-1
2719.000000,9.9495373948e-2,6.1568944513e-1,1.1988087105e-1,2.3611498518e-1,1.7880852923e-1,6.249946022734149e-1,-6.635991305089275e-2,3.2683344813e1,7.729e-1
2720.000000,1.6821584767e-1,1.2349679459e-1,1.0175232166e-1,6.5071916093e-1,2.0580508161e-1,6.249946032267529e-1,-6.635992754706829e-2,4.8311183682e1,4.787e-1
2721.000000,2.2810797275e-1,6.6897090595e-1,2.3201069501e-1,9.0013104050e-2,3.0886515766e-2,6.249945967643974e-1,-6.635990733431814e-2,1.0141974706e1,3.822e-1
2722.000000,7.8684555935e-1,9.4078838228e-2,1.6208115849e-1,7.7847641640e-2,1.2913599635e-1,6.249945970261221e-1,-6.635990741388864e-2,2.0898761789e1,2.656e-1
2723.000000,6.2256312236e-1,1.9651268589e-1,9.5847265342e-2,9.3524343996e-2,2.4154177595e-1,6.249945967664327e-1,-6.635990685342336e-2,3.5381211385e1,3.046e-1
2724.000000,2.3155924743e-1,2.2479576809e-1,2.2546117887e-1,3.5454556213e-1,2.1362742962e-1,6.249945930706400e-1,-6.635990731390139e-2,4.1058829571e1,5.858e-1
2725.000000,9.7043999623e-2,1.7934275450e-1,5.0175319787e-2,4.7956833772e-1,4.4385876625e-1,6.249945889388967e-1,-6.635990373418216e-2,7.2968718954e1,3.804e-1
2726.000000,4.1626489297e-2,3.9220803079e-1,3.9970256244e-1,5.5604700775e-2,3.6084738209e-1,6.249945826977447e-1,-6.635990444037863e-2,5.1970665138e1,6.089e-1
2727.000000,5.1533936422e-2,2.7437595248e-1,8.4018368987e-1,7.8677389062e-2,5.2181912017e-3,6.249945795147391e-1,-6.635990384207810e-2,1.0481593316e1,6.726e-1
2728.000000,7.0287816199e-2,1.7502030413e-1,7.9895153230e-1,8.2328024645e-2,1.2340147288e-1,6.249945750770876e-1,-6.635989844259702e-2,2.5206682092e1,2.850e-1
2729.000000,1.3539607153e-1,4.7095673181e-1,1.5641655621e-1,1.8624061376e-1,3.0097918326e-1,6.249945782904238e-1,-6.635989752097496e-2,4.6745979047e1,3.884e-1
2730.000000,2.7314041870e-1,3.4044339356e-2,8.0375584332e-2,6.6211234070e-2,7.9621760173e-1,6.249945890923704e-1,-6.635989630042122e-2,1.0488227607e2,8.459e-1
2731.000000,3.2006801745e-1,9.5015061999e-3,3.1120727184e-1,8.8470612197e-2,5.2074174299e-1,6.249945753337284e-1,-6.635989464898948e-2,7.2154697889e1,6.969e-1
2732.000000,2.2013527693e-1,2.4171315951e-1,2.2331323011e-1,3.8680145008e-1,1.7802602114e-1,6.249945688816915e-1,-6.635989740104262e-2,3.7544976906e1,6.110e-1
2733.000000,5.3243861744e-2,5.8977486642e-1,2.0402795538e-1,1.9305382257e-1,2.0988863186e-1,6.249945689853083e-1,-6.635989147075690e-2,3.5881862507e1,5.452e-1
2734.000000,4.5767462791e-2,4.3158442298e-1,1.2223394011e-1,3.7152754963e-1,2.7887576235e-1,6.249945689270303e-1,-6.635988966093892e-2,4.9448903267e1,3.252e-1
2735.000000,1.7344465200e-1,4.9141625457e-1,5.9569047005e-2,2.8566119124e-1,2.3989798758e-1,6.249945661995202e-1,-6.635988654472186e-2,4.1394207741e1,4.898e-1
2736.000000,4.4407055641e-1,7.6384932814e-2,1.4827283799e-1,2.6127465466e-1,3.1998614796e-1,6.249945649203389e-1,-6.635988404379628e-2,5.0880003736e1,3.826e-1
2737.000000,5.2030681956e-1,6.0381422826e-2,2.6632669942e-1,2.4348502169e-1,1.5948915891e-1,6.249945612039622e-1,-6.635988439397705e-2,3.0717662885e1,4.201e-1
2738.000000,3.6188492612e-1,1.9502304417e-1,9.2489659448e-2,3.2113049701e-1,2.7946099502e-1,6.249945608862167e-1,-6.635988096131268e-2,4.7358089093e1,4.414e-1
2739.000000,1.0805252779e-1,5.1609937600e-1,1.0102015577e-1,2.6649690573e-1,2.5832015323e-1,6.249945592591670e-1,-6.635987880368853e-2,4.3487266859e1,7.180e-1
2740.000000,4.8534652914e-2,7.5026977317e-2,9.2050713627e-1,1.1781941943e-1,8.8100917919e-2,6.249945519242294e-1,-6.635987967956100e-2,2.2585517287e1,3.594e-1
2741.000000,3.7549802369e-2,1.4995479900e-2,1.0084944453e0,1.6347210350e-1,2.5477269611e-2,6.249945503458556e-1,-6.635987723493508e-2,1.6608919246e1,8.366e-1
2742.000000,2.6453541041e-2,1.5682584159e-1,8.0479219295e-1,1.6792713733e-1,9.3990377565e-2,6.249945452422934e-1,-6.635987409809302e-2,2.4169652720e1,8.970e-1
2743.000000,3.1857962015e-2,7.1518851711e-1,2.7165084736e-2,3.1685431213e-1,1.5892322692e-1,6.249945514563139e-1,-6.635987032348416e-2,3.2145137727e1,7.146e-1
2744.000000,1.1683157879e-1,3.7093390631e-1,1.0220111673e-1,4.3891625337e-1,2.2110624397e-1,6.249945495859407e-1,-6.635987131950070e-2,4.3964811871e1,6.070e-1
2745.000000,3.1988606236e-1,3.5454833131e-1,1.7510436797e-1,3.2685183646e-1,7.3598498239e-2,6.249945481673431e-1,-6.635986806830967e-2,2.2149741179e1,5.671e-1
2746.000000,8.2122583887e-1,5.9377728269e-2,3.2754189227e-1,3.7169373906e-2,4.6742628386e-3,6.249945480763111e-1,-6.635986567105615e-2,4.9374291225e0,7.940e-1
2747.000000,6.0665068490e-1,2.9549058845e-1,4.7005927073e-2,4.3457754479e-2,2.5738414211e-1,6.249945485035264e-1,-6.635986554782118e-2,3.5606172269e1,6.651e-1
2748.000000,1.9673082884e-1,1.7930218968e-1,4.6405211084e-1,2.6957561535e-1,1.4032835327e-1,6.249945489833583e-1,-6.635986729479529e-2,3.0757835590e1,5.120e-1
2749.000000,9.1032475618e-2,2.5882846652e-1,6.1593608757e-1,1.9164149074e-1,9.2550569407e-2,6.249945449247006e-1,-6.635986385946002e-2,2.3469662459e1,6.067e-1
2750.000000,1.7241403514e-1,4.4951850285e-1,1.1619928902e-1,4.3203118258e-1,7.9826080837e-2,6.249945452126117e-1,-6.635986546460321e-2,2.5957574525e1,2.515e-1
2751.000000,3.3615958249e-1,5.3148040156e-2,6.3989912435e-2,2.2305017684e-1,5.7364137669e-1,6.249945443011018e-1,-6.635985985933726e-2,8.1349997046e1,4.700e-1
2752.000000,3.4628125687e-1,5.0736888954e-2,6.2740448541e-2,4.0373465987e-1,3.8649582212e-1,6.249945381785842e-1,-6.635985979389086e-2,6.3167512342e1,2.026e-1
2753.000000,2.0347209546e-1,2.9360119843e-1,7.0588015011e-2,3.9346856451e-2,6.4298091772e-1,6.249945415394424e-1,-6.635985880996310e-2,8.4814299439e1,1.818e-1
2754.000000,1.1996322354e-1,1.9050163148e-1,3.4586353483e-1,7.0736566034e-2,5.2292412065e-1,6.249945382670439e-1,-6.635985893261385e-2,7.2405750710e1,2.356e-1
2755.000000,1.6309294757e-1,7.7398758975e-2,1.5225571643e-1,8.7597500811e-2,7.6964416764e-1,6.249945457068771e-1,-6.635986043144781e-2,1.0277196321e2,6.597e-1
2756.000000,2.5787972084e-1,2.3671475685e-2,3.5567053332e-2,8.6786472215e-1,6.5006112468e-2,6.249945422400028e-1,-6.635986765020270e-2,3.6553272743e1,8.891e-1
2757.000000,2.6795649053e-1,2.2805281847e-2,7.0445904757e-1,3.2797468828e-2,2.2197075263e-1,6.249945206969921e-1,-6.635985761022389e-2,3.5277036528e1,8.290e-1
2758.000000,1.1632147971e-1,5.4996355718e-1,6.7289059409e-2,3.7565037786e-1,1.4076457710e-1,6.249945256304605e-1,-6.635985737505307e-2,3.1735078290e1,5.296e-1
2759.000000,1.1358189347e-1,2.9668769950e-1,4.1347683782e-1,2.9769958961e-3,4.2326561857e-1,6.249945226289626e-1,-6.635985941067131e-2,5.8231244094e1,6.182e-1
2760.000000,1.8554286469e-1,3.7875536335e-3,2.8031522018e-1,6.2367421408e-1,1.5666920924e-1,6.249945309072495e-1,-6.635985620539120e-2,4.2354101934e1,3.629e-1
2761.000000,1.7332912212e-1,1.3005594129e-2,8.8882489568e-2,2.1564473716e-1,7.5912710160e-1,6.249945222925886e-1,-6.635986027752840e-2,1.0489263626e2,8.037e-1
2762.000000,1.0600290460e-1,2.0625688652e-1,4.2272638226e-1,6.5794906564e-2,4.4920793433e-1,6.249945071359611e-1,-6.635986421069281e-2,6.3451378887e1,6.696e-1
2763.000000,2.5524542884e-2,6.5027678199e-1,7.3147182143e-2,1.1994767507e-1,3.8109283919e-1,6.249945106355238e-1,-6.635986495673925e-2,5.4516702311e1,5.801e-1
2764.000000,1.3220204889e-2,8.0862864568e-2,4.3983931013e-1,7.8730412836e-2,6.3733621633e-1,6.249945043743369e-1,-6.635986595953951e-2,8.7785459214e1,7.980e-1
2765.000000,9.8791078950e-3,2.1406920332e-1,2.0216128500e-1,7.6445460127e-2,7.4743394997e-1,6.249945031561781e-1,-6.635987402440231e-2,1.0016816856e2,7.062e-1
2766.000000,1.8224379003e-2,5.8871156616e-1,1.2400164133e-1,1.3284036514e-1,3.8621104964e-1,6.249945006372353e-1,-6.635987671824974e-2,5.5864454491e1,5.932e-1
2767.000000,6.8335991082e-2,3.3329885193e-1,3.4421263559e-1,1.7187735754e-1,3.3226416235e-1,6.249944992452448e-1,-6.635987455940323e-2,5.1484355006e1,5.773e-1
2768.000000,2.2642523453e-1,3.0211716080e-1,9.3214537174e-2,5.2940013227e-1,9.8831933766e-2,6.249944992715094e-1,-6.635987140262192e-2,3.1054454991e1,4.618e-1
2769.000000,4.0624594282e-1,6.2748870869e-2,5.7884120603e-1,1.7411167153e-1,2.8041295929e-2,6.249944935896132e-1,-6.635987544645931e-2,1.4120209729e1,6.130e-1
2770.000000,4.9598993121e-1,1.6116203700e-1,8.3212562590e-2,3.9878889823e-1,1.1083555993e-1,6.249944944797957e-1,-6.635987446577042e-2,2.8184215955e1,2.965e-1
2771.000000,4.5964199752e-1,2.4035746597e-1,2.0922533289e-1,4.3341200746e-2,2.9742298852e-1,6.249944928247979e-1,-6.635987590771888e-2,4.1841399549e1,3.394e-1
2772.000000,5.1770933471e-1,2.1601689067e-1,2.9968963933e-1,1.3750566413e-1,7.9067458613e-2,6.249944937241232e-1,-6.635987593235240e-2,1.7609221518e1,4.495e-1
2773.000000,6.4210352640e-1,8.1365575138e-2,1.5233065106e-1,2.4272403620e-1,1.3146519840e-1,6.249944936015746e-1,-6.635987549285297e-2,2.6297142676e1,5.915e-1
2774.000000,3.2012226333e-1,2.7924683019e-1,1.7606401897e-1,3.3019308255e-1,1.4436279225e-1,6.249944936475315e-1,-6.635987489484213e-2,3.1171682994e1,5.183e-1
2775.000000,3.8793671073e-1,1.5721198791e-1,1.1785335064e-1,3.6757325662e-1,2.1941367769e-1,6.249944917927355e-1,-6.635987533328927e-2,4.1298514092e1,6.223e-1
2776.000000,4.1271226923e-1,1.2192582441e-1,4.1395280678e-1,7.1921192516e-3,2.9420595849e-1,6.249944890873861e-1,-6.635987432429501e-2,4.1650340741e1,6.278e-1
2777.000000,4.2654084243e-1,2.7036791391e-1,4.4551417054e-1,4.7048187090e-2,6.0517865195e-2,6.249944895819328e-1,-6.635987428320621e-2,1.3569948345e1,4.883e-1
2778.000000,7.6412052325e-1,2.3911042228e-3,3.7548498327e-1,2.9535963572e-2,7.8456405297e-2,6.249944898047951e-1,-6.635987416377774e-2,1.4378293049e1,5.407e-1
2779.000000,3.7021006834e-1,4.5124002278e-1,1.2115821804e-1,5.9059481055e-2,2.4832119079e-1,6.249944905062546e-1,-6.635987369015867e-2,3.5731866640e1,6.687e-1
2780.000000,2.8792081272e-1,2.3107062808e-1,1.7867532262e-1,1.7029866431e-2,5.3529235367e-1,6.249944917560386e-1,-6.635987407885358e-2,7.1097881239e1,7.086e-1
2781.000000,3.4713105340e-1,3.1631329158e-2,2.1801759040e-1,2.3566944216e-3,6.5085231369e-1,6.249944905348863e-1,-6.635987603231297e-2,8.5365479282e1,7.931e-1
2782.000000,1.8303802381e-1,4.0484955553e-1,1.9839805380e-1,8.0857503947e-2,3.8284583371e-1,6.249944853947225e-1,-6.635987785453126e-2,5.4080109394e1,6.074e-1
2783.000000,5.2942604167e-2,3.1749295075e-1,5.7734043862e-1,2.0287609411e-2,2.8192536449e-1,6.249944837197510e-1,-6.635987777497723e-2,4.2015830868e1,7.562e-1
2784.000000,4.4493236265e-2,5.4198285789e-2,5.0149706467e-1,4.9145359244e-2,6.0065502987e-1,6.249944879179912e-1,-6.635987265003511e-2,8.2599115026e1,7.555e-1
2785.000000,3.1954862569e-2,1.4643475885e-1,1.1405463046e-1,2.4612203320e-1,7.1142267955e-1,6.249944823126743e-1,-6.635986345373536e-2,1.0015929204e2,8.391e-1
2786.000000,3.2029970381e-2,5.7513971223e-1,4.5628207254e-2,8.6130021894e-2,5.1106105785e-1,6.249944848083459e-1,-6.635986810676575e-2,6.9703296173e1,7.146e-1
2787.000000,7.4730057753e-2,2.5786883976e-1,2.5087340548e-1,3.0378477449e-1,3.6273188467e-1,6.249944810757415e-1,-6.635986584665185e-2,5.8710883974e1,4.646e-1
2788.000000,1.7816975118e-1,2.7703814776e-1,8.7479374368e-2,1.8727734067e-1,5.2002434500e-1,6.249944794947330e-1,-6.635986857026188e-2,7.3898987228e1,4.693e-1
2789.000000,3.1848211479e-1,5.8152654681e-2,1.9520400052e-1,5.0997957749e-1,1.6817061602e-1,6.249944817514185e-1,-6.635986774190170e-2,3.9682363702e1,2.519e-1
2790.000000,3.7340839907e-1,2.7227401545e-1,1.7002334448e-1,1.4262380580e-2,4.2002080675e-1,6.249944731615288e-1,-6.635986713984243e-2,5.6310498429e1,5.350e-1
2791.000000,6.1908564058e-1,1.4546135512e-2,5.0956370571e-1,6.5082937573e-2,4.1710520675e-2,6.249944700244793e-1,-6.635986709804761e-2,1.1836745386e1,6.455e-1
2792.000000,3.7323903700e-1,3.6375037278e-1,1.5866665329e-1,1.8440472005e-2,3.3589240916e-1,6.249944721160238e-1,-6.635986685425513e-2,4.5767776967e1,5.729e-1
2793.000000,4.3950090806e-1,2.8878482406e-1,1.4428832720e-1,2.5099281155e-2,3.5231560395e-1,6.249944722111658e-1,-6.635986710655684e-2,4.7851201022e1,6.568e-1
2794.000000,6.9533888434e-1,1.2988465715e-2,1.0514104628e-1,2.6070431859e-1,1.7581622818e-1,6.249944715553883e-1,-6.635986733247139e-2,3.2061790146e1,8.331e-1
2795.000000,3.7676947950e-1,5.2373941289e-1,8.4074159743e-2,9.6595088526e-2,1.6881079885e-1,6.249944697549970e-1,-6.635986708275771e-2,2.6607281929e1,5.755e-1
2796.000000,3.6426611192e-1,2.3607413878e-1,2.3352850949e-1,2.0134846299e-1,2.1477171586e-1,6.249944695222365e-1,-6.635986815934454e-2,3.6456439855e1,4.824e-1
2797.000000,3.8133109065e-1,1.7801388285e-1,4.5226771047e-1,1.8994361039e-1,4.8432639728e-2,6.249944670423687e-1,-6.635986674228758e-2,1.6442408412e1,5.823e-1
2798.000000,3.0676457439e-1,2.7150232311e-1,1.9938275604e-1,3.6265158933e-1,1.0968769766e-1,6.249944702658995e-1,-6.635986535431490e-2,2.7936325141e1,4.550e-1
2799.000000,2.1579595423e-1,6.2012037240e-1,2.2235581147e-1,1.4196797411e-1,4.9748824965e-2,6.249944685913611e-1,-6.635986885947184e-2,1.4037809981e1,3.705e-1
2800.000000,3.4972111832e-1,8.7120707349e-2,6.4126451529e-1,9.5309212659e-2,7.6573377497e-2,6.249944655561549e-1,-6.635986867672523e-2,1.8330505221e1,5.741e-1
2801.000000,3.2378093933e-1,3.7655242490e-1,3.1112195189e-2,4.4485967209e-1,7.3683706927e-2,6.249944692176582e-1,-6.635986515817753e-2,2.4830916874e1,6.592e-1
2802.000000,3.5136050412e-1,4.1583711695e-1,1.5800985729e-1,3.0014241717e-1,2.4639038954e-2,6.249944672434831e-1,-6.635986891258006e-2,1.5029787680e1,4.308e-1
2803.000000,5.6017218492e-1,7.2649742265e-2,4.4256417837e-1,9.8459933089e-2,7.6142894958e-2,6.249944667988035e-1,-6.635987090059731e-2,1.6862907417e1,4.533e-1
2804.000000,4.6265007876e-1,1.7813297111e-1,2.3568506007e-2,1.8890507716e-2,5.6674687920e-1,6.249944713948838e-1,-6.635987104366142e-2,7.3924235814e1,3.177e-1
2805.000000,2.3172200724e-1,3.5529252014e-1,9.2843282211e-2,5.5909548392e-1,1.1035645237e-2,6.249944693703814e-1,-6.635987483333605e-2,2.0872810377e1,7.444e-1
2806.000000,2.8509692792e-1,9.1556566326e-2,2.7618642369e-1,1.9420837363e-1,4.0294063155e-1,6.249944615568088e-1,-6.635986935611915e-2,6.0326221781e1,3.130e-1
2807.000000,3.1163536317e-1,3.2872441335e-1,1.7206333968e-1,6.8605310353e-2,3.6896050076e-1,6.249944636587415e-1,-6.635986824206234e-2,5.1612087255e1,4.878e-1
2808.000000,6.7902342346e-1,1.1130263614e-1,4.8431161574e-2,3.5409922352e-1,5.7132483177e-2,6.249944639365697e-1,-6.635986734983344e-2,1.9593699276e1,8.111e-1
2809.000000,5.7333324326e-1,2.9967804281e-1,1.1621794390e-1,1.1636117961e-2,2.4912357832e-1,6.249944631257167e-1,-6.635986865263305e-2,3.4075940058e1,7.565e-1
2810.000000,2.3492120764e-1,2.9078502135e-1,4.2249427028e-1,6.0929253255e-2,2.4085917292e-1,6.249944627224393e-1,-6.635986848670483e-2,3.6858695047e1,4.396e-1
2811.000000,2.3984185328e-1,8.2599277341e-2,1.9790346041e-1,6.2298827579e-1,1.0665606997e-1,6.249944683975266e-1,-6.635987442992518e-2,3.5455948946e1,5.173e-1
2812.000000,1.8867245765e-1,4.3819055050e-1,1.4657876473e-1,2.8754628430e-1,1.8900087073e-1,6.249944639525979e-1,-6.635986615185058e-2,3.5536939999e1,4.340e-1
2813.000000,4.4084041268e-1,1.5793477597e-1,4.3363339436e-1,1.0129092150e-1,1.1628942631e-1,6.249944654065823e-1,-6.635986639323997e-2,2.2131712968e1,6.425e-1
2814.000000,4.9183441553e-1,4.7419389425e-2,6.8459529170e-2,3.3285967927e-1,3.0941592319e-1,6.249944682913040e-1,-6.635986517510428e-2,5.1145180125e1,5.521e-1
2815.000000,2.7149765932e-1,3.6967781159e-1,2.6304840639e-1,5.3334595527e-2,2.9243045908e-1,6.249944659547021e-1,-6.635986475559846e-2,4.2117297523e1,5.129e-1
2816.000000,4.0001456804e-1,2.4225358008e-1,4.9661064610e-1,7.9822054489e-2,3.1288079627e-2,6.249944641689993e-1,-6.635986413913129e-2,1.1216579549e1,5.140e-1
2817.000000,7.2777366020e-1,1.0831335679e-3,7.6193363994e-2,3.5532844317e-1,8.9610330410e-2,6.249944656717710e-1,-6.635986629946683e-2,2.3816232483e1,7.106e-1
2818.000000,3.5678196991e-1,6.9479505156e-1,1.0431904186e-1,4.4220929296e-2,4.9871937356e-2,6.249944649910317e-1,-6.635986405471471e-2,1.0201211142e1,8.283e-1
2819.000000,1.8247610486e-1,2.7838299875e-1,2.3242624468e-1,2.0182031607e-1,3.5488326709e-1,6.249944657212154e-1,-6.635986325608238e-2,5.4390722308e1,5.955e-1
2820.000000,2.5416640243e-1,9.7450348996e-3,2.1983665203e-1,3.1624636378e-1,4.4999448486e-1,6.249944690037328e-1,-6.635986085353013e-2,6.9624444191e1,4.739e-1
2821.000000,2.0627354607e-1,2.5743257836e-1,1.6779216645e-1,5.0737830751e-1,1.1111235297e-1,6.249944756813893e-1,-6.635986462441258e-2,3.2418826282e1,7.120e-1
2822.000000,2.9427115784e-1,2.2706375403e-1,1.4778756843e-1,7.6637110966e-2,5.0422935286e-1,6.249944720619572e-1,-6.635986044318329e-2,6.8777308352e1,3.471e-1
2823.000000,5.3844145282e-1,1.7565721948e-2,1.7558844930e-2,1.2755216882e-1,5.4887075632e-1,6.249944724178229e-1,-6.635986040465711e-2,7.4781949141e1,3.120e-1
2824.000000,3.8136265343e-1,2.5942629280e-1,1.1176733784e-1,2.8668802094e-1,2.1074463485e-1,6.249944699335177e-1,-6.635986049461291e-2,3.7753002546e1,4.994e-1
2825.000000,2.2870805823e-1,4.4869877191e-1,1.1978013565e-1,3.8041033557e-1,7.2391638228e-2,6.249944697931845e-1,-6.635985867592165e-2,2.3409253090e1,5.602e-1
2826.000000,2.8853919041e-1,1.4199099416e-1,3.7150541418e-1,3.2906734228e-1,1.1888599684e-1,6.249944689339676e-1,-6.635986026041153e-2,2.9147857446e1,6.014e-1
2827.000000,3.3149889333e-1,5.8031066178e-1,9.2533425758e-2,1.7300576263e-2,2.2834537385e-1,6.249944654881494e-1,-6.635986306626680e-2,3.1848464470e1,5.733e-1
2828.000000,6.1259318991e-1,2.1615740090e-2,3.7766834586e-1,2.9211943226e-2,2.0889970919e-1,6.249944641373077e-1,-6.635986279256814e-2,3.1044819802e1,7.723e-1
2829.000000,4.4181753428e-1,1.1224697627e-1,3.2605387023e-1,1.4269069399e-1,2.2717985346e-1,6.249944641115803e-1,-6.635986224997889e-2,3.6698957132e1,6.071e-1
2830.000000,2.0266682237e-1,4.7289676829e-1,4.7166418682e-3,1.7620973542e-1,3.9349896151e-1,6.249944647300177e-1,-6.635986175247535e-2,5.7091438689e1,5.519e-1
2831.000000,6.7670169182e-2,1.9361396984e-1,1.9861554840e-1,3.1281704085e-1,4.7727219185e-1,6.249944600599380e-1,-6.635986359702294e-2,7.3110973275e1,4.449e-1
2832.000000,5.1603607778e-2,1.6283437153e-1,2.7660147282e-2,9.9793865760e-1,9.9521503740e-3,6.249944672784247e-1,-6.635987887886546e-2,3.3780664016e1,5.228e-1
2833.000000,7.6410970194e-2,1.1925710603e-1,7.1600292389e-2,1.1229873120e-1,8.7042180367e-1,6.249944517388248e-1,-6.635985829219983e-2,1.1585707230e2,9.214e-1
2834.000000,1.4130809864e-1,1.1519730311e-1,5.7681703660e-2,1.7304624217e-1,7.6275552813e-1,6.249944378596901e-1,-6.635985597899129e-2,1.0393268964e2,8.618e-1
2835.000000,2.6415799418e-1,1.1338425467e-1,1.6511797062e-1,7.6460088338e-3,6.9968264760e-1,6.249944379556577e-1,-6.635985771630876e-2,9.1483842447e1,7.956e-1
2836.000000,4.5516859448e-1,1.6229325785e-1,4.0936801596e-1,2.7478635325e-2,1.9568035461e-1,6.249944291099812e-1,-6.635985823618903e-2,2.9753516661e1,4.124e-1
2837.000000,7.3149284840e-1,3.1898242788e-2,1.9777720998e-1,8.1607169814e-2,2.0721338729e-1,6.249944291381486e-1,-6.635985878284822e-2,3.1146503597e1,5.011e-1
2838.000000,3.6676121381e-1,5.8486202899e-1,2.0293347620e-2,2.2817453573e-1,4.9897732759e-2,6.249944294512724e-1,-6.635985807022382e-2,1.5203946382e1,7.501e-1
2839.000000,9.2221490629e-2,1.9013654061e-1,4.5982639184e-1,4.5811297037e-1,4.9691460295e-2,6.249944268701942e-1,-6.635986100256311e-2,2.5125116931e1,4.332e-1
2840.000000,4.7963649537e-2,9.9778044611e-2,3.9733348396e-1,1.1529924331e-1,5.8961443563e-1,6.249944285196531e-1,-6.635985261469048e-2,8.2562429332e1,4.039e-1
2841.000000,6.4658258817e-2,4.4108819319e-1,6.2597494073e-3,3.7760020337e-2,7.0022264781e-1,6.249944347797936e-1,-6.635985325785797e-2,9.1801403082e1,2.448e-1
2842.000000,1.6498709732e-1,1.8928425894e-1,8.8221916598e-2,6.7917127546e-1,1.2832430703e-1,6.249944276721265e-1,-6.635984992809323e-2,3.9325829513e1,4.060e-1
2843.000000,2.7090147811e-1,6.7068095675e-2,9.9221521184e-2,7.1158901764e-1,1.0120874615e-1,6.249944293792307e-1,-6.635985469526601e-2,3.6788927171e1,8.402e-1
2844.000000,3.4814611951e-1,1.8209940505e-1,3.2994873021e-1,3.0822302141e-1,8.1571566503e-2,6.249944213483258e-1,-6.635985485807694e-2,2.3482158909e1,4.898e-1
2845.000000,7.1314043871e-1,8.4576918669e-2,7.7709333372e-2,1.0919785469e-1,2.6536429444e-1,6.249944199386706e-1,-6.635985185741605e-2,3.8608359762e1,5.912e-1
2846.000000,5.5936761957e-1,3.8701239928e-1,1.5152026277e-1,9.0451053486e-2,6.1637502644e-2,6.249944188731171e-1,-6.635985224759824e-2,1.3049904760e1,6.136e-1
2847.000000,2.0394431489e-1,3.4970067114e-1,1.8628119185e-1,2.0371751199e-1,3.0634514867e-1,6.249944192757557e-1,-6.635985195717800e-2,4.8022762448e1,5.810e-1
2848.000000,1.8841841032e-1,4.9819835983e-2,4.6891678421e-1,1.4646087671e-1,3.9637291380e-1,6.249944105122271e-1,-6.635985542713700e-2,5.9367664172e1,3.224e-1
2849.000000,1.2164933442e-1,1.8047391811e-1,3.3418670470e-1,2.1999094466e-1,3.9368791778e-1,6.249944098327157e-1,-6.635986145720400e-2,6.0527029846e1,6.188e-1
2850.000000,4.0349887720e-2,6.4330135221e-1,8.3709986667e-2,3.1017658003e-3,4.7952583237e-1,6.249944123847084e-1,-6.635985952438099e-2,6.3455020591e1,7.068e-1
2851.000000,4.8285193056e-2,1.1631499604e-1,1.2566065882e-1,5.6536688156e-1,3.9436107295e-1,6.249944012110391e-1,-6.635985839366512e-2,6.9832015407e1,6.208e-1
2852.000000,6.5455900492e-2,4.0007503125e-2,3.7272737060e-1,8.6353279318e-2,6.8544474240e-1,6.249943979641663e-1,-6.635985112830742e-2,9.3594793886e1,7.611e-1
2853.000000,7.6788810717e-2,3.1994987842e-1,1.4411296149e-1,3.1621971483e-2,6.7751517939e-1,6.249944007440646e-1,-6.635985404825961e-2,8.9565043903e1,8.027e-1
2854.000000,2.1038976040e-1,3.4771813668e-1,2.4433325475e-1,3.4590780580e-1,1.0163983204e-1,6.249943948358500e-1,-6.635985417647940e-2,2.6834245478e1,5.373e-1
2855.000000,6.4730683412e-1,1.3509332084e-1,2.5406983137e-2,3.1853286048e-1,1.2364879264e-1,6.249943956070100e-1,-6.635985403102468e-2,2.6817192917e1,7.599e-1
2856.000000,6.1943219602e-1,1.4990993046e-1,3.3747294633e-1,3.8262530587e-2,1.0491118520e-1,6.249943942991146e-1,-6.635985334852328e-2,1.7962352214e1,7.248e-1
2857.000000,3.3233512655e-1,3.7010379314e-1,1.7518548089e-1,3.0578761235e-1,6.6576776671e-2,6.249943948019360e-1,-6.635985205442314e-2,2.0614890006e1,3.634e-1
2858.000000,2.8091673850e-1,3.9889862371e-1,3.8198749888e-3,3.5512414636e-1,2.1122940435e-1,6.249943939564324e-1,-6.635985480831674e-2,3.9370151057e1,6.168e-1
2859.000000,3.1982573717e-1,1.1441595205e-1,7.4473961089e-1,6.0856582433e-2,1.0150895398e-2,6.249943889705909e-1,-6.635985549551521e-2,9.5933869086e0,2.096e-1
2860.000000,2.3892093356e-1,4.4320705998e-1,7.2825907766e-3,2.2374373022e-1,3.3683446975e-1,6.249943921440315e-1,-6.635985943115030e-2,5.1338746809e1,3.776e-1
2861.000000,2.6177486085e-1,5.1052646698e-1,1.1836815957e-1,1.6049505360e-1,1.9882424035e-1,6.249943906748862e-1,-6.635985874518542e-2,3.2684230121e1,6.767e-1
2862.000000,5.4409388838e-1,1.2504340197e-1,2.5416942699e-1,1.0617321921e-1,2.2050884246e-1,6.249943895042536e-1,-6.635985769762036e-2,3.4178164014e1,6.843e-1
2863.000000,5.6292358526e-1,9.3366526966e-2,3.5397140380e-2,5.4889415550e-1,9.4073765615e-3,6.249943923370271e-1,-6.635986188244994e-2,1.9520129146e1,6.754e-1
2864.000000,2.5671109548e-1,4.1805473037e-1,7.4029445674e-2,5.7986286226e-2,4.4320722320e-1,6.249943904803442e-1,-6.635985753669424e-2,6.0142786303e1,6.631e-1
2865.000000,2.7288664525e-1,6.5968139744e-2,4.3619531278e-1,3.5528145703e-1,1.1965722864e-1,6.249943917196086e-1,-6.635986030825633e-2,3.0443073996e1,6.095e-1
2866.000000,2.9089521231e-1,5.0774184703e-2,7.3476677963e-1,1.1158437930e-1,6.1968206570e-2,6.249943812556794e-1,-6.635985699432900e-2,1.7627760791e1,4.291e-1
2867.000000,1.9625340433e-1,5.3586761767e-1,4.0269434164e-1,8.9409038198e-2,2.5764367800e-2,6.249943848176843e-1,-6.635985494416247e-2,1.0550344971e1,7.237e-1
2868.000000,5.6636796193e-1,1.6927796201e-1,2.9645370776e-1,2.0221449597e-1,1.5674643036e-2,6.249943853564670e-1,-6.635985588911733e-2,1.1470587747e1,4.498e-1
2869.000000,6.1568411737e-1,9.0749914212e-2,1.6040970317e-2,1.4768499829e-1,3.7982877056e-1,6.249943853735128e-1,-6.635985411254111e-2,5.3961672227e1,6.092e-1
2870.000000,2.4803447931e-1,4.0577174583e-1,1.4463824698e-1,4.3351468575e-1,1.8029612973e-2,6.249943854173226e-1,-6.635985785096943e-2,1.8272927112e1,4.627e-1
2871.000000,2.2660311572e-1,1.7725194572e-1,7.3176414090e-1,4.5896806553e-2,6.8472753852e-2,6.249943813689358e-1,-6.635985342068550e-2,1.6555128879e1,6.992e-1
2872.000000,4.2090284055e-1,3.9878771707e-2,5.3305911157e-1,1.4842411484e-1,1.0772392347e-1,6.249943810732645e-1,-6.635985180198201e-2,2.3092915736e1,7.266e-1
2873.000000,4.6322185175e-1,2.6154095015e-2,1.5134339730e-1,2.9191228795e-1,3.1735712989e-1,6.249943809537217e-1,-6.635984968728481e-2,5.1457572135e1,6.698e-1
2874.000000,1.9351423664e-1,7.5867063758e-1,2.2973174380e-2,2.2373984513e-1,5.1090868321e-2,6.249943810260613e-1,-6.635985185724205e-2,1.5497189978e1,5.748e-1
2875.000000,1.2943755648e-1,2.0960750189e-1,3.7103356477e-1,8.1509410189e-2,4.5840071873e-1,6.249943760264967e-1,-6.635985305647776e-2,6.4735795423e1,6.439e-1
2876.000000,1.3206074686e-1,1.5429901318e-1,4.1307201770e-1,5.4171853609e-1,8.8384420403e-3,6.249943779310555e-1,-6.635985188143009e-2,2.2145518277e1,5.385e-1
2877.000000,1.7180279150e-1,6.6998565344e-1,6.2222006622e-2,2.8662562648e-1,5.9352666945e-2,6.249943724909719e-1,-6.635985306885027e-2,1.8692810172e1,6.587e-1
2878.000000,3.4253685809e-1,9.4861629258e-2,2.1794858274e-1,2.6918645243e-2,5.6772303512e-1,6.249943752243421e-1,-6.635985119624453e-2,7.5634525493e1,7.396e-1
2879.000000,4.0526110737e-1,6.5978355818e-2,9.3634528779e-2,3.1868572449e-1,3.6642902851e-1,6.249943724808007e-1,-6.635985145615839e-2,5.8184522329e1,5.528e-1
2880.000000,2.6756483652e-1,4.8061620925e-1,2.2743383427e-1,1.6402226088e-1,1.1035159772e-1,6.249943693161111e-1,-6.635985047149133e-2,2.2288202367e1,5.502e-1
2881.000000,4.4283023171e-1,2.0737998652e-1,4.1320689766e-1,6.5886520433e-2,1.2068510258e-1,6.249943694553582e-1,-6.635985066784345e-2,2.1497892055e1,6.622e-1
2882.000000,4.8972940220e-1,1.3943173330e-1,2.1176431476e-2,2.7943840135e-1,3.2021277004e-1,6.249943691858674e-1,-6.635985267743671e-2,5.0622403028e1,6.551e-1
2883.000000,3.3506246278e-1,2.1795212541e-1,3.8718179920e-2,6.0583374583e-1,5.2422225853e-2,6.249943699004610e-1,-6.635984217730795e-2,2.7009905697e1,7.688e-1
2884.000000,1.6370542355e-1,6.1792647253e-1,2.5111169380e-1,8.8944620559e-2,1.2830051900e-1,6.249943647150987e-1,-6.635985421577850e-2,2.2595293497e1,7.860e-1
2885.000000,9.2457972396e-2,2.8760435314e-1,3.7343576518e-1,3.0253752303e-1,1.9395311336e-1,6.249943635566670e-1,-6.635985195963148e-2,3.8116123061e1,5.305e-1
2886.000000,1.4996585657e-1,7.7815551165e-2,4.5579951039e-2,6.5166774031e-1,3.2495962647e-1,6.249943627767901e-1,-6.635985674705966e-2,6.3043453517e1,2.499e-1
2887.000000,2.2234961445e-1,2.7256597861e-2,6.6585314007e-1,4.0094866844e-2,2.9443447738e-1,6.249943483057212e-1,-6.635985065432787e-2,4.4463161967e1,5.801e-1
2888.000000,2.9298509775e-1,6.6056460232e-3,6.3261727806e-2,2.3624169567e-1,6.5089453783e-1,6.249943525371650e-1,-6.635984813673990e-2,9.1540032766e1,3.128e-1
2889.000000,2.5190327465e-1,5.3284416751e-2,2.2462254720e-2,8.9287778563e-1,2.9460976193e-2,6.249943539742114e-1,-6.635986260172937e-2,3.2755312601e1,1.668e-1
2890.000000,1.1305836903e-1,3.6531695567e-1,1.1394495458e-1,8.4344809443e-3,6.4923392860e-1,6.249943444113457e-1,-6.635984456362570e-2,8.5070568984e1,4.897e-1
2891.000000,6.5135312679e-2,3.5698594461e-1,6.2723313844e-2,1.1936252052e-1,6.4578159158e-1,6.249943416180561e-1,-6.635984293166683e-2,8.7727970435e1,5.717e-1
2892.000000,1.1225809747e-1,9.8802212165e-2,3.1646750834e-1,6.8572642735e-1,3.6734414051e-2,6.249943296879108e-1,-6.635984956111411e-2,2.9430724213e1,5.400e-1
2893.000000,1.8534456749e-1,1.0328573888e-1,7.0599022183e-1,8.3208993098e-2,1.7215911176e-1,6.249943165281810e-1,-6.635983756374089e-2,3.0646219621e1,7.817e-1
2894.000000,4.4684482144e-1,2.0552344007e-1,2.1531769360e-1,3.6021316289e-1,2.2089526625e-2,6.249943223126798e-1,-6.635983898833697e-2,1.6711291460e1,5.984e-1
2895.000000,9.1154579377e-1,1.3247282312e-2,2.2034314742e-1,3.8516927320e-2,6.6335491210e-2,6.249943210174225e-1,-6.635983575696849e-2,1.1968497190e1,5.092e-1
2896.000000,4.8946163713e-1,4.0945204211e-1,1.7937654097e-1,8.7894439069e-2,8.3803983122e-2,6.249943211965115e-1,-6.635983581809327e-2,1.6038179120e1,4.804e-1
2897.000000,2.8016358317e-1,1.5340549419e-1,2.2926223727e-1,2.7236170640e-1,3.1479561627e-1,6.249943186483911e-1,-6.635983222863504e-2,5.1290404165e1,5.354e-1
2898.000000,2.5375331930e-1,9.2983430954e-2,2.4248054612e-1,2.5889562085e-1,4.0187571959e-1,6.249943184063125e-1,-6.635982766734656e-2,6.1977439865e1,5.940e-1
2899.000000,1.5031664415e-1,8.3081147298e-1,8.0600471331e-2,4.6501056463e-2,1.4175898170e-1,6.249943133135134e-1,-6.635982977502002e-2,2.2014768503e1,8.230e-1
2900.000000,3.2299792519e-1,5.6439802389e-2,2.2227809541e-1,2.2806016696e-1,4.2021264414e-1,6.249943170461275e-1,-6.635982777212766e-2,6.3137747123e1,4.573e-1
2901.000000,3.2296934821e-1,1.0014430018e-1,2.4016985006e-1,3.7139667408e-1,2.1530844288e-1,6.249943077083373e-1,-6.635982341952354e-2,4.1727306334e1,5.088e-1
2902.000000,3.8905352661e-1,2.3727098833e-1,2.1207296705e-1,3.7773293204e-1,3.3858211254e-2,6.249943126427731e-1,-6.635982337239382e-2,1.8786957342e1,3.600e-1
2903.000000,5.8363606767e-1,7.7706364942e-3,4.3007712855e-1,6.1521784513e-2,1.6698300251e-1,6.249943098725841e-1,-6.635982402883885e-2,2.7090497761e1,3.338e-1
2904.000000,3.6595949706e-1,1.0811156240e-1,3.4099178705e-1,1.8205279046e-1,2.5287298071e-1,6.249943088383174e-1,-6.635982407436100e-2,4.1320567995e1,5.627e-1
2905.000000,1.5051144132e-1,4.3592210346e-1,2.8552270452e-3,5.5833410054e-1,1.0236575096e-1,6.249943116629342e-1,-6.635982928877038e-2,3.1939449084e1,6.525e-1
2906.000000,4.9013698846e-2,2.2605264919e-1,2.0673902235e-1,8.8330047813e-2,6.7985320828e-1,6.249943132388200e-1,-6.635982238890129e-2,9.1978296516e1,5.204e-1
2907.000000,2.4232306821e-2,1.7959327592e-1,8.2685627286e-2,3.7352163732e-2,9.2612528307e-1,6.249943284141012e-1,-6.635982322056011e-2,1.2077209320e2,3.151e-1
2908.000000,1.3885722417e-2,1.2050615430e-1,2.2732062334e-1,5.3166161798e-1,3.5661451545e-1,6.249943167464327e-1,-6.635982141942422e-2,6.4726349910e1,7.289e-1
2909.000000,1.3197585595e-2,1.1435889573e-2,2.9193603597e-1,1.8364014890e-1,7.4977891956e-1,6.249942897999767e-1,-6.635981795141149e-2,1.0421314533e2,4.248e-1
2910.000000,1.1187254601e-2,3.0678025893e-2,8.5510244174e-1,8.6004819117e-3,3.4442032381e-1,6.249942639779296e-1,-6.635981419557861e-2,5.1268786082e1,7.074e-1
2911.000000,6.2847358098e-3,2.5671865405e-1,3.3929641811e-2,3.2700963391e-1,6.2604585307e-1,6.249942593271320e-1,-6.635980442953500e-2,9.1386194289e1,4.324e-1
2912.000000,4.2291196603e-3,1.9922538534e-1,2.4419416532e-1,7.9521581644e-1,7.1240268574e-3,6.249942568061952e-1,-6.635982091031394e-2,2.8712900217e1,2.311e-1
2913.000000,4.0813346909e-3,6.9921590737e-1,7.1986064305e-2,3.6468987840e-1,1.1001531268e-1,6.249942487268565e-1,-6.635980785214179e-2,2.7728397129e1,7.839e-1
2914.000000,1.2636522584e-2,1.7648045308e-1,4.8346550260e-1,2.1833567896e-1,3.5907032685e-1,6.249942420352680e-1,-6.635980527490723e-2,5.7174746752e1,6.101e-1
2915.000000,2.1947913498e-2,4.0148642904e-2,8.0187484165e-1,1.9383380828e-3,3.8407872026e-1,6.249942281992115e-1,-6.635980144528124e-2,5.5730372988e1,6.039e-1
2916.000000,3.8366074122e-2,3.9658739543e-1,5.3886590820e-1,1.1418028730e-1,1.6198878177e-1,6.249942234104604e-1,-6.635979999236327e-2,2.9511618354e1,3.116e-1
2917.000000,1.5855439478e-1,2.4969822245e-1,6.0028104049e-1,3.5741054646e-2,2.0571373283e-1,6.249942225935512e-1,-6.635979865052472e-2,3.2855993517e1,3.960e-1
2918.000000,2.4062863941e-1,1.7211763566e-2,6.0710630760e-1,1.0222496687e-2,3.7481925021e-1,6.249942287367896e-1,-6.635979582356731e-2,5.3315572228e1,6.522e-1
2919.000000,2.4715233415e-1,2.4029909725e-2,3.0321036825e-1,5.0534287832e-1,1.7025298691e-1,6.249942386764860e-1,-6.635979510855701e-2,4.0560673363e1,5.470e-1
2920.000000,2.0107813191e-1,5.3269325458e-2,1.4565841850e-1,3.2886892311e-1,5.2111364945e-1,6.249942242138917e-1,-6.635978965995590e-2,7.8598697734e1,5.506e-1
2921.000000,7.1079474662e-2,7.2869087434e-1,2.7955877601e-2,5.2992133205e-3,4.1696299901e-1,6.249942194665986e-1,-6.635978978167265e-2,5.5257407207e1,4.388e-1
2922.000000,3.1753803425e-2,4.1233620556e-1,2.8319717926e-1,2.8794885501e-1,2.3475238393e-1,6.249942135900149e-1,-6.635979142130452e-2,4.2368795251e1,6.002e-1
2923.000000,9.1647616744e-2,4.6836405463e-1,3.7871014084e-1,7.4280135752e-2,2.3698648009e-1,6.249942140297053e-1,-6.635979138522158e-2,3.6723466840e1,6.148e-1
2924.000000,3.8188749972e-1,2.5202199027e-1,1.2900483225e-1,4.2857453496e-1,5.8499572868e-2,6.249942150350271e-1,-6.635978749359146e-2,2.2929356834e1,6.236e-1
2925.000000,5.4064591035e-1,5.8961846136e-2,5.0588297411e-1,1.1375387424e-1,3.0743823526e-2,6.249942141803821e-1,-6.635979098460233e-2,1.2010643827e1,7.063e-1
2926.000000,4.7510545711e-1,1.2112108975e-1,1.0057113466e-1,4.1278131510e-1,1.4040943274e-1,6.249942146805419e-1,-6.635978961832696e-2,3.2465773459e1,6.888e-1
2927.000000,3.2761958297e-1,2.1619303659e-1,1.5955965355e-1,1.2277519433e-1,4.2384095849e-1,6.249942129656046e-1,-6.635979522559950e-2,6.0053121998e1,5.361e-1
2928.000000,1.3205703360e-1,5.7165420642e-1,7.6226657549e-2,4.5994671308e-1,1.0103818037e-2,6.249942143397031e-1,-6.635979017271106e-2,1.7830733717e1,4.287e-1
2929.000000,1.1787097644e-1,1.4493751759e-1,5.4446361298e-1,2.0596648713e-2,4.2211966217e-1,6.249942089516433e-1,-6.635979537351852e-2,5.9394928944e1,7.379e-1
2930.000000,8.4854354037e-2,3.8759474434e-1,4.1661292878e-1,4.9690209222e-2,3.1123617544e-1,6.249942059112739e-1,-6.635979837600851e-2,4.5578837248e1,5.341e-1
2931.000000,8.2893061615e-2,3.9478735581e-1,2.3861311331e-1,3.6010446259e-2,4.9768443424e-1,6.249942056150037e-1,-6.635979908433319e-2,6.7595868011e1,7.055e-1
2932.000000,1.4595592488e-1,5.7962579357e-2,2.1758354057e-1,3.3564635802e-1,4.9284001467e-1,6.249942087475573e-1,-6.635979648613471e-2,7.5753776780e1,6.883e-1
2933.000000,1.7989428196e-1,2.7861044460e-1,1.0137406408e-1,7.5061993546e-2,6.1504761011e-1,6.249941971485306e-1,-6.635979552433222e-2,8.2586238430e1,6.533e-1
2934.000000,4.6384803592e-1,3.7199988143e-1,1.2887545408e-2,3.9241729734e-1,8.8356280399e-3,6.249941940699969e-1,-6.635979635220114e-2,1.4767338048e1,6.519e-1
2935.000000,7.8757876660e-1,2.2401982310e-2,8.5792834794e-2,3.5173426571e-1,2.4805375625e-3,6.249941934894728e-1,-6.635979543831293e-2,1.2697941337e1,8.234e-1
2936.000000,3.5783261816e-1,4.7732623093e-1,1.0140814005e-1,2.1714241035e-1,9.6278985449e-2,6.249941924702048e-1,-6.635979541921422e-2,2.1217101160e1,4.703e-1
2937.000000,2.0669921101e-1,3.8096824559e-1,8.4328569825e-2,5.2468279893e-1,5.3309561833e-2,6.249941935941837e-1,-6.635978632062628e-2,2.5153388136e1,6.074e-1
2938.000000,1.1999901034e-1,3.2733929571e-1,2.1738892900e-1,1.5707155744e-1,4.2818959324e-1,6.249941928595777e-1,-6.635979800081442e-2,6.2288347302e1,5.241e-1
2939.000000,8.8923897590e-2,4.7986994020e-1,3.9402688012e-2,1.5088804162e-1,4.9090382033e-1,6.249941938716883e-1,-6.635980079601754e-2,6.8983529667e1,3.830e-1
2940.000000,1.1279013766e-1,2.0745649650e-1,7.6732054410e-1,1.5993985740e-1,2.4813359234e-3,6.249941857932790e-1,-6.635979842597191e-2,1.2045558850e1,3.223e-1
2941.000000,1.4436238315e-1,4.1907691420e-1,5.2858766132e-2,5.8547817968e-1,4.8212143376e-2,6.249941932691874e-1,-6.635979371145595e-2,2.6239661251e1,7.609e-1
2942.000000,2.7060599054e-1,2.2052651211e-1,4.1931373811e-1,2.6874231261e-1,7.0799823440e-2,6.249941884017089e-1,-6.635980153470095e-2,2.1592997328e1,4.721e-1
2943.000000,5.6979907938e-1,3.0201151210e-1,1.7549333416e-1,9.0478800862e-2,1.1220565035e-1,6.249941884286162e-1,-6.635980220567617e-2,1.9550514110e1,3.219e-1
2944.000000,7.9574335755e-1,5.9689630700e-2,7.6510551721e-2,6.8822515810e-2,2.4922232182e-1,6.249941887996711e-1,-6.635980222262076e-2,3.5232113053e1,4.388e-1
2945.000000,2.5324343047e-1,4.6734194327e-1,1.3483370115e-1,1.7791249992e-1,2.1665680094e-1,6.249941878730074e-1,-6.635980191213958e-2,3.5565245729e1,3.569e-1
2946.000000,8.5410255236e-2,2.4638938487e-1,3.0915596543e-1,5.0927877323e-1,9.9753986095e-2,6.249941824307784e-1,-6.635979776747032e-2,3.2074162584e1,3.668e-1
2947.000000,8.2973143730e-2,5.2323376111e-2,6.6238036055e-1,8.0602430161e-2,3.7170903915e-1,6.249941748500475e-1,-6.635980428599766e-2,5.5603210985e1,5.451e-1
2948.000000,1.2137759377e-1,2.3654350569e-2,2.1386705033e-1,2.3187214080e-1,6.5921721499e-1,6.249941752283446e-1,-6.635981052074945e-2,9.3618645925e1,8.096e-1
2949.000000,1.4031320911e-1,4.5526772454e-2,4.4659734658e-1,3.1504161400e-1,3.0250939771e-1,6.249941699289263e-1,-6.635981103735350e-2,5.2536523477e1,5.477e-1
2950.000000,1.6357094471e-1,3.9311669951e-1,4.2691409957e-2,1.4595650078e-1,5.0465278936e-1,6.249941721588019e-1,-6.635981843120567e-2,7.0475715214e1,4.113e-1
2951.000000,3.1633066095e-1,1.3664516600e-1,2.9613450088e-1,4.3011998697e-1,7.0758028536e-2,6.249941716646489e-1,-6.635981722310474e-2,2.5621398905e1,6.529e-1
2952.000000,5.0454569956e-1,3.2060788542e-1,1.9660933938e-1,7.8361955902e-3,2.2038921669e-1,6.249941683172436e-1,-6.635981669852596e-2,3.0926941331e1,5.059e-1
2953.000000,8.4789219875e-1,1.2387374070e-2,1.6673768670e-1,3.1080261126e-2,1.9189081572e-1,6.249941681832145e-1,-6.635981690944515e-2,2.7339215109e1,6.802e-1
2954.000000,2.9560320267e-1,6.5868498059e-1,7.0645603138e-2,2.0641809699e-1,1.8636453357e-2,6.249941683760145e-1,-6.635981705778890e-2,1.1021181521e1,8.103e-1
2955.000000,1.2007884077e-1,1.8567819948e-1,3.1550379055e-1,9.6726161131e-2,5.3200134741e-1,6.249941696690784e-1,-6.635981530647639e-2,7.4146835768e1,4.842e-1
2956.000000,1.0463894589e-1,4.4500586550e-2,1.1765340701e-1,9.8624259171e-2,8.8457116703e-1,6.249941828242159e-1,-6.635981162688051e-2,1.1746363358e2,5.348e-1
2957.000000,6.1037007317e-2,5.6227850702e-1,6.1419937604e-2,1.0821771446e-1,4.5703515650e-1,6.249941614493570e-1,-6.635981036611757e-2,6.3609901914e1,3.240e-1
2958.000000,7.8432249488e-2,1.7665405167e-1,2.7808630232e-1,5.6833866109e-1,1.4847704877e-1,6.249941566691871e-1,-6.635981271672103e-2,3.9809114044e1,7.450e-1
2959.000000,1.1492191853e-1,1.8240644646e-1,3.0447991747e-2,4.7597449201e-1,4.4623745572e-1,6.249941522363844e-1,-6.635980900909701e-2,7.3015435863e1,2.269e-1
2960.000000,1.6962993960e-1,1.6816153003e-1,3.2109311833e-2,1.7333624417e-2,8.6275391311e-1,6.249941594962515e-1,-6.635980747182639e-2,1.1166518938e2,3.850e-1
2961.000000,2.7081227140e-1,8.7407809596e-2,3.1625714453e-2,5.5348977229e-2,8.0479353494e-1,6.249941538075213e-1,-6.635980742366543e-2,1.0534796721e2,3.205e-1
2962.000000,2.9249679173e-1,6.5489819596e-2,1.0447440963e-1,4.1914403268e-1,3.6838322913e-1,6.249941413847326e-1,-6.635980577177993e-2,6.1678685687e1,6.399e-1
2963.000000,2.6930042769e-1,2.5808928521e-1,3.2770869845e-1,4.8347242521e-2,3.4654262875e-1,6.249941413106836e-1,-6.635980754529752e-2,4.9177066612e1,4.270e-1
2964.000000,5.4781324726e-1,1.5633004413e-1,1.1616881620e-1,7.7956627743e-2,3.5171955061e-1,6.249941429663365e-1,-6.635980819536472e-2,4.9030631807e1,7.282e-1
2965.000000,5.6322004722e-1,1.9414253029e-1,2.5244674009e-1,1.3504521530e-1,1.0513375005e-1,6.249941414769926e-1,-6.635980781876344e-2,2.0468035901e1,7.475e-1
2966.000000,4.5644774220e-1,1.9028006004e-1,1.6535375176e-1,3.9171339672e-1,4.6193331791e-2,6.249941412570683e-1,-6.635980486837131e-2,2.0379189170e1,6.079e-1
2967.000000,2.5098907199e-1,3.0917883801e-1,3.6641643471e-1,5.3856689944e-2,2.6954724220e-1,6.249941384276143e-1,-6.635980771080836e-2,3.9900644769e1,6.047e-1
2968.000000,3.8264612240e-1,9.1514336919e-2,6.6695591664e-2,2.2771716601e-1,4.8141506303e-1,6.249941400108392e-1,-6.635980798307184e-2,6.9815993849e1,5.856e-1
2969.000000,4.0727896248e-1,7.2234937096e-2,1.6493449591e-1,4.1188970409e-2,5.6435091886e-1,6.249941423817571e-1,-6.635980823793883e-2,7.5222549990e1,6.684e-1
2970.000000,2.1323526258e-1,9.5990607749e-1,2.6506721783e-2,9.9485044394e-3,4.0391712497e-2,6.249941393953307e-1,-6.635980842044717e-2,7.7269749023e0,7.424e-1
2971.000000,4.2239954202e-1,6.6346269258e-2,2.2374514083e-1,8.8706932855e-2,4.4879039722e-1,6.249941410908425e-1,-6.635980820786458e-2,6.2417646132e1,4.940e-1
2972.000000,3.9434017975e-1,1.2770226430e-1,2.5865777849e-2,4.0121592257e-1,3.0086413197e-1,6.249941382175219e-1,-6.635980872372851e-2,5.2009019255e1,6.189e-1
2973.000000,2.6230777776e-1,1.9338792146e-1,8.2372507922e-2,1.5933393405e-1,5.5258613040e-1,6.249941357930461e-1,-6.635981125628812e-2,7.7006620375e1,5.058e-1
2974.000000,1.4533539571e-1,2.5836827103e-1,1.2683582484e-1,4.3844447168e-1,2.8100429599e-1,6.249941296213334e-1,-6.635981022207300e-2,5.1602863819e1,3.698e-1
2975.000000,9.2142730134e-2,2.7949384565e-1,1.4800193877e-1,3.3058795138e-1,3.9976178929e-1,6.249941276110931e-1,-6.635981198659033e-2,6.3537398040e1,3.377e-1
2976.000000,9.0791120585e-2,3.8121587996e-1,7.6135037890e-2,9.2106623370e-2,6.0973959177e-1,6.249941267862882e-1,-6.635981263710276e-2,8.2410987317e1,6.621e-1
2977.000000,1.4561628166e-1,2.1434595559e-1,7.7208531730e-2,5.1672542309e-1,2.9609205565e-1,6.249941238598090e-1,-6.635981066099314e-2,5.5554164968e1,5.756e-1
2978.000000,2.1223056496e-1,4.9852139563e-1,3.0097613772e-1,4.0956931868e-2,1.9730320569e-1,6.249941179344121e-1,-6.635981238034051e-2,3.0076399324e1,5.297e-1
2979.000000,6.8408918509e-1,1.1982951889e-1,4.3577201700e-1,8.9295011383e-3,1.3680128383e-3,6.249941174762121e-1,-6.635981245581421e-2,4.5287294460e0,7.187e-1
2980.000000,5.8625115170e-1,1.7127731478e-1,6.3317120775e-2,2.7737526860e-1,1.5176737972e-1,6.249941177830800e-1,-6.635981237580417e-2,2.9444450370e1,7.160e-1
2981.000000,3.2132468144e-1,2.0974959011e-1,3.0914405525e-1,5.9879670754e-2,3.4989023667e-1,6.249941171116276e-1,-6.635981227644969e-2,4.9755413721e1,5.668e-1
2982.000000,2.7931692250e-1,1.3805241318e-1,1.3613247112e-1,4.3726009172e-1,2.5922633386e-1,6.249941161888699e-1,-6.635981058740602e-2,4.8678116726e1,6.439e-1
2983.000000,2.1251481205e-1,3.4647499112e-1,1.6724785689e-1,2.6503161444e-1,2.5871895433e-1,6.249941144176183e-1,-6.635980944593795e-2,4.3734228060e1,3.566e-1
2984.000000,4.2925237752e-1,9.9467270759e-2,6.7187578799e-2,6.2210127930e-2,5.9187088188e-1,6.249941184404322e-1,-6.635980983021648e-2,7.8701258334e1,2.555e-1
2985.000000,4.3191845198e-1,1.1531521875e-1,2.3115113976e-1,1.0465539755e-1,3.6694801725e-1,6.249941126508246e-1,-6.635980997143703e-2,5.2614117712e1,3.188e-1
2986.000000,2.4372667405e-1,2.9684026784e-1,2.1646990884e-1,3.3470948800e-1,1.5824187416e-1,6.249941064429667e-1,-6.635980968069297e-2,3.3412966652e1,5.624e-1
2987.000000,1.7409812835e-1,4.7045509166e-1,1.4683734055e-1,2.8307747877e-1,1.7552017406e-1,6.249941066878067e-1,-6.635980944410383e-2,3.3727719572e1,3.476e-1
2988.000000,2.2010376208e-1,1.9622332104e-1,2.5778701773e-1,1.3408149415e-1,4.4179262348e-1,6.249941092401957e-1,-6.635980930087339e-2,6.3404858284e1,5.990e-1
2989.000000,2.6683577203e-1,2.4907552259e-1,7.5614583413e-2,5.6091598767e-2,6.0237074773e-1,6.249941122682214e-1,-6.635980868379383e-2,8.0134872469e1,7.353e-1
2990.000000,3.9608591915e-1,4.1340227983e-2,5.2139916467e-1,3.9579974460e-2,2.5158292320e-1,6.249941047320864e-1,-6.635980846580097e-2,3.7921090086e1,5.927e-1
2991.000000,3.3010413101e-1,1.3810077033e-1,6.0210788790e-2,6.7335084777e-1,4.8221673658e-2,6.249941057816139e-1,-6.635981584156846e-2,2.8642541273e1,6.094e-1
2992.000000,1.5488521770e-1,3.6017972726e-1,2.3772333207e-2,4.8259041719e-2,6.6289188813e-1,6.249941040096966e-1,-6.635980657120494e-2,8.7382431745e1,7.940e-1
2993.000000,1.5941482054e-1,4.0535263305e-2,3.9360375344e-1,4.3719208463e-1,2.1924229395e-1,6.249941079256560e-1,-6.635980839603693e-2,4.5362768298e1,6.058e-1
2994.000000,1.8286124892e-1,4.1064431405e-3,5.8281710484e-1,4.7455112930e-2,4.3274827095e-1,6.249940903878384e-1,-6.635980247237239e-2,6.1672522645e1,6.512e-1
2995.000000,1.3663878481e-1,1.9606404624e-1,3.6166971966e-1,2.8977016919e-1,2.6584544697e-1,6.249940834377672e-1,-6.635979998621680e-2,4.6654667869e1,5.081e-1
2996.000000,2.1211642147e-1,7.8513300877e-1,7.0351800462e-2,6.5771279556e-2,1.1661566253e-1,6.249940863944766e-1,-6.635979728746495e-2,1.9270624382e1,8.618e-1
2997.000000,6.8639870671e-1,4.6092151823e-2,2.7291383763e-1,1.1567431067e-1,1.2890916485e-1,6.249940858425493e-1,-6.635979679056372e-2,2.2820645400e1,4.441e-1
2998.000000,5.2702347536e-1,2.0876840473e-1,1.9391734999e-2,2.9873185985e-1,1.9607269703e-1,6.249940859878650e-1,-6.635979679839141e-2,3.5492907162e1,4.427e-1
2999.000000,1.7531302850e-1,4.7477026555e-1,7.7039164146e-2,4.1253683343e-1,1.1032887888e-1,6.249940852586360e-1,-6.635980130811356e-2,2.8976785525e1,3.838e-1
3000.000000,1.7406745193e-1,2.8131066078e-1,1.2818550591e-1,5.1226903010e-1,1.5415552255e-1,6.249940856353402e-1,-6.635980565886834e-2,3.7799654944e1,6.767e-1
3001.000000,4.7153588068e-1,3.7095576863e-1,1.5762340292e-1,2.3991993768e-1,9.9531770062e-3,6.249940834566237e-1,-6.635979485638900e-2,1.1190111364e1,6.430e-1
3002.000000,9.4744118354e-1,5.0801683402e-3,1.2770719431e-1,1.3639763617e-1,3.3361984720e-2,6.249940835396539e-1,-6.635979390726779e-2,1.0140596885e1,9.098e-1
3003.000000,4.4951798913e-1,3.2824365407e-1,2.3709152289e-1,2.0972666649e-1,2.5408334316e-2,6.249940834497134e-1,-6.635979430951910e-2,1.2741498606e1,5.988e-1
3004.000000,2.1700883218e-1,2.6383787492e-1,5.3241398037e-2,5.0912698577e-1,2.0677307526e-1,6.249940830841206e-1,-6.635979918469770e-2,4.3821128529e1,4.475e-1
3005.000000,7.2857308250e-2,7.0769729164e-1,6.0558992954e-2,3.4598146458e-1,6.2893103140e-2,6.249940802816842e-1,-6.635979252991511e-2,2.1058019250e1,8.256e-1
3006.000000,2.4507332795e-2,2.6796270463e-1,3.2510237432e-1,1.3220579566e-1,5.0020995292e-1,6.249940801644815e-1,-6.635978851451202e-2,7.1406457505e1,5.062e-1
3007.000000,3.3768303538e-2,1.1064728085e-1,5.6649484825e-2,1.0936885149e-1,9.3955426006e-1,6.249940903818162e-1,-6.635978782689908e-2,1.2445412313e2,2.695e-1
3008.000000,5.9469158998e-2,5.3503074123e-2,7.3164828166e-2,1.6673855973e-1,8.9711252170e-1,6.249940713587716e-1,-6.635978078590039e-2,1.2088809604e2,4.018e-1
3009.000000,8.6543045613e-2,7.8112193448e-2,4.3643546333e-1,5.6707800328e-1,8.1819413798e-2,6.249940597335828e-1,-6.635977494226852e-2,3.2310360687e1,7.288e-1
3010.000000,2.2494745838e-1,4.6677114966e-1,2.4217895983e-1,1.3477907038e-1,1.8131147319e-1,6.249940557194991e-1,-6.635978754911982e-2,3.0504246527e1,5.619e-1
3011.000000,8.7016965715e-1,1.5515509224e-1,7.0011744911e-2,4.7071083418e-2,1.0758053418e-1,6.249940559486221e-1,-6.635978754996050e-2,1.6582072016e1,3.975e-1
3012.000000,7.2234447022e-1,2.2513564647e-1,2.0405315911e-1,9.4705032697e-2,3.7498031934e-3,6.249940558508709e-1,-6.635978752650384e-2,5.9544046560e0,4.315e-1
3013.000000,3.1091402586e-1,2.3851543921e-1,1.0344690768e-1,3.2835351245e-1,2.6875822696e-1,6.249940560809499e-1,-6.635978800751433e-2,4.6368428602e1,5.657e-1
3014.000000,1.6923438098e-1,1.1174594024e-1,2.8531902799e-1,6.1533858463e-1,6.8350196793e-2,6.249940653181032e-1,-6.635978075168106e-2,3.1030321193e1,5.124e-1
3015.000000,7.9428053617e-2,1.7516551565e-1,3.3055495094e-1,3.4361981303e-1,3.2121976616e-1,6.249940497040929e-1,-6.635979294078437e-2,5.5146448751e1,5.712e-1
3016.000000,8.1808859008e-2,3.0318278056e-1,1.9759006132e-1,5.7741312563e-1,8.9993272754e-2,6.249940496343110e-1,-6.635979895699987e-2,3.2224349414e1,5.461e-1
3017.000000,3.0987879843e-1,5.8011697474e-1,4.7657137488e-2,7.8956810611e-2,2.3337837816e-1,6.249940497110608e-1,-6.635978928090584e-2,3.4095480792e1,7.218e-1
3018.000000,6.3759486130e-1,4.9138368351e-4,2.3800725208e-1,7.2134286308e-2,3.0176031302e-1,6.249940481986707e-1,-6.635978893201067e-2,4.3157455444e1,5.480e-1
3019.000000,3.4501973799e-1,4.1507782698e-1,3.4097095258e-2,3.5664992797e-1,9.9143509931e-2,6.249940490633275e-1,-6.635978990560013e-2,2.5378609251e1,6.422e-1
3020.000000,1.5257525130e-1,1.7948173860e-1,4.8618309925e-1,3.5514799204e-2,3.9623320612e-1,6.249940472398157e-1,-6.635979016783769e-2,5.6179039855e1,3.877e-1
3021.000000,8.7487737411e-2,1.8391684089e-1,2.9145830976e-1,1.3664464915e-1,5.5048055814e-1,6.249940476837578e-1,-6.635979519967597e-2,7.7577384244e1,4.999e-1
3022.000000,2.7679204909e-2,8.6401120886e-1,4.7048454477e-2,1.6743115669e-1,1.4381806434e-1,6.249940446381597e-1,-6.635979567311515e-2,2.5884758906e1,7.057e-1
3023.000000,2.1938733745e-2,1.2985089700e-1,2.8884104428e-1,3.6278072928e-1,4.4657669314e-1,6.249940487204046e-1,-6.635979564563341e-2,7.1352199574e1,6.122e-1
3024.000000,2.1311911957e-2,6.7645602223e-2,2.5890998907e-1,2.4684948642e-1,6.5527111600e-1,6.249940528333400e-1,-6.635978552302696e-2,9.3991113486e1,4.410e-1
3025.000000,1.2921455449e-2,6.1192292185e-1,2.3568460323e-3,1.3695678560e-1,4.8583009544e-1,6.249940521914514e-1,-6.635978675523185e-2,6.7818030696e1,7.259e-1
3026.000000,2.2249942834e-2,2.0751822416e-1,2.1183462213e-1,4.1184734581e-1,3.9653796630e-1,6.249940506192455e-1,-6.635978377299634e-2,6.6056813149e1,6.317e-1
3027.000000,6.8865106950e-2,3.5666412154e-1,1.4244146214e-1,5.5735534360e-1,1.2466206245e-1,6.249940483408807e-1,-6.635978184452095e-2,3.5679407483e1,3.768e-1
3028.000000,2.0329207724e-1,3.4510559343e-1,5.2575943899e-3,3.5415334176e-3,6.9279130664e-1,6.249940525571953e-1,-6.635978447252573e-2,8.9624534300e1,7.232e-1
3029.000000,3.9596403844e-1,1.8026918212e-2,7.9087880619e-1,2.7522134526e-4,4.4843098599e-2,6.249940413937041e-1,-6.635978445665756e-2,1.2309790009e1,8.541e-1
3030.000000,3.2416827093e-1,1.9527329539e-1,1.4664600940e-1,4.4664791204e-1,1.3725260225e-1,6.249940450085998e-1,-6.635978256150613e-2,3.3586865075e1,5.413e-1
3031.000000,4.5967879076e-1,3.8139320955e-1,1.1346268402e-1,2.7164328129e-1,2.3810117201e-2,6.249940414107646e-1,-6.635978531449274e-2,1.3640607290e1,3.598e-1
3032.000000,6.1015298960e-1,7.9484861771e-2,1.2793434967e-1,8.3390652826e-2,3.4902522776e-1,6.249940408132697e-1,-6.635978582925095e-2,4.8831251059e1,5.880e-1
3033.000000,3.1752966828e-1,4.3070955011e-1,6.1194310041e-2,4.0543020666e-1,3.5124347386e-2,6.249940412367906e-1,-6.635978365241396e-2,1.8979421493e1,6.057e-1
3034.000000,4.0235944782e-1,1.1032361193e-1,1.8358997439e-1,3.0201309811e-1,2.5170194610e-1,6.249940391756261e-1,-6.635978587908480e-2,4.3772814983e1,5.015e-1
3035.000000,3.9094369212e-1,1.4288272862e-1,2.5968352589e-1,2.6168590217e-1,1.9479222521e-1,6.249940370037530e-1,-6.635978434084849e-2,3.5866059206e1,4.496e-1
3036.000000,4.1043903142e-1,2.7767031666e-1,1.2616739587e-1,8.6863334339e-3,4.2702499756e-1,6.249940374726146e-1,-6.635978415939717e-2,5.6707061674e1,5.972e-1
3037.000000,5.5815973525e-1,6.8855045214e-2,1.3588118004e-1,2.4989952125e-1,2.3719258879e-1,6.249940352712543e-1,-6.635978399461340e-2,3.9861275443e1,7.421e-1
3038.000000,4.2825894976e-1,1.3424741860e-1,2.7647332585e-1,3.2641656839e-2,3.7836671726e-1,6.249940341575301e-1,-6.635978391878043e-2,5.2169883747e1,6.367e-1
3039.000000,3.6209160442e-1,7.3288756365e-2,3.3022969366e-1,7.5242324721e-2,4.0913569206e-1,6.249940356075863e-1,-6.635978523536362e-2,5.7746583839e1,5.282e-1
3040.000000,1.2963175958e-1,5.5033665041e-1,7.6393557668e-2,8.5280600585e-2,4.0834550315e-1,6.249940356986270e-1,-6.635978693692779e-2,5.6773841264e1,6.904e-1
3041.000000,4.1736677523e-2,1.3499919528e-1,4.1996742285e-1,4.7591548141e-1,1.7736928566e-1,6.249940313646374e-1,-6.635978691837227e-2,4.1583170082e1,6.762e-1
3042.000000,1.6793390224e-2,3.8527094626e-1,1.6998860461e-2,5.2965226843e-1,3.0127259846e-1,6.249940319182321e-1,-6.635979077285947e-2,5.6426694664e1,5.717e-1
3043.000000,5.5063690680e-3,1.9786126641e-1,4.6109861957e-1,5.5520733853e-1,3.0314460566e-2,6.249940270684591e-1,-6.635978418116789e-2,2.5734150459e1,6.645e-1
3044.000000,3.4022533195e-3,4.1779031765e-2,2.1419797279e-1,2.2239683225e-1,7.6821193568e-1,6.249940129015961e-1,-6.635978757338470e-2,1.0724666937e2,7.805e-1
3045.000000,2.9830987509e-3,1.1413221006e-1,3.3411863867e-1,3.5824390323e-2,7.6292966643e-1,6.249940021139930e-1,-6.635978303447385e-2,1.0170408287e2,8.348e-1
3046.000000,6.8692797017e-3,1.0584985553e0,1.0040716601e-1,4.4379336669e-2,3.9833660550e-2,6.249939990939244e-1,-6.635978444271505e-2,9.4425364022e0,3.278e-1
3047.000000,3.3373749103e-2,1.9282882859e-1,3.3286993125e-1,1.0762390106e-1,5.8329159307e-1,6.249940015343463e-1,-6.635978571484497e-2,8.1170592728e1,3.175e-1
3048.000000,5.7286914005e-2,3.0722591601e-2,1.3547888831e-1,1.0161235588e0,1.0376053224e-2,6.249940029485018e-1,-6.635980805820604e-2,3.5018008440e1,9.976e-1
3049.000000,6.7372736248e-2,2.8815533825e-4,4.0396240498e-1,2.6046993142e-1,5.1789472578e-1,6.249939768813775e-1,-6.635977287252984e-2,7.7891524624e1,2.588e-1
3050.000000,6.4896904397e-2,1.7083049171e-3,5.2139761045e-1,1.6898372986e-2,6.4508675056e-1,6.249939716570350e-1,-6.635976853471688e-2,8.7318897953e1,4.445e-1
3051.000000,5.9879015493e-2,4.7644621823e-3,6.7419692402e-2,4.3714342458e-1,6.8078134657e-1,6.249939706139193e-1,-6.635975891231161e-2,1.0170742792e2,2.446e-1
3052.000000,5.4802057621e-2,6.6689999577e-3,4.8031945177e-1,9.2720677551e-2,6.1547672946e-1,6.249939581805843e-1,-6.635976078141587e-2,8.5631377695e1,3.464e-1
3053.000000,5.5288500414e-2,1.8953689442e-2,4.0068410136e-1,1.2901716748e-1,6.4604444876e-1,6.249939537273410e-1,-6.635975230190932e-2,9.0093263240e1,5.705e-1
3054.000000,7.8493014318e-2,1.3746298469e-1,4.7133297893e-2,6.8702126724e-2,9.1819651187e-1,6.249939677458898e-1,-6.635975207876607e-2,1.2041886043e2,3.577e-1
3055.000000,1.5310593198e-1,1.2311705040e-1,2.1712516388e-2,3.3545117720e-1,6.1660121961e-1,6.249939477893955e-1,-6.635974495018990e-2,9.0155880978e1,5.750e-1
3056.000000,2.6817093547e-1,3.6131957667e-2,3.0758054348e-3,4.3396617501e-1,5.0864301308e-1,6.249939433341847e-1,-6.635974428808319e-2,7.9224179101e1,6.537e-1
3057.000000,2.9426665996e-1,1.1142945641e-2,1.7589145063e-1,8.9218505039e-2,6.7946831499e-1,6.249939381299219e-1,-6.635974290904866e-2,9.1403487307e1,4.627e-1
3058.000000,2.2622292205e-1,3.5675514815e-2,4.1023599573e-1,3.4575332503e-1,2.3210011236e-1,6.249939349986529e-1,-6.635974240624418e-2,4.4239271240e1,5.591e-1
3059.000000,1.8084324470e-1,1.3967119058e-1,2.5676118580e-2,3.2635121188e-2,8.7116220346e-1,6.249939392511408e-1,-6.635974489519098e-2,1.1312825887e2,2.431e-1
3060.000000,2.1125042168e-1,8.6029432285e-2,3.6714238474e-1,3.3862821416e-1,2.4693739975e-1,6.249939263075830e-1,-6.635974243247561e-2,4.5658913174e1,3.300e-1
3061.000000,4.1878212062e-1,1.9243677499e-1,9.0929397582e-2,5.2315364413e-2,4.9552419693e-1,6.249939272669464e-1,-6.635974688982449e-2,6.6422888660e1,6.822e-1
3062.000000,7.2560782232e-1,2.0927590143e-2,2.9733213895e-1,2.1137993960e-2,1.8498230418e-1,6.249939247730835e-1,-6.635974664799350e-2,2.7137466945e1,4.289e-1
3063.000000,4.1027180209e-1,4.6044011889e-1,8.8775854045e-2,2.1279198459e-1,7.7708090303e-2,6.249939249645814e-1,-6.635974651131671e-2,1.8592202037e1,3.732e-1
3064.000000,9.9390749258e-2,2.8652490505e-1,4.2021215387e-1,3.0389847253e-1,1.3996156972e-1,6.249939252126279e-1,-6.635974530181747e-2,3.1624274461e1,5.374e-1
3065.000000,4.9578612159e-2,1.6398781740e-1,6.1670693924e-2,5.7417476744e-1,4.0057595803e-1,6.249939244737533e-1,-6.635974465251471e-2,7.0493445678e1,7.317e-1
3066.000000,1.7831936178e-2,7.6378395803e-1,2.0825302364e-1,3.1313766474e-2,2.2880514844e-1,6.249939163853174e-1,-6.635974058519498e-2,3.3491607601e1,6.610e-1
3067.000000,8.6039343566e-3,2.9018162655e-1,1.9732488695e-1,6.4725451099e-1,1.0662288047e-1,6.249939196582555e-1,-6.635975780981468e-2,3.6523137368e1,4.772e-1
3068.000000,1.2159961496e-2,2.9721608263e-2,1.9279345839e-1,6.5917925053e-1,3.5613359242e-1,6.249939355512553e-1,-6.635973990855153e-2,6.8286706712e1,5.871e-1
3069.000000,1.3241694164e-2,1.1269688665e-1,4.6771840178e-1,5.1497769341e-2,6.0483307790e-1,6.249939149197279e-1,-6.635973054300300e-2,8.3040324425e1,7.775e-1
3070.000000,2.5004477496e-2,5.8891140876e-1,1.0500857467e-1,5.2957964664e-1,1.4837136744e-3,6.249939106181369e-1,-6.635972936365962e-2,1.9166857696e1,6.182e-1
3071.000000,1.0515877198e-1,2.5684518382e-1,3.9267613512e-1,2.3432182201e-1,2.6098589265e-1,6.249939027915822e-1,-6.635972528098702e-2,4.4612171398e1,4.895e-1
3072.000000,2.4620396299e-1,1.8193081849e-1,1.0282264350e-3,4.8653251096e-1,3.3429228624e-1,6.249939025582752e-1,-6.635972279912797e-2,5.8853642419e1,4.912e-1
3073.000000,3.9691777022e-1,1.1058756089e-2,9.6609093763e-2,7.2896925499e-1,1.6432934381e-2,6.249939047210733e-1,-6.635973325762773e-2,2.6423880908e1,6.086e-1
3074.000000,3.3791816985e-1,5.3828183738e-2,5.3581219992e-1,2.8414491679e-1,3.8284320900e-2,6.249938955950750e-1,-6.635971967474674e-2,1.8556143464e1,5.305e-1
3075.000000,2.5145784889e-1,9.4370343064e-2,1.9267043920e-2,2.1930829078e-1,6.6558426958e-1,6.249938981168052e-1,-6.635971213301078e-2,9.2681257773e1,7.981e-1
3076.000000,1.1030742820e-1,4.0344338323e-1,1.9592722640e-1,7.4562994785e-2,4.6574674908e-1,6.249938908485233e-1,-6.635971163629392e-2,6.4431058008e1,6.185e-1
3077.000000,2.5230076329e-2,3.6881078404e-1,1.7032863267e-1,5.3763791766e-1,1.4798036569e-1,6.249938881975836e-1,-6.635971508306784e-2,3.8258765841e1,6.464e-1
3078.000000,1.1336811536e-2,1.2156131081e-1,8.0675202766e-1,2.1427023326e-2,2.8891056542e-1,6.249938693762080e-1,-6.635970988238545e-2,4.4369024369e1,4.452e-1
3079.000000,1.8030260216e-2,9.5397026411e-1,1.6075314725e-1,8.9229739646e-2,2.8004349065e-2,6.249938801456412e-1,-6.635970726859101e-2,9.6428891853e0,3.004e-1
3080.000000,8.3164714569e-2,1.6485304870e-1,3.2758730918e-1,1.9050150074e-1,4.8388119683e-1,6.249938850077525e-1,-6.635970648982467e-2,7.1024828146e1,5.635e-1
3081.000000,1.2604167993e-1,4.4761982077e-3,3.5709378301e-1,4.5614911613e-1,3.0622696435e-1,6.249938708133325e-1,-6.635970598925059e-2,5.6722546653e1,6.684e-1
3082.000000,1.1654721873e-1,3.6370472895e-2,1.7780986220e-1,3.3327827334e-1,5.8598192291e-1,6.249938750401532e-1,-6.635968603880005e-2,8.7224084332e1,3.296e-1
3083.000000,8.4955431775e-2,6.5435088137e-1,8.7382076721e-2,2.1996772462e-1,2.0333163750e-1,6.249938759953916e-1,-6.635969216552068e-2,3.5115652881e1,4.324e-1
3084.000000,2.0888404090e-1,1.7761558581e-1,2.8498047227e-1,2.1440122965e-1,3.6410642324e-1,6.249938759371110e-1,-6.635969287393403e-2,5.6205978494e1,4.116e-1
3085.000000,3.0823841092e-1,4.1689529755e-2,3.2856349064e-1,1.3013358812e-1,4.4136273118e-1,6.249938753098296e-1,-6.635969543305872e-2,6.3524710602e1,4.542e-1
3086.000000,3.1510313443e-1,1.8912736066e-1,2.3761911925e-2,9.3219937604e-2,6.2877541276e-1,6.249938786886886e-1,-6.635969676183824e-2,8.4192192420e1,4.504e-1
3087.000000,4.1580246548e-1,1.0433799991e-1,2.2150824939e-1,3.1620749884e-1,1.9213154090e-1,6.249938772620105e-1,-6.635969694622033e-2,3.6900120426e1,5.205e-1
3088.000000,4.1940205043e-1,7.1741485186e-2,1.2454630975e-1,3.8621582957e-2,5.9567632193e-1,6.249938751282411e-1,-6.635969695570058e-2,7.8832014335e1,6.163e-1
3089.000000,1.7014623815e-1,4.7327947293e-1,2.3059869370e-2,5.1503942354e-1,6.8462739737e-2,6.249938718623269e-1,-6.635969982890116e-2,2.6460603260e1,6.760e-1
3090.000000,1.3565298173e-1,8.6426976195e-2,3.8011943116e-1,7.8238496616e-2,5.6954984754e-1,6.249938666228283e-1,-6.635969351352451e-2,7.8687648270e1,5.748e-1
3091.000000,1.7719857208e-1,5.4912400587e-3,5.3230784494e-1,2.0673426321e-2,5.1431664786e-1,6.249938656289844e-1,-6.635968945075088e-2,7.0852125094e1,6.655e-1
3092.000000,1.6943380726e-1,1.7182321188e-2,6.2308178501e-1,2.5430173078e-1,1.8598806005e-1,6.249938521438452e-1,-6.635968332725212e-2,3.7047862897e1,7.734e-1
3093.000000,1.0474478696e-1,2.9707895227e-1,1.4431603625e-1,6.2869950214e-1,7.5148427129e-2,6.249938523786139e-1,-6.635969505072498e-2,3.1538441329e1,7.539e-1
3094.000000,1.7148808312e-1,5.2177139599e-1,6.1291435277e-2,1.8460106483e-2,4.7697668347e-1,6.249938521697657e-1,-6.635968193986680e-2,6.3263357208e1,4.214e-1
3095.000000,3.8589471068e-1,7.0634497799e-2,2.5743730577e-1,3.8403097316e-1,1.5199021396e-1,6.249938506873937e-1,-6.635968337990912e-2,3.4137453325e1,6.166e-1
3096.000000,4.8320486358e-1,1.6239718901e-2,1.3031554600e-1,3.7244077317e-1,2.4778679458e-1,6.249938481150664e-1,-6.635968272712886e-2,4.4951420685e1,6.947e-1
3097.000000,2.8718894066e-1,3.2284523295e-1,5.6130553179e-1,8.9874518782e-3,6.9660533781e-2,6.249938455348922e-1,-6.635968287277393e-2,1.4483875975e1,5.231e-1
3098.000000,5.1856004798e-1,1.5716337426e-1,2.6617247436e-1,1.8577226895e-1,1.2231952723e-1,6.249938463901128e-1,-6.635968217817190e-2,2.4304598659e1,5.689e-1
3099.000000,5.7386899473e-1,5.4681175507e-2,1.6539377495e-1,5.1684564695e-2,4.0435918413e-1,6.249938470051295e-1,-6.635968251842601e-2,5.5131328687e1,5.904e-1
3100.000000,2.7700295931e-1,2.1491902083e-1,7.5296928019e-2,5.8007882476e-1,1.0268996143e-1,6.249938471753131e-1,-6.635968733190964e-2,3.2877552401e1,7.242e-1
3101.000000,1.2494117972e-1,1.4506911913e-1,5.8873592906e-1,1.4840780341e-1,2.4283364626e-1,6.249938387913236e-1,-6.635968033939899e-2,4.0894252691e1,3.379e-1
3102.000000,1.7516573408e-1,2.1309730707e-1,3.0294659675e-1,2.0020341088e-1,3.5857462591e-1,6.249938373429205e-1,-6.635967635504109e-2,5.5241411519e1,4.178e-1
3103.000000,5.6475940711e-1,4.0378880427e-1,2.0721015344e-2,1.0375429026e-1,1.5696415343e-1,6.249938352066882e-1,-6.635967752145885e-2,2.4667274362e1,7.511e-1
3104.000000,9.1372097240e-1,5.1640897777e-2,8.8395704244e-2,7.2473458564e-2,1.2375663733e-1,6.249938351532184e-1,-6.635967749360229e-2,1.9427308167e1,9.497e-1
3105.000000,4.0927966828e-1,2.2501414845e-1,2.2249980931e-1,2.7960171251e-1,1.1359233226e-1,6.249938354005882e-1,-6.635967603165385e-2,2.5921739935e1,6.225e-1
3106.000000,1.9108077022e-1,1.3913184486e-1,1.4260608547e-1,6.5058884016e-2,7.1211009267e-1,6.249938386190999e-1,-6.635967740071383e-2,9.4746628909e1,4.108e-1
3107.000000,1.2880775374e-1,6.2791791830e-2,4.9078977688e-1,2.0797095485e-1,3.5962739552e-1,6.249938364057678e-1,-6.635967448498289e-2,5.6803682858e1,4.265e-1
3108.000000,1.4237356180e-1,3.6223235576e-2,6.6496113586e-2,3.9581079021e-1,6.0908397822e-1,6.249938396916543e-1,-6.635967057329270e-2,9.1304296659e1,2.581e-1
3109.000000,1.6747543900e-1,4.7664301689e-3,8.1927971695e-1,3.0730033122e-2,2.2773604574e-1,6.249938324906272e-1,-6.635967068825378e-2,3.6781083230e1,5.922e-1
3110.000000,1.6458938317e-1,9.2415508309e-3,3.9054588572e-2,6.9731374679e-1,3.3978840428e-1,6.249938368189922e-1,-6.635967064344031e-2,6.6220170147e1,2.383e-1
3111.000000,1.0127060750e-1,2.4228050596e-1,3.7341140743e-1,7.5290767477e-2,4.5773437151e-1,6.249938299435455e-1,-6.635966697073911e-2,6.4521791688e1,4.822e-1
3112.000000,2.4607484182e-2,8.5709381598e-1,9.2647068804e-2,5.8449211566e-2,2.1719008000e-1,6.249938302636096e-1,-6.635966726204892e-2,3.2138372934e1,7.122e-1
3113.000000,2.7611404293e-2,1.6658755473e-1,4.6897872405e-1,3.5849268814e-1,2.2831728422e-1,6.249938277154301e-1,-6.635966116163589e-2,4.4795189004e1,6.494e-1
3114.000000,6.5221960829e-2,3.6178195664e-1,3.4359442714e-1,2.1849219045e-1,2.6089712963e-1,6.249938323448515e-1,-6.635966994893971e-2,4.3891512998e1,5.409e-1
3115.000000,3.1708613459e-1,5.7867794586e-1,2.5607890778e-1,4.5551123812e-2,5.2593549366e-2,6.249938307044605e-1,-6.635967032154211e-2,1.1554140502e1,7.492e-1
3116.000000,6.0473982965e-1,3.7751115018e-2,5.3354173109e-2,5.1877900463e-1,3.5363541686e-2,6.249938320470706e-1,-6.635966501895157e-2,2.1932167014e1,5.689e-1
3117.000000,4.5774513552e-1,1.2299167716e-1,6.6907567870e-1,6.9528841326e-6,1.6821251544e-4,6.249938283897256e-1,-6.635967063885945e-2,5.8492150460e0,4.039e-1
3118.000000,3.6701595276e-1,7.7436843809e-2,2.1858138582e-1,5.2665975750e-1,6.0293720851e-2,6.249938303704442e-1,-6.635966366971512e-2,2.6657741260e1,2.826e-1
3119.000000,1.7211844959e-1,3.7418187023e-1,2.7174612088e-1,1.8164563503e-1,2.5029557536e-1,6.249938255427337e-1,-6.635967197711841e-2,4.0858885899e1,4.389e-1
3120.000000,1.5973345594e-1,6.3763877652e-1,3.3478687646e-1,3.2779863425e-3,1.1455055413e-1,6.249938246927967e-1,-6.635967274277557e-2,1.8800805784e1,3.359e-1
3121.000000,3.7235435035e-1,8.9241715394e-2,4.8877537541e-1,4.9480667830e-2,2.5013554091e-1,6.249938249463405e-1,-6.635967222078382e-2,3.7875594216e1,5.481e-1
3122.000000,5.6146972043e-1,1.7327178820e-2,5.9516235021e-2,2.5052375045e-3,6.0916928944e-1,6.249938306114526e-1,-6.635967179032332e-2,7.8845355747e1,6.167e-1
3123.000000,3.5044041481e-1,2.3584391964e-1,6.5235276111e-3,1.6941203896e-2,6.4023859340e-1,6.249938296814462e-1,-6.635967179368542e-2,8.3191754748e1,4.407e-1
3124.000000,1.3742205420e-1,1.6357769156e-1,4.1875013485e-1,4.1771246889e-1,1.1252530290e-1,6.249938262010641e-1,-6.635966827068117e-2,3.1515905264e1,4.008e-1
3125.000000,9.2534084732e-2,4.9832772732e-2,1.3693097845e-1,5.6212072927e-1,4.0856906854e-1,6.249938168600917e-1,-6.635967151963931e-2,7.1526084525e1,7.132e-1
3126.000000,8.8482616568e-2,4.1192660018e-2,9.1961697881e-1,3.9154073491e-2,1.6154127055e-1,6.249937997183307e-1,-6.635966835745669e-2,2.9413775441e1,1.382e-1
3127.000000,1.4208011092e-1,1.4999297281e-1,4.4549724934e-2,3.8670648953e-1,5.2665829715e-1,6.249937976664680e-1,-6.635966224944834e-2,8.0514293500e1,6.077e-1
3128.000000,2.8875854265e-1,1.4708399652e-1,1.6546879240e-1,3.8801586154e-1,2.6066040306e-1,6.249937980860834e-1,-6.635966549703490e-2,4.7543336765e1,6.215e-1
3129.000000,6.2198244043e-1,1.1628248442e-1,1.2546647285e-1,2.0924555764e-1,1.7701063511e-1,6.249937952194957e-1,-6.635966593783113e-2,3.0900507110e1,3.205e-1
3130.000000,7.1100218851e-1,7.7063804223e-2,1.7301999764e-1,1.7740558253e-1,1.1149601606e-1,6.249937944815636e-1,-6.635966584029918e-2,2.1842257380e1,4.099e-1
3131.000000,2.3075301793e-1,7.1783423519e-1,6.9501354665e-2,1.6426993622e-1,6.7629045274e-2,6.249937946397072e-1,-6.635966624914702e-2,1.6020211571e1,6.102e-1
3132.000000,1.5783205219e-1,1.9099686206e-1,2.7482813031e-1,5.8196598727e-1,4.4364558100e-2,6.249937949667828e-1,-6.635968220629450e-2,2.6961109822e1,6.952e-1
3133.000000,1.3931505666e-1,3.7091377277e-1,8.6399627337e-2,6.0634558869e-1,4.7013543406e-2,6.249937944296516e-1,-6.635967437069684e-2,2.6923474487e1,7.692e-1
3134.000000,2.5408637294e-1,2.3563775004e-1,1.7837996329e-1,3.4497156628e-1,2.3691193240e-1,6.249937924826378e-1,-6.635966000231019e-2,4.3389175862e1,5.590e-1
3135.000000,4.4260127418e-1,3.4301284226e-2,2.0992347706e-1,1.1662884321e-1,4.4653270368e-1,6.249937911763843e-1,-6.635965678617606e-2,6.2857600076e1,6.653e-1
3136.000000,4.1968383179e-1,7.8117721954e-2,8.8650233176e-2,1.8718585747e-1,4.7634994615e-1,6.249937952705833e-1,-6.635965584618098e-2,6.8038019771e1,6.468e-1
3137.000000,1.5158699859e-1,4.1260877365e-1,3.9619721521e-2,3.7155544872e-1,2.7461664158e-1,6.249937920317581e-1,-6.635965556080142e-2,4.8258673300e1,6.037e-1
3138.000000,6.5484462614e-2,4.4961270969e-1,1.7901062901e-1,2.6654021708e-1,2.8933955614e-1,6.249937872656660e-1,-6.635965337956787e-2,4.7928802815e1,5.054e-1
3139.000000,1.1921720296e-1,2.6086670219e-1,9.3454294379e-2,1.0652580697e-1,6.6992357410e-1,6.249937903009939e-1,-6.635965156497117e-2,9.0488019668e1,6.449e-1
3140.000000,1.8677304466e-1,1.1579651920e-2,1.9515930603e-1,1.7485548920e-1,6.8162010028e-1,6.249937960472201e-1,-6.635965089518395e-2,9.4520568765e1,4.642e-1
3141.000000,1.7919389224e-1,9.2537063327e-2,4.0267580228e-1,1.5289718625e-1,4.2268361341e-1,6.249937787568240e-1,-6.635964950992318e-2,6.2492289967e1,4.531e-1
3142.000000,2.9583326196e-1,3.3223659110e-1,2.4065602270e-1,2.0323679022e-1,1.7802488030e-1,6.249937731356796e-1,-6.635964906078722e-2,3.2028399960e1,2.305e-1
3143.000000,7.5964703395e-1,8.1950295404e-2,1.5701777736e-1,1.9560279632e-1,5.5769643160e-2,6.249937730938244e-1,-6.635964806574024e-2,1.5197670133e1,2.360e-1
3144.000000,6.1204138134e-1,3.4640060083e-1,1.6231616795e-1,8.8869312589e-2,4.0360082901e-2,6.249937728032450e-1,-6.635964779789862e-2,1.0307259850e1,3.641e-1
3145.000000,2.8057878556e-1,3.9832041311e-1,3.0716664599e-1,1.1259061671e-1,1.5133108376e-1,6.249937725609823e-1,-6.635964767468823e-2,2.6367541843e1,3.729e-1
3146.000000,3.9615560804e-1,4.0169603046e-2,1.6399461855e-1,4.7501080452e-1,1.7465690458e-1,6.249937693629319e-1,-6.635964976376701e-2,3.9146803489e1,5.055e-1
3147.000000,2.6730669082e-1,5.5767290638e-1,1.2882904220e-1,2.5337278700e-1,4.2806112078e-2,6.249937692447057e-1,-6.635964443851916e-2,1.5866743026e1,6.948e-1
3148.000000,4.8913772414e-1,1.1659119312e-1,1.4100086860e-1,2.1059108300e-1,2.9266667102e-1,6.249937699424660e-1,-6.635964333048833e-2,4.5806006744e1,6.874e-1
3149.000000,5.0765985193e-1,6.1364134608e-2,7.8860898188e-2,5.8993329018e-1,1.2169366652e-2,6.249937707812335e-1,-6.635965089875345e-2,2.1442989598e1,6.863e-1
3150.000000,2.1100312439e-1,5.3070775385e-1,5.0009546450e-2,1.7452655841e-1,2.8374055054e-1,6.249937668191715e-1,-6.635964112693049e-2,4.3470633779e1,5.384e-1
3151.000000,9.2119472499e-2,3.1902458840e-1,1.1198878027e-1,1.7267123146e-1,5.5418346173e-1,6.249937671778365e-1,-6.635963799190929e-2,7.8040981663e1,5.227e-1
3152.000000,1.5021615657e-1,8.2634670435e-2,3.0334951142e-1,2.4542446695e-1,4.6836270892e-1,6.249937571425619e-1,-6.635963622608267e-2,7.0471183194e1,5.081e-1
3153.000000,2.6787860969e-1,1.8669023969e-1,1.6664944263e-1,4.9816507911e-1,1.3060413688e-1,6.249937540009933e-1,-6.635964456360380e-2,3.4499127378e1,7.017e-1
3154.000000,5.4674540280e-1,1.4887938225e-1,2.9537579181e-1,1.6602183864e-1,9.2965090214e-2,6.249937528607385e-1,-6.635963378695173e-2,2.0146368184e1,7.262e-1
3155.000000,7.3848901578e-1,3.2295849442e-2,1.1247581794e-1,1.1402552203e-1,2.5270130077e-1,6.249937529861073e-1,-6.635963289697588e-2,3.7328225954e1,8.523e-1
3156.000000,3.0383099212e-1,2.7700480669e-1,4.0620179565e-1,2.5809718998e-1,4.8527169450e-3,6.249937506945961e-1,-6.635963551405596e-2,1.2835797323e1,5.511e-1
3157.000000,1.1889726388e-1,3.5316646836e-1,2.0173068129e-1,4.6882226087e-1,1.0737082781e-1,6.249937511053556e-1,-6.635963962054749e-2,3.1125405326e1,5.171e-1
3158.000000,1.5861967732e-1,6.6571225797e-1,6.6854775068e-2,2.2733032040e-1,1.3147047090e-1,6.249937508293317e-1,-6.635963080418200e-2,2.6048363083e1,7.068e-1
3159.000000,4.5272355709e-1,1.1160642529e-1,8.3387925542e-2,2.7392076865e-1,3.2834882428e-1,6.249937504240075e-1,-6.635962806238584e-2,5.1910792138e1,5.269e-1
3160.000000,5.5261438423e-1,2.9129690123e-2,2.9885630599e-1,2.2799669910e-1,1.4139041467e-1,6.249937470620667e-1,-6.635962854865264e-2,2.8119284470e1,5.718e-1
3161.000000,3.0394261176e-1,2.7980731316e-1,3.7845834862e-1,1.8337030393e-1,1.0440891421e-1,6.249937458431173e-1,-6.635962680532415e-2,2.2971443466e1,5.658e-1
3162.000000,8.8420289318e-2,5.6517695384e-1,2.7676191588e-1,3.0950726382e-1,1.0121070517e-2,6.249937466842019e-1,-6.635962879227976e-2,1.4588388848e1,5.693e-1
3163.000000,1.3124291506e-1,9.2779214000e-2,6.8406662322e-1,3.9005379192e-2,3.0289334900e-1,6.249937402354973e-1,-6.635962513140889e-2,4.5742233678e1,8.186e-1
3164.000000,1.9749041409e-1,4.4940369290e-2,7.4195102761e-1,6.2403500111e-2,2.0320217577e-1,6.249937434341584e-1,-6.635962086120702e-2,3.4131024668e1,6.561e-1
3165.000000,2.9066279654e-1,7.7829430910e-2,7.2721071433e-2,4.9590099469e-1,3.1287319901e-1,6.249937462909934e-1,-6.635961505295390e-2,5.6799360135e1,4.506e-1
3166.000000,4.0661857961e-1,2.2907340370e-2,4.2262444503e-1,1.4687298113e-1,2.5096414150e-1,6.249937438234954e-1,-6.635961493150593e-2,4.0453465040e1,6.397e-1
3167.000000,3.4898265301e-1,1.1417284065e-1,2.5546600965e-1,2.5852832587e-1,2.7283765782e-1,6.249937434998744e-1,-6.635961287766398e-2,4.5642691714e1,5.217e-1
3168.000000,7.6337358823e-2,9.0998461466e-1,1.6902893844e-1,6.7459933492e-2,2.7176632730e-2,6.249937390733107e-1,-6.635961276869104e-2,8.8476962774e0,7.702e-1
3169.000000,2.9459492415e-2,1.0141599739e-1,6.8165340584e-1,6.6292496874e-2,3.7116607204e-1,6.249937322819297e-1,-6.635961090647713e-2,5.5301406109e1,5.282e-1
3170.000000,3.1027224297e-2,1.0367686615e-1,6.1351354170e-1,3.7857389894e-1,1.2319596188e-1,6.249937464850382e-1,-6.635960580459170e-2,3.3014423565e1,2.279e-1
3171.000000,9.6316664328e-2,5.2133275507e-1,6.6537698640e-2,1.5203270990e-1,4.1376766213e-1,6.249937450370628e-1,-6.635960430937768e-2,5.9450432901e1,5.174e-1
3172.000000,2.6256161972e-1,2.9193195949e-1,9.2267107866e-2,4.5197231591e-2,5.5802957226e-1,6.249937454607837e-1,-6.635960397077062e-2,7.4327378252e1,5.850e-1
3173.000000,5.6468145260e-1,4.6796181201e-2,3.3805596612e-2,1.2426830514e-2,5.9227742915e-1,6.249937450416174e-1,-6.635960405173108e-2,7.6855547370e1,6.704e-1
3174.000000,4.5528631951e-1,1.8506810665e-1,3.5475123912e-1,2.7758301528e-2,2.2712351247e-1,6.249937396388691e-1,-6.635960352491235e-2,3.3395864531e1,5.476e-1
3175.000000,3.8487335899e-1,3.7628989537e-1,3.8129736164e-2,2.7709997181e-1,1.7359451873e-1,6.249937405331475e-1,-6.635960419973239e-2,3.2337351855e1,4.164e-1
3176.000000,5.2236445604e-1,7.7680297591e-2,4.1315798294e-1,1.2121289903e-1,1.1557184013e-1,6.249937378667093e-1,-6.635960492080464e-2,2.2393814992e1,6.269e-1
3177.000000,3.6558845835e-1,5.1622164234e-1,2.2729343262e-1,1.0557668834e-1,3.5307253950e-2,6.249937377965522e-1,-6.635960499963220e-2,1.0931367507e1,4.803e-1
3178.000000,5.8742895415e-1,1.8507864781e-2,1.0212627568e-1,3.3911582132e-2,5.0801280534e-1,6.249937410383790e-1,-6.635960522468153e-2,6.7258550124e1,5.757e-1
3179.000000,3.1994025429e-1,6.9898454685e-1,2.0124903136e-1,1.7831703524e-2,1.1981939239e-2,6.249937376331895e-1,-6.635960520154599e-2,5.2722342071e0,8.352e-1
3180.000000,1.7041510046e-1,2.4844924561e-1,3.1353851690e-1,1.8265034671e-1,3.3493426815e-1,6.249937389128417e-1,-6.635960550776743e-2,5.1806811594e1,4.979e-1
3181.000000,1.8362802521e-1,1.1493018196e-1,2.0902789585e-1,5.4850188456e-2,6.8755118079e-1,6.249937361327923e-1,-6.635960937998304e-2,9.1755654715e1,4.655e-1
3182.000000,1.5405852348e-1,9.3811572525e-1,7.1749976318e-2,1.3295261919e-2,7.2767978126e-2,6.249937325457078e-1,-6.635960827127456e-2,1.2267010104e1,1.995e-1
3183.000000,4.3633597705e-1,1.1427319242e-1,2.2562840209e-1,7.2520658814e-2,4.0122923489e-1,6.249937326266191e-1,-6.635960838903857e-2,5.5929744738e1,5.540e-1
3184.000000,4.6018323191e-1,1.5279643338e-1,1.9158082513e-1,3.8958894257e-1,5.5838032614e-2,6.249937328008762e-1,-6.635960816582132e-2,2.1682445421e1,4.761e-1
3185.000000,5.5805302668e-1,2.5135434004e-1,5.7711576564e-2,2.7814479265e-1,1.0472372377e-1,6.249937298493821e-1,-6.635960854752020e-2,2.3548697813e1,4.618e-1
3186.000000,6.4498421167e-1,1.2428506886e-1,3.9830270831e-2,2.8650068382e-1,1.5438722329e-1,6.249937292277340e-1,-6.635960936508789e-2,2.9819290873e1,6.507e-1
3187.000000,3.0508363993e-1,4.4508832427e-1,1.2145939666e-1,2.2256152440e-1,1.5579457301e-1,6.249937291343504e-1,-6.635960985117825e-2,2.9078067768e1,6.665e-1
3188.000000,3.7798072642e-1,7.1781997263e-2,1.1168005474e-1,8.5514182731e-2,6.0303050358e-1,6.249937323681140e-1,-6.635960889070196e-2,8.1150353101e1,5.955e-1
3189.000000,3.4428497584e-1,1.0129080714e-1,3.0861487863e-3,3.2027224898e-2,7.6929830941e-1,6.249937330402483e-1,-6.635960926689172e-2,9.9894468094e1,5.319e-1
3190.000000,1.9861647952e-1,1.1631045096e-1,4.5352491179e-1,4.7561167487e-3,4.7677948479e-1,6.249937219109294e-1,-6.635960934291289e-2,6.5140098226e1,4.233e-1
3191.000000,7.7492819187e-2,7.5942494911e-1,2.1239181092e-1,5.8535295507e-2,1.4214256535e-1,6.249937200364266e-1,-6.635960910934878e-2,2.3324108617e1,8.713e-1
3192.000000,1.5261638922e-2,3.0394010364e-1,3.1135292101e-1,4.1707164468e-1,2.0236112987e-1,6.249937190589736e-1,-6.635960339598271e-2,4.2354851647e1,5.413e-1
3193.000000,8.7332702693e-3,5.6835025261e-2,2.1598330231e-1,5.8100954417e-1,3.8742627991e-1,6.249937109635813e-1,-6.635961474034879e-2,7.0028772347e1,4.595e-1
3194.000000,4.5979353259e-3,1.8240368473e-1,1.5935730628e-1,1.4553290732e-2,8.8907521588e-1,6.249937164718616e-1,-6.635961641668546e-2,1.1590929772e2,4.256e-1
3195.000000,3.1899551641e-3,6.2329087358e-1,2.6408826689e-1,1.0371859723e-1,2.5569971673e-1,6.249937047955879e-1,-6.635961776939216e-2,3.9409441712e1,6.679e-1
3196.000000,1.1392872458e-2,2.4210972878e-1,2.8595462894e-1,6.7284614359e-1,3.7684049083e-2,6.249937114219926e-1,-6.635962577870178e-2,2.9132187803e1,4.464e-1
3197.000000,2.7163220006e-2,2.0191130196e-1,2.7079429636e-1,3.2074409578e-1,4.2937447633e-1,6.249936952185793e-1,-6.635962033501050e-2,6.7807502620e1,5.384e-1
3198.000000,6.7855458803e-2,8.0575685389e-1,2.1015517407e-1,1.0119592139e-2,1.5610032154e-1,6.249937002269348e-1,-6.635961644826870e-2,2.3631350936e1,6.063e-1
3199.000000,3.0064716682e-1,1.3438628866e-1,2.8579125093e-1,4.4991349804e-1,7.9249202414e-2,6.249937034321676e-1,-6.635962235066489e-2,2.7246556014e1,5.323e-1
3200.000000,3.7660491838e-1,1.1637429910e-2,5.9931243665e-1,2.4014509175e-1,2.2287525653e-2,6.249937011723677e-1,-6.635961575639454e-2,1.5543523032e1,6.951e-1
3201.000000,2.7008883939e-1,6.1255386726e-2,8.3021735041e-1,2.9577906310e-2,5.8847911824e-2,6.249936973262539e-1,-6.635961445642195e-2,1.5378319712e1,4.647e-1
3202.000000,1.3739829106e-1,4.8184354745e-1,1.6721846328e-1,2.7318681694e-1,1.9034028212e-1,6.249937004240026e-1,-6.635961157382039e-2,3.5475668200e1,6.896e-1
3203.000000,2.0940780132e-1,3.9029276492e-1,1.6120536485e-1,3.2103606233e-1,1.6804540694e-1,6.249937001795893e-1,-6.635961216039593e-2,3.3957898432e1,6.247e-1
3204.000000,3.8090843640e-1,5.4767365766e-3,7.7071133563e-1,2.8884038445e-2,6.4006839149e-2,6.249936930999440e-1,-6.635961108458688e-2,1.5484263018e1,4.914e-1
3205.000000,2.7890462712e-1,2.3978787890e-1,6.3519548864e-1,2.5671678293e-2,7.0427713278e-2,6.249936931132445e-1,-6.635961012015923e-2,1.5536832985e1,6.829e-1
3206.000000,2.8102629017e-1,3.0846530991e-1,5.3153953119e-1,3.3595333076e-3,1.2559672161e-1,6.249936930944356e-1,-6.635960964075389e-2,2.1193645447e1,7.281e-1
3207.000000,4.6112514920e-1,2.0258609134e-3,2.3834894616e-1,3.8941642829e-1,1.5907100022e-1,6.249936923976338e-1,-6.635960828950738e-2,3.4963819599e1,5.501e-1
3208.000000,2.9559026413e-1,2.8438091561e-1,3.7688534044e-2,5.1590119947e-1,1.1642647682e-1,6.249936950382061e-1,-6.635961156647387e-2,3.2429492651e1,2.919e-1
3209.000000,1.4892087888e-1,1.4501761353e-1,5.8833313588e-1,2.3896355041e-1,1.2875219987e-1,6.249936892901011e-1,-6.635960623530579e-2,2.9198275951e1,7.522e-1
3210.000000,5.8854762612e-2,4.1217144658e-1,2.8525424139e-2,6.2752969715e-1,1.2290605088e-1,6.249936906795964e-1,-6.635961249366390e-2,3.6894898489e1,6.936e-1
3211.000000,3.0240082112e-2,1.8082856843e-1,3.7019831051e-1,3.0605952279e-1,3.6266088992e-1,6.249936868825947e-1,-6.635960003075464e-2,5.9552862301e1,5.432e-1
3212.000000,1.0013709119e-2,7.3383263210e-1,1.4370661835e-1,2.5798281688e-1,1.0445158460e-1,6.249936805220302e-1,-6.635959505770556e-2,2.4247578034e1,6.209e-1
3213.000000,3.3556844471e-3,3.1901584181e-1,2.7859930605e-1,2.5233936869e-1,3.9667714970e-1,6.249936753442182e-1,-6.635958694574502e-2,6.1718038934e1,4.104e-1
3214.000000,2.6526796569e-3,1.6299042998e-1,6.9305433957e-1,3.1625085817e-1,7.5039038790e-2,6.249936730806287e-1,-6.635959137562046e-2,2.5596766343e1,8.322e-1
3215.000000,1.9097810500e-3,4.5105575787e-1,7.6799400390e-2,3.3873638228e-1,3.8148603923e-1,6.249936804098216e-1,-6.635958055572325e-2,6.1187238864e1,5.357e-1
3216.000000,3.2351173917e-3,3.2243709411e-1,2.4849109648e-1,2.5093472008e-1,4.2488931739e-1,6.249936727252764e-1,-6.635957367736622e-2,6.5050164187e1,6.312e-1
3217.000000,7.7854918613e-3,3.1849129291e-1,2.2266125151e-1,2.0630402499e-1,4.9474527616e-1,6.249936687167049e-1,-6.635956862417827e-2,7.2351289492e1,6.117e-1
3218.000000,2.1052537963e-2,2.9512620436e-1,2.8154964522e-1,1.7177131112e-1,4.8048762808e-1,6.249936633709656e-1,-6.635956425806652e-2,6.9852274190e1,3.274e-1
3219.000000,6.2729264314e-2,4.0346843175e-1,6.2528760067e-2,1.7292633927e-1,5.4833453344e-1,6.249936644168883e-1,-6.635956517798450e-2,7.7058994713e1,3.519e-1
3220.000000,1.4959133949e-1,5.4910524587e-2,8.7471638458e-1,1.6904321764e-1,1.7258357517e-3,6.249936510215836e-1,-6.635956670375268e-2,1.2812637736e1,3.826e-1
3221.000000,1.6683178516e-1,3.0485708107e-2,5.0612499171e-1,2.7121634398e-1,2.7532845723e-1,6.249936430918365e-1,-6.635955800533698e-2,4.8114352775e1,4.109e-1
3222.000000,1.6514817417e-1,3.0791519841e-1,1.5383299236e-1,2.6892848310e-1,3.5416244711e-1,6.249936475744600e-1,-6.635955572229664e-2,5.5867573112e1,5.867e-1
3223.000000,4.5867517390e-1,5.1033761644e-1,8.3523247226e-2,1.5153542048e-1,4.5915836662e-2,6.249936473574220e-1,-6.635955767743573e-2,1.2644559346e1,6.991e-1
3224.000000,9.0902900632e-1,9.1394002826e-3,5.4550821070e-2,2.3228095906e-1,4.4987107918e-2,6.249936473257158e-1,-6.635955807416044e-2,1.4100540376e1,6.745e-1
3225.000000,3.6880797580e-1,5.7405936175e-1,1.5785220905e-1,7.0066229871e-2,7.9201517488e-2,6.249936469821058e-1,-6.635955752171191e-2,1.4975253978e1,6.903e-1
3226.000000,2.7061475699e-1,9.3145497624e-2,2.3248043226e-1,2.9480633887e-1,3.5894026314e-1,6.249936444436250e-1,-6.635955235623310e-2,5.7559598358e1,4.729e-1
3227.000000,2.1400980042e-1,2.0414048151e-1,4.9560051588e-1,1.3576656197e-1,2.0046992055e-1,6.249936401699226e-1,-6.635955158197777e-2,3.4484769804e1,5.377e-1
3228.000000,1.8707381784e-1,6.7337622039e-1,2.0690816178e-1,4.8427660321e-2,1.3420142260e-1,6.249936414684931e-1,-6.635955190802206e-2,2.1823021867e1,5.527e-1
3229.000000,4.6243576165e-1,6.6539470158e-2,3.1259464978e-1,3.2254278249e-1,8.5874618881e-2,6.249936414796564e-1,-6.635955359678683e-2,2.4178374276e1,5.631e-1
3230.000000,5.4727765774e-1,2.6922623771e-2,2.0919378623e-1,7.3406470660e-2,3.9318674450e-1,6.249936414533661e-1,-6.635955081798103e-2,5.4677944724e1,5.702e-1
3231.000000,1.9115792120e-1,7.0922609624e-1,2.9965576047e-2,3.1572865068e-1,3.9090394950e-3,6.249936418295845e-1,-6.635955016163750e-2,1.2357429638e1,8.409e-1
3232.000000,5.9570329023e-2,1.4544726825e-1,7.1442795641e-1,1.2096262055e-1,2.0957909274e-1,6.249936334912939e-1,-6.635955055713924e-2,3.6733031081e1,4.208e-1
3233.000000,3.9565189514e-2,1.0251297303e-1,1.8749465212e-2,8.1759945597e-2,1.0073997241e0,6.249936487399871e-1,-6.635955018503992e-2,1.3193828721e2,9.798e-1
3234.000000,2.3160584960e-2,1.4734856465e-1,4.4175275798e-2,2.6704728959e-1,7.6825553235e-1,6.249936236732512e-1,-6.635953873489933e-2,1.0754190104e2,7.386e-1
3235.000000,1.5069025972e-2,1.9651709187e-1,1.4026075426e-2,1.0106469753e0,1.3728090736e-2,6.249936296725567e-1,-6.635955773683729e-2,3.4610676125e1,3.268e-1
3236.000000,2.1519928713e-2,1.7988992661e-1,7.0330402441e-1,2.8621390083e-2,3.1665192506e-1,6.249935974401362e-1,-6.635953793766614e-2,4.7444302903e1,5.662e-1
3237.000000,8.6026009944e-2,8.8199910504e-1,6.6009950519e-3,1.8747551661e-1,8.7885580985e-2,6.249936038148987e-1,-6.635953694747818e-2,1.9108390073e1,9.348e-1
3238.000000,3.1686945191e-1,1.9598761173e-1,1.2468344479e-1,4.5361453257e-1,1.5883216748e-1,6.249936042429177e-1,-6.635954233453643e-2,3.6394059988e1,6.456e-1
3239.000000,5.1992512921e-1,1.1245132657e-1,3.3878143176e-1,2.4483626344e-1,3.3993052684e-2,6.249936018334870e-1,-6.635953595157183e-2,1.5380987846e1,4.162e-1
3240.000000,5.8727151289e-1,5.8968086128e-2,9.7403697976e-2,3.7019791560e-1,1.3614599153e-1,6.249936020626645e-1,-6.635953670235921e-2,3.0463821728e1,4.498e-1
3241.000000,2.4800564060e-1,3.1618773307e-1,2.2454360443e-1,3.1566863600e-1,1.4558158698e-1,6.249936005404884e-1,-6.635953516160682e-2,3.1288566607e1,5.227e-1
3242.000000,7.5824248805e-2,6.1841894806e-1,3.0515433242e-2,3.5964520730e-1,1.6558336167e-1,6.249935995390627e-1,-6.635953277701123e-2,3.4222190414e1,3.904e-1
3243.000000,3.2287828594e-2,1.2468475412e-1,8.6526350887e-1,5.6518018869e-2,1.7123307083e-1,6.249935906412102e-1,-6.635953060159658e-2,3.0914031164e1,5.279e-1
3244.000000,3.4722432181e-2,6.6991371241e-3,5.6295158777e-1,4.8753033729e-1,1.5808370512e-1,6.249935997395452e-1,-6.635952804258588e-2,4.0370057241e1,7.097e-1
3245.000000,3.2894854122e-2,2.2335176658e-2,8.7403289434e-1,7.8400005580e-2,2.4232425002e-1,6.249935903640829e-1,-6.635952005233754e-2,4.0579685117e1,9.009e-1
3246.000000,2.6696926044e-2,3.7452954041e-1,6.0016015674e-1,7.8695388521e-2,1.6990514733e-1,6.249935795225404e-1,-6.635951731254602e-2,2.9829800089e1,5.053e-1
3247.000000,7.2400937213e-2,3.3549230727e-1,4.8665346318e-1,4.7802638567e-2,3.0763781272e-1,6.249935794758383e-1,-6.635951585935837e-2,4.5507737251e1,3.475e-1
3248.000000,1.2857005739e-1,8.2677028003e-2,1.7374615780e-1,3.2042663960e-1,5.4456729867e-1,6.249935907304059e-1,-6.635951233328002e-2,8.1577875044e1,3.527e-1
3249.000000,2.5834305931e-1,4.7650543191e-1,4.1301391077e-2,1.2303706918e-1,3.5080020201e-1,6.249935767462216e-1,-6.635951147068732e-2,5.0252205593e1,6.903e-1
3250.000000,6.7110705984e-1,3.2469602901e-2,1.6697763124e-1,3.3447202871e-1,4.4960830323e-2,6.249935765078134e-1,-6.635951339046983e-2,1.8194404986e1,6.390e-1
3251.000000,5.0591429949e-1,1.7480363600e-1,1.5468524429e-1,8.7107203525e-2,3.2747676649e-1,6.249935748936772e-1,-6.635951165642517e-2,4.6544502999e1,5.061e-1
3252.000000,3.1330836416e-1,9.1587420321e-2,1.8834778733e-1,3.4468983592e-1,3.1205374922e-1,6.249935784723338e-1,-6.635951089896405e-2,5.2819565970e1,5.212e-1
3253.000000,1.8990677395e-1,1.7438100642e-1,5.7494682529e-2,1.9288910668e-2,8.0891578751e-1,6.249935805440689e-1,-6.635951158473372e-2,1.0506213880e2,5.493e-1
3254.000000,7.4546849493e-2,3.9604861328e-1,7.1314055554e-2,1.3777160834e-2,6.9430047240e-1,6.249935757793954e-1,-6.635951019643552e-2,9.0711212710e1,4.212e-1
3255.000000,2.2840149314e-2,3.4958567013e-1,2.4797309905e-1,4.9798793117e-1,1.3160029221e-1,6.249935709399852e-1,-6.635951184314305e-2,3.5474827408e1,7.054e-1
3256.000000,2.2541485391e-2,4.3480055942e-1,2.3519250698e-1,3.6033446344e-1,1.9711812583e-1,6.249935705262183e-1,-6.635950882321701e-2,3.9524234853e1,4.212e-1
3257.000000,7.9119902080e-2,4.5388318205e-1,8.1088167837e-2,3.4192123627e-2,6.0170376341e-1,6.249935694970308e-1,-6.635950913421045e-2,7.9708261330e1,7.552e-1
3258.000000,2.2364414089e-1,2.2817012531e-1,5.1005110891e-2,6.9366924532e-1,5.3498514277e-2,6.249935683403567e-1,-6.635950076451047e-2,3.0021428886e1,5.630e-1
3259.000000,3.8567896939e-1,2.1234402684e-1,4.8997515106e-1,5.1754369452e-3,1.5681353530e-1,6.249935597656154e-1,-6.635950915960757e-2,2.4775075247e1,2.760e-1
3260.000000,7.8841692262e-1,5.7530342094e-2,2.9618980434e-1,2.1016643572e-2,8.6833409526e-2,6.249935610777724e-1,-6.635950894968494e-2,1.4665996594e1,5.379e-1
3261.000000,5.5382934203e-1,3.4329881809e-1,3.9798991885e-2,1.1387771619e-1,1.9918225449e-1,6.249935613433328e-1,-6.635950846623631e-2,3.0421319735e1,4.136e-1
3262.000000,1.8758428695e-1,2.5573015601e-1,3.1261522291e-1,3.5046102866e-1,1.4359642183e-1,6.249935581800938e-1,-6.635950854115696e-2,3.2701269150e1,5.357e-1
3263.000000,9.4480008640e-2,1.8584710477e-1,5.4884037732e-1,9.9054750335e-2,3.2176485761e-1,6.249935493377217e-1,-6.635951329180553e-2,4.9165311017e1,5.501e-1
3264.000000,2.6934173578e-2,8.1838123176e-1,1.6285910567e-2,3.6677182010e-1,2.1613973252e-2,6.249935546240648e-1,-6.635951206881326e-2,1.6283803654e1,8.122e-1
3265.000000,7.3285548571e-3,2.3134182365e-1,3.2482545455e-1,5.3977132468e-1,1.4671994592e-1,6.249935518336885e-1,-6.635952180527453e-2,3.9117787029e1,4.268e-1
3266.000000,1.0533919745e-2,7.0286597162e-1,2.6684378824e-1,2.6092570896e-1,8.8177097499e-3,6.249935491595575e-1,-6.635950718826222e-2,1.3024038744e1,3.718e-1
3267.000000,5.0595189067e-2,2.9838988789e-1,2.2438992065e-1,2.8805942915e-1,3.8855267259e-1,6.249935496755865e-1,-6.635950361998000e-2,6.1369840560e1,5.379e-1
3268.000000,1.0760318133e-1,1.0841110208e-1,3.3866387536e-1,8.3266529525e-3,6.8698228332e-1,6.249935475193258e-1,-6.635950744338637e-2,9.1180119957e1,7.736e-1
3269.000000,1.6024822844e-1,2.1582677413e-1,1.6427759683e-1,6.5954803573e-1,5.0086445831e-2,6.249935404806295e-1,-6.635950055761583e-2,2.9342600647e1,6.912e-1
3270.000000,3.7331797102e-1,5.0476060647e-1,4.8080014935e-2,7.8038969339e-2,2.4578951607e-1,6.249935389150357e-1,-6.635950846687708e-2,3.5539125393e1,6.548e-1
3271.000000,7.7101827801e-1,3.8939373268e-3,2.9458712146e-1,4.6234264866e-2,1.3425347523e-1,6.249935384463166e-1,-6.635950881035790e-2,2.1413935290e1,5.557e-1
3272.000000,4.1409926408e-1,2.1912541210e-1,4.8119209397e-1,1.2198387533e-2,1.2337191605e-1,6.249935368638508e-1,-6.635950862698296e-2,2.0676790863e1,4.597e-1
3273.000000,2.9123016554e-1,6.5782991142e-2,5.6343888275e-1,1.9974578612e-2,3.0956045074e-1,6.249935343923110e-1,-6.635950900652331e-2,4.5047616337e1,5.386e-1
3274.000000,1.6419697820e-1,2.4648983634e-1,1.4692974310e-2,4.3395706502e-1,3.9065022312e-1,6.249935384959071e-1,-6.635950715317807e-2,6.4582476596e1,6.117e-1
3275.000000,7.7903345581e-2,1.7671579148e-1,5.5889700096e-1,2.8691776924e-1,1.4955314155e-1,6.249935243997164e-1,-6.635950679209629e-2,3.3187729997e1,3.366e-1
3276.000000,1.0140070843e-1,1.9505372481e-1,6.6270853835e-2,8.4962390894e-1,3.7637875088e-2,6.249935355553949e-1,-6.635952230505568e-2,3.2976587732e1,4.925e-1
3277.000000,2.1786919829e-1,1.2929093780e-1,5.4787582750e-2,2.3183358165e-1,6.1620574606e-1,6.249935232765182e-1,-6.635950083424391e-2,8.7098827245e1,7.842e-1
3278.000000,3.7808109030e-1,2.4465513341e-2,1.0009236070e-1,1.6432720852e-1,5.8302086188e-1,6.249935173719627e-1,-6.635950015005518e-2,8.0923851451e1,7.417e-1
3279.000000,3.6666956169e-1,3.2293304027e-2,4.4905875205e-1,1.6496263180e-1,2.3700277663e-1,6.249935130957565e-1,-6.635950158309661e-2,3.9455551032e1,5.665e-1
3280.000000,2.2939321371e-1,1.3267108117e-1,2.1237200795e-1,8.1466634376e-2,5.9408408813e-1,6.249935126655617e-1,-6.635950173719189e-2,8.0728710413e1,7.690e-1
3281.000000,1.6443909477e-1,1.4018905434e-1,4.3205642190e-1,2.1226581388e-1,3.0103662736e-1,6.249935061192800e-1,-6.635950558576237e-2,4.9144243377e1,3.672e-1
3282.000000,8.9381846366e-2,5.4850806730e-1,7.9334061545e-2,2.9743371319e-1,2.3532932520e-1,6.249935068021610e-1,-6.635950633519121e-2,4.1416411998e1,7.398e-1
3283.000000,1.5459908758e-1,3.3447037603e-2,5.3307539188e-1,3.3631971606e-2,4.9523351434e-1,6.249935015070129e-1,-6.635950564475927e-2,6.8874909681e1,5.036e-1
3284.000000,1.6180665405e-1,4.5595362339e-2,4.8269839224e-2,2.4998768364e-1,7.4432745765e-1,6.249934984511467e-1,-6.635949328431764e-2,1.0383177322e2,2.287e-1
3285.000000,1.6595786571e-1,1.8904829531e-1,3.6754477704e-1,1.4015590043e-1,3.8728015212e-1,6.249934953084254e-1,-6.635949747586227e-2,5.7458282025e1,5.991e-1
3286.000000,4.4316753164e-1,3.1937314586e-1,1.7772491227e-1,8.9248443327e-2,2.2047295662e-1,6.249934948581719e-1,-6.635949920116270e-2,3.3358617989e1,6.010e-1
3287.000000,8.9320154785e-1,1.7247490735e-2,1.4416066194e-1,4.0126496434e-2,1.5525079375e-1,6.249934953539255e-1,-6.635949841325718e-2,2.2790530537e1,8.048e-1
3288.000000,4.0951650329e-1,7.0236569780e-1,1.6588601960e-2,8.5140132871e-3,1.1300217445e-1,6.249934953932369e-1,-6.635949835049781e-2,1.6478925218e1,6.882e-1
3289.000000,1.7581792434e-1,1.8307935557e-1,1.5707116284e-1,1.0145718331e-1,6.3256137468e-1,6.249935003695894e-1,-6.635949909211222e-2,8.5925122801e1,7.813e-1
3290.000000,1.2771195337e-1,9.0973828235e-2,3.4164135058e-1,3.6635250385e-1,3.2330736352e-1,6.249934997794757e-1,-6.635949796056730e-2,5.6085557092e1,5.682e-1
3291.000000,5.1351326240e-2,4.1203291995e-1,9.7647710330e-2,2.4593393499e-1,4.4302110307e-1,6.249934972862294e-1,-6.635949983216097e-2,6.6207510298e1,6.405e-1
3292.000000,1.6740367220e-2,3.7383841035e-1,3.6446722998e-1,4.3346477391e-1,6.1476200571e-2,6.249934910161900e-1,-6.635950355275295e-2,2.5411611282e1,4.313e-1
3293.000000,1.0673814329e-2,4.6485383579e-1,9.2049968302e-3,5.6403170534e-1,2.0122263335e-1,6.249934928160119e-1,-6.635950280508213e-2,4.4814196193e1,4.071e-1
3294.000000,1.5141159148e-2,1.3251831926e-1,5.0051701758e-1,9.2218362003e-2,5.0959212975e-1,6.249934938677675e-1,-6.635949450557073e-2,7.2455523550e1,7.056e-1
3295.000000,2.1624177266e-2,1.7831589987e-2,1.0954775340e-1,8.4837332959e-1,2.5261015603e-1,6.249935031343227e-1,-6.635950436333432e-2,6.0404903815e1,9.060e-1
3296.000000,3.0008306424e-2,6.9992162074e-2,1.5477339024e-1,8.3426244494e-1,1.6095066556e-1,6.249934846167097e-1,-6.635950932237406e-2,4.8691259029e1,3.264e-1
3297.000000,7.0901901098e-2,6.3620282525e-1,4.6181816473e-1,9.4751309123e-3,7.1588934021e-2,6.249934780044499e-1,-6.635947827309811e-2,1.4468989663e1,5.304e-1
3298.000000,3.5393563640e-1,2.2135916866e-1,3.0797803787e-1,6.4723622261e-2,3.0199048899e-1,6.249934770899863e-1,-6.635947830007169e-2,4.3809448961e1,5.813e-1
3299.000000,4.7246066078e-1,1.0965224687e-2,4.9522092538e-1,1.0431972046e-1,1.6702042388e-1,6.249934775938792e-1,-6.635947734317127e-2,2.8936773495e1,6.690e-1
3300.000000,3.0894389559e-1,9.4544985764e-2,9.7126516863e-2,4.7328611400e-1,2.7608545021e-1,6.249934812151942e-1,-6.635947825207986e-2,5.1604667330e1,5.410e-1
3301.000000,1.7153267316e-1,2.8112946215e-1,1.0661776691e-1,3.5974964856e-1,3.3095740217e-1,6.249934764705194e-1,-6.635947132133491e-2,5.5375503627e1,5.955e-1
3302.000000,2.5713774607e-1,5.3126679323e-1,8.9264516878e-2,1.1716343908e-1,2.5515446038e-1,6.249934778201527e-1,-6.635947190511829e-2,3.8314219574e1,7.221e-1
3303.000000,7.2412121845e-1,8.3493446940e-2,8.8525697417e-2,3.8489408851e-2,3.1535718442e-1,6.249934780427442e-1,-6.635947187669915e-2,4.2834633772e1,6.665e-1
3304.000000,6.0848142601e-1,2.7015727900e-1,2.6398984807e-1,9.9497439761e-2,7.8609610005e-3,6.249934769163504e-1,-6.635947192028241e-2,7.1465951359e0,6.332e-1
3305.000000,2.0761905296e-1,2.7827070485e-1,4.9199864473e-1,2.2564355383e-1,4.6454996967e-2,6.249934766714856e-1,-6.635947219067065e-2,1.7763173428e1,6.268e-1
3306.000000,2.1106736975e-1,5.0766681683e-2,4.3738163939e-1,7.5651714110e-2,4.7511954809e-1,6.249934765119222e-1,-6.635946681178453e-2,6.6942277171e1,6.880e-1
3307.000000,1.9744405550e-1,3.4802495885e-2,1.1437937204e-1,2.9308457541e-1,6.1027646819e-1,6.249934835085895e-1,-6.635945979421828e-2,8.8577456337e1,7.651e-1
3308.000000,8.0584272442e-2,6.6576026451e-1,5.9544520610e-2,1.0957856379e-2,4.3314002955e-1,6.249934717461748e-1,-6.635946144232824e-2,5.7640744016e1,6.527e-1
3309.000000,4.5033847100e-2,4.0699883555e-1,3.3424356746e-1,1.6020458392e-1,3.0350609832e-1,6.249934661759055e-1,-6.635946468213062e-2,4.7485790405e1,5.312e-1
3310.000000,1.3588105856e-1,3.7524976873e-1,4.1534412880e-1,1.5620082502e-1,1.6731115212e-1,6.249934666125010e-1,-6.635946212947043e-2,3.0555446969e1,6.001e-1
3311.000000,5.2338355116e-1,2.3736596994e-1,1.0764005423e-1,8.0330956223e-2,3.0126640317e-1,6.249934673541429e-1,-6.635946241740800e-2,4.2730234354e1,4.363e-1
3312.000000,6.3243635962e-1,8.8310329478e-2,1.8781330999e-1,3.5869613422e-2,3.0555732360e-1,6.249934680576306e-1,-6.635946232622333e-2,4.2254510369e1,4.333e-1
3313.000000,4.0429171115e-1,1.7006269408e-1,2.9441654846e-1,1.6034270863e-1,2.2087327114e-1,6.249934667297479e-1,-6.635946202216959e-2,3.6300349013e1,4.694e-1
3314.000000,2.4738440040e-1,3.8903440100e-1,3.5899298209e-2,3.0971895036e-1,2.6794988542e-1,6.249934676911338e-1,-6.635946159381992e-2,4.5397547133e1,4.893e-1
3315.000000,1.8337320437e-1,1.9422492409e-1,2.5946978913e-1,3.9583899093e-2,5.7333512493e-1,6.249934708122991e-1,-6.635946161053519e-2,7.7209475526e1,4.983e-1
3316.000000,2.3001660155e-1,1.1092831971e-2,7.7131008691e-2,1.5134751997e-1,7.8039898407e-1,6.249934731252232e-1,-6.635945647177051e-2,1.0548843263e2,4.195e-1
3317.000000,1.8029612694e-1,2.1776916189e-1,3.5520218077e-1,1.3308998936e-1,3.6362946134e-1,6.249934601477455e-1,-6.635945818505531e-2,5.4170754545e1,4.589e-1
3318.000000,1.5632077921e-1,3.6315499092e-1,4.5829935681e-2,3.6915868953e-1,3.1552251633e-1,6.249934558365873e-1,-6.635945784127799e-2,5.3371070013e1,5.984e-1
3319.000000,2.5031465978e-1,4.1264072925e-2,3.8168614313e-1,4.5408206880e-3,5.7218120579e-1,6.249934511531789e-1,-6.635946006440464e-2,7.6645675224e1,4.878e-1
3320.000000,2.1327273644e-1,1.3020628072e-1,2.8711307049e-1,4.2544864840e-1,1.9394616170e-1,6.249934488734686e-1,-6.635945655464723e-2,4.1103418940e1,4.889e-1
3321.000000,6.0774549111e-2,8.6028214987e-1,3.2601369794e-2,2.5591781569e-1,4.0411011762e-2,6.249934481138555e-1,-6.635946355671216e-2,1.5373742140e1,8.550e-1
3322.000000,3.1119219257e-2,1.3131924066e-1,2.5762511588e-1,6.4887871225e-2,7.6503546159e-1,6.249934543082077e-1,-6.635946294455468e-2,1.0234014998e2,4.644e-1
3323.000000,1.5513274146e-2,1.0296663835e0,5.8775510097e-2,1.3805331190e-1,7.9784143719e-3,6.249934470332771e-1,-6.635946268727415e-2,7.9762365054e0,6.891e-1
3324.000000,2.7124242531e-2,1.9214903951e-1,4.9560001496e-1,1.4583539841e-1,3.8927819347e-1,6.249934444379097e-1,-6.635946243821869e-2,5.8857001833e1,5.695e-1
3325.000000,4.3734833900e-2,3.8440458633e-2,5.3142826885e-2,1.1003301100e0,1.4338689331e-2,6.249934593760931e-1,-6.635949711980786e-2,3.7569806704e1,1.975e-1
3326.000000,5.9728494994e-2,6.4299479783e-2,6.3694221373e-1,2.7943604550e-1,2.0958061908e-1,6.249934265387587e-1,-6.635945571008121e-2,4.1022273614e1,5.217e-1
3327.000000,1.2057847944e-1,2.0191207171e-1,2.7921532176e-2,6.6965569295e-2,8.3260920675e-1,6.249934296813797e-1,-6.635945725794620e-2,1.0940436232e2,4.454e-1
3328.000000,2.2771652456e-1,6.5876000428e-2,3.4879098715e-1,9.1321780718e-2,5.1628154052e-1,6.249934166889026e-1,-6.635945731268411e-2,7.2042272330e1,4.275e-1
3329.000000,3.7599684627e-1,1.9379474934e-1,2.7435944080e-1,2.6046573064e-1,1.4537005595e-1,6.249934115037381e-1,-6.635945834060862e-2,2.9712733991e1,5.366e-1
3330.000000,6.9632843636e-1,1.7931289464e-2,4.8490258351e-1,4.9586124108e-2,1.2383876073e-3,6.249934105246754e-1,-6.635945626915729e-2,6.0085170504e0,7.611e-1
3331.000000,4.4626842083e-1,3.3617152571e-1,3.6360713016e-2,2.7688516898e-1,1.5430099394e-1,6.249934112392249e-1,-6.635945581767742e-2,2.9797215597e1,6.078e-1
3332.000000,1.3734475971e-1,1.9126849953e-1,6.0252728622e-1,1.3201328096e-1,1.8683299224e-1,6.249934093288968e-1,-6.635945631587055e-2,3.3410475666e1,7.742e-1
3333.000000,1.2284942738e-1,6.5912431294e-2,4.1974574675e-1,4.8581277157e-1,1.5566644053e-1,6.249934087678928e-1,-6.635946317852044e-2,3.9022528629e1,6.880e-1
3334.000000,1.8963695621e-1,8.2260511216e-2,2.5735461980e-1,6.8306083699e-1,3.7673922415e-2,6.249934233123304e-1,-6.635946480312424e-2,2.8998385312e1,4.318e-1
3335.000000,3.2054561607e-1,7.8882208453e-2,4.7526822549e-1,8.4080101897e-2,2.9121067668e-1,6.249934142991607e-1,-6.635944602344349e-2,4.4085712905e1,5.649e-1
3336.000000,5.0319534132e-1,7.2686834753e-3,2.5037087046e-2,1.0539730777e-1,6.0908841392e-1,6.249934167662674e-1,-6.635944380234933e-2,8.1802462565e1,7.094e-1
3337.000000,3.4881924276e-1,2.1790699897e-1,9.7368650600e-2,4.1967229084e-1,1.6621963920e-1,6.249934111882078e-1,-6.635944385875804e-2,3.6094799949e1,5.904e-1
3338.000000,9.5094035191e-2,5.2022010831e-1,1.0315184594e-1,5.9192270311e-2,4.7232856635e-1,6.249934130489563e-1,-6.635944261303668e-2,6.4265411144e1,6.839e-1
3339.000000,6.4101532218e-2,1.7612558721e-1,3.9498426624e-1,3.4863003730e-1,2.6614540576e-1,6.249934143642187e-1,-6.635944230923817e-2,4.8766949201e1,4.772e-1
3340.000000,1.7131283551e-1,4.2507927214e-1,6.1703873996e-3,1.3775021426e-1,5.0967411320e-1,6.249934112522427e-1,-6.635943950633372e-2,7.0631471407e1,6.294e-1
3341.000000,3.6565801648e-1,2.8594692959e-2,2.5829232154e-1,2.7444529856e-1,3.2299648523e-1,6.249934073821350e-1,-6.635944065729335e-2,5.2432156630e1,4.377e-1
3342.000000,3.9392898965e-1,2.5550680067e-2,2.3121674160e-1,1.3547323366e-1,4.6381717097e-1,6.249934079698287e-1,-6.635943749932527e-2,6.5801541149e1,5.564e-1
3343.000000,2.3406080101e-1,2.4977635566e-1,6.8962562587e-3,7.1507286535e-2,6.8774612284e-1,6.249934111516057e-1,-6.635943711934822e-2,9.0991490055e1,7.541e-1
3344.000000,8.8482846736e-2,1.2525212199e-1,3.9597472027e-1,8.7650564308e-2,5.5262655371e-1,6.249934035087511e-1,-6.635943605722042e-2,7.7003560362e1,7.225e-1
3345.000000,4.9660705766e-2,5.0757656475e-1,6.1828443761e-2,4.6202672466e-1,1.6889435952e-1,6.249933992299472e-1,-6.635943639828817e-2,3.7937944241e1,2.704e-1
3346.000000,7.4230480083e-2,1.2079073443e-1,6.3287375126e-1,1.3233566909e-1,2.8975615272e-1,6.249933937852464e-1,-6.635943186792223e-2,4.6665215678e1,3.519e-1
3347.000000,8.4211290822e-2,2.9449707648e-1,6.9024212529e-1,4.4137064621e-2,1.3689922488e-1,6.249933910468686e-1,-6.635942645415349e-2,2.5088523653e1,5.538e-1
3348.000000,1.8980046723e-1,3.1304408422e-1,4.8751162121e-1,1.7476324301e-1,8.4867368843e-2,6.249933922599890e-1,-6.635942553006233e-2,2.1076528360e1,6.414e-1
3349.000000,4.1929781806e-1,1.1009241881e-1,3.6936800920e-2,1.0502952093e-1,5.7863023818e-1,6.249933984459961e-1,-6.635942633044986e-2,7.8150943311e1,7.552e-1
3350.000000,5.4562740595e-1,3.9357682250e-2,2.5621710403e-1,9.9486401525e-2,3.0929819797e-1,6.249933958594067e-1,-6.635942637228848e-2,4.5175000088e1,5.438e-1
3351.000000,3.1099759054e-1,3.6610608764e-1,1.6446040113e-2,7.4031259497e-2,4.8240581833e-1,6.249933980556954e-1,-6.635942636134493e-2,6.5136224341e1,5.837e-1
3352.000000,9.3566838659e-2,2.1201430521e-1,4.0420016006e-1,3.4367552719e-1,1.9652994759e-1,6.249933893574462e-1,-6.635942778233495e-2,3.9857863472e1,3.625e-1
3353.000000,4.7097839878e-2,3.5503622340e-1,5.2092630628e-2,7.6306841303e-1,3.2691689308e-2,6.249933981208130e-1,-6.635943305928085e-2,2.9753087860e1,5.580e-1
3354.000000,4.7456460046e-2,2.6077436674e-1,8.9898294970e-2,1.8967369166e-1,6.6218396615e-1,6.249933897844060e-1,-6.635942876480941e-2,9.2093569124e1,4.369e-1
3355.000000,6.9946881920e-2,9.6470668276e-2,3.8115114239e-1,1.7079324719e-2,6.8533875402e-1,6.249933856639341e-1,-6.635943101129776e-2,9.1547022822e1,6.158e-1
3356.000000,7.5529481017e-2,2.0335316844e-1,3.8392334590e-1,5.5088928567e-1,3.6291478253e-2,6.249933796358099e-1,-6.635942515196497e-2,2.5789624202e1,7.236e-1
3357.000000,1.5121072204e-1,6.6817668580e-1,1.8800611254e-1,1.0386996899e-1,1.3872325283e-1,6.249933710992510e-1,-6.635943172346595e-2,2.3996423003e1,7.642e-1
3358.000000,3.1319540792e-1,1.0490292865e-1,1.9409599213e-1,1.7032281630e-1,4.6746960682e-1,6.249933759112415e-1,-6.635943422917348e-2,6.7205611293e1,6.776e-1
3359.000000,4.4132099067e-1,4.9374108938e-1,7.0888922387e-2,6.3002493557e-2,1.8103324661e-1,6.249933713009098e-1,-6.635943364518146e-2,2.6963589413e1,4.223e-1
3360.000000,7.6117460272e-1,2.5275684654e-2,1.8152413754e-1,2.7999925076e-1,2.0130682899e-3,6.249933719839433e-1,-6.635943322357661e-2,1.1100980537e1,3.755e-1
3361.000000,3.6582009833e-1,3.1394249990e-1,1.7867957146e-1,2.5748393654e-1,1.3406063457e-1,6.249933703972792e-1,-6.635943358196149e-2,2.7639478815e1,4.591e-1
3362.000000,1.2452372546e-1,5.0838900892e-1,6.2158020619e-2,3.7479808465e-1,1.8011790384e-1,6.249933717470663e-1,-6.635943230489423e-2,3.6624934446e1,6.061e-1
3363.000000,3.1391812639e-2,5.4136892837e-1,1.2324603328e-1,7.0139218277e-2,4.8384074953e-1,6.249933710497588e-1,-6.635943568694018e-2,6.6260472954e1,6.015e-1
3364.000000,3.2215643832e-2,6.4362757530e-1,6.1572681064e-2,2.0404184851e-1,3.0852898541e-1,6.249933670550238e-1,-6.635943660115251e-2,4.7816993705e1,7.853e-1
3365.000000,1.1568424685e-1,3.1323264290e-1,1.4904788388e-1,3.0311337099e-1,3.6890859228e-1,6.249933684472748e-1,-6.635943546109666e-2,5.8796618164e1,5.233e-1
3366.000000,2.6838281246e-1,3.8690774236e-1,3.5501474195e-2,7.9464205493e-2,4.7973049073e-1,6.249933626218340e-1,-6.635943672665190e-2,6.5140376074e1,5.152e-1
3367.000000,5.7215948775e-1,4.1228137171e-2,1.8627375748e-1,3.3680190924e-1,1.1352343276e-1,6.249933621997622e-1,-6.635943599664859e-2,2.7167386567e1,5.627e-1
3368.000000,4.8646157956e-1,2.3154955398e-1,1.5386558059e-1,1.1104413730e-1,2.6706586490e-1,6.249933581676528e-1,-6.635943749301466e-2,3.9675097643e1,2.875e-1
3369.000000,4.0590959839e-1,2.4116088609e-1,5.7488038188e-2,2.0036389731e-1,3.4506429471e-1,6.249933573471378e-1,-6.635943967510767e-2,5.1725055314e1,4.578e-1
3370.000000,3.2046491453e-1,1.8117069756e-1,4.0104003121e-1,4.5239584595e-2,3.0207148763e-1,6.249933577621036e-1,-6.635943838989446e-2,4.3843711226e1,5.487e-1
3371.000000,3.1822823710e-1,6.1578508848e-2,6.2652994385e-2,1.5518336691e-2,7.9200865748e-1,6.249933672517336e-1,-6.635943886927838e-2,1.0265719002e2,7.897e-1
3372.000000,1.4255757410e-1,6.6574001832e-1,7.8472032975e-2,8.3561322088e-2,2.7965576861e-1,6.249933580439315e-1,-6.635943917244150e-2,4.0500435776e1,4.817e-1
3373.000000,8.2501173111e-2,2.6677638117e-1,1.6783856432e-1,4.6642144310e-1,2.6644916035e-1,6.249933610266978e-1,-6.635943795976165e-2,5.0948490567e1,5.159e-1
3374.000000,7.9143385884e-2,3.1075835237e-1,5.2447993578e-1,1.7380017849e-1,1.6180484427e-1,6.249933483995477e-1,-6.635944072614927e-2,3.1129553663e1,5.501e-1
3375.000000,1.2607022291e-1,3.4984320081e-1,5.8816203543e-1,1.1415131168e-1,7.1759917619e-2,6.249933442222789e-1,-6.635944127844259e-2,1.8306129225e1,5.904e-1
3376.000000,1.9087397891e-1,1.7382485076e-1,1.3119037340e-1,4.6198407376e-2,7.0789908863e-1,6.249933495406848e-1,-6.635944067889171e-2,9.3582042059e1,3.057e-1
3377.000000,2.8494056321e-1,1.6639509475e-1,6.4556305176e-3,6.6940278096e-1,1.2279262027e-1,6.249933448529483e-1,-6.635943829797844e-2,3.7665249901e1,4.915e-1
3378.000000,3.4698180644e-1,1.2559033917e-1,7.0230765831e-2,4.4704935669e-2,6.6247883893e-1,6.249933430207752e-1,-6.635944309394907e-2,8.7214367033e1,5.870e-1
3379.000000,4.0420630627e-1,6.8350756474e-2,2.5910540459e-1,1.4384609120e-1,3.7447811639e-1,6.249933374642995e-1,-6.635944322898699e-2,5.4947921719e1,6.164e-1
3380.000000,4.3620311208e-1,2.0313977807e-2,2.0957322493e-1,2.2104254028e-1,3.6285382078e-1,6.249933379414406e-1,-6.635944452936574e-2,5.5453965660e1,6.092e-1
3381.000000,2.3237758798e-1,2.1763395120e-1,2.8569929392e-1,6.2067550666e-3,5.0806908327e-1,6.249933357178605e-1,-6.635944503031053e-2,6.8068509868e1,6.839e-1
3382.000000,1.6612991736e-1,2.9323350410e-1,2.1078380766e-2,1.4787644708e-1,6.2166841858e-1,6.249933339510860e-1,-6.635944004995245e-2,8.5143762898e1,7.867e-1
3383.000000,2.6480449061e-1,8.5079908920e-2,1.6444053149e-1,1.9979650638e-1,5.3586521227e-1,6.249933248404558e-1,-6.635943260233251e-2,7.6602321690e1,6.696e-1
3384.000000,2.7342466739e-1,7.7011522478e-2,1.9555155990e-1,2.2157689034e-1,4.8242202413e-1,6.249933321215162e-1,-6.635943614702181e-2,7.0695627437e1,6.516e-1
3385.000000,1.9985408512e-1,1.5589717381e-1,3.8958590081e-2,6.4373258891e-1,2.1154421081e-1,6.249933243699688e-1,-6.635943906693272e-2,4.8400491940e1,3.497e-1
3386.000000,1.5511511932e-1,2.5535065800e-1,1.2905511354e-2,6.6905060718e-1,1.5756474493e-1,6.249933203869357e-1,-6.635943468244224e-2,4.2269409747e1,4.825e-1
3387.000000,2.0657969033e-1,1.3784571873e-1,3.7896000481e-1,2.4455951065e-2,5.0214526358e-1,6.249933142605417e-1,-6.635942227383994e-2,6.8467845494e1,3.015e-1
3388.000000,3.8369998244e-1,7.9947632313e-2,4.7568145247e-1,3.0767810605e-1,2.9794513083e-3,6.249933122888764e-1,-6.635942029910614e-2,1.4384266037e1,5.176e-1
3389.000000,6.0725615142e-1,6.3376903296e-3,8.1918042768e-2,1.7440278763e-1,3.8007195077e-1,6.249933114618862e-1,-6.635941865719536e-2,5.5201746701e1,4.462e-1
3390.000000,3.3412139344e-1,5.2670276148e-1,9.5465318044e-2,6.2457732505e-2,2.3123941588e-1,6.249933106756054e-1,-6.635941903031524e-2,3.3581481437e1,3.405e-1
3391.000000,8.4742037815e-2,2.0078865971e-1,4.8266002042e-1,2.4883380623e-1,2.3296210119e-1,6.249933126783953e-1,-6.635941818507961e-2,4.2087059253e1,4.724e-1
3392.000000,6.2256382454e-2,3.7678280071e-2,4.1236265071e-1,4.3209089430e-2,6.9448021626e-1,6.249933094615377e-1,-6.635941223608607e-2,9.3681544500e1,5.957e-1
3393.000000,5.9019634294e-2,8.0808625741e-3,1.3469541785e-1,1.5987727167e-1,8.8831344734e-1,6.249933168630134e-1,-6.635940453170114e-2,1.1994342884e2,3.648e-1
3394.000000,4.1678732327e-2,1.3148727765e-1,1.7557838975e-1,1.6407345985e-1,7.3716871918e-1,6.249932893815640e-1,-6.635940194106385e-2,1.0129638781e2,4.186e-1
3395.000000,1.8428841508e-2,8.9207471196e-1,8.4137629719e-2,1.8572721608e-1,6.9618165203e-2,6.249932822365397e-1,-6.635940139469343e-2,1.7320860943e1,5.694e-1
3396.000000,2.9011188374e-2,2.0259024508e-1,3.0963915846e-1,3.4660871255e-1,3.6213726830e-1,6.249932863842959e-1,-6.635939826940881e-2,6.0341848496e1,5.571e-1
3397.000000,3.4940047353e-2,1.7576554604e-1,2.8097861584e-1,6.5804996983e-2,6.9249737768e-1,6.249932919507381e-1,-6.635940739519222e-2,9.3362254289e1,8.211e-1
3398.000000,4.9001392605e-2,1.0053125385e0,8.1343775260e-2,7.9859339038e-2,3.4469541464e-2,6.249932934538892e-1,-6.635940613353783e-2,9.6534761320e0,1.746e-1
3399.000000,1.8628105268e-1,1.2557324732e-1,2.5586646121e-1,2.9428321925e-1,3.8798261153e-1,6.249932959968073e-1,-6.635940564303590e-2,6.1470056003e1,4.571e-1
3400.000000,2.4302767833e-1,2.7855550630e-3,2.0623591237e-1,3.1551912929e-1,4.8241832019e-1,6.249932976160124e-1,-6.635940079329443e-2,7.3623129369e1,4.136e-1
3401.000000,1.9863906701e-1,8.8523127057e-2,1.3272357856e-1,2.1697822224e-1,6.1312261756e-1,6.249933062134846e-1,-6.635939889037762e-2,8.6761152575e1,7.323e-1
3402.000000,1.9644116061e-1,3.2342704308e-1,4.0177974251e-1,3.0657491880e-1,2.1763735738e-2,6.249933003668300e-1,-6.635939702945681e-2,1.6555468183e1,5.882e-1
3403.000000,6.8347969501e-1,3.1000707676e-1,1.5162314737e-1,2.5179369038e-2,7.9697308130e-2,6.249932981548838e-1,-6.635939787344228e-2,1.3181734430e1,7.111e-1
3404.000000,7.8529457390e-1,1.2341144939e-1,5.7901858410e-2,9.2595017819e-2,1.9078369775e-1,6.249932986334166e-1,-6.635939774928992e-2,2.8486038935e1,7.417e-1
3405.000000,2.6572389568e-1,4.4798079680e-1,1.8226260378e-1,1.8939001110e-1,1.6462928936e-1,6.249932983579688e-1,-6.635939769566021e-2,2.9619953764e1,6.690e-1
3406.000000,2.0818978555e-1,2.7365969571e-1,1.3901522894e-1,6.1257996679e-1,1.6541919834e-2,6.249932984089382e-1,-6.635940264659158e-2,2.3483460792e1,4.687e-1
3407.000000,3.0464058245e-1,7.5060153631e-2,4.4509010702e-2,6.0914956902e-1,2.1662726903e-1,6.249932924212408e-1,-6.635940046520834e-2,4.7879589329e1,5.170e-1
3408.000000,3.1508984774e-1,3.4158981517e-2,4.6560688934e-1,1.4872451166e-1,2.8640634035e-1,6.249932852967575e-1,-6.635939056208290e-2,4.5369913939e1,6.296e-1
3409.000000,1.7011425285e-1,5.0361525313e-1,1.0670901501e-1,3.0859730060e-2,4.3868832378e-1,6.249932874125798e-1,-6.635939095115087e-2,5.9085576558e1,4.201e-1
3410.000000,2.6216097547e-1,1.0064498845e-1,6.9346286410e-1,3.8670624417e-2,1.5504710912e-1,6.249932807790940e-1,-6.635939093718773e-2,2.6963563327e1,5.818e-1
3411.000000,2.9789897341e-1,1.4473773886e-2,1.0537697740e-1,6.6212184899e-1,1.7011500183e-1,6.249932877544589e-1,-6.635939547419024e-2,4.3983532255e1,1.822e-1
3412.000000,2.0216908304e-1,1.0031022878e-1,1.0687499878e-1,4.9036987826e-1,3.5026236890e-1,6.249932788779542e-1,-6.635939158244980e-2,6.1682124313e1,2.560e-1
3413.000000,7.0318485781e-2,4.9808739932e-1,4.4176241064e-2,9.8543513883e-2,5.3886091673e-1,6.249932783910521e-1,-6.635939202221953e-2,7.3512333756e1,4.709e-1
3414.000000,2.4060820541e-2,1.7849778025e-1,4.7551544762e-1,3.4248594400e-1,2.2942656476e-1,6.249932785877478e-1,-6.635939016215028e-2,4.4499300049e1,4.207e-1
3415.000000,3.6513413893e-2,3.7969982778e-1,5.3989685049e-1,2.5052220566e-1,4.3354241081e-2,6.249932694466599e-1,-6.635939209674983e-2,1.8662884606e1,6.652e-1
3416.000000,1.9044937281e-1,4.0761917431e-1,4.3274181381e-1,5.2921259856e-2,1.6625491613e-1,6.249932684537924e-1,-6.635939323731602e-2,2.7346507125e1,5.374e-1
3417.000000,3.6805161017e-1,3.2503530328e-2,1.1972722835e-1,7.3088146012e-3,7.2239536961e-1,6.249932765314158e-1,-6.635939259489204e-2,9.3907340070e1,3.415e-1
3418.000000,3.5043496953e-1,1.0898202207e-1,6.5628954202e-1,9.4288012154e-2,3.9991997392e-2,6.249932715800780e-1,-6.635939264981908e-2,1.3779689920e1,8.028e-1
3419.000000,4.6629810509e-1,1.1749466967e-1,6.1211390481e-2,2.4323911669e-1,3.6174326586e-1,6.249932738880422e-1,-6.635939321797325e-2,5.5044619279e1,4.707e-1
3420.000000,4.4613015769e-1,1.4261053162e-1,6.5510126411e-2,2.3639496288e-1,3.5934076459e-1,6.249932715933656e-1,-6.635939379165409e-2,5.4592623833e1,5.619e-1
3421.000000,3.3639126440e-1,5.9273650407e-2,6.9536015193e-1,1.2096577231e-1,3.7995703356e-2,6.249932712010969e-1,-6.635939310478367e-2,1.4583978892e1,4.002e-1
3422.000000,2.1032233814e-1,2.0484624229e-1,4.2064684611e-2,1.6175804950e-1,6.3099524081e-1,6.249932776770062e-1,-6.635939209148127e-2,8.6795019538e1,7.143e-1
3423.000000,8.0298222268e-2,2.8665949785e-1,2.9465806072e-1,4.6786737186e-1,1.2050338102e-1,6.249932668574110e-1,-6.635939367947141e-2,3.3366921263e1,6.271e-1
3424.000000,8.8423798286e-2,3.1852043481e-1,9.5854831045e-2,7.3527020172e-1,1.1917282144e-2,6.249932739981933e-1,-6.635940128137278e-2,2.6502149986e1,7.211e-1
3425.000000,2.2402034436e-1,1.5132247899e-1,4.1330178000e-2,4.7827355882e-2,7.8548618742e-1,6.249932723294999e-1,-6.635938980512754e-2,1.0281800393e2,8.775e-1
3426.000000,3.1136518058e-1,5.0441750676e-2,3.0364960917e-1,1.3229115760e-1,4.5223882089e-1,6.249932594604607e-1,-6.635938901825675e-2,6.4805649083e1,6.691e-1
3427.000000,3.5613925523e-1,1.1507836734e-1,2.3910326657e-1,3.9645528348e-1,1.4321034943e-1,6.249932610202745e-1,-6.635939193412055e-2,3.3338546293e1,5.900e-1
3428.000000,4.5172063172e-1,1.0763111708e-2,4.7712335163e-1,2.5027752456e-2,2.8535167247e-1,6.249932599870254e-1,-6.635938782318095e-2,4.1390275507e1,4.530e-1
3429.000000,2.3314185888e-1,2.9352926588e-1,3.1886825910e-3,7.1746961480e-1,2.6571130881e-3,6.249932676231881e-1,-6.635939242538552e-2,2.4028277071e1,8.065e-1
3430.000000,9.5704898930e-2,1.2533423934e-1,7.2038590121e-1,2.9503288841e-2,2.7905819564e-1,6.249932619817011e-1,-6.635938692868269e-2,4.2725162423e1,3.324e-1
3431.000000,5.0152259769e-2,1.2765537550e-1,4.9502477551e-2,9.4045763335e-1,8.2218807147e-2,6.249932766580382e-1,-6.635939260374583e-2,4.1295058283e1,9.626e-1
3432.000000,3.4697625024e-2,2.5698646962e-2,7.6593965602e-1,9.2068001057e-2,3.3158256273e-1,6.249932458999647e-1,-6.635939034566303e-2,5.1585007418e1,2.124e-1
3433.000000,2.2368509260e-2,1.4025177680e-1,8.3421135101e-2,8.6078203926e-2,9.1786689671e-1,6.249932608985873e-1,-6.635939261194052e-2,1.2120052219e2,7.055e-1
3434.000000,1.2724070632e-2,1.9111145038e-1,1.4357574965e-1,2.6909311176e-2,8.7566592819e-1,6.249932550129028e-1,-6.635939213689820e-2,1.1448352770e2,6.076e-1
3435.000000,1.9179183336e-2,2.0571834384e-1,2.3935526680e-2,6.4820066765e-1,3.5295274923e-1,6.249932353718927e-1,-6.635938899184729e-2,6.6532883759e1,3.303e-1
3436.000000,3.5216158919e-2,1.6588538030e-1,1.7935637127e-1,8.4583039864e-1,2.3698162823e-2,6.249932359786826e-1,-6.635938731560592e-2,3.1884167408e1,3.421e-1
3437.000000,1.0447241612e-1,5.7526029185e-1,1.1979744073e-1,9.1886291191e-2,3.5857001217e-1,6.249932260304701e-1,-6.635939027223853e-2,5.0998459193e1,4.644e-1
3438.000000,3.4528157961e-1,1.7479513499e-1,3.6064928645e-1,2.1749110585e-1,1.5176934588e-1,6.249932263953157e-1,-6.635938904762134e-2,2.9793617012e1,5.750e-1
3439.000000,6.6374350490e-1,7.4900978503e-2,9.2522713080e-2,3.4842769764e-2,3.8397648732e-1,6.249932267819526e-1,-6.635938907814162e-2,5.1485814423e1,8.129e-1
3440.000000,5.0118068153e-1,3.8843822762e-1,2.1194804048e-1,5.4982085367e-2,9.3437415093e-2,6.249932250432492e-1,-6.635938908875849e-2,1.6442466984e1,6.797e-1
3441.000000,4.8475179546e-1,1.5546689902e-1,2.3446577324e-1,2.3857340523e-1,1.3672857569e-1,6.249932243180587e-1,-6.635938887316797e-2,2.7564642537e1,4.545e-1
3442.000000,4.4634315523e-1,2.1286753200e-1,5.3996030158e-1,2.7144870246e-2,2.3670589533e-2,6.249932242921513e-1,-6.635938926496156e-2,8.8670603624e0,4.609e-1
3443.000000,2.1084665265e-1,4.5966106243e-1,3.2441639889e-1,7.6217707300e-2,1.7884462698e-1,6.249932241298083e-1,-6.635938914695659e-2,2.8951155529e1,6.760e-1
3444.000000,2.6926383512e-1,1.2170567577e-1,8.6080468637e-2,4.6887445364e-1,3.0406201788e-1,6.249932255207266e-1,-6.635938874015630e-2,5.4990607823e1,2.601e-1
3445.000000,2.7034127470e-1,1.2179162454e-1,1.2306716470e-1,1.4757071434e-2,7.2002931704e-1,6.249932262071369e-1,-6.635938943708897e-2,9.3999270072e1,5.088e-1
3446.000000,2.3287766605e-1,2.5263684288e-1,5.4847402583e-1,1.8201534147e-1,3.3982557807e-2,6.249932170119841e-1,-6.635938937384488e-2,1.5183763052e1,5.010e-1
3447.000000,2.1191370019e-1,3.6440612269e-1,2.0250856065e-1,1.9926716780e-1,2.7189088557e-1,6.249932184481716e-1,-6.635938870505674e-2,4.3633420303e1,6.031e-1
3448.000000,3.0330493271e-1,2.3101383619e-1,4.8114557932e-2,5.1897320642e-1,1.4857990576e-1,6.249932195020781e-1,-6.635938617841675e-2,3.6623967144e1,6.811e-1
3449.000000,4.4973106484e-1,3.8994754624e-2,4.1621035444e-1,2.6797364316e-1,7.7076621282e-2,6.249932191707124e-1,-6.635938842907918e-2,2.2073501982e1,3.654e-1
3450.000000,3.0390157164e-1,3.0730975870e-1,3.3862594771e-2,9.4360402199e-3,5.9547647880e-1,6.249932220682046e-1,-6.635938788462820e-2,7.7560413635e1,5.534e-1
3451.000000,2.1304204118e-1,8.3233340036e-2,5.6553277656e-1,1.9724844833e-1,1.9092982379e-1,6.249932149511410e-1,-6.635938767808777e-2,3.5548217705e1,4.309e-1
3452.000000,2.1682417215e-1,2.9929115971e-2,4.8191952804e-1,6.0208248502e-2,4.6110533818e-1,6.249932014194938e-1,-6.635938313785292e-2,6.4971773781e1,6.131e-1
3453.000000,1.3080582821e-1,4.8692690226e-1,3.1842590913e-1,1.4135566791e-1,1.7247209741e-1,6.249932024612750e-1,-6.635938202242117e-2,3.0186473834e1,4.252e-1
3454.000000,2.8226192313e-1,2.9383713573e-1,5.3073831789e-1,5.6426904616e-2,8.6722124242e-2,6.249932028015234e-1,-6.635938147174630e-2,1.7880804627e1,5.028e-1
3455.000000,3.7945887958e-1,1.8334998382e-1,5.2429973901e-1,8.3680941677e-2,7.9196862427e-2,6.249932032564431e-1,-6.635938231550878e-2,1.7565815844e1,6.158e-1
3456.000000,5.8284098447e-1,2.3192671074e-1,3.1171140372e-1,8.9836444471e-3,1.1452366341e-1,6.249932033911834e-1,-6.635938281580384e-2,1.8195470682e1,6.626e-1
3457.000000,5.9861789302e-1,1.7717363893e-1,1.4309071493e-1,8.8303082572e-2,2.4280107980e-1,6.249932046267025e-1,-6.635938330148584e-2,3.5702618801e1,6.023e-1
3458.000000,2.4199727626e-1,6.1083554471e-1,2.2478590887e-1,5.6240333889e-2,1.1612734470e-1,6.249932042143838e-1,-6.635938351947220e-2,1.9804947804e1,6.231e-1
3459.000000,2.7169672534e-1,1.7284257493e-1,2.4531601590e-1,2.8627308199e-1,2.7385800296e-1,6.249932005654337e-1,-6.635938710971118e-2,4.6658624643e1,4.959e-1
3460.000000,2.6367049782e-1,8.1125404324e-1,3.1327995692e-2,8.5653654264e-2,5.8080213562e-2,6.249932022891959e-1,-6.635938540832752e-2,1.2180151573e1,4.159e-1
3461.000000,6.5580968661e-1,3.7920209831e-2,1.3048343486e-1,2.3630799388e-1,1.8946507898e-1,6.249932020826288e-1,-6.635938578244077e-2,3.3260998655e1,7.282e-1
3462.000000,5.1327753308e-1,1.5948310914e-1,1.9616017696e-1,2.3306965743e-1,1.4799592630e-1,6.249932014507904e-1,-6.635938614381824e-2,2.8546594004e1,6.772e-1
3463.000000,3.1356716654e-1,1.1427593121e-1,2.7016224994e-1,8.5887131674e-2,4.6609392392e-1,6.249932016392187e-1,-6.635938400750606e-2,6.4955043921e1,6.209e-1
3464.000000,1.2404966329e-1,3.2115988717e-1,7.4168433201e-2,2.4239991010e-2,7.0636843383e-1,6.249932042486736e-1,-6.635938417389267e-2,9.2488531314e1,7.290e-1
3465.000000,4.6895916550e-2,1.9373037814e-1,5.3798453191e-2,9.2999641252e-1,2.5565246222e-2,6.249932033135435e-1,-6.635939660845791e-2,3.3873533057e1,5.076e-1
3466.000000,2.0092237889e-2,2.5116141547e-1,7.0160115927e-1,9.8793237359e-2,1.7833830780e-1,6.249931788922305e-1,-6.635938256844538e-2,3.2113865218e1,4.163e-1
3467.000000,1.3051496850e-2,5.2160108251e-1,4.5127526884e-1,1.3710614119e-1,1.2695237381e-1,6.249931816003067e-1,-6.635938133895679e-2,2.5297230430e1,6.723e-1
3468.000000,2.0253857059e-2,2.6351146247e-2,9.2857585021e-1,2.2214512253e-2,2.5259099384e-1,6.249931798023897e-1,-6.635937916237072e-2,4.0533947626e1,9.309e-1
3469.000000,2.4675598285e-2,1.3963702972e-2,1.0668436096e0,1.3049256030e-1,1.4010889038e-2,6.249931801052173e-1,-6.635937226458388e-2,1.4544169808e1,9.734e-1
3470.000000,3.9013734561e-2,1.4937969512e-1,6.8892512774e-1,1.7140142519e-1,2.0126636133e-1,6.249931719730173e-1,-6.635936480555647e-2,3.7076607136e1,4.756e-1
3471.000000,1.4789173609e-1,5.0922937676e-1,6.0192445306e-2,2.5153775737e-1,2.8113503406e-1,6.249931747930235e-1,-6.635936586270638e-2,4.5608436779e1,6.639e-1
3472.000000,3.2226110135e-1,3.1059716559e-2,5.3735961438e-2,1.4002387124e-1,7.0290571001e-1,6.249931802963991e-1,-6.635936537975780e-2,9.5105832436e1,5.089e-1
3473.000000,3.2120068100e-1,2.4193084614e-2,3.2614726950e-1,2.4368921191e-2,5.5407639206e-1,6.249931741809696e-1,-6.635936486487484e-2,7.4519748327e1,5.204e-1
3474.000000,2.3120955634e-1,5.4656468679e-2,1.8083916691e-1,6.7171071847e-1,1.1157045483e-1,6.249931826131505e-1,-6.635936548363704e-2,3.7447392260e1,7.269e-1
3475.000000,1.3799661842e-1,9.4098990756e-2,4.5839199944e-2,3.0325770613e-1,6.6879382511e-1,6.249931701823372e-1,-6.635935829900468e-2,9.5933766101e1,5.046e-1
3476.000000,7.2959677032e-2,1.7767513441e-1,1.4728394495e-2,8.6291020399e-2,8.9833211170e-1,6.249931690199040e-1,-6.635935672608276e-2,1.1825748021e2,3.234e-1
3477.000000,3.3333147417e-2,1.7302939633e-1,2.1084465023e-2,2.8290189599e-1,7.3963739787e-1,6.249931513140348e-1,-6.635934664187321e-2,1.0425784869e2,3.424e-1
3478.000000,2.4224155236e-2,4.1874169558e-2,4.3863045288e-1,1.4503039461e-1,6.0022710207e-1,6.249931371800328e-1,-6.635934940108244e-2,8.5074945733e1,5.532e-1
3479.000000,3.9676746731e-2,3.6822577418e-1,1.6965681334e-1,4.0443370931e-1,2.6799320697e-1,6.249931252681360e-1,-6.635934924139489e-2,4.9358553619e1,6.272e-1
3480.000000,1.5676767217e-1,4.5011040178e-1,1.7968687555e-1,4.0238728367e-1,6.1034015825e-2,6.249931244970072e-1,-6.635934979489967e-2,2.3104846747e1,6.308e-1
3481.000000,4.0727528455e-1,2.5438631114e-1,2.7967200655e-3,4.5456448089e-1,1.3096345154e-1,6.249931240915090e-1,-6.635934734034141e-2,3.2044169211e1,4.129e-1
3482.000000,5.9579844916e-1,4.1428160294e-2,4.0498883219e-1,1.8720778777e-1,2.0563013496e-2,6.249931214536056e-1,-6.635934256487061e-2,1.2243381139e1,5.329e-1
3483.000000,4.4181825535e-1,1.4338278002e-1,2.4178632391e-1,3.8106357428e-1,4.1935310306e-2,6.249931219389736e-1,-6.635934580766802e-2,2.0003719375e1,6.090e-1
3484.000000,2.7954577994e-1,3.8015426220e-1,3.3423918300e-2,4.5279678092e-1,1.0406550224e-1,6.249931218045149e-1,-6.635934467481905e-2,2.8977354038e1,5.673e-1
3485.000000,3.2630031998e-1,1.1660493609e-1,1.9496466084e-1,4.8772660409e-1,1.2438973220e-1,6.249931266011168e-1,-6.635934180730990e-2,3.3485214372e1,5.711e-1
3486.000000,4.2174566319e-1,8.9839511947e-3,1.8705442738e-1,3.2851134169e-1,3.0369086336e-1,6.249931234091354e-1,-6.635933606971933e-2,5.1110069598e1,6.475e-1
3487.000000,2.0456231452e-1,6.1299043082e-1,8.7822109914e-2,2.2206471729e-2,3.2240490778e-1,6.249931173854059e-1,-6.635933575132054e-2,4.4009274190e1,4.823e-1
3488.000000,2.7557326133e-1,2.9004419567e-1,2.0869795689e-1,3.0369800547e-1,1.7197281784e-1,6.249931186009877e-1,-6.635933306854058e-2,3.4118315536e1,4.721e-1
3489.000000,5.6262772085e-1,8.0020056002e-2,1.1524886575e-1,3.9178288653e-1,1.0030670941e-1,6.249931192664102e-1,-6.635933273628256e-2,2.6739656071e1,6.166e-1
3490.000000,6.0201655474e-1,4.4829283823e-2,3.9887377908e-1,1.6003862812e-1,4.4227990783e-2,6.249931182770387e-1,-6.635933666744058e-2,1.4364075998e1,6.430e-1
3491.000000,2.7339589554e-1,3.6696430265e-1,2.3405433425e-1,3.6770774058e-1,7.8639688348e-3,6.249931209292118e-1,-6.635933508884163e-2,1.5516296937e1,6.059e-1
3492.000000,1.1346695706e-1,4.5402314004e-1,5.0024406558e-1,1.1351280368e-1,6.8739271108e-2,6.249931187330637e-1,-6.635933728042451e-2,1.7397768703e1,7.065e-1
3493.000000,2.9431134730e-1,2.4344827644e-1,1.8602112072e-1,2.3161832107e-1,2.9458717737e-1,6.249931214459008e-1,-6.635933673239497e-2,4.7241166170e1,4.766e-1
3494.000000,6.5762935769e-1,1.7481319309e-1,8.0948595547e-2,5.6597116792e-2,2.7999797371e-1,6.249931184116913e-1,-6.635933719008641e-2,3.8976878201e1,5.220e-1
3495.000000,6.9798067892e-1,1.6543947708e-1,5.9110501137e-2,1.3859268569e-1,1.8886289352e-1,6.249931181731784e-1,-6.635933720107293e-2,2.9762169615e1,4.679e-1
3496.000000,3.8221469212e-1,2.9424037213e-1,1.6330088492e-1,3.0121206144e-1,1.0901822756e-1,6.249931190863496e-1,-6.635933629735473e-2,2.5679114263e1,5.254e-1
3497.000000,4.9530197035e-1,5.9019632562e-2,4.7077897054e-1,1.0934114571e-3,2.2379224428e-1,6.249931145956044e-1,-6.635933767415617e-2,3.2812318449e1,6.941e-1
3498.000000,3.9782079006e-1,1.8691135874e-1,2.6325973108e-1,4.4988744945e-2,3.5700560772e-1,6.249931162705455e-1,-6.635933873091730e-2,4.9815168588e1,6.299e-1
3499.000000,1.1428687715e-1,6.1504798881e-1,1.0141139410e-1,2.8401147075e-1,1.3522850084e-1,6.249931158260089e-1,-6.635933860469354e-2,2.8496145740e1,4.727e-1
3500.000000,9.9637192930e-2,5.4524768791e-2,4.1961309366e-1,1.6524030268e-1,5.1097085693e-1,6.249931075021941e-1,-6.635933459380215e-2,7.4207732257e1,6.826e-1
3501.000000,1.0085241933e-1,2.3855849331e-2,6.6328033405e-1,2.0728267401e-2,4.4126932324e-1,6.249930966779076e-1,-6.635933029285712e-2,6.2550158512e1,5.694e-1
3502.000000,6.6092229064e-2,2.4228644387e-1,4.0234787772e-2,1.5060353781e-1,7.5076919804e-1,6.249930982798719e-1,-6.635932215772178e-2,1.0175726786e2,7.917e-1
3503.000000,5.7409244046e-2,2.7666486498e-1,8.8422982309e-2,3.2115082602e-1,5.0633825592e-1,6.249930866393087e-1,-6.635931517406239e-2,7.6377541402e1,5.220e-1
3504.000000,8.5396883425e-2,2.3229375819e-1,3.5112943891e-2,4.2036871388e-1,4.7681385910e-1,6.249930792443525e-1,-6.635930883875560e-2,7.5272162318e1,4.344e-1
3505.000000,1.4758265996e-1,2.8959052275e-1,8.3952656707e-2,4.7961643218e-1,2.4924387881e-1,6.249930752059946e-1,-6.635931126415007e-2,4.8575535947e1,3.448e-1
3506.000000,3.9126931691e-1,2.6295119826e-1,2.5357576835e-1,6.7111745239e-2,2.7507812160e-1,6.249930751745931e-1,-6.635931056623083e-2,4.0107718614e1,5.556e-1
3507.000000,8.1931259267e-1,1.3248752764e-2,1.0132430574e-1,2.4199248425e-1,7.4108017746e-2,6.249930765864515e-1,-6.635931025690121e-2,1.8476334015e1,7.722e-1
3508.000000,4.0073817263e-1,6.7559302569e-1,4.3411071024e-2,3.0847623467e-2,9.9396258423e-2,6.249930756189597e-1,-6.635931015473508e-2,1.5608688735e1,7.822e-1
3509.000000,1.1730527817e-1,2.1563888496e-1,2.6461283974e-1,5.6129205925e-1,9.1137096937e-2,6.249930795245713e-1,-6.635932306487657e-2,3.2233727431e1,4.183e-1
3510.000000,5.7994085896e-2,2.2066444926e-1,4.5099136177e-1,2.3489709559e-1,2.8543914458e-1,6.249930685452147e-1,-6.635930731762187e-2,4.8131174401e1,4.846e-1
3511.000000,2.1243588617e-2,7.5120520982e-1,1.1419748369e-2,2.8256152643e-1,1.8355606184e-1,6.249930675357493e-1,-6.635930331429098e-2,3.4141534962e1,4.686e-1
3512.000000,4.3465948857e-2,3.8734980458e-1,7.9014572646e-2,4.6310066854e-1,2.7705513645e-1,6.249930655326270e-1,-6.635930469497728e-2,5.1710828023e1,5.671e-1
3513.000000,1.3929779642e-1,6.5202006070e-1,4.8084673576e-2,2.1017932228e-1,2.0040427124e-1,6.249930621054260e-1,-6.635929899379475e-2,3.4135851439e1,7.434e-1
3514.000000,4.7149796552e-1,1.1342194379e-1,2.7656253620e-1,5.5931952189e-2,3.3257172314e-1,6.249930604176414e-1,-6.635929947837674e-2,4.7034096192e1,5.357e-1
3515.000000,5.4991422032e-1,5.0170925821e-2,1.5395112875e-2,3.9497135507e-1,2.3953450779e-1,6.249930609372322e-1,-6.635929908027305e-2,4.3797960224e1,5.727e-1
3516.000000,2.9019829459e-1,1.7723490237e-1,2.2670828948e-1,1.9722809053e-1,3.5861654645e-1,6.249930617147219e-1,-6.635929930310989e-2,5.4527452111e1,4.797e-1
3517.000000,1.0308472794e-1,7.6295716864e-1,1.1952257447e-1,1.1768163197e-1,1.4674001242e-1,6.249930577166836e-1,-6.635929921796162e-2,2.5082171109e1,5.617e-1
3518.000000,1.7506919429e-1,1.5685445586e-1,1.0598163217e-1,3.3515575942e-1,4.7692506580e-1,6.249930537680329e-1,-6.635929542686489e-2,7.3020489290e1,5.442e-1
3519.000000,2.8869698927e-1,2.1310463640e-2,6.6379515648e-1,1.6937230623e-2,2.5924624560e-1,6.249930428069492e-1,-6.635929459940298e-2,3.9222841490e1,8.147e-1
3520.000000,3.1734514283e-1,1.0002389317e-2,5.8950884271e-1,1.5349219891e-1,1.7963749503e-1,6.249930343985273e-1,-6.635929258564380e-2,3.2800097821e1,6.219e-1
3521.000000,1.5994255785e-1,4.7345487836e-1,3.3341597754e-1,1.9292791593e-1,9.0244749063e-2,6.249930393714743e-1,-6.635929280040431e-2,2.1419230046e1,3.961e-1
3522.000000,2.6976372453e-2,4.2376633755e-1,5.2933352447e-1,2.4425918845e-1,2.5650658478e-2,6.249930406969255e-1,-6.635929322580715e-2,1.6195267373e1,4.363e-1
3523.000000,1.5152471013e-2,4.5002289094e-2,7.5668190718e-1,5.0661577770e-2,3.8248780744e-1,6.249930262492115e-1,-6.635928721108844e-2,5.6730645912e1,5.957e-1
3524.000000,1.6346590612e-2,9.7521044466e-3,2.6256840550e-1,8.6649549407e-1,9.4823490948e-2,6.249930427892803e-1,-6.635932106005316e-2,4.1993487400e1,7.228e-1
3525.000000,2.0759760946e-2,4.3602452162e-2,2.8568325983e-1,8.1747230472e-1,8.2468345653e-2,6.249930616525011e-1,-6.635928320760887e-2,3.9098112858e1,5.684e-1
3526.000000,3.5573256804e-2,1.5471827662e-1,2.8598890792e-1,2.2459619556e-1,5.4910946025e-1,6.249930485780100e-1,-6.635926618506077e-2,8.0088223615e1,7.407e-1
3527.000000,1.4596684787e-1,8.2675968487e-1,4.2198574412e-2,1.0994156685e-1,1.2511940522e-1,6.249930396117029e-1,-6.635926767918023e-2,2.1597505397e1,7.611e-1
3528.000000,4.1608924151e-1,5.3184825043e-2,9.1243194352e-2,1.8495006412e-1,5.0451875697e-1,6.249930409990059e-1,-6.635926346450602e-2,7.1541162770e1,5.781e-1
3529.000000,4.2482565621e-1,4.4714272757e-2,4.2278401417e-1,2.3617866894e-1,1.2148345333e-1,6.249930327079783e-1,-6.635926294612007e-2,2.6791712920e1,6.190e-1
3530.000000,2.5778304918e-1,1.8115165144e-1,1.1568844154e-1,3.8359539753e-1,3.1176752503e-1,6.249930323613199e-1,-6.635926061442217e-2,5.3597998285e1,4.911e-1
3531.000000,1.3019175707e-1,8.6772305921e-1,1.3590531122e-2,2.3091972616e-1,7.5609896844e-3,6.249930316205662e-1,-6.635926201175030e-2,1.0266504163e1,3.891e-1
3532.000000,3.0178652799e-1,1.5057641562e-1,1.1635727275e-1,1.7147908200e-1,5.0978676741e-1,6.249930328882232e-1,-6.635925879172350e-2,7.2122941129e1,3.389e-1
3533.000000,3.8025466214e-1,1.1085133419e-2,2.1726250348e-1,2.9640019479e-1,3.4498356251e-1,6.249930281724222e-1,-6.635926001182069e-2,5.5593099861e1,3.899e-1
3534.000000,2.7250278377e-1,4.7827071277e-2,1.8705328792e-1,2.2996253855e-1,5.1264038167e-1,6.249930315920142e-1,-6.635925558470313e-2,7.4705101925e1,6.537e-1
3535.000000,1.8045064303e-1,6.1781058963e-2,1.4302323343e-1,3.0543973538e-1,5.5929141352e-1,6.249930421612466e-1,-6.635925512085243e-2,8.2721345769e1,7.479e-1
3536.000000,1.0617853494e-1,2.9651894956e-1,2.2610390423e-1,2.0015763451e-1,4.2102705290e-1,6.249930380674783e-1,-6.635925271111362e-2,6.2751465476e1,6.229e-1
3537.000000,2.3246625785e-1,7.4396123540e-1,2.1384150009e-1,4.5492305956e-2,1.4224768562e-2,6.249930339298699e-1,-6.635925294595768e-2,6.5914117669e0,4.854e-1
3538.000000,5.5804838945e-1,3.1029138558e-2,8.3717117149e-2,2.7124653196e-2,5.5006677600e-1,6.249930371750345e-1,-6.635925288333591e-2,7.2287355639e1,6.655e-1
3539.000000,4.8107695603e-1,7.0640155402e-2,3.9365178446e-1,1.2564269476e-1,1.7897447338e-1,6.249930320160145e-1,-6.635925291962755e-2,3.0460331890e1,6.273e-1
3540.000000,3.3565379091e-1,8.4937747280e-2,2.9286839385e-1,4.8111136330e-1,5.5414768600e-2,6.249930319676833e-1,-6.635925360712011e-2,2.5169303547e1,6.248e-1
3541.000000,2.6024924587e-1,7.7547712756e-2,1.2004282512e-1,5.2673067243e-1,2.6541561397e-1,6.249930350765880e-1,-6.635925218735010e-2,5.2074142756e1,4.460e-1
3542.000000,1.8119688056e-1,5.7907038052e-2,5.4078013738e-1,1.1052768669e-1,3.5957430796e-1,6.249930253190776e-1,-6.635925428146784e-2,5.4095051008e1,5.904e-1
3543.000000,1.0910316927e-1,2.0490028722e-1,1.6944564762e-1,1.3595031281e-1,6.3058664703e-1,6.249930319754262e-1,-6.635925763965556e-2,8.6885418170e1,7.930e-1
3544.000000,1.7423543767e-1,2.6192660931e-1,1.5652261942e-1,3.8125173221e-2,6.1917620572e-1,6.249930226664691e-1,-6.635925861518686e-2,8.2337711768e1,7.417e-1
3545.000000,4.1678018628e-1,6.0884703993e-2,1.5898845133e-1,8.2102216364e-3,6.0512247554e-1,6.249930193895692e-1,-6.635925837310777e-2,7.9320471073e1,6.898e-1
3546.000000,4.3342710548e-1,6.5300003191e-2,4.9367662339e-1,2.1998075301e-1,3.7601543914e-2,6.249930144945602e-1,-6.635925809573417e-2,1.6149108264e1,4.524e-1
3547.000000,3.6643338782e-1,1.9930323873e-1,5.0061802202e-1,1.3202528951e-1,5.1606088903e-2,6.249930134956673e-1,-6.635925889855447e-2,1.5417155992e1,2.661e-1
3548.000000,6.4420834157e-1,1.3722003219e-1,1.9587835144e-2,3.2299551132e-1,1.2597431044e-1,6.249930153327021e-1,-6.635925844248459e-2,2.7213815015e1,5.527e-1
3549.000000,5.9144750920e-1,2.2999579245e-1,1.5609734817e-1,1.3304346188e-1,1.3940191671e-1,6.249930142063299e-1,-6.635926023564789e-2,2.4105330244e1,3.542e-1
3550.000000,2.4734659852e-1,4.9791282150e-1,1.9988711790e-1,9.1373719584e-2,2.1346577141e-1,6.249930144532341e-1,-6.635926002990411e-2,3.2966173652e1,4.616e-1
3551.000000,3.2629126556e-1,3.8390768104e-2,3.0854300511e-1,4.3653743488e-1,1.4022354754e-1,6.249930105987295e-1,-6.635926002374050e-2,3.4626083211e1,5.801e-1
3552.000000,3.0474710189e-1,4.8521897109e-2,1.1648307982e-1,2.1232227728e-1,5.6791166318e-1,6.249930096361828e-1,-6.635926282823902e-2,8.0668287743e1,5.349e-1
3553.000000,1.4879747577e-1,3.4594626266e-1,4.7130898964e-1,5.3827794932e-2,2.3010548553e-1,6.249930042670087e-1,-6.635926398714409e-2,3.5712754766e1,4.107e-1
3554.000000,1.5526656270e-1,2.8356383094e-1,5.6384069217e-1,1.2731640331e-1,1.1999851830e-1,6.249930037127632e-1,-6.635926499084757e-2,2.4589421729e1,3.399e-1
3555.000000,2.0031481784e-1,1.8713122658e-1,2.4344054034e-1,5.3385386235e-1,8.5245567528e-2,6.249930073220292e-1,-6.635927330092635e-2,3.0416700424e1,4.147e-1
3556.000000,4.0249827060e-1,6.9411464025e-1,9.1291925149e-2,1.4820345867e-2,4.7260825183e-2,6.249930035239286e-1,-6.635925927468650e-2,8.8434505082e0,8.092e-1
3557.000000,8.7029282894e-1,7.0784694021e-3,1.0526959092e-1,2.3109246796e-1,3.6252650860e-2,6.249930040402257e-1,-6.635925961236908e-2,1.3326758365e1,4.721e-1
3558.000000,4.0723598463e-1,3.0666391308e-1,1.4193717948e-1,9.0316067269e-2,3.0383286318e-1,6.249930038229087e-1,-6.635925876803597e-2,4.3733163894e1,5.187e-1
3559.000000,1.6868567863e-1,1.6773050656e-1,4.3202535918e-1,2.8306211225e-2,4.5323824511e-1,6.249930003515153e-1,-6.635925908581336e-2,6.2796300859e1,6.325e-1
3560.000000,1.0882924143e-1,1.9919469715e-1,2.5117667877e-1,1.0611174702e-1,5.8467363775e-1,6.249930010628506e-1,-6.635926307490131e-2,8.0696018982e1,6.024e-1
3561.000000,7.1490591906e-2,4.7993364777e-1,6.1946105616e-2,5.0640020330e-1,1.3021545199e-1,6.249930002930109e-1,-6.635926282980451e-2,3.4363565797e1,6.215e-1
3562.000000,1.4129239657e-1,3.8615234382e-2,5.2791324350e-1,5.2792210510e-2,4.8937290955e-1,6.249929972594088e-1,-6.635926468811604e-2,6.8700265774e1,7.253e-1
3563.000000,1.5884292920e-1,1.4708688441e-3,5.9926295099e-2,9.7410276131e-1,5.5643152688e-2,6.249930035746000e-1,-6.635928310770522e-2,3.8855385469e1,9.084e-1
3564.000000,1.3228142078e-1,4.6211342745e-2,6.5675808847e-1,2.5986591585e-1,1.5486919573e-1,6.249929817868066e-1,-6.635925828352925e-2,3.3551594464e1,7.805e-1
3565.000000,1.3301210126e-1,1.1449609475e-1,2.1704607882e-2,9.3157610032e-2,8.8761555593e-1,6.249929849262925e-1,-6.635925633184443e-2,1.1706496978e2,6.670e-1
3566.000000,1.6157960796e-1,5.8664151093e-2,3.9393716094e-1,1.4118953888e-1,4.9461546277e-1,6.249929608176936e-1,-6.635925072594337e-2,7.1178459872e1,6.835e-1
3567.000000,2.2430672754e-1,4.8011833854e-1,1.8444044339e-1,2.1893485012e-1,1.4218556828e-1,6.249929639305322e-1,-6.635925444506227e-2,2.7753581532e1,3.738e-1
3568.000000,7.7399939200e-1,2.2111120357e-1,1.5781520380e-2,4.2167848401e-2,1.9692596451e-1,6.249929644315380e-1,-6.635925572510451e-2,2.7511368873e1,2.567e-1
3569.000000,8.0132814550e-1,1.8123221207e-1,3.7751058895e-2,7.6894181918e-2,1.5278033044e-1,6.249929644082037e-1,-6.635925572007935e-2,2.3081633086e1,2.595e-1
3570.000000,2.6428016777e-1,4.8794845981e-1,1.5637499044e-1,2.0057043893e-1,1.4081187134e-1,6.249929641424293e-1,-6.635925534710327e-2,2.6801210505e1,6.333e-1
3571.000000,2.1046440116e-1,9.2083729443e-2,3.5688014449e-1,5.7797348540e-1,1.2584166823e-2,6.249929636565715e-1,-6.635926347209932e-2,2.3250365702e1,6.454e-1
3572.000000,1.6875183062e-1,2.2672386797e-1,7.2038885308e-2,3.8750254313e-1,3.9496879904e-1,6.249929630329999e-1,-6.635925222286257e-2,6.4070222391e1,5.575e-1
3573.000000,2.2476384411e-1,2.3928026982e-2,2.4630584150e-1,5.5890493300e-1,1.9608326435e-1,6.249929549713681e-1,-6.635926557649080e-2,4.5114300401e1,6.272e-1
3574.000000,2.6601689413e-1,1.8219507116e-4,3.4150717603e-1,1.5183971789e-1,4.9043992185e-1,6.249929524884701e-1,-6.635924549357171e-2,7.0500611215e1,6.949e-1
3575.000000,1.7993628668e-1,1.6401044340e-1,6.6682025021e-2,1.3544232260e-1,7.0391484505e-1,6.249929613749268e-1,-6.635924236363924e-2,9.5386699720e1,8.361e-1
3576.000000,6.7859738209e-2,6.6991506632e-1,3.6005679537e-3,2.4816204342e-1,2.6044849408e-1,6.249929549933658e-1,-6.635924301878984e-2,4.2681157177e1,5.675e-1
3577.000000,8.0473529821e-2,1.9102157381e-1,2.4989552716e-1,3.7456318942e-1,3.5403207247e-1,6.249929463381038e-1,-6.635924087203221e-2,5.9723571467e1,5.871e-1
3578.000000,1.8054502630e-1,1.1968868560e-1,1.6696017917e-1,9.2047704071e-2,6.9074430135e-1,6.249929482447913e-1,-6.635923752505569e-2,9.3026128421e1,4.076e-1
3579.000000,3.6220193976e-1,1.7518133595e-1,4.0321670285e-1,1.8825510040e-1,1.2113080312e-1,6.249929410392641e-1,-6.635924062993659e-2,2.5286103276e1,3.397e-1
3580.000000,7.7469123691e-1,5.3493451470e-2,2.3369146524e-1,6.3652626787e-2,1.2445710349e-1,6.249929419494653e-1,-6.635924077893605e-2,2.0331257547e1,4.018e-1
3581.000000,5.7276784731e-1,2.8589701053e-1,8.1638460902e-2,1.2307224089e-1,1.8661032480e-1,6.249929422187865e-1,-6.635924096047617e-2,2.9335718915e1,3.206e-1
3582.000000,1.8180445405e-1,4.7501123703e-1,1.3206872485e-1,1.1592915479e-1,3.4517231140e-1,6.249929410549531e-1,-6.635923938460378e-2,4.9989263312e1,3.695e-1
3583.000000,1.5601553033e-1,1.4732553529e-1,1.7321447356e-1,2.0390690349e-1,5.6952343279e-1,6.249929377262219e-1,-6.635923085867418e-2,8.1182394933e1,3.689e-1
3584.000000,1.1974665439e-1,3.9383995736e-1,5.2759859850e-2,1.7857275519e-1,5.0506664670e-1,6.249929367412755e-1,-6.635923181069663e-2,7.1632491064e1,5.301e-1
3585.000000,1.5114943555e-1,8.7673379074e-2,9.6287141250e-1,7.3259983053e-3,4.0965634077e-2,6.249929297514825e-1,-6.635923320962078e-2,1.3431925884e1,8.050e-1
3586.000000,1.6955272931e-1,1.4395940077e-2,6.3716832347e-1,8.0751709583e-2,3.4811714795e-1,6.249929251971211e-1,-6.635922552251167e-2,5.2353964477e1,4.713e-1
3587.000000,1.0547621041e-1,3.3965711986e-1,3.3756809086e-1,1.8463778473e-1,2.8264664921e-1,6.249929275317797e-1,-6.635922379994479e-2,4.5519777282e1,4.921e-1
3588.000000,1.2390496837e-1,6.3138119085e-1,4.2955672256e-1,1.6325756748e-2,4.8817217309e-2,6.249929279204871e-1,-6.635922426020932e-2,1.1532196678e1,2.112e-1
3589.000000,2.5257523537e-1,3.4408069410e-2,1.4216938147e-1,2.4055361168e-1,5.8027955331e-1,6.249929256199152e-1,-6.635921435656134e-2,8.3305957206e1,4.120e-1
3590.000000,2.4806204595e-1,1.6441073825e-1,2.0273919102e-1,1.7355462222e-1,4.6121925763e-1,6.249929275369347e-1,-6.635921892265562e-2,6.6664578916e1,4.020e-1
3591.000000,3.0217967937e-1,9.1293263460e-2,1.6752379120e-1,4.0717327456e-1,2.8181582747e-1,6.249929180292350e-1,-6.635921378719020e-2,5.0775837398e1,4.451e-1
3592.000000,3.2320240427e-1,3.4838162048e-1,3.4622620325e-1,1.8831528245e-1,4.3860326110e-2,6.249929182818101e-1,-6.635921444422782e-2,1.5268384850e1,5.534e-1
3593.000000,8.0984111391e-1,9.7887920254e-2,9.8348207435e-2,7.9051001438e-2,1.6485759266e-1,6.249929178480234e-1,-6.635921482589946e-2,2.5018885963e1,7.895e-1
3594.000000,6.6165366779e-1,1.8797664719e-1,1.3604282534e-1,2.1693513637e-1,4.7377559234e-2,6.249929179632289e-1,-6.635921517601902e-2,1.4801374677e1,7.070e-1
3595.000000,2.6829486666e-1,2.9011518642e-1,1.3884751327e-1,1.4621799065e-1,4.0651027929e-1,6.249929181426388e-1,-6.635921319745913e-2,5.8537449362e1,4.204e-1
3596.000000,2.2242762700e-1,1.8278091019e-1,2.5559646396e-1,1.8226790824e-1,4.0691291990e-1,6.249929146458291e-1,-6.635921284982800e-2,6.0438974157e1,5.021e-1
3597.000000,4.2450001854e-1,1.1377718990e-1,2.3164080019e-1,2.6440499873e-1,2.1566281434e-1,6.249929108528638e-1,-6.635921321440773e-2,3.8358730985e1,4.149e-1
3598.000000,5.9510214739e-1,7.4476573147e-3,5.6966128733e-1,5.4668867831e-2,2.3105858796e-2,6.249929093326759e-1,-6.635921206728340e-2,9.5766903835e0,4.756e-1
3599.000000,2.8013107700e-1,4.3044216681e-1,8.7499246298e-2,2.9106328379e-1,1.6085004764e-1,6.249929107675843e-1,-6.635921062742331e-2,3.1603775022e1,5.937e-1
3600.000000,1.0293438681e-1,2.5265829975e-1,5.7721851346e-1,1.6219207538e-1,1.5498254306e-1,6.249929092302277e-1,-6.635921154037820e-2,3.0202443824e1,7.317e-1
3601.000000,2.0669613946e-1,3.8137500819e-1,4.9993602020e-1,1.2675467643e-1,3.5223973038e-2,6.249929086556615e-1,-6.635920919512607e-2,1.3430404442e1,3.824e-1
3602.000000,7.5859511428e-1,1.4118981790e-1,5.4506955202e-2,2.0007183804e-1,9.5622092873e-2,6.249929091466023e-1,-6.635920891581415e-2,1.9739659539e1,2.530e-1
3603.000000,6.9079397469e-1,1.4040721341e-1,2.9394238915e-1,2.7521387884e-2,9.7320852092e-2,6.249929086143320e-1,-6.635920862720855e-2,1.6315504007e1,2.391e-1
3604.000000,2.7902070160e-1,2.6852148963e-1,7.2056585536e-2,4.5256162307e-1,1.7782541873e-1,6.249929092817608e-1,-6.635921178831775e-2,3.8496631550e1,3.638e-1
3605.000000,1.7428345861e-1,1.1175272021e-1,3.0539988261e-1,4.4666406367e-1,2.1188570111e-1,6.249929131044889e-1,-6.635921135757593e-2,4.4168466010e1,5.814e-1
3606.000000,2.7600471403e-1,2.7116551393e-1,4.0150034266e-1,8.0051170886e-2,2.2126406333e-1,6.249929024173574e-1,-6.635920422608613e-2,3.4775773701e1,5.202e-1
3607.000000,6.7980308180e-1,6.5055322040e-2,5.9016739915e-4,3.6445360926e-1,1.4008362688e-1,6.249929036872901e-1,-6.635920505139523e-2,3.0067953261e1,5.126e-1
3608.000000,5.4862768341e-1,1.8008404812e-1,2.2757606537e-2,4.0112857519e-1,9.7387893291e-2,6.249929032772458e-1,-6.635920612711144e-2,2.6118307538e1,5.641e-1
3609.000000,1.8871830168e-1,2.1142750689e-1,6.4514992547e-1,5.9362237382e-2,1.4532782658e-1,6.249928990018491e-1,-6.635920265500161e-2,2.6179966967e1,4.581e-1
3610.000000,1.0880946380e-1,1.0189936846e-1,7.8705266426e-1,3.4012686338e-2,2.1821161566e-1,6.249928992540785e-1,-6.635920023055163e-2,3.5574117550e1,3.255e-1
3611.000000,1.6719321738e-1,2.2889381428e-1,6.6297109746e-1,1.8536926505e-1,5.5584135129e-3,6.249929038403782e-1,-6.635919694497570e-2,1.2488446428e1,7.141e-1
3612.000000,6.0935215869e-1,2.9051217963e-1,3.6213281437e-2,7.7152913123e-3,3.0619290016e-1,6.249929056149904e-1,-6.635919607851469e-2,4.0614987233e1,5.401e-1
3613.000000,7.5782025341e-1,7.9083894179e-2,1.6087532381e-1,1.2081961652e-2,2.4012437680e-1,6.249929049221096e-1,-6.635919598099084e-2,3.2946623509e1,4.868e-1
3614.000000,2.9465936161e-1,3.7286640013e-1,8.0882896534e-2,1.4738139659e-1,3.5419575364e-1,6.249929042539470e-1,-6.635919401831655e-2,5.1593386810e1,5.642e-1
3615.000000,1.3102196838e-1,1.8169819431e-1,3.3323519009e-1,1.6397129542e-1,4.4005914829e-1,6.249928982467221e-1,-6.635918941727070e-2,6.4669441329e1,4.383e-1
3616.000000,8.9951589198e-2,4.9267409071e-2,2.8554107922e-1,1.9279322276e-1,6.3243251997e-1,6.249929101104127e-1,-6.635918486158057e-2,8.9548584931e1,4.793e-1
3617.000000,4.3729927510e-2,3.7703189839e-1,2.8576242408e-2,1.8039564317e-1,6.2025210638e-1,6.249929089246797e-1,-6.635918270691821e-2,8.6169468897e1,5.777e-1
3618.000000,2.7992607405e-2,1.6130501937e-1,8.3125597308e-1,2.7975284619e-2,2.0145689893e-1,6.249928917015225e-1,-6.635918074153392e-2,3.3668346298e1,6.320e-1
3619.000000,4.1494931633e-2,5.5968365500e-2,9.0192448827e-1,2.0937979766e-2,2.2965998810e-1,6.249928766343326e-1,-6.635917826105464e-2,3.7414573932e1,9.284e-1
3620.000000,8.4268110688e-2,4.7839436865e-1,5.5107443531e-1,3.8689288736e-2,9.7559562066e-2,6.249928827231481e-1,-6.635917469581190e-2,1.9133199459e1,7.067e-1
3621.000000,3.7011148156e-1,2.5416878040e-1,3.0572604830e-1,3.5602890996e-2,2.8437656492e-1,6.249928830870549e-1,-6.635917398845036e-2,4.0678694509e1,4.420e-1
3622.000000,5.4053067219e-1,5.1945430490e-2,3.3070576098e-1,1.0927983462e-2,3.1587591874e-1,6.249928829296045e-1,-6.635917485979909e-2,4.3801615354e1,5.581e-1
3623.000000,4.1918167061e-1,1.5153946249e-1,7.7269376986e-2,2.7864751377e-1,3.2334774316e-1,6.249928835083290e-1,-6.635917625207732e-2,5.1436056341e1,5.264e-1
3624.000000,3.5531082992e-1,4.6850009026e-2,3.1160532676e-1,2.4384424566e-1,2.9237534919e-1,6.249928802768474e-1,-6.635917577935599e-2,4.7991258604e1,5.060e-1
3625.000000,2.6665605232e-1,6.3496517430e-2,2.1657421289e-1,1.0474744747e-2,6.9278424224e-1,6.249928848150735e-1,-6.635917854862686e-2,9.1004489603e1,7.463e-1
3626.000000,1.5414475747e-1,7.1550872175e-2,3.8811238653e-1,4.1222004547e-1,2.2395769664e-1,6.249928791442411e-1,-6.635917479390521e-2,4.5182699841e1,4.860e-1
3627.000000,1.2315741721e-1,1.6299142970e-2,2.6054525247e-1,3.2624871347e-1,5.2373521389e-1,6.249928699989351e-1,-6.635918103217794e-2,7.9656605223e1,4.118e-1
3628.000000,8.6925703062e-2,7.5146053077e-2,3.2256657717e-2,6.0061512454e-2,9.9559582999e-1,6.249928781518979e-1,-6.635918102099471e-2,1.2981004286e2,8.205e-1
3629.000000,5.6985809044e-2,1.3550936697e-1,3.3700227710e-1,3.4937557216e-1,3.7111271108e-1,6.249928681736657e-1,-6.635917831026195e-2,6.1677975183e1,5.003e-1
3630.000000,1.2560426514e-1,5.5332568158e-1,5.1175820043e-2,5.8199563857e-2,4.6168038897e-1,6.249928597956713e-1,-6.635918104482115e-2,6.2536335888e1,6.453e-1
3631.000000,3.6271140905e-1,6.4691336747e-2,1.3943176018e-1,6.3652981990e-1,4.6621391377e-2,6.249928586276298e-1,-6.635918357072139e-2,2.7762684793e1,5.957e-1
3632.000000,4.0101398798e-1,2.3258882307e-2,3.4756474337e-1,1.9674482515e-1,2.8140326532e-1,6.249928520613243e-1,-6.635918141956992e-2,4.5342995071e1,4.627e-1
3633.000000,1.4520962516e-1,7.0815558398e-1,5.4042614553e-2,1.4961418289e-1,1.9296369660e-1,6.249928515884027e-1,-6.635918329733219e-2,3.1408263915e1,6.450e-1
3634.000000,5.4829534772e-2,1.0727861321e-1,3.4899612076e-1,3.1354160146e-1,4.2533984756e-1,6.249928588851715e-1,-6.635918363254543e-2,6.7510772695e1,5.429e-1
3635.000000,4.5124057908e-2,3.6726885575e-2,2.3126904794e-1,7.9530989031e-1,1.4155583016e-1,6.249928559475317e-1,-6.635918806032295e-2,4.5515230934e1,4.798e-1
3636.000000,2.7905224972e-2,2.1170809468e-1,1.1661718950e-1,5.2350260589e-1,3.7025253371e-1,6.249928243737148e-1,-6.635917443251579e-2,6.5514714021e1,7.152e-1
3637.000000,1.1433029581e-2,3.0106277039e-1,3.5933854809e-2,1.6484943907e-1,7.3670655692e-1,6.249928253847208e-1,-6.635916524401003e-2,1.0046893423e2,4.023e-1
3638.000000,5.4968441234e-3,4.9447838576e-1,3.3965934814e-1,4.4750568347e-2,3.6560047971e-1,6.249928130423522e-1,-6.635916681109524e-2,5.1937859568e1,5.728e-1
3639.000000,4.7581805575e-3,3.2974600610e-1,3.2670924450e-1,8.3498560891e-2,5.0527363192e-1,6.249928119806847e-1,-6.635916689357155e-2,7.0622523892e1,6.559e-1
3640.000000,1.0095959127e-2,1.6548552281e-1,1.2082083759e-1,6.2333232382e-1,3.3025097077e-1,6.249928070574819e-1,-6.635916419398315e-2,6.3521344346e1,5.533e-1
3641.000000,2.0233793894e-2,8.5845826883e-2,7.2948857917e-1,2.4762221481e-1,1.6679516187e-1,6.249927883154245e-1,-6.635916857631483e-2,3.5291408778e1,7.747e-1
3642.000000,3.0172389541e-2,3.0973883406e-1,3.3485507784e-1,2.9761748175e-1,2.7760180706e-1,6.249927951267586e-1,-6.635916714023780e-2,4.8370195206e1,5.267e-1
3643.000000,1.1969449631e-1,7.1878429331e-1,3.2782767561e-1,7.6714807756e-2,6.9643066292e-3,6.249927898072478e-1,-6.635916809645341e-2,7.4663423364e0,3.369e-1
3644.000000,2.8027280347e-1,3.5917038660e-2,6.1205958961e-1,3.3731982454e-3,3.1836294588e-1,6.249927879292765e-1,-6.635916809360400e-2,4.5966846612e1,5.286e-1
3645.000000,2.6022172485e-1,1.2369939804e-1,7.5022401983e-2,3.3202535309e-2,7.5783954011e-1,6.249928001444894e-1,-6.635916969497278e-2,9.9043631138e1,5.694e-1
3646.000000,2.8391581711e-1,4.7381171303e-1,6.3355540961e-2,3.2274007751e-1,1.0616243509e-1,6.249927918512725e-1,-6.635916951139129e-2,2.5512899835e1,5.311e-1
3647.000000,5.8850746382e-1,7.0950542245e-2,4.4898227521e-1,8.1521472955e-2,6.0023824900e-2,6.249927895654476e-1,-6.635917060476582e-2,1.4319749740e1,5.861e-1
3648.000000,5.8792749403e-1,1.0771185632e-1,2.5713663767e-1,2.8881828485e-1,8.3913082333e-3,6.249927905533513e-1,-6.635916893651038e-2,1.2882753130e1,3.355e-1
3649.000000,3.2870260495e-1,5.0018999587e-1,3.4918762624e-2,1.3041751282e-1,2.5575670574e-1,6.249927910018106e-1,-6.635917062959192e-2,3.8354300141e1,4.486e-1
3650.000000,3.7761962247e-1,1.9828023392e-1,9.4449644532e-2,1.7332443334e-1,4.0631165064e-1,6.249927924447716e-1,-6.635916991329312e-2,5.8895240584e1,3.998e-1
3651.000000,5.1919641278e-1,2.9132576474e-2,6.7558548642e-1,2.5316781079e-3,2.3539420764e-2,6.249927872744431e-1,-6.635917020641684e-2,8.8166068080e0,8.120e-1
3652.000000,2.8609439335e-1,4.0262248542e-1,9.2786927557e-2,3.3287188239e-2,4.3519458519e-1,6.249927898779857e-1,-6.635917010338453e-2,5.8460684515e1,5.668e-1
3653.000000,2.9018042970e-1,4.3721157572e-2,1.4088704412e-1,1.6500910323e-1,6.1018786030e-1,6.249927974610647e-1,-6.635916969502195e-2,8.4743966305e1,5.386e-1
3654.000000,1.9106567418e-1,2.2556931248e-1,9.4244988768e-2,3.5288163168e-1,3.8622396708e-1,6.249927870890494e-1,-6.635917188084794e-2,6.2029511372e1,4.217e-1
3655.000000,1.0394144767e-1,3.3484569784e-1,1.2328076237e-1,4.6503956124e-2,6.4141371725e-1,6.249927906256330e-1,-6.635917108586672e-2,8.5296990622e1,3.482e-1
3656.000000,1.0532947182e-1,1.8349819295e-1,1.5852121991e-1,7.9466453534e-1,7.9721563148e-3,6.249927881677221e-1,-6.635915880235647e-2,2.8137532020e1,8.867e-1
3657.000000,1.0087345771e-1,5.6741650712e-1,3.4763814093e-1,7.4864300863e-2,1.5919315308e-1,6.249927798503215e-1,-6.635917221224298e-2,2.6738756093e1,7.447e-1
3658.000000,3.1494576997e-1,2.1725523130e-1,5.6818741165e-1,1.4888052013e-1,7.1662740999e-4,6.249927802264551e-1,-6.635917224652392e-2,9.9933875933e0,4.555e-1
3659.000000,4.0741912602e-1,2.3983913348e-2,2.2079003762e-1,5.4504051509e-1,5.2751965281e-2,6.249927786812651e-1,-6.635917676574933e-2,2.6211545730e1,4.670e-1
3660.000000,3.1557244445e-1,6.2818807180e-2,3.5673440009e-1,3.6220257588e-1,1.5265732191e-1,6.249927747508673e-1,-6.635917521329655e-2,3.4267918669e1,4.754e-1
3661.000000,2.0159481446e-1,1.8469111168e-1,2.6218713370e-1,1.4472083130e-1,4.5679166720e-1,6.249927791680959e-1,-6.635916866592402e-2,6.5668076703e1,5.119e-1
3662.000000,4.0348371649e-2,9.8049039416e-1,2.2333613923e-1,1.5520053214e-3,4.2586433564e-3,6.249927768590411e-1,-6.635916896878238e-2,4.3626146079e0,6.764e-1
3663.000000,2.2882465572e-2,1.2434394445e-1,4.6154561811e-1,4.7644336217e-1,1.6477016051e-1,6.249927754041223e-1,-6.635917731449764e-2,4.0289262202e1,6.886e-1
3664.000000,5.2751667906e-2,4.5580721436e-1,6.8269580913e-2,5.5749229004e-1,1.1566479964e-1,6.249927764318269e-1,-6.635917070510609e-2,3.4128994545e1,5.650e-1
3665.000000,1.9838560468e-1,2.3795154077e-1,3.2621748770e-1,2.1646856625e-1,2.7096233929e-1,6.249927693441352e-1,-6.635915940684529e-2,4.4795009335e1,5.187e-1
3666.000000,4.4582330960e-1,1.6141968690e-1,6.2207355921e-2,1.2766910599e-1,4.5286608458e-1,6.249927714944670e-1,-6.635915992629338e-2,6.3095680093e1,3.685e-1
3667.000000,5.6606739835e-1,3.1401079052e-2,3.2763657879e-1,7.9589911844e-2,2.4529056929e-1,6.249927686649681e-1,-6.635916118898805e-2,3.6910998536e1,5.646e-1
3668.000000,2.8945110907e-1,2.4819969885e-1,5.0063315434e-2,6.1943739788e-1,4.2834018754e-2,6.249927699988538e-1,-6.635917326572997e-2,2.6346382608e1,6.650e-1
3669.000000,1.3486630723e-1,2.0959180189e-1,3.0617673195e-1,5.5385321161e-1,4.5497474343e-2,6.249927635071497e-1,-6.635917011149178e-2,2.6483010100e1,4.017e-1
3670.000000,4.4355115940e-2,6.4523133687e-1,3.4361137787e-3,5.1672553305e-1,4.0237420811e-2,6.249927602245191e-1,-6.635916085193819e-2,2.3025736064e1,7.946e-1
3671.000000,1.4300512049e-2,1.5107264287e-1,5.1134031192e-1,5.3955290310e-1,3.3719146014e-2,6.249927579758625e-1,-6.635915739830711e-2,2.5981761626e1,3.063e-1
3672.000000,1.9024898049e-2,5.1868166516e-1,2.4386251131e-1,5.3137810166e-2,4.1527863069e-1,6.249927576890791e-1,-6.635914933202620e-2,5.7853850523e1,2.998e-1
3673.000000,8.0860527273e-2,2.7455077089e-1,6.0544153508e-1,1.2430347710e-1,1.6482919696e-1,6.249927536487883e-1,-6.635914614655233e-2,3.0508912564e1,3.525e-1
3674.000000,1.8434248500e-1,2.2729779505e-1,3.8038322494e-2,2.2001217406e-1,5.8029473843e-1,6.249927575182739e-1,-6.635914045414504e-2,8.2169189501e1,6.802e-1
3675.000000,3.5755350994e-1,1.0038047641e-1,5.2793184853e-4,1.7631723498e-1,6.1520635555e-1,6.249927543623512e-1,-6.635913677522140e-2,8.4772326193e1,4.941e-1
3676.000000,4.0445304688e-1,5.7709377741e-2,1.9417725288e-1,1.5342517553e-1,4.4022064140e-1,6.249927472142813e-1,-6.635913331613802e-2,6.3128911018e1,4.583e-1
3677.000000,3.4578892675e-1,3.0139890659e-1,2.6456527372e-1,1.0596637192e-1,2.3226601330e-1,6.249927461410291e-1,-6.635913682961675e-2,3.6013188070e1,3.576e-1
3678.000000,5.4904560587e-1,2.4900587681e-2,3.0546349184e-1,3.5983448524e-1,1.0741319134e-2,6.249927448792922e-1,-6.635913875906510e-2,1.5657624290e1,5.193e-1
3679.000000,4.3344845578e-1,9.2809014696e-2,3.6421731154e-1,3.5144340616e-1,8.0673001957e-3,6.249927441832365e-1,-6.635913870966401e-2,1.5594884172e1,5.898e-1
3680.000000,2.3821309602e-1,3.6390426710e-1,8.3922333243e-3,5.4473084134e-1,9.4745053503e-2,6.249927456476680e-1,-6.635914246936028e-2,3.0472806720e1,2.022e-1
3681.000000,1.6489762627e-1,1.7248371173e-1,6.2667040390e-1,2.6007126279e-1,2.5862478461e-2,6.249927415795136e-1,-6.635913425504233e-2,1.7073457120e1,4.940e-1
3682.000000,3.0463887028e-1,6.0989605767e-2,8.3759279623e-3,1.2002796721e-1,7.5595312526e-1,6.249927482421591e-1,-6.635913032815757e-2,1.0094420105e2,6.160e-1
3683.000000,3.4787999766e-1,1.5404969844e-2,2.3136473705e-2,6.6556116819e-1,1.9800286875e-1,6.249927390736417e-1,-6.635913310412396e-2,4.7032166310e1,5.155e-1
3684.000000,2.1340539877e-1,1.9519211885e-1,3.4514842596e-1,2.5680459077e-2,4.7055906714e-1,6.249927349006980e-1,-6.635912642441041e-2,6.4311609630e1,6.847e-1
3685.000000,2.3316480420e-1,1.5521944441e-1,2.7169600533e-1,1.1080742413e-1,4.7909778646e-1,6.249927322659538e-1,-6.635912544571888e-2,6.7470943572e1,6.724e-1
3686.000000,2.5924102887e-1,9.9377225564e-2,2.2882130310e-1,8.8615647905e-2,5.7393025592e-1,6.249927306759544e-1,-6.635912518065348e-2,7.8457718881e1,7.147e-1
3687.000000,2.5221235106e-1,5.2400509462e-2,5.9176332846e-1,9.5363960181e-2,2.5824528774e-1,6.249927184460045e-1,-6.635912258788586e-2,4.1072057378e1,6.876e-1
3688.000000,1.7178130490e-1,3.7683681719e-1,9.2062891399e-2,3.0357511338e-1,3.0572931691e-1,6.249927218897752e-1,-6.635912548748821e-2,5.0423823610e1,4.882e-1
3689.000000,2.7195616417e-1,2.0736209908e-1,3.3485411582e-1,1.1201378837e-1,3.2379928114e-1,6.249927242915124e-1,-6.635912681347841e-2,4.8260284421e1,5.697e-1
3690.000000,5.0110081138e-1,5.2900985713e-2,1.9187102327e-1,1.6150887154e-1,3.4260375761e-1,6.249927247586485e-1,-6.635912786896188e-2,5.0912885427e1,5.750e-1
3691.000000,5.1567656335e-1,5.6736150588e-2,2.2773658774e-1,2.8612257235e-1,1.6371357219e-1,6.249927231041859e-1,-6.635912761606488e-2,3.2304462840e1,3.965e-1
3692.000000,3.6181092414e-1,8.6978365235e-2,2.5225134174e-1,3.2165222348e-1,2.2729259022e-1,6.249927224100844e-1,-6.635912922149118e-2,4.1759195626e1,5.023e-1
3693.000000,1.8708970779e-1,1.1254675525e-1,4.6961985535e-1,3.5018745463e-1,1.3054166184e-1,6.249927174339907e-1,-6.635912996219764e-2,3.1990928471e1,3.340e-1
3694.000000,1.4145649862e-1,3.1391084407e-2,3.2054683431e-1,6.3395976276e-1,1.2263125519e-1,6.249927176393186e-1,-6.635913170366907e-2,3.8681398165e1,5.010e-1
3695.000000,1.2034730589e-1,5.7142055856e-2,2.1162937199e-1,8.2814002426e-2,7.7805270017e-1,6.249927181649415e-1,-6.635913615426196e-2,1.0410828644e2,8.506e-1
3696.000000,9.4665523910e-2,4.0056744509e-1,2.3545017286e-1,2.0764022102e-1,3.1166205770e-1,6.249927102888886e-1,-6.635913863616928e-2,4.9269299493e1,6.281e-1
3697.000000,3.7749996375e-1,5.8436746383e-1,1.9393941709e-1,3.2564459867e-2,6.1614113268e-2,6.249927089035969e-1,-6.635913924035684e-2,1.1837669460e1,6.281e-1
3698.000000,7.3770908851e-1,2.7801749193e-2,6.8492148582e-2,2.4549422961e-1,1.7048820160e-1,6.249927087476967e-1,-6.635913925769352e-2,3.0650700383e1,2.958e-1
3699.000000,4.3805453809e-1,1.9892055931e-1,4.5159557989e-1,1.5550053854e-1,5.9141979042e-3,6.249927068629566e-1,-6.635913900683933e-2,9.9626675917e0,5.489e-1
3700.000000,1.5749141858e-1,5.1140087868e-1,1.4655587670e-1,7.3454076919e-2,3.6108316575e-1,6.249927083152246e-1,-6.635913966996239e-2,5.0843170158e1,5.892e-1
3701.000000,1.5372482548e-1,4.3726678564e-2,1.4430724991e-1,1.6469226466e-1,7.4353440960e-1,6.249927141066525e-1,-6.635913447693986e-2,1.0176133067e2,8.497e-1
3702.000000,1.2225692562e-1,1.7163918918e-1,8.3586977611e-1,1.3710887759e-2,1.0650862784e-1,6.249927032495337e-1,-6.635913236501870e-2,2.1163217821e1,4.086e-1
3703.000000,9.4515176093e-2,4.1785102337e-1,2.1507226165e-1,9.8886185119e-2,4.2366077982e-1,6.249927130287728e-1,-6.635913368454480e-2,5.9996475469e1,6.239e-1
3704.000000,2.8141656502e-1,4.0502047991e-1,4.8836648908e-2,1.1776978558e-1,3.9694194543e-1,6.249927124242063e-1,-6.635913519002448e-2,5.5918644587e1,5.179e-1
3705.000000,6.5213304086e-1,6.7961907405e-2,1.5140636267e-2,2.3254950330e-1,2.8220033484e-1,6.249927113396468e-1,-6.635913486328704e-2,4.4146342391e1,8.059e-1
3706.000000,5.1820735159e-1,2.1916938322e-1,2.2591168095e-3,3.9013548458e-1,1.2021408611e-1,6.249927111564696e-1,-6.635913402651231e-2,2.8587253905e1,7.162e-1
3707.000000,2.0155921582e-1,2.8351802637e-1,2.0847542913e-1,3.8054933353e-2,5.1837781472e-1,6.249927096955179e-1,-6.635913511547195e-2,6.9905737246e1,7.107e-1
3708.000000,1.6039773808e-1,1.0754607884e-1,1.3785681123e-1,2.0401789295e-1,6.4016690248e-1,6.249927117892640e-1,-6.635913396236866e-2,8.9868081609e1,7.979e-1
3709.000000,1.1862834930e-1,2.6544269620e-1,1.7611972836e-1,1.3219394380e-1,5.5760068371e-1,6.249927006790678e-1,-6.635913272347198e-2,7.7602251110e1,5.384e-1
3710.000000,1.4220821584e-1,7.7185280581e-1,1.2997615588e-1,1.8068138644e-1,2.5266832344e-2,6.249926981536568e-1,-6.635913411118140e-2,1.1670577873e1,8.070e-1
3711.000000,3.7865980702e-1,1.0772868157e-1,1.1504801722e-1,4.8341195716e-1,1.6513693752e-1,6.249927002446877e-1,-6.635914031784379e-2,3.7931882036e1,4.548e-1
3712.000000,5.2986514575e-1,5.8891371984e-2,2.1888858175e-1,3.8348270027e-1,5.8857598833e-2,6.249926992896092e-1,-6.635913534251554e-2,2.1939043030e1,4.557e-1
3713.000000,4.2413091157e-1,1.5140334843e-1,1.0224705579e-1,4.9284009999e-1,7.9363981571e-2,6.249926986781291e-1,-6.635913761098292e-2,2.7262321440e1,2.848e-1
3714.000000,1.2054915823e-1,6.3466435393e-1,7.2697678780e-2,2.2080994478e-1,2.0126425687e-1,6.249926962926616e-1,-6.635912736120402e-2,3.4738927829e1,1.460e-1
3715.000000,6.6315838084e-2,1.4816686563e-1,9.0343657009e-1,5.4433128641e-3,1.2662278673e-1,6.249926866971042e-1,-6.635912963805636e-2,2.3938886924e1,4.445e-1
3716.000000,1.3512020044e-1,2.7064961005e-1,1.5605300011e-1,3.2509169507e-1,3.6307087958e-1,6.249926926244049e-1,-6.635912127101168e-2,5.8733290150e1,5.913e-1
3717.000000,4.5315314339e-1,3.9293938366e-1,6.4807962777e-2,4.0359816806e-2,2.9872508801e-1,6.249926973239318e-1,-6.635912387492764e-2,4.1059244445e1,6.032e-1
3718.000000,8.6093051830e-1,1.7900887270e-2,6.3800978828e-2,7.4554607116e-2,2.3279840312e-1,6.249926973216089e-1,-6.635912381487349e-2,3.3160617892e1,7.212e-1
3719.000000,3.9033936284e-1,4.8744077253e-1,1.0299175580e-1,2.5964228745e-1,9.5712155465e-3,6.249926970850546e-1,-6.635912357913713e-2,1.1527654061e1,6.864e-1
3720.000000,1.6939322438e-1,1.4913316363e-1,4.7733900542e-1,3.9017457891e-1,6.3945416710e-2,6.249926945240407e-1,-6.635912812797032e-2,2.4872274847e1,6.221e-1
3721.000000,8.1299552697e-2,4.1209976908e-1,4.1922921667e-1,2.9065262260e-1,4.6704228505e-2,6.249926947756442e-1,-6.635912094581044e-2,1.9497708220e1,4.177e-1
3722.000000,3.1288811125e-2,5.1046018745e-1,2.4762390163e-1,4.4360454871e-1,1.7007943791e-2,6.249926963565362e-1,-6.635912147400423e-2,1.9389918358e1,6.389e-1
3723.000000,4.7665133503e-2,5.3833822859e-2,6.2486537854e-1,7.8656631585e-2,4.4496439862e-1,6.249926825540171e-1,-6.635911302137532e-2,6.4602878475e1,2.574e-1
3724.000000,7.2333706095e-2,9.1383878436e-2,2.1358151217e-1,7.7672492445e-1,9.5961361515e-2,6.249926913366693e-1,-6.635912410008668e-2,3.9065838564e1,3.210e-1
3725.000000,1.5762272297e-1,3.3290462436e-1,4.2325070797e-1,4.2415960283e-2,2.9379135018e-1,6.249926828802055e-1,-6.635910184669576e-2,4.3093229826e1,5.221e-1
3726.000000,6.2208228027e-1,3.4708187974e-1,1.6373566213e-2,1.0246301648e-1,1.6198462694e-1,6.249926848251002e-1,-6.635910216597082e-2,2.5149042205e1,5.844e-1
3727.000000,8.2918157343e-1,7.3184537378e-2,2.9935334461e-1,3.2033623630e-2,1.6232289928e-2,6.249926844865200e-1,-6.635910212310454e-2,6.0585956854e0,6.209e-1
3728.000000,3.1955355387e-1,4.1105306266e-1,2.3237585171e-1,4.2014292107e-2,2.4498860878e-1,6.249926845643015e-1,-6.635910195762326e-2,3.5543888987e1,6.134e-1
3729.000000,2.0511448261e-1,1.3025596582e-1,5.9714952813e-1,5.8073584724e-2,2.5939180018e-1,6.249926807306205e-1,-6.635910202153630e-2,4.0200770532e1,6.692e-1
3730.000000,2.3800172318e-1,2.6102636152e-2,2.2197428339e-1,1.0613464333e-1,6.5777208121e-1,6.249926836272294e-1,-6.635910345851838e-2,8.9538135382e1,6.649e-1
3731.000000,2.1200371408e-1,8.7823299425e-2,4.4446547417e-1,3.0629738289e-1,1.9939548870e-1,6.249926796307971e-1,-6.635910309875029e-2,3.9161511055e1,6.666e-1
3732.000000,2.9183209085e-1,2.1382947499e-2,2.1769002869e-1,2.7307180016e-1,4.4600848781e-1,6.249926775002465e-1,-6.635910741107476e-2,6.7757586214e1,5.089e-1
3733.000000,2.8265977800e-1,2.4818001582e-2,4.2056617373e-1,4.7159299436e-2,4.7478209088e-1,6.249926718138361e-1,-6.635910919070408e-2,6.5836700496e1,6.860e-1
3734.000000,2.1203298922e-1,2.6127409910e-2,3.0053951783e-1,3.9596458092e-1,3.1532085704e-1,6.249926774562430e-1,-6.635911240667600e-2,5.5594523747e1,6.238e-1
3735.000000,1.2266168928e-1,1.7073936894e-1,1.0762054353e-2,4.6524267314e-1,4.8057955450e-1,6.249926701056528e-1,-6.635911030817560e-2,7.6890854534e1,6.279e-1
3736.000000,5.0434614231e-2,1.8408656603e-1,3.2583642101e-1,5.7749940846e-2,6.3187778169e-1,6.249926619051080e-1,-6.635910894772246e-2,8.5728435971e1,6.806e-1
3737.000000,2.7053696775e-2,5.5883007583e-1,5.6582974576e-2,4.0008330186e-1,2.0743527835e-1,6.249926636889428e-1,-6.635910574956025e-2,4.0938232084e1,4.040e-1
3738.000000,5.9554988793e-2,2.5395257775e-1,2.8453892677e-1,2.9596381957e-1,3.5597499945e-1,6.249926561615440e-1,-6.635910340352626e-2,5.7849636219e1,5.941e-1
3739.000000,1.2387443710e-1,2.2674497575e-1,5.2896561107e-3,5.1091058642e-1,3.8316564933e-1,6.249926523568872e-1,-6.635909920623564e-2,6.5952086299e1,5.443e-1
3740.000000,2.3392822777e-1,6.1157034452e-2,1.2902104081e-1,8.0614895388e-1,1.9730048531e-2,6.249926527263656e-1,-6.635911437677310e-2,2.9593659246e1,4.652e-1
3741.000000,2.6858974457e-1,1.3083215679e-1,3.8159296137e-1,4.4745321896e-1,2.1517209417e-2,6.249926455559959e-1,-6.635909395879332e-2,2.0521408689e1,5.811e-1
3742.000000,3.8530963445e-1,2.2335419677e-2,4.0863352667e-1,8.0914726534e-2,3.5279197837e-1,6.249926428503436e-1,-6.635909514774709e-2,5.1253038350e1,6.294e-1
3743.000000,3.1516210662e-1,1.4705514973e-1,3.0817410146e-1,7.4901530056e-2,4.0469239826e-1,6.249926430633398e-1,-6.635909645209995e-2,5.7114560103e1,5.643e-1
3744.000000,3.0558270818e-1,3.1344691171e-2,4.2471674105e-1,2.5440254161e-1,2.3393860176e-1,6.249926418889614e-1,-6.635909794267673e-2,4.1698237022e1,6.307e-1
3745.000000,2.1556999497e-1,1.8077379584e-1,5.2464254864e-2,7.8032760376e-1,2.0849643876e-2,6.249926466513833e-1,-6.635910901786868e-2,2.8528284364e1,4.878e-1
3746.000000,1.9021019632e-1,4.9296876504e-2,6.9123872608e-1,2.4174421622e-1,7.7495258403e-2,6.249926367618138e-1,-6.635909644273234e-2,2.3378816654e1,7.007e-1
3747.000000,2.0933496329e-1,8.9497795796e-3,4.7912020440e-2,9.4530540474e-2,8.8925799297e-1,6.249926483788462e-1,-6.635909111758645e-2,1.1735586360e2,7.306e-1
3748.000000,1.3258500922e-1,2.7916185337e-1,4.1798031320e-1,1.4053365544e-1,2.7972443759e-1,6.249926344100469e-1,-6.635909055315060e-2,4.4270263703e1,5.173e-1
3749.000000,9.1258394776e-2,6.1233040392e-1,1.9712424097e-1,3.4580670774e-1,3.4655211529e-3,6.249926342820123e-1,-6.635909061772945e-2,1.4356685288e1,4.792e-1
3750.000000,2.2869872704e-1,1.1432988043e-1,2.6576053609e-1,3.8313162538e-1,2.5806448166e-1,6.249926253038975e-1,-6.635908819590544e-2,4.7761559078e1,4.665e-1
3751.000000,4.2868358293e-1,9.1455546029e-2,2.4734909356e-1,4.8357190049e-2,4.3413984281e-1,6.249926276846917e-1,-6.635908638346047e-2,5.9493375593e1,6.184e-1
3752.000000,5.9172133872e-1,3.1438707126e-3,1.6455948032e-1,4.3469585052e-1,5.5864722279e-2,6.249926312732313e-1,-6.635908767361426e-2,2.2679575922e1,7.107e-1
3753.000000,3.0313775273e-1,2.9404838862e-1,3.7811155971e-2,7.2886267082e-2,5.4210169569e-1,6.249926300488106e-1,-6.635908553103892e-2,7.2763532497e1,6.205e-1
3754.000000,1.3316470379e-1,6.4230055152e-2,2.8129493835e-1,1.8389217136e-1,5.8740339450e-1,6.249926315743639e-1,-6.635908511100007e-2,8.3517585949e1,6.483e-1
3755.000000,8.9331550863e-2,2.3600728302e-2,3.8053806967e-1,3.3419176356e-1,4.2232311430e-1,6.249926133434822e-1,-6.635907995284751e-2,6.7887666853e1,6.396e-1
3756.000000,7.8623879631e-2,8.0671561978e-3,3.3083028226e-1,2.1101044105e-1,6.2145347147e-1,6.249926153012866e-1,-6.635906810104042e-2,8.9000466972e1,3.554e-1
3757.000000,7.3558247486e-2,4.9411308561e-3,1.2604353467e-1,1.0653487286e-1,9.3890748054e-1,6.249926332037938e-1,-6.635906532914382e-2,1.2464428310e2,3.391e-1
3758.000000,4.9965917370e-2,1.4954490200e-1,1.8466178227e-1,1.5885371380e-1,7.0695889991e-1,6.249926076749048e-1,-6.635906242666056e-2,9.7375425051e1,4.991e-1
3759.000000,1.3622903463e-2,9.3428566035e-1,3.7000774959e-2,1.8973316760e-1,7.5342695479e-2,6.249926009231890e-1,-6.635906206439893e-2,1.7886715357e1,8.543e-1
3760.000000,4.0059583487e-3,1.3508751301e-1,4.6449468772e-1,1.5337023608e-1,4.9302680736e-1,6.249926012551261e-1,-6.635906343529160e-2,7.2003414403e1,6.350e-1
3761.000000,2.8033908978e-3,7.7370417587e-2,1.5302211334e-2,9.9527450143e-1,1.5923468583e-1,6.249926035396117e-1,-6.635907788956724e-2,5.2509384054e1,9.249e-1
3762.000000,1.8568774242e-3,1.2186242032e-1,1.8941964393e-1,5.7749179217e-1,3.5935443802e-1,6.249925859306907e-1,-6.635905624278486e-2,6.6237115847e1,7.459e-1
3763.000000,1.3952501745e-3,7.3906709783e-1,8.4291013140e-2,3.2317438663e-1,1.0205740776e-1,6.249925777658814e-1,-6.635905803404034e-2,2.5558088491e1,3.634e-1
3764.000000,4.6621984724e-3,2.9849175156e-1,3.0468810287e-1,3.8378925815e-1,2.5835385167e-1,6.249925813586625e-1,-6.635905364182509e-2,4.8387368699e1,5.887e-1
3765.000000,1.4495768891e-2,9.5294349170e-1,4.3062360224e-2,1.7006486977e-1,6.9418666320e-2,6.249925784549812e-1,-6.635905958373971e-2,1.6585298871e1,7.767e-1
3766.000000,6.0418394018e-2,1.8238098643e-1,4.4504996377e-1,1.0163351467e-1,4.6050228374e-1,6.249925713083783e-1,-6.635905751742086e-2,6.6151935668e1,6.362e-1
3767.000000,1.0384104269e-1,2.2468319322e-2,4.3964474150e-1,5.8332719203e-2,6.2569830598e-1,6.249925643447024e-1,-6.635905141562401e-2,8.5570045272e1,7.885e-1
3768.000000,1.1636058175e-1,1.2965337348e-2,6.3592833850e-2,3.2949290514e-1,7.2757347720e-1,6.249925676424284e-1,-6.635904262690616e-2,1.0426603168e2,8.040e-1
3769.000000,1.1770461114e-1,7.2698982853e-2,4.2891220674e-1,7.1478300293e-2,5.5919101201e-1,6.249925565159096e-1,-6.635904529312464e-2,7.7499303071e1,7.265e-1
3770.000000,1.7690031757e-1,1.4648438936e-1,4.3196307603e-2,8.4556355400e-1,3.7840544604e-2,6.249925565689115e-1,-6.635905989499816e-2,3.2628612835e1,6.454e-1
3771.000000,3.5234317133e-1,1.6703625379e-1,4.4401362849e-1,1.1109082036e-2,2.7548294870e-1,6.249925421726327e-1,-6.635903812378018e-2,3.9679661180e1,5.615e-1
3772.000000,6.8935506329e-1,2.3023337527e-2,2.5702118085e-1,7.3923281877e-2,2.0666221891e-1,6.249925412252053e-1,-6.635903724707126e-2,3.1265202694e1,5.060e-1
3773.000000,4.3288582662e-1,4.2855529433e-1,1.6178003988e-2,3.2070513310e-1,5.1660826411e-2,6.249925422219613e-1,-6.635903876174393e-2,1.8078127574e1,5.282e-1
3774.000000,1.2622280349e-1,2.5618612145e-1,4.0778954432e-1,4.1427860636e-1,4.5508008197e-2,6.249925419057140e-1,-6.635903413046765e-2,2.2919740452e1,6.370e-1
3775.000000,1.2107524262e-1,6.6911315151e-2,4.3514244750e-1,7.0625874078e-2,5.5623019133e-1,6.249925353388983e-1,-6.635903957771301e-2,7.7132992292e1,3.634e-1
3776.000000,1.1992734238e-1,1.4204162869e-1,3.4770152833e-1,2.9259545067e-1,3.4771911903e-1,6.249925345510863e-1,-6.635904734945007e-2,5.6996760812e1,4.595e-1
3777.000000,2.1974310832e-1,4.3574197924e-1,3.2474273066e-1,1.0732613283e-1,1.6243111715e-1,6.249925340929194e-1,-6.635904786183944e-2,2.7804916603e1,6.573e-1
3778.000000,7.7711320459e-1,1.2317479860e-1,8.8731982592e-2,1.9888188582e-1,6.2083198493e-2,6.249925350483204e-1,-6.635904821578495e-2,1.5655631814e1,6.004e-1
3779.000000,6.5525632923e-1,2.0098450899e-1,2.4315008762e-1,1.2916376963e-1,2.1430374013e-2,6.249925347422843e-1,-6.635904783544379e-2,9.5511263854e0,5.438e-1
3780.000000,2.8838421507e-1,2.3543966728e-1,4.0805697525e-1,7.7177870212e-2,2.4092634102e-1,6.249925344131159e-1,-6.635904750683193e-2,3.7187790741e1,4.542e-1
3781.000000,2.3333393126e-1,1.4650964486e-1,1.1651372896e-1,4.4678780324e-1,3.0683996791e-1,6.249925381223720e-1,-6.635904659689468e-2,5.4914521683e1,6.542e-1
3782.000000,1.3834421637e-1,2.7229503127e-1,1.0958246264e-1,2.8267771847e-1,4.4708563423e-1,6.249925314963363e-1,-6.635904656157919e-2,6.7763070045e1,3.293e-1
3783.000000,1.1327465430e-1,3.8115523171e-1,2.3852600881e-1,1.6161439136e-1,3.5541477125e-1,6.249925287145062e-1,-6.635904389429068e-2,5.3391907105e1,5.013e-1
3784.000000,1.9129234823e-1,2.2944038052e-1,6.2969319338e-1,7.2839028781e-2,1.2672009752e-1,6.249925242125818e-1,-6.635904263921617e-2,2.4143093885e1,4.791e-1
3785.000000,2.5223204636e-1,4.0932743397e-2,7.5145561532e-1,1.9884497723e-2,1.8548014536e-1,6.249925240755440e-1,-6.635904250301469e-2,3.0597388965e1,5.022e-1
3786.000000,2.6969784885e-1,1.3518523073e-1,2.4487628737e-1,2.5718726617e-1,3.4303843856e-1,6.249925358416892e-1,-6.635904062261813e-2,5.4503142338e1,4.908e-1
3787.000000,5.2633215069e-1,1.8133216001e-1,6.4083190960e-2,3.7502767574e-2,4.4073479610e-1,6.249925326684106e-1,-6.635904088598701e-2,5.8752638386e1,6.115e-1
3788.000000,7.0416487514e-1,4.2880463730e-2,2.1863596571e-1,4.1884910525e-2,2.4241884515e-1,6.249925301300265e-1,-6.635904103815807e-2,3.4556860407e1,6.511e-1
3789.000000,2.1585965560e-1,6.0248364587e-1,1.8597375932e-1,2.4021198792e-1,5.4560112368e-3,6.249925299767077e-1,-6.635904059946171e-2,1.1185840246e1,7.713e-1
3790.000000,8.7326180103e-2,3.1257704584e-1,1.0705705107e-1,1.6352901667e-2,7.2667189289e-1,6.249925357856014e-1,-6.635904084321465e-2,9.5062568733e1,8.322e-1
3791.000000,1.2307535693e-1,1.0710190982e-1,2.1042712044e-1,8.0769755472e-1,1.6831170388e-3,6.249925294810488e-1,-6.635904609713139e-2,2.8020919194e1,5.627e-1
3792.000000,1.7984384556e-1,3.7540930208e-1,2.4857867840e-1,2.0878726907e-1,2.3736594109e-1,6.249925181010997e-1,-6.635904158243877e-2,3.9893403024e1,6.111e-1
3793.000000,6.4068142289e-1,3.7902747744e-1,1.0133794782e-2,1.1420510665e-1,1.0593723582e-1,6.249925187928401e-1,-6.635904227102428e-2,1.8373995622e1,6.971e-1
3794.000000,8.9253230196e-1,8.7348380324e-2,1.3460753007e-1,1.3346521769e-1,2.0316072000e-3,6.249925186225841e-1,-6.635904227940721e-2,6.2287558399e0,8.446e-1
3795.000000,3.9330843362e-1,2.6733086843e-1,1.7311450302e-1,8.3295881165e-2,3.3293535254e-1,6.249925193887873e-1,-6.635904226087412e-2,4.7397425300e1,6.036e-1
3796.000000,2.6058367820e-1,1.1607569608e-1,3.2427937345e-1,4.5833022617e-1,9.0716053794e-2,6.249925138517428e-1,-6.635903909684363e-2,2.9234900342e1,5.682e-1
3797.000000,3.0051232916e-1,7.0640712539e-2,3.4264433506e-1,3.8810205586e-2,4.9737744326e-1,6.249925128048780e-1,-6.635904510925564e-2,6.7938931586e1,5.110e-1
3798.000000,3.8285245775e-1,4.1015957617e-2,7.2784029242e-2,6.0316583394e-2,6.9301600569e-1,6.249925168476397e-1,-6.635904666896700e-2,9.1491909775e1,5.179e-1
3799.000000,3.2925503682e-1,7.1288573076e-2,3.6936205611e-2,1.0242583621e-2,8.0226263655e-1,6.249925178364291e-1,-6.635904699021446e-2,1.0362007446e2,4.158e-1
3800.000000,1.9069155980e-1,8.8934709607e-2,2.5014690980e-1,1.3591326398e-1,5.8429857758e-1,6.249925103800489e-1,-6.635904819870804e-2,8.1413832855e1,2.974e-1
3801.000000,1.2328232898e-1,3.1833734521e-2,3.2014868981e-1,3.5500717114e-2,7.3921954729e-1,6.249925088568444e-1,-6.635905012490129e-2,9.8442623153e1,4.224e-1
3802.000000,9.1281021939e-2,3.4668349350e-2,1.0022002897e-2,7.2699511900e-1,3.8701849020e-1,6.249924916931211e-1,-6.635904629376080e-2,7.2997363787e1,2.051e-1
3803.000000,6.7686869425e-2,2.1088552659e-2,3.5334878458e-1,2.4944553346e-1,5.5841524055e-1,6.249924903399668e-1,-6.635904119941718e-2,8.2362218678e1,5.275e-1
3804.000000,5.3645886968e-2,3.5110683866e-2,2.1054765510e-1,1.0976557734e-1,8.4091517138e-1,6.249924873274255e-1,-6.635904171554294e-2,1.1293106596e2,4.358e-1
3805.000000,3.2950013817e-2,1.0370746228e-1,1.1709920297e-1,1.1410654118e-1,8.8212173134e-1,6.249924757947412e-1,-6.635903424725367e-2,1.1772367448e2,3.393e-1
3806.000000,1.7475882977e-2,5.0758762327e-1,6.5289605111e-2,1.2069464629e-1,5.3893718253e-1,6.249924700883902e-1,-6.635903796072641e-2,7.4392418074e1,6.399e-1
3807.000000,2.0300567563e-2,2.6326617340e-1,4.9690809211e-1,3.6115282782e-2,4.3339482214e-1,6.249924689943221e-1,-6.635903759257833e-2,6.1142173650e1,5.116e-1
3808.000000,2.6616729460e-2,7.8056928134e-2,2.5274136315e-1,2.6297367469e-1,6.2959624256e-1,6.249924689962512e-1,-6.635904602201247e-2,9.1194829764e1,2.430e-1
3809.000000,2.3437149963e-2,1.3854378392e-1,7.0073472825e-1,1.9892420359e-1,1.8834504178e-1,6.249924537489502e-1,-6.635904986523292e-2,3.6368423832e1,6.601e-1
3810.000000,1.3622511359e-2,7.3843414672e-1,5.1084867355e-2,3.9292015067e-1,5.3923243049e-2,6.249924595760282e-1,-6.635904843736554e-2,2.1367978420e1,8.401e-1
3811.000000,2.0548553887e-2,3.8219318577e-1,2.6311721774e-1,3.5777692842e-1,2.2634902802e-1,6.249924569161359e-1,-6.635904999255354e-2,4.3301135686e1,5.798e-1
3812.000000,4.2146778202e-2,8.4770773569e-1,2.7017426376e-2,7.6615809589e-2,2.5649716839e-1,6.249924591182809e-1,-6.635905425957181e-2,3.7215971732e1,3.997e-1
3813.000000,1.4612335594e-1,3.4632001223e-1,1.3296558980e-1,4.1704164014e-1,2.0753431753e-1,6.249924578247874e-1,-6.635904998408718e-2,4.1739151550e1,6.174e-1
3814.000000,3.0758936397e-1,5.3847320477e-1,3.0080383983e-2,3.2646184975e-1,4.7380112484e-2,6.249924574787140e-1,-6.635905355211799e-2,1.7982817753e1,7.335e-1
3815.000000,6.6908667843e-1,1.4059718048e-2,5.1118884823e-1,1.1966258901e-2,4.3683408196e-2,6.249924559027257e-1,-6.635905531571314e-2,1.0426570095e1,5.157e-1
3816.000000,4.0330782107e-1,3.7753848215e-1,4.9414145416e-2,3.8447988749e-1,3.5244580691e-2,6.249924584074852e-1,-6.635905357934280e-2,1.8166706766e1,5.125e-1
3817.000000,3.4487525553e-1,2.6650724658e-1,3.1574788305e-1,9.1325518565e-2,2.3152900765e-1,6.249924556855366e-1,-6.635905597618169e-2,3.5789564758e1,5.861e-1
3818.000000,5.7764249706e-1,1.3779078869e-2,4.4649994124e-2,1.9638630539e-2,5.9427471903e-1,6.249924598079213e-1,-6.635905594651369e-2,7.7369179572e1,7.518e-1
3819.000000,3.6766072159e-1,4.3062993438e-1,1.9491987840e-1,5.7258484528e-2,1.9951589061e-1,6.249924547553689e-1,-6.635905578570525e-2,2.9974754760e1,5.702e-1
3820.000000,3.0938279586e-1,1.5863436859e-1,5.3042261668e-1,1.4236840153e-1,1.0917672578e-1,6.249924542197176e-1,-6.635905491011500e-2,2.3245750817e1,3.595e-1
3821.000000,2.4442265800e-1,4.5877133748e-1,1.7289425632e-1,3.5089395445e-1,2.3002704413e-2,6.249924553326459e-1,-6.635905439050500e-2,1.6595860762e1,6.773e-1
3822.000000,4.0887547025e-1,3.0408327665e-1,1.2237082661e-1,1.7957156603e-1,2.3508377060e-1,6.249924550633095e-1,-6.635905768438718e-2,3.7628583651e1,5.480e-1
3823.000000,5.5373966514e-1,4.8728245740e-2,2.7498055854e-1,3.4396196397e-1,2.8574476339e-2,6.249924548672999e-1,-6.635905692896461e-2,1.7238486611e1,5.387e-1
3824.000000,2.5913329740e-1,3.6408122358e-1,8.4589900793e-2,3.8207343135e-1,1.6010705608e-1,6.249924546014639e-1,-6.635905727599305e-2,3.4254501284e1,5.345e-1
3825.000000,1.1810167383e-1,5.2736587370e-1,6.9440196773e-2,3.8771879933e-1,1.4735836319e-1,6.249924534095646e-1,-6.635905636686605e-2,3.2938176226e1,6.626e-1
3826.000000,6.8249137044e-2,2.5337945741e-1,2.1986039705e-1,5.5474129890e-2,6.5302178386e-1,6.249924526237152e-1,-6.635905941154099e-2,8.7661727150e1,4.688e-1
3827.000000,8.8986583207e-2,7.4179543031e-2,1.1303941349e-1,9.6780154473e-1,5.9778253052e-3,6.249924548800536e-1,-6.635906257656814e-2,3.2831978756e1,9.794e-1
3828.000000,1.5908385409e-1,1.5733253510e-1,1.9727820189e-1,4.1217341659e-3,7.3216855969e-1,6.249924424713280e-1,-6.635906398648296e-2,9.5821903746e1,4.437e-1
3829.000000,3.6389439516e-1,3.6427735663e-1,1.9543348895e-1,8.8701513990e-2,2.3767811765e-1,6.249924361935314e-1,-6.635906496851546e-2,3.5735217329e1,3.636e-1
3830.000000,9.7520253117e-1,7.2104260928e-2,7.0699964314e-2,1.0987190660e-1,2.2106209804e-2,6.249924364073293e-1,-6.635906492353663e-2,7.5429053680e0,3.308e-1
3831.000000,6.0478691647e-1,5.1059799917e-1,3.2588576597e-2,8.3425271684e-2,1.8586108972e-2,6.249924364421646e-1,-6.635906493098927e-2,6.6329287117e0,3.696e-1
3832.000000,1.7024663959e-1,3.2229636645e-1,2.2333788297e-1,3.1583799372e-1,2.1826598851e-1,6.249924356175541e-1,-6.635906593297961e-2,4.0561281445e1,5.466e-1
3833.000000,2.1447745375e-1,3.1074057414e-1,8.1604318099e-2,4.3806004659e-1,2.0510247939e-1,6.249924359867083e-1,-6.635906448179553e-2,4.1652593273e1,3.999e-1
3834.000000,4.2098599493e-1,1.3730440397e-2,7.4745462635e-1,1.9272518789e-2,4.8541279823e-2,6.249924301425623e-1,-6.635906447323493e-2,1.3047595308e1,7.328e-1
3835.000000,3.7064953731e-1,5.5979636831e-2,1.0450751987e-1,4.9931142634e-1,2.1953674130e-1,6.249924308252061e-1,-6.635906581262596e-2,4.5212012731e1,5.127e-1
3836.000000,2.1013978212e-1,1.6000017491e-1,9.2618258561e-2,2.4613504787e-1,5.4109159513e-1,6.249924292917557e-1,-6.635906405775911e-2,7.8302062017e1,4.707e-1
3837.000000,9.7048833288e-2,8.4540290381e-2,7.3571358393e-1,2.6019667011e-1,7.2485453586e-2,6.249924156475667e-1,-6.635906507921460e-2,2.3707745171e1,2.902e-1
3838.000000,6.7184853212e-2,4.0037036736e-2,7.6619021189e-2,9.9407488618e-1,7.2069063749e-2,6.249924305349022e-1,-6.635908653735123e-2,4.1761855187e1,9.895e-1
3839.000000,4.5923814640e-2,1.0742421493e-1,3.6967037950e-1,2.1824123347e-1,5.0872517796e-1,6.249924102493296e-1,-6.635905975629597e-2,7.5295715623e1,4.093e-1
3840.000000,5.6338987068e-2,8.2276757034e-1,2.8940523868e-2,1.8754339079e-1,1.5439433622e-1,6.249924041448953e-1,-6.635906182818678e-2,2.7669092367e1,4.359e-1
3841.000000,1.4151680587e-1,6.6789821525e-2,1.9894211477e-1,8.6598119717e-2,7.5613796260e-1,6.249924122434518e-1,-6.635906135202446e-2,1.0135267401e2,8.692e-1
3842.000000,1.9120582298e-1,4.3831130984e-3,4.7868324051e-1,5.2236801502e-1,5.3344591809e-2,6.249923917113001e-1,-6.635905927156267e-2,2.7477719294e1,6.352e-1
3843.000000,1.8886612609e-1,8.9573590125e-3,1.1060389221e-1,9.0113095353e-1,4.0426457832e-2,6.249923943410122e-1,-6.635908817093028e-2,3.5007956034e1,7.000e-1
3844.000000,1.5899681209e-1,1.3693727394e-2,5.9694304195e-1,4.4428047105e-1,3.6070718568e-2,6.249923855226096e-1,-6.635905230015018e-2,2.3716457247e1,7.423e-1
3845.000000,1.0804495659e-1,9.9941998251e-2,3.9633992346e-1,7.5403243107e-2,5.7025464302e-1,6.249923822134477e-1,-6.635904613384663e-2,7.8830123948e1,7.353e-1
3846.000000,1.0645536274e-1,8.0722986893e-1,5.8125200280e-3,2.2437175828e-1,1.0611525222e-1,6.249923810981922e-1,-6.635904685726188e-2,2.2476836129e1,7.141e-1
3847.000000,2.7179280937e-1,9.3036792754e-2,3.7342420386e-1,4.6388067651e-2,4.6534288336e-1,6.249923784955835e-1,-6.635904512403096e-2,6.4357670855e1,4.293e-1
3848.000000,3.5830887740e-1,8.8483884450e-2,1.2900026387e-1,9.7804553272e-4,6.7321369589e-1,6.249923835765457e-1,-6.635904372116457e-2,8.7590774850e1,5.639e-1
3849.000000,3.7866731069e-1,6.0704870719e-2,5.0895421554e-1,4.7092730983e-2,2.5456561816e-1,6.249923730444359e-1,-6.635904294418515e-2,3.8473743637e1,6.986e-1
3850.000000,1.8543777706e-1,8.3678556760e-1,7.1749834617e-2,1.4917509804e-1,6.8364732889e-3,6.249923753050968e-1,-6.635904275086485e-2,7.9889604189e0,7.051e-1
3851.000000,3.4753816432e-1,8.3208997813e-2,2.7526130318e-1,9.2767869326e-2,4.5120841863e-1,6.249923766315235e-1,-6.635904256628507e-2,6.3265526906e1,5.245e-1
3852.000000,3.5417015391e-1,8.8686147599e-2,6.5852955251e-1,4.4560890542e-3,1.4414278784e-1,6.249923654545254e-1,-6.635904156192803e-2,2.4215565486e1,6.079e-1
3853.000000,3.8097000078e-1,2.0710199494e-1,4.4567180780e-1,6.1998119692e-2,1.5424281218e-1,6.249923676973149e-1,-6.635904163727482e-2,2.5897083241e1,2.585e-1
3854.000000,6.8773605737e-1,1.0942412720e-2,2.1658262349e-1,6.0584956661e-2,2.7413868824e-1,6.249923692415137e-1,-6.635904101526323e-2,3.9126884550e1,4.081e-1
3855.000000,3.8249789551e-1,4.9066610522e-1,3.4299604697e-2,2.0916534491e-1,1.3335578842e-1,6.249923693789264e-1,-6.635904110745730e-2,2.5209809951e1,4.551e-1
3856.000000,2.1372771976e-1,2.3850908376e-1,1.8265304654e-1,4.7759731007e-2,5.6733515693e-1,6.249923690049585e-1,-6.635904125839340e-2,7.6192317880e1,2.956e-1
3857.000000,2.2379099615e-1,4.9408377473e-2,2.0714147065e-1,7.7843201522e-2,6.9180068840e-1,6.249923670995485e-1,-6.635904375749771e-2,9.2909314582e1,4.050e-1
3858.000000,1.5000461580e-1,1.7913222998e-1,2.0604863206e-1,3.3202061516e-1,3.8277863048e-1,6.249923617364401e-1,-6.635904618134419e-2,6.1701980210e1,5.559e-1
3859.000000,3.5457374105e-2,9.2664014027e-1,7.0688471003e-2,1.2365063178e-1,9.3548094731e-2,6.249923559443524e-1,-6.635904765818232e-2,1.8367493078e1,4.801e-1
3860.000000,1.8160243380e-2,1.3703885485e-1,1.5369180508e-1,5.8367923551e-2,8.8272590824e-1,6.249923675461736e-1,-6.635904708301410e-2,1.1636938208e2,8.960e-1
3861.000000,3.6293725760e-2,4.5897975731e-1,8.2251085439e-2,5.8523415624e-1,8.7225979443e-2,6.249923520968638e-1,-6.635905193461286e-2,3.1486533429e1,5.699e-1
3862.000000,1.2873599450e-1,1.7422928023e-1,6.2246213300e-1,1.9567944232e-1,1.2887784252e-1,6.249923462874131e-1,-6.635904138953704e-2,2.8150629619e1,7.879e-1
3863.000000,2.6151533315e-1,2.2617403017e-1,1.7558836097e-2,6.5717662610e-1,8.7559875056e-2,6.249923502864017e-1,-6.635905281704971e-2,3.2960892458e1,5.161e-1
3864.000000,4.4800498635e-1,5.7402110380e-2,1.1873774981e-2,6.1520554998e-1,1.1749827066e-1,6.249923461722794e-1,-6.635904473438178e-2,3.5160153157e1,2.403e-1
3865.000000,3.9920118988e-1,8.6294571361e-2,1.8352171415e-1,4.3691000339e-1,1.4405720559e-1,6.249923421880913e-1,-6.635903286627980e-2,3.4260805875e1,3.793e-1
3866.000000,1.4287029740e-1,8.2835937460e-1,5.8373342385e-2,3.7874890195e-2,1.8250677447e-1,6.249923395227504e-1,-6.635902837139815e-2,2.6768004255e1,4.978e-1
3867.000000,1.7016000713e-1,1.1470610180e-1,1.4595676865e-1,1.4361865000e-1,6.7554315757e-1,6.249923425696723e-1,-6.635902380356874e-2,9.2547467325e1,8.150e-1
3868.000000,1.9844720940e-1,5.1059603264e-2,9.4859219676e-1,2.4149659808e-2,2.7735989609e-2,6.249923294205323e-1,-6.635902153527948e-2,1.2113076169e1,8.778e-1
3869.000000,1.8086869939e-1,2.6123392082e-1,9.2051105189e-2,2.4571288917e-1,4.7011805133e-1,6.249923329496949e-1,-6.635901821058328e-2,6.9387234057e1,6.312e-1
3870.000000,2.3944031503e-1,2.1119219982e-2,2.8136541377e-1,2.9410753806e-1,4.1395219309e-1,6.249923399659701e-1,-6.635902167070565e-2,6.4810203841e1,6.125e-1
3871.000000,1.8120494511e-1,1.7504212109e-1,1.8105095863e-1,7.0377248789e-1,8.9141561322e-3,6.249923344237339e-1,-6.635902682964817e-2,2.5550825981e1,7.853e-1
3872.000000,2.4869686720e-1,6.0142340051e-1,1.3292993058e-1,1.9876433779e-1,6.8170124285e-2,6.249923301770597e-1,-6.635901542080028e-2,1.7476869397e1,2.850e-1
3873.000000,7.4604650794e-1,4.2127664071e-2,7.2255362656e-2,3.1252345539e-1,7.7031669637e-2,6.249923298442304e-1,-6.635901633693442e-2,2.0896125769e1,5.360e-1
3874.000000,5.3254711196e-1,2.4589864129e-1,1.0897559971e-1,1.8525688288e-1,1.7730642169e-1,6.249923287691277e-1,-6.635901435673852e-2,3.0253317865e1,4.180e-1
3875.000000,1.9410992391e-1,2.3862063052e-1,4.9917593172e-1,6.6237368128e-2,2.5184080304e-1,6.249923286540819e-1,-6.635901510916528e-2,3.8922922245e1,2.326e-1
3876.000000,1.9584518051e-1,3.7103756585e-2,5.2239634997e-1,2.3538872028e-2,4.7110049651e-1,6.249923277976199e-1,-6.635901178731267e-2,6.5405408361e1,6.346e-1
3877.000000,1.8387709203e-1,6.5921192898e-2,4.4465019221e-1,7.2719954938e-3,5.4826419455e-1,6.249923335939013e-1,-6.635900757433683e-2,7.4191503228e1,6.575e-1
3878.000000,1.1739483941e-1,2.6058907091e-1,3.2554806276e-2,8.3780105409e-1,1.6449075040e-3,6.249923390920399e-1,-6.635901284759971e-2,2.7860495903e1,9.153e-1
3879.000000,1.5795047657e-1,8.0934338155e-2,5.3955539328e-1,1.1703480020e-2,4.5984095637e-1,6.249923221971398e-1,-6.635900325361195e-2,6.3791440836e1,7.300e-1
3880.000000,1.8512764418e-1,4.4703807588e-3,2.7519986358e-1,1.5838730655e-1,6.2679943198e-1,6.249923135249393e-1,-6.635899385216525e-2,8.7601824596e1,4.753e-1
3881.000000,1.4330326402e-1,1.3388882212e-1,6.8365549909e-2,4.2307103924e-1,4.8135595623e-1,6.249923157539412e-1,-6.635899170838008e-2,7.6038189328e1,3.718e-1
3882.000000,1.5309597343e-1,4.0238556604e-1,2.0187450594e-1,2.8671395183e-1,2.0591462828e-1,6.249923127602495e-1,-6.635899434877995e-2,3.8028234044e1,5.337e-1
3883.000000,4.6442918970e-1,2.2798562855e-1,2.6003099818e-1,1.6000959407e-1,1.3752921390e-1,6.249923122051697e-1,-6.635899586562422e-2,2.5492480227e1,4.433e-1
3884.000000,6.5813297801e-1,1.0447721491e-1,2.0444148221e-1,2.8200894370e-1,9.2400755576e-4,6.249923131972027e-1,-6.635899438141198e-2,1.1316111942e1,3.425e-1
3885.000000,4.1979314027e-1,4.7252739745e-1,6.1433590919e-2,5.2806346785e-2,2.4342415110e-1,6.249923132624231e-1,-6.635899525925645e-2,3.4494514530e1,4.517e-1
3886.000000,3.3164112633e-1,3.0637734749e-1,1.6734548020e-1,3.6952637253e-1,7.5094301045e-2,6.249923137979135e-1,-6.635899858368542e-2,2.3554253554e1,5.876e-1
3887.000000,4.8250671735e-1,2.0675449472e-2,1.2851066856e-1,4.6901061530e-1,1.4928117749e-1,6.249923140862720e-1,-6.635899666053552e-2,3.5427020014e1,4.946e-1
3888.000000,3.3076183057e-1,2.2447670250e-1,2.0494247735e-1,2.6688127714e-2,4.6311549263e-1,6.249923153825598e-1,-6.635899353903640e-2,6.2386677283e1,4.993e-1
3889.000000,4.4397413414e-1,3.4022060571e-1,2.5943070997e-1,2.7735478123e-2,1.7862369806e-1,6.249923130017987e-1,-6.635899359045766e-2,2.6729242610e1,6.659e-1
3890.000000,8.9004320854e-1,7.7133270539e-3,9.1770059112e-2,1.1201953573e-2,2.4925607900e-1,6.249923136357127e-1,-6.635899374149536e-2,3.3457849357e1,9.319e-1
3891.000000,4.7498334052e-1,2.7149980469e-1,4.3913312064e-1,1.9938608292e-2,4.4429751330e-2,6.249923127372092e-1,-6.635899354201387e-2,1.0618599880e1,6.462e-1
3892.000000,3.7113280936e-1,1.4322791348e-1,2.8691314338e-1,3.4833717911e-1,1.0037357694e-1,6.249923111342067e-1,-6.635899153785992e-2,2.6761934959e1,4.414e-1
3893.000000,4.6631662817e-1,3.3136864906e-2,2.1738516260e-1,2.5758947899e-2,5.0738702345e-1,6.249923135121724e-1,-6.635899519308291e-2,6.7808338679e1,4.614e-1
3894.000000,3.6401957377e-1,1.1256241985e-1,8.3828739622e-2,9.3229169377e-3,6.8025097991e-1,6.249923150457377e-1,-6.635899578450510e-2,8.8448223314e1,2.885e-1
3895.000000,1.6280797515e-1,2.5599655823e-1,5.0047180473e-1,1.2749344278e-1,2.0321482888e-1,6.249923048822097e-1,-6.635899636028741e-2,3.4688459807e1,5.537e-1
3896.000000,1.9071472157e-1,4.0891110161e-1,6.3754310749e-2,2.7806570854e-1,3.0853876412e-1,6.249923032985283e-1,-6.635899311181848e-2,4.9814278531e1,5.506e-1
3897.000000,3.4925912998e-1,2.3881968900e-1,7.4293527190e-2,3.3368272347e-1,2.5392953300e-1,6.249923013181440e-1,-6.635899221404017e-2,4.4427444535e1,5.887e-1
3898.000000,5.6898865242e-1,5.0641489957e-3,5.9451727916e-1,5.2186902137e-2,2.9227616067e-2,6.249922993923100e-1,-6.635899196421290e-2,1.0461876582e1,7.474e-1
3899.000000,3.5778981110e-1,2.3576969750e-1,1.1567518243e-2,2.4413276051e-1,4.0072481439e-1,6.249923008729490e-1,-6.635898762243775e-2,5.9847999024e1,5.773e-1
3900.000000,1.5420133610e-1,2.7669719928e-1,4.2634296080e-2,3.1538378931e-1,4.6106797354e-1,6.249922971571156e-1,-6.635898177971601e-2,7.0080551307e1,6.312e-1
3901.000000,6.3048722870e-2,4.6669372983e-1,1.6650486682e-1,1.4873271723e-1,4.0500454900e-1,6.249922928765452e-1,-6.635898390010647e-2,5.8896979979e1,6.791e-1
3902.000000,1.5481533130e-2,2.4882153702e-1,7.1438615868e-1,1.7003944136e-1,1.0125589520e-1,6.249922826928701e-1,-6.635898506471138e-2,2.4622489819e1,4.983e-1
3903.000000,9.0359047672e-3,2.0337169245e-1,5.3721204363e-1,2.8430209391e-1,2.1606286397e-1,6.249922993626790e-1,-6.635898210129944e-2,4.1462671280e1,5.398e-1
3904.000000,2.0727992082e-2,6.6913228383e-1,2.4661791962e-1,4.6589865692e-2,2.6691652833e-1,6.249922947735806e-1,-6.635898099900192e-2,3.8977763249e1,4.224e-1
3905.000000,5.1436815471e-2,7.0786430686e-2,1.3765152349e-1,4.7911794018e-1,5.1099188952e-1,6.249922996770063e-1,-6.635897858093526e-2,8.2007239401e1,5.770e-1
3906.000000,7.4324486784e-2,8.6720934497e-2,4.5569362331e-1,5.1944294367e-1,1.1380259686e-1,6.249922925615616e-1,-6.635897001183234e-2,3.5045059695e1,2.940e-1
3907.000000,1.8242673370e-1,5.7125525217e-1,6.6718569812e-2,1.4110368477e-1,2.8848032883e-1,6.249922846404338e-1,-6.635897574692834e-2,4.3208272433e1,7.533e-1
3908.000000,5.1268833366e-1,2.5973466162e-2,3.3883461928e-1,3.0850929701e-1,6.3978851513e-2,6.249922838132832e-1,-6.635897438983668e-2,2.1080558551e1,4.530e-1
3909.000000,4.1826661637e-1,1.2217785119e-1,1.8751040399e-1,1.6526448693e-1,3.5676520600e-1,6.249922822427918e-1,-6.635897449541769e-2,5.2907982193e1,5.415e-1
3910.000000,1.8302232238e-1,2.6319154079e-1,2.7084729070e-1,5.1063666535e-1,2.2286743965e-2,6.249922815901165e-1,-6.635897814006442e-2,2.1977749087e1,5.205e-1
3911.000000,2.4537159038e-1,4.0763824665e-1,1.2588148855e-2,1.2886367420e-2,5.7150021418e-1,6.249922837441590e-1,-6.635897621825024e-2,7.4603058651e1,5.143e-1
3912.000000,5.1027749866e-1,2.5580954586e-2,3.6356440301e-1,2.4421435246e-1,1.0634734900e-1,6.249922788613884e-1,-6.635897576044537e-2,2.4642135833e1,4.747e-1
3913.000000,4.2105646786e-1,1.6611291303e-1,9.1936904419e-2,6.0227312416e-2,5.1065096298e-1,6.249922803530887e-1,-6.635897611605818e-2,6.8568846555e1,6.984e-1
3914.000000,1.4343008268e-1,4.0408887544e-1,1.4131344046e-1,2.2810990259e-1,3.3304225449e-1,6.249922778303022e-1,-6.635897717191733e-2,5.1939325774e1,5.585e-1
3915.000000,1.1151441674e-1,5.7169516360e-2,5.3721789974e-1,5.3766146117e-2,4.9031656121e-1,6.249922700841880e-1,-6.635897509376708e-2,6.8948875950e1,5.910e-1
3916.000000,7.9837922110e-2,1.6286062570e-1,7.6201108091e-4,1.5992917256e-1,8.4659481788e-1,6.249922746668821e-1,-6.635896927056290e-2,1.1385360651e2,9.136e-1
3917.000000,7.5782796896e-2,3.9970898131e-2,6.7555931237e-1,3.4162280115e-1,1.1704871539e-1,6.249922619727688e-1,-6.635896733800559e-2,3.1436472901e1,5.074e-1
3918.000000,5.8423822249e-2,1.8367970931e-1,2.1539246122e-2,9.7933605649e-1,7.0057210206e-3,6.249922775966811e-1,-6.635899207061451e-2,3.2804371397e1,7.780e-1
3919.000000,6.1191596457e-2,7.7364261997e-2,3.6086062958e-1,8.6744014688e-2,6.6382402147e-1,6.249922620972261e-1,-6.635896517577840e-2,9.0817492577e1,8.140e-1
3920.000000,6.5733881190e-2,2.7776376223e-2,1.2888798154e-1,7.3733751154e-2,9.5385256195e-1,6.249922760303289e-1,-6.635896541174893e-2,1.2557213151e2,9.338e-1
3921.000000,5.6543851959e-2,1.1040288661e-1,4.1057059922e-1,1.4301552056e-1,5.2945163259e-1,6.249922454691841e-1,-6.635895632461830e-2,7.5879948123e1,7.274e-1
3922.000000,9.5236430023e-2,9.5751793099e-1,1.3362208983e-1,4.5170812595e-2,1.8437241010e-2,6.249922522243211e-1,-6.635895929863979e-2,6.8370636480e0,7.411e-1
3923.000000,3.9726952273e-1,1.0536801404e-1,1.8099882646e-1,1.8577975658e-1,3.8056839238e-1,6.249922560985396e-1,-6.635895929704809e-2,5.6515067837e1,4.226e-1
3924.000000,4.6449571917e-1,2.0328697756e-2,5.8420427593e-1,1.8114830316e-3,1.7914431930e-1,6.249922475938079e-1,-6.635895874346152e-2,2.7934979790e1,6.740e-1
3925.000000,2.5527671328e-1,3.8590585183e-1,4.4346611470e-1,5.2157846872e-2,1.1317796766e-1,6.249922471743583e-1,-6.635895851575513e-2,2.0603009938e1,6.205e-1
3926.000000,1.3995933173e-1,4.6952018575e-1,3.9429381299e-1,1.7212549672e-1,7.4085668087e-2,6.249922476446365e-1,-6.635895773159076e-2,1.9154351952e1,6.058e-1
3927.000000,3.0794187178e-1,5.8542461351e-2,2.5677685474e-1,5.5850095150e-1,6.8222357861e-2,6.249922486158505e-1,-6.635895281753734e-2,2.8929762951e1,7.346e-1
3928.000000,3.5232694425e-1,5.0172009517e-2,1.2975868624e-1,4.0698973292e-1,3.1073711756e-1,6.249922452414188e-1,-6.635896253711343e-2,5.4112599482e1,3.276e-1
3929.000000,3.0648188184e-1,1.7812246771e-1,2.5434883949e-2,2.0447130602e-1,5.3547395278e-1,6.249922461519303e-1,-6.635896450927997e-2,7.5796712697e1,4.502e-1
3930.000000,3.5657696054e-1,1.0232296305e-1,1.9593786420e-1,3.1361146875e-3,5.9201058988e-1,6.249922461783108e-1,-6.635896414424340e-2,7.7828148494e1,3.613e-1
3931.000000,3.9761676479e-1,2.1679123395e-2,2.1036904134e-1,9.3606028059e-2,5.2671352719e-1,6.249922423850481e-1,-6.635896605472280e-2,7.2339843338e1,4.684e-1
3932.000000,2.2020534057e-1,3.0598954125e-1,2.2794667713e-1,2.1120812602e-1,2.8463479294e-1,6.249922389604923e-1,-6.635896625544169e-2,4.5737568699e1,4.726e-1
3933.000000,1.9245904963e-1,7.6280992595e-1,1.5509682863e-1,2.6175019982e-2,1.1344365151e-1,6.249922378493448e-1,-6.635896750683831e-2,1.8221012038e1,3.911e-1
3934.000000,4.2391085680e-1,1.5525045491e-2,2.8451450805e-1,2.0247333468e-1,3.2356073453e-1,6.249922397768082e-1,-6.635896649775780e-2,5.0414042313e1,5.328e-1
3935.000000,3.5160134375e-1,1.0295394681e-1,8.3376117135e-2,1.7042615986e-1,5.4162692043e-1,6.249922439969886e-1,-6.635896323990745e-2,7.5830600434e1,4.946e-1
3936.000000,1.6386800700e-1,7.3234393138e-1,1.0938646479e-1,1.0783074073e-1,1.3655533901e-1,6.249922414504834e-1,-6.635896427008729e-2,2.3351380681e1,4.244e-1
3937.000000,3.4306939980e-1,1.5115684372e-1,1.6980978856e-1,3.2784238991e-1,2.5810605860e-1,6.249922402941139e-1,-6.635896248503202e-2,4.5360858674e1,4.969e-1
3938.000000,4.2902259615e-1,8.5451056547e-2,6.6551586285e-2,3.4492983725e-1,3.2402939657e-1,6.249922363997678e-1,-6.635895607680448e-2,5.3431343655e1,6.252e-1
3939.000000,4.1242377611e-1,5.2677877133e-2,4.5531183939e-1,1.2056787979e-1,2.0900309429e-1,6.249922333499759e-1,-6.635895789275634e-2,3.4564630579e1,6.422e-1
3940.000000,3.0301088183e-1,1.8595254806e-1,6.2521464231e-1,9.9000604707e-2,3.6805783407e-2,6.249922301548498e-1,-6.635895581956389e-2,1.3404287302e1,5.859e-1
3941.000000,6.4236201266e-2,6.2404826348e-1,2.5124717348e-1,2.1170398010e-1,9.8748844004e-2,6.249922311641728e-1,-6.635895573161088e-2,2.2704571411e1,3.334e-1
3942.000000,4.5112519637e-2,2.2057214812e-1,5.7283298035e-1,5.0358245705e-2,3.6110855108e-1,6.249922224496971e-1,-6.635895950301947e-2,5.2879722800e1,5.894e-1
3943.000000,1.1605503819e-1,3.9550720077e-1,6.0354832853e-1,7.8879741807e-2,5.5994128511e-2,6.249922189019277e-1,-6.635896001976006e-2,1.5368828736e1,7.126e-1
3944.000000,5.1437523938e-1,3.0081359590e-1,2.0274767631e-1,5.3116805467e-2,1.7893112182e-1,6.249922194435813e-1,-6.635895987575141e-2,2.7083717590e1,5.836e-1
3945.000000,6.4849020901e-1,7.3481373975e-2,1.1440032941e-1,7.6841109923e-2,3.3677141704e-1,6.249922196800877e-1,-6.635895990865817e-2,4.6952067386e1,6.935e-1
3946.000000,2.9329468853e-1,3.0032593019e-1,7.4764006907e-2,5.2945544212e-1,5.2144371853e-2,6.249922198021334e-1,-6.635895777383995e-2,2.4962465005e1,7.231e-1
3947.000000,1.4720363373e-1,1.2973107100e-1,6.5771737057e-1,2.5676694731e-3,3.1276467321e-1,6.249922089895366e-1,-6.635896198928738e-2,4.5710846517e1,7.832e-1
3948.000000,7.8328011390e-2,2.2853408072e-1,5.1530737636e-1,2.9002911637e-1,1.3778582986e-1,6.249922073506858e-1,-6.635896161843580e-2,3.1536209123e1,5.837e-1
3949.000000,6.2733011137e-2,6.9795441825e-1,6.1283954056e-2,1.3285143418e-1,2.9516161140e-1,6.249922145130812e-1,-6.635896430666606e-2,4.3949479128e1,8.163e-1
3950.000000,1.9331642178e-1,1.2571393618e-1,6.0115810407e-1,2.7978059188e-1,5.0015364436e-2,6.249922091727914e-1,-6.635896576429517e-2,2.0512296504e1,3.196e-1
3951.000000,3.1055788020e-1,1.1516667998e-1,8.1503781468e-4,3.6439899096e-1,4.5904583437e-1,6.249922116579920e-1,-6.635895572076608e-2,7.0810767112e1,6.143e-1
3952.000000,3.7024551534e-1,5.5879562075e-2,2.1394755812e-3,2.9198275330e-1,5.2973710857e-1,6.249922074294852e-1,-6.635894861346189e-2,7.7463795689e1,7.094e-1
3953.000000,2.7390919723e-1,1.0405155916e-1,2.4432381130e-1,1.7853946232e-1,4.4916037446e-1,6.249922022419550e-1,-6.635894563354684e-2,6.5505438933e1,4.407e-1
3954.000000,9.9267622576e-2,8.3126682421e-1,4.8188349007e-2,9.9371718003e-2,1.7188988599e-1,6.249921998923564e-1,-6.635894944739873e-2,2.7279474635e1,3.563e-1
3955.000000,1.0949025216e-1,1.0456410782e-1,1.9178773822e-1,1.8675798897e-1,6.5738432733e-1,6.249922072482144e-1,-6.635894717533036e-2,9.1919624793e1,4.306e-1
3956.000000,1.3189498254e-1,3.0266395411e-2,7.3684255935e-1,3.3982442487e-1,1.1156017384e-2,6.249921897756158e-1,-6.635894405516025e-2,1.8323572578e1,6.544e-1
3957.000000,1.2200443088e-1,2.8705242183e-1,1.6324448731e-2,7.8245121054e-1,4.2151882672e-2,6.249921973293681e-1,-6.635895507476730e-2,3.1199582368e1,4.594e-1
3958.000000,1.9024651431e-1,1.9932610842e-2,6.3252461997e-1,2.3683867216e-1,1.7044194782e-1,6.249921825545466e-1,-6.635894154286333e-2,3.4590592269e1,7.102e-1
3959.000000,1.7729692802e-1,5.7560069204e-2,4.8924059983e-1,6.0751915058e-2,4.6513484078e-1,6.249921764428813e-1,-6.635893587958058e-2,6.5599014303e1,5.296e-1
3960.000000,1.2573006616e-1,3.1946899926e-1,4.8637631621e-2,2.2618508193e-1,5.2996257597e-1,6.249921774705842e-1,-6.635893203716603e-2,7.6164036431e1,6.502e-1
3961.000000,1.6699956119e-1,1.5855034026e-2,2.3041901124e-1,4.0642350867e-1,4.3028721681e-1,6.249921659644346e-1,-6.635893228620957e-2,7.0040877968e1,6.538e-1
3962.000000,1.5829334583e-1,2.8297902611e-2,3.6052163920e-1,2.5899458376e-1,4.4387684762e-1,6.249921595121363e-1,-6.635892448331628e-2,6.8123978768e1,4.567e-1
3963.000000,6.6641809488e-2,4.4255502524e-1,1.4177598585e-2,2.1077176668e-1,5.1583812743e-1,6.249921637110440e-1,-6.635892024551607e-2,7.3803828588e1,5.975e-1
3964.000000,2.3468788440e-2,9.7862436247e-2,7.6953237162e-1,5.5644112059e-2,3.0347660646e-1,6.249921574144015e-1,-6.635891966585115e-2,4.6989335453e1,5.303e-1
3965.000000,1.4132823179e-2,1.3140608761e-1,9.2737702831e-1,2.4409979680e-2,1.5265837996e-1,6.249921493659020e-1,-6.635891421515200e-2,2.8010286797e1,9.282e-1
3966.000000,2.0988350590e-2,4.9270263030e-1,3.5338891505e-2,2.1930090821e-1,4.8165352614e-1,6.249921533695726e-1,-6.635891198762217e-2,6.9947890976e1,5.426e-1
3967.000000,4.4497072879e-2,9.6851050292e-2,2.1178743451e-1,4.1828618221e-1,4.7856259810e-1,6.249921689970381e-1,-6.635891410965722e-2,7.6551420501e1,6.895e-1
3968.000000,6.5549899967e-2,1.7243230843e-1,5.2505589449e-2,7.1858630506e-2,8.8763790012e-1,6.249921642359851e-1,-6.635891061000632e-2,1.1671481167e2,9.378e-1
3969.000000,1.4591335945e-1,3.0429606379e-1,1.8981577403e-2,4.0999944802e-1,3.7079385703e-1,6.249921528464408e-1,-6.635891052969892e-2,6.1414997463e1,5.967e-1
3970.000000,3.4149901792e-1,1.0827586707e-1,1.2568441836e-1,6.7131348517e-1,3.2115205235e-3,6.249921545234783e-1,-6.635890756930127e-2,2.3285882743e1,6.067e-1
3971.000000,4.2502219723e-1,1.3397290126e-1,5.0793556787e-1,3.2332361714e-2,1.5072126681e-1,6.249921474423387e-1,-6.635891063116335e-2,2.4870899170e1,6.784e-1
3972.000000,5.7325052110e-1,2.0633320740e-2,2.5786311677e-1,7.3917075748e-2,3.2432026268e-1,6.249921485226588e-1,-6.635891012969473e-2,4.6269136883e1,5.075e-1
3973.000000,3.3488880540e-1,3.9784047846e-1,7.8738897686e-2,2.7649254791e-2,4.1086686343e-1,6.249921498824582e-1,-6.635890969838987e-2,5.5068771213e1,6.335e-1
3974.000000,2.7655741269e-1,1.8788082062e-1,2.9278875509e-1,4.1824240447e-1,7.4514903452e-2,6.249921481632889e-1,-6.635890773164931e-2,2.5778014973e1,3.512e-1
3975.000000,2.9094185069e-1,3.5950394133e-1,9.6837489858e-2,4.6157829333e-2,4.5654318703e-1,6.249921491206120e-1,-6.635890988691254e-2,6.1553757206e1,3.919e-1
3976.000000,4.7704407993e-1,7.8657228822e-3,1.6786596138e-1,3.1891427119e-1,2.7829426939e-1,6.249921523849389e-1,-6.635891011734879e-2,4.7424104337e1,5.895e-1
3977.000000,3.5049512840e-1,1.6347565418e-1,1.8706656093e-1,1.5246606038e-1,3.9648089479e-1,6.249921493372265e-1,-6.635890780555061e-2,5.7627199825e1,5.185e-1
3978.000000,1.6328926026e-1,7.3378996668e-1,1.3850249601e-1,1.7702722761e-1,3.7375345593e-2,6.249921480775158e-1,-6.635890922807987e-2,1.3106160051e1,8.562e-1
3979.000000,3.3132103770e-1,1.2048272929e-1,1.8795537188e-1,3.5591499634e-1,2.5431016616e-1,6.249921506848262e-1,-6.635891020618301e-2,4.5851250104e1,5.283e-1
3980.000000,4.6799679419e-1,2.2273423777e-2,1.1207573591e-1,4.0443877507e-1,2.4319956593e-1,6.249921474370912e-1,-6.635890945811201e-2,4.5246736373e1,6.492e-1
3981.000000,3.6936133586e-1,9.9892113167e-2,2.3043240631e-1,4.2615175336e-1,1.2414668693e-1,6.249921478065479e-1,-6.635891198573883e-2,3.1755556179e1,5.934e-1
3982.000000,1.5891394871e-1,7.3301387926e-1,1.7334625604e-1,1.8027274588e-1,4.4374602781e-3,6.249921450797601e-1,-6.635890517230329e-2,9.2689775648e0,3.495e-1
3983.000000,2.7390671192e-1,2.0801645103e-1,2.2014078076e-1,1.6296668698e-1,3.8495366107e-1,6.249921458838298e-1,-6.635890358512267e-2,5.6803115105e1,6.139e-1
3984.000000,4.3493593687e-1,5.6798841818e-4,4.6102078422e-1,1.3384787471e-1,2.1961170464e-1,6.249921444288098e-1,-6.635890219283569e-2,3.6300200404e1,4.490e-1
3985.000000,2.9995795427e-1,1.4629132724e-1,5.6427416717e-2,2.6154540588e-1,4.8576219191e-1,6.249921480063703e-1,-6.635889957528672e-2,7.1440994518e1,6.253e-1
3986.000000,1.9082607723e-1,4.9868742317e-1,2.4879160236e-1,6.5529343535e-2,2.4614984239e-1,6.249921443430120e-1,-6.635890067913357e-2,3.6687239522e1,7.033e-1
3987.000000,4.8631111655e-1,1.8198440929e-1,3.9824360934e-1,1.3232790174e-1,5.1117250478e-2,6.249921437030956e-1,-6.635890110938775e-2,1.4570574169e1,4.103e-1
3988.000000,6.3574330253e-1,3.1093717214e-2,2.4157362308e-2,4.9282080295e-1,6.6169106828e-2,6.249921459186170e-1,-6.635890654221685e-2,2.4813229353e1,3.751e-1
3989.000000,2.6933365548e-1,4.4292907708e-1,6.5319839111e-2,2.2508818104e-1,2.4731353345e-1,6.249921430813515e-1,-6.635889761356512e-2,4.0402037770e1,4.289e-1
3990.000000,1.3099180887e-1,2.9601295876e-1,4.3700252297e-1,1.2461397015e-1,2.6136302079e-1,6.249921407714246e-1,-6.635889651470030e-2,4.1595655712e1,5.433e-1
3991.000000,3.0856210185e-1,2.9014181391e-1,3.7009351723e-1,1.3906004096e-1,1.4212680643e-1,6.249921401892545e-1,-6.635889551557192e-2,2.6337465350e1,5.837e-1
3992.000000,8.4298159047e-1,7.0508205573e-2,3.9580028933e-2,1.4417143473e-1,1.5274302423e-1,6.249921419694858e-1,-6.635889690161738e-2,2.5043740451e1,8.681e-1
3993.000000,6.1829764492e-1,2.8854737333e-1,2.0405861944e-1,2.2091583918e-2,1.1698906133e-1,6.249921414687364e-1,-6.635889693497592e-2,1.8200243060e1,7.449e-1
3994.000000,2.7561632763e-1,1.5814427529e-1,4.5128696122e-1,3.4750981343e-1,1.7426907131e-2,6.249921423542435e-1,-6.635890079496080e-2,1.7415350547e1,5.697e-1
3995.000000,1.4650540623e-1,2.8746509294e-1,2.3370453004e-1,5.4498518509e-1,3.7324067671e-2,6.249921409871098e-1,-6.635890523202401e-2,2.4734825714e1,5.305e-1
3996.000000,5.5424975560e-2,5.7455459325e-1,1.2924216804e-1,3.2589073517e-1,1.6487180363e-1,6.249921378294137e-1,-6.635889179947241e-2,3.3742853409e1,7.564e-1
3997.000000,8.7528935736e-2,1.4714990422e-1,8.5453290063e-1,2.4684026465e-2,1.3608849914e-1,6.249921330960813e-1,-6.635889276522403e-2,2.5383544219e1,6.235e-1
3998.000000,2.1190054386e-1,1.7477146768e-1,1.5983921853e-2,8.4156090104e-1,5.7674642526e-3,6.249921493434762e-1,-6.635889515587340e-2,2.8251548840e1,2.308e-1
3999.000000,3.2332316282e-1,2.3587404404e-2,7.1461123719e-1,1.1630199447e-1,7.2160465486e-2,6.249921321835362e-1,-6.635889089860945e-2,1.8883929693e1,5.438e-1
4000.000000,2.9875943929e-1,2.7103390980e-1,2.2861246201e-1,3.7812078314e-1,7.3457678289e-2,6.249921362647965e-1,-6.635888881633505e-2,2.4022795117e1,5.148e-1
