t,p0,p1,p2,p3,p4,E,H,Omega,max_abs_im
0,1.0000000000e0,2.5000000000e-1,0.0000000000e0,0.0000000000e0,0.0000000000e0,6.250000000000000e-1,3.000000000000000e-2,1.0000000000e0,0
0.094697,9.0194094785e-1,3.4488261062e-1,3.1763046178e-3,1.3692038220e-7,1.9363974393e-16,6.250000000030078e-1,3.000000000053925e-2,1.1661505136e0,4.261e-3
0.189394,8.0144567532e-1,4.3162688868e-1,1.6913480297e-2,1.3955716994e-5,7.3357420283e-12,6.250000000076693e-1,3.000000000134838e-2,1.3997310413e0,9.151e-3
0.284091,7.0417242985e-1,4.9811745698e-1,4.7475873060e-2,2.3423575079e-4,4.3853237261e-9,6.250000000127220e-1,3.000000000266522e-2,1.7356242187e0,1.407e-2
0.378788,6.1432934393e-1,5.3564541409e-1,9.8243295555e-2,1.7815056594e-3,4.4079420332e-7,6.250000000168119e-1,3.000000000461883e-2,2.2214664673e0,2.588e-2
0.473485,5.3444005801e-1,5.4160342424e-1,1.6556438751e-1,8.3766378227e-3,1.5492468935e-5,6.250000000209917e-1,3.000000000756071e-2,2.9449774239e0,4.073e-2
0.568182,4.6544095757e-1,5.2028728428e-1,2.3629216942e-1,2.7718526443e-2,2.6106234230e-4,6.250000000273747e-1,3.000000001355707e-2,4.0840412287e0,5.707e-2
0.662879,4.0702115380e-1,4.8098690630e-1,2.9122660073e-1,6.8303032565e-2,2.4623066680e-3,6.250000000330668e-1,3.000000002551775e-2,5.9961694910e0,1.018e-1
0.757576,3.5807700352e-1,4.3416184258e-1,3.1586346333e-1,1.2786305014e-1,1.4034640515e-2,6.250000000463825e-1,3.000000003599348e-2,9.4623214839e0,1.511e-1
0.852273,3.1715710458e-1,3.8785877260e-1,3.1030069436e-1,1.8437446776e-1,5.0308960890e-2,6.250000000931616e-1,3.000000001766960e-2,1.5756231615e1,2.223e-1
0.946970,2.8280304269e-1,3.4630540832e-1,2.8600165040e-1,2.1734752598e-1,1.1754237281e-1,6.250000001005753e-1,2.999999998801778e-2,2.5122570092e1,3.428e-1
1.041667,2.5373737673e-1,3.1082511091e-1,2.5298774681e-1,2.4549774463e-1,1.8695202083e-1,6.249999999496807e-1,3.000000007618184e-2,3.4558207378e1,4.293e-1
1.136364,2.2891248448e-1,2.8151278801e-1,2.1557625646e-1,3.1638938771e-1,2.0760908279e-1,6.249999997323341e-1,3.000000026482048e-2,3.9100514874e1,4.507e-1
1.231061,2.0748513259e-1,2.5815467563e-1,1.8103891626e-1,4.3821908052e-1,1.6510219454e-1,6.249999997703584e-1,3.000000007149024e-2,3.7224454726e1,4.063e-1
1.325758,1.8878386721e-1,2.4024163073e-1,1.6622729517e-1,5.1266863488e-1,1.4207857196e-1,6.249999999732934e-1,2.999999964550328e-2,3.6496147083e1,3.335e-1
1.420455,1.7229441255e-1,2.2701620561e-1,1.8923641623e-1,4.4986660773e-1,2.1158635727e-1,6.249999996888240e-1,3.000000003076432e-2,4.3532856125e1,2.930e-1
1.515152,1.5764498408e-1,2.1827811198e-1,2.5695880491e-1,3.3267280886e-1,2.8444528929e-1,6.249999995623224e-1,3.000000009259972e-2,4.9625576068e1,4.002e-1
1.609848,1.4457533498e-1,2.1536073152e-1,3.6614203527e-1,2.4680616113e-1,2.7711573664e-1,6.249999997699203e-1,2.999999976498036e-2,4.6800756858e1,5.110e-1
1.704545,1.3290271732e-1,2.2175606115e-1,5.0472531869e-1,1.7309283695e-1,2.1752306546e-1,6.249999997878516e-1,2.999999957684280e-2,3.7929689192e1,6.176e-1
1.799242,1.2249951816e-1,2.4340537572e-1,6.3391272818e-1,8.1655412228e-2,1.6852696488e-1,6.249999995881199e-1,2.999999944839083e-2,2.9803787033e1,7.029e-1
1.893939,1.1329232175e-1,2.8714736894e-1,6.7806738982e-1,1.4153257805e-2,1.5733966078e-1,6.249999995434546e-1,2.999999954193854e-2,2.6647860847e1,7.346e-1
1.988636,1.0529461694e-1,3.5519021965e-1,5.8009687874e-1,4.8573305372e-2,1.6084497862e-1,6.249999996593266e-1,3.000000040922735e-2,2.7546305813e1,6.813e-1
2.083333,9.8657346431e-2,4.3795007989e-1,3.8551462778e-1,1.9142120362e-1,1.3645674224e-1,6.249999999815518e-1,3.000000249353398e-2,2.7601287378e1,5.420e-1
2.178030,9.3679501777e-2,5.1505193180e-1,2.1738927867e-1,3.0552263326e-1,1.1835665532e-1,6.250000004120313e-1,3.000000429682467e-2,2.7742433989e1,4.796e-1
2.272727,9.0743841277e-2,5.6964207281e-1,1.4820308808e-1,2.5759332695e-1,1.8381767113e-1,6.250000001244735e-1,3.000000197386146e-2,3.4141929139e1,5.284e-1
2.367424,9.0218815380e-2,5.9995971838e-1,1.5187480823e-1,1.3441394817e-1,2.7353270945e-1,6.249999998049987e-1,2.999999910038720e-2,4.1773460461e1,5.687e-1
2.462121,9.2390970484e-2,6.1400146641e-1,1.7001479495e-1,6.0668244864e-2,3.1292452297e-1,6.249999998395166e-1,2.999999812753057e-2,4.4630039554e1,6.044e-1
2.556818,9.7447858286e-2,6.1873954017e-1,1.6788675719e-1,6.4837463993e-2,3.0108837992e-1,6.249999997794484e-1,2.999999796138304e-2,4.3243408545e1,6.356e-1
2.651515,1.0548185571e-1,6.1544365511e-1,1.3899560888e-1,1.5737806066e-1,2.3270081869e-1,6.249999995262636e-1,2.999999862334963e-2,3.7217395842e1,6.590e-1
2.746212,1.1646920152e-1,5.9896098641e-1,1.0211375165e-1,3.2923560164e-1,1.0322045786e-1,6.249999995399270e-1,3.000000155578306e-2,2.5820824445e1,6.694e-1
2.840909,1.3020114554e-1,5.5959645895e-1,1.0430260833e-1,4.1986525463e-1,3.6034531947e-2,6.249999996963376e-1,3.000000367436547e-2,2.0066822595e1,6.605e-1
2.935606,1.4620688844e-1,4.9203413374e-1,1.8775166227e-1,2.8308690774e-1,1.4092040570e-1,6.249999989464373e-1,3.000000035251556e-2,2.9655777987e1,6.298e-1
3.030303,1.6377475718e-1,4.0539332639e-1,3.2969506571e-1,9.3721416776e-2,2.5741543070e-1,6.249999983803016e-1,2.999999765123762e-2,3.9478495024e1,5.822e-1
3.125000,1.8212076855e-1,3.1825488885e-1,4.5297192436e-1,7.3145991008e-3,2.8933781568e-1,6.249999982697232e-1,2.999999672379439e-2,4.1620653135e1,6.632e-1
3.219697,2.0058531327e-1,2.4454934775e-1,5.0439278371e-1,9.3381072518e-3,2.9113444461e-1,6.249999982948649e-1,2.999999651256573e-2,4.2188561964e1,6.957e-1
3.314394,2.1872308846e-1,1.8856685880e-1,4.8175595797e-1,5.3273022186e-2,3.0768106879e-1,6.249999981026606e-1,2.999999647767762e-2,4.5428456441e1,6.764e-1
3.409091,2.3630126769e-1,1.4890338875e-1,4.0002070818e-1,1.6598484581e-1,2.9878978463e-1,6.249999975315841e-1,2.999999714907757e-2,4.7172730576e1,6.165e-1
3.503788,2.5327564773e-1,1.2229377681e-1,2.8150682162e-1,4.2234945870e-1,1.7057428978e-1,6.249999973164464e-1,2.999999895313932e-2,3.7971971720e1,5.224e-1
3.598485,2.6974190409e-1,1.0479271185e-1,1.7358761855e-1,6.5561639986e-1,4.6261363378e-2,6.249999988635536e-1,2.999999877149232e-2,2.8634336632e1,5.583e-1
3.693182,2.8584182630e-1,9.2642622714e-2,1.1464779191e-1,5.2834715849e-1,2.2852059778e-1,6.249999986001475e-1,2.999999781503042e-2,4.7403134082e1,5.111e-1
3.787879,3.0167851964e-1,8.3338006552e-2,9.8296384345e-2,3.1201082059e-1,4.5467626548e-1,6.249999983004995e-1,2.999999677803092e-2,6.9286794588e1,4.546e-1
3.882576,3.1729899983e-1,7.5717454865e-2,1.0953879827e-1,2.9266674924e-1,4.5477799472e-1,6.249999984638720e-1,2.999999648539099e-2,6.8763314096e1,5.174e-1
3.977273,3.3273316355e-1,6.9572023522e-2,1.5173974370e-1,4.5647138570e-1,2.3948368074e-1,6.249999986073707e-1,2.999999689653773e-2,4.6780424055e1,6.711e-1
4.071970,3.4806509785e-1,6.5328001736e-2,2.4525260491e-1,5.5775255326e-1,3.3601738375e-2,6.249999980623409e-1,2.999999701435502e-2,2.4415813608e1,7.430e-1
4.166667,3.6350608882e-1,6.3501619973e-2,3.9514222196e-1,3.5806419161e-1,6.9785869957e-2,6.249999961633959e-1,2.999999634064523e-2,2.3860539546e1,5.943e-1
4.261364,3.7938786904e-1,6.3909837981e-2,5.4486796637e-1,1.1480745690e-1,1.4702686122e-1,6.249999957564237e-1,2.999999483826938e-2,2.7169734198e1,4.843e-1
4.356061,3.9603624664e-1,6.5504709255e-2,6.2060656021e-1,1.4674583075e-2,1.5317789236e-1,6.249999957697332e-1,2.999999389275925e-2,2.5370236904e1,5.091e-1
4.450758,4.1362316712e-1,6.6782173019e-2,5.9828757175e-1,1.7565547591e-2,1.5374153205e-1,6.249999957675157e-1,2.999999386929431e-2,2.5367690129e1,4.969e-1
4.545455,4.3207015745e-1,6.6048160897e-2,4.9456032620e-1,9.8466139056e-2,1.5885520783e-1,6.249999957194330e-1,2.999999445969196e-2,2.7788997062e1,4.520e-1
4.640152,4.5098363026e-1,6.1728338320e-2,3.4766027738e-1,2.7869802907e-1,1.1092971649e-1,6.249999957615880e-1,2.999999523108352e-2,2.6247571352e1,5.202e-1
4.734848,4.6963076984e-1,5.3177947150e-2,2.1226017336e-1,4.7322096172e-1,4.1710140912e-2,6.249999964921116e-1,2.999999508148748e-2,2.2521221478e1,6.798e-1
4.829545,4.8703015213e-1,4.1429923382e-2,1.2781370565e-1,4.6835238817e-1,1.2537382448e-1,6.249999969046470e-1,2.999999478351261e-2,3.2384010523e1,6.770e-1
4.924242,5.0214830304e-1,2.8697713783e-2,9.3156088158e-2,3.2290208152e-1,3.0309580676e-1,6.249999966281344e-1,2.999999456978598e-2,5.0182848158e1,5.675e-1
5.018939,5.1405486925e-1,1.7211166151e-2,9.1911798918e-2,2.5486082145e-1,3.7196133750e-1,6.249999966303326e-1,2.999999433846300e-2,5.6793341644e1,5.794e-1
5.113636,5.2197196962e-1,8.7229478205e-3,1.1830534484e-1,3.2116883859e-1,2.7983089252e-1,6.249999966929530e-1,2.999999432798187e-2,4.7320631717e1,5.221e-1
5.208333,5.2527039120e-1,4.6169574069e-3,1.8173336754e-1,4.3408978266e-1,1.0428949466e-1,6.249999967320704e-1,2.999999431008692e-2,2.8965664412e1,5.820e-1
5.303030,5.2343907900e-1,6.2804134837e-3,2.9635698863e-1,3.9658421780e-1,2.7339292882e-2,6.249999958958001e-1,2.999999426303637e-2,1.8835260734e1,5.591e-1
5.397727,5.1604083511e-1,1.5660825959e-2,4.4626810888e-1,2.0432722881e-1,6.7702991529e-2,6.249999951446329e-1,2.999999395107942e-2,1.9063941178e1,4.633e-1
5.492424,5.0271515077e-1,3.5682368354e-2,5.6887365914e-1,4.9545238437e-2,9.3183573314e-2,6.249999950079974e-1,2.999999321659949e-2,1.8386656599e1,4.546e-1
5.587121,4.8328816945e-1,7.0018060795e-2,6.0243592840e-1,1.4824673932e-3,9.2775363886e-2,6.249999949587833e-1,2.999999290248517e-2,1.7123853167e1,4.423e-1
5.681818,4.5798151390e-1,1.2166579528e-1,5.2993356061e-1,4.6188851677e-2,9.4230268457e-2,6.249999949591836e-1,2.999999317911777e-2,1.8251308449e1,4.259e-1
5.776515,4.2764896712e-1,1.9008388000e-1,3.8348476992e-1,1.7254043287e-1,7.6241940145e-2,6.249999950267056e-1,2.999999363684658e-2,1.8942132593e1,4.292e-1
5.871212,3.9388129831e-1,2.6870054607e-1,2.2712626763e-1,3.2343687490e-1,3.6855003747e-2,6.249999953269599e-1,2.999999360353290e-2,1.7618772359e1,5.294e-1
5.965909,3.5879900255e-1,3.4643997486e-1,1.1530675975e-1,3.6848674164e-1,6.0967512452e-2,6.249999956246433e-1,2.999999337409964e-2,2.1390150855e1,5.777e-1
6.060606,3.2458674339e-1,4.1285743620e-1,6.0528268388e-2,2.8671808295e-1,1.6530946012e-1,6.249999955242589e-1,2.999999333868167e-2,3.1806823941e1,6.288e-1
6.155303,2.9308093991e-1,4.6144983516e-1,4.9248054449e-2,2.0380677827e-1,2.4241438301e-1,6.249999954017192e-1,2.999999328757751e-2,3.9014282506e1,6.619e-1
6.250000,2.6559354667e-1,4.9008511867e-1,6.5841566775e-2,2.0066293185e-1,2.2781682657e-1,6.249999952673299e-1,2.999999325176859e-2,3.7221467165e1,6.776e-1
6.344697,2.4291076097e-1,5.0097456251e-1,9.6992174612e-2,2.8136472616e-1,1.2775776610e-1,6.249999951836056e-1,2.999999328727314e-2,2.7256007201e1,6.785e-1
6.439394,2.2538871476e-1,4.9988390127e-1,1.3205073170e-1,3.7303094844e-1,1.9645694381e-2,6.249999952746678e-1,2.999999329246851e-2,1.6620507245e1,6.685e-1
6.534091,2.1311205328e-1,4.9349567035e-1,1.6408786886e-1,3.5540386207e-1,2.3900535943e-2,6.249999952526385e-1,2.999999310569409e-2,1.6838442505e1,6.516e-1
6.628788,2.0605056849e-1,4.8618372313e-1,1.8373021506e-1,2.5309708680e-1,1.2093839669e-1,6.249999950903740e-1,2.999999303460372e-2,2.6124456005e1,6.305e-1
6.723485,2.0412461176e-1,4.7868861273e-1,1.7856500554e-1,2.0458065415e-1,1.8404110583e-1,6.249999950016796e-1,2.999999311754031e-2,3.2591802055e1,6.067e-1
6.818182,2.0716948958e-1,4.6873508569e-1,1.4657174601e-1,2.7684316307e-1,1.5068050562e-1,6.249999949952695e-1,2.999999316637170e-2,3.0359714823e1,5.810e-1
6.912879,2.1486633594e-1,4.5209250856e-1,1.0390854078e-1,4.2074143438e-1,5.8391170544e-2,6.249999951007776e-1,2.999999291087944e-2,2.2780682241e1,5.538e-1
7.007576,2.2668990907e-1,4.2381988040e-1,7.7565862190e-2,4.6201635450e-1,5.9907983943e-2,6.249999950486380e-1,2.999999282921166e-2,2.4034256901e1,5.242e-1
7.102273,2.4188027775e-1,3.8057419400e-1,8.9474649345e-2,3.4240579288e-1,1.9566507533e-1,6.249999946507346e-1,2.999999286461488e-2,3.7600000736e1,4.899e-1
7.196970,2.5943606938e-1,3.2349833876e-1,1.4695881878e-1,2.1667824724e-1,3.0342851514e-1,6.249999946499263e-1,2.999999252728339e-2,4.7724939112e1,4.496e-1
7.291667,2.7816008148e-1,2.5842165417e-1,2.4682556948e-1,1.6343661403e-1,3.0315607067e-1,6.249999949149481e-1,2.999999220349781e-2,4.6664476600e1,4.444e-1
7.386364,2.9676693727e-1,1.9295373141e-1,3.8535718637e-1,1.4464830721e-1,2.3027382796e-1,6.249999951080285e-1,2.999999201618318e-2,3.7720944232e1,5.721e-1
7.481061,3.1400959810e-1,1.3396520002e-1,5.5093746595e-1,9.5879188355e-2,1.5520853751e-1,6.249999949664415e-1,2.999999180377402e-2,2.7767261756e1,6.927e-1
7.575758,3.2881002933e-1,8.6659773631e-2,6.9228592997e-1,1.8800034268e-2,1.2344422239e-1,6.249999947928996e-1,2.999999169794128e-2,2.2278473564e1,7.838e-1
7.670455,3.4040882243e-1,5.3771459721e-2,7.1805920431e-1,1.7428299521e-2,1.2033220387e-1,6.249999949257424e-1,2.999999228412264e-2,2.1982448645e1,8.056e-1
7.765152,3.4848059890e-1,3.4795579484e-2,5.8785075057e-1,1.9483201707e-1,8.4041044363e-2,6.249999951971187e-1,2.999999422152512e-2,2.1938515688e1,7.320e-1
7.859848,3.5310760895e-1,2.6588546205e-2,3.9325795822e-1,4.3490833596e-1,4.2137543250e-2,6.249999962949953e-1,2.999999818409411e-2,2.2686466849e1,5.910e-1
7.954545,3.5458091739e-1,2.5430595227e-2,2.6074098231e-1,4.0860424228e-1,2.0064325637e-1,6.249999967901070e-1,2.999999564149407e-2,4.1071752076e1,4.561e-1
8.049242,3.5316485508e-1,2.9193197910e-2,2.0799700338e-1,2.0398279695e-1,4.5566213833e-1,6.249999958196655e-1,2.999999063025172e-2,6.6751148059e1,3.705e-1
8.143939,3.4903492922e-1,3.7511877986e-2,1.8239364482e-1,1.0272767979e-1,5.7833185857e-1,6.249999951924663e-1,2.999998938227644e-2,7.9022454029e1,3.181e-1
8.238636,3.4238064683e-1,5.0283935016e-2,1.4585644071e-1,2.0419936248e-1,5.0727960361e-1,6.249999943191653e-1,2.999998996689851e-2,7.2904778580e1,5.113e-1
8.333333,3.3348950470e-1,6.6629274149e-2,9.9775837055e-2,5.5164196320e-1,1.9846340906e-1,6.249999940826273e-1,2.999999615767021e-2,4.4154069180e1,6.067e-1
8.428030,3.2270584649e-1,8.5479058692e-2,7.4398938707e-2,7.5711688966e-1,1.0299255724e-2,6.249999946398015e-1,3.000000153166861e-2,2.6473547752e1,6.523e-1
8.522727,3.1030799247e-1,1.0725345981e-1,8.0323460917e-2,4.3332976774e-1,3.1878530290e-1,6.249999919192670e-1,2.999998862841874e-2,5.5683319942e1,5.554e-1
8.617424,2.9649350008e-1,1.3340053517e-1,9.1393614282e-2,1.5470826865e-1,5.7400406661e-1,6.249999923977924e-1,2.999998426472661e-2,7.9569381858e1,6.378e-1
8.712121,2.8150472913e-1,1.6426055429e-1,9.0485897707e-2,1.1455317564e-1,5.9919562932e-1,6.249999930427478e-1,2.999998417721372e-2,8.1555902828e1,4.489e-1
8.806818,2.6568197124e-1,1.9894365034e-1,8.5141973625e-2,2.6634760701e-1,4.3388478354e-1,6.249999928807994e-1,2.999998545717626e-2,6.5272239793e1,5.160e-1
8.901515,2.4938041199e-1,2.3727417862e-1,9.4162198905e-2,5.4412955269e-1,1.2505364366e-1,6.249999929376402e-1,2.999999143019710e-2,3.4771548229e1,7.362e-1
8.996212,2.3285421037e-1,2.8219780130e-1,1.2707130637e-1,5.8672226906e-1,2.1154396366e-2,6.249999917343509e-1,2.999999183503251e-2,2.3180268504e1,7.460e-1
9.090909,2.1626476966e-1,3.3871697416e-1,1.6059193297e-1,3.0810184597e-1,2.2632445769e-1,6.249999902249554e-1,2.999998325401675e-2,4.0899091452e1,5.105e-1
9.185606,1.9986776816e-1,4.0806232442e-1,1.5970082318e-1,9.8879829634e-2,3.8348923582e-1,6.249999906092600e-1,2.999998076196358e-2,5.4444441851e1,5.800e-1
9.280303,1.8415686880e-1,4.8461759924e-1,1.2251308768e-1,2.4327355798e-2,4.3438507069e-1,6.249999911041899e-1,2.999998093393358e-2,5.8421182768e1,6.548e-1
9.375000,1.6979978405e-1,5.5804098104e-1,7.1161594605e-2,6.0367570655e-3,4.4496086585e-1,6.249999913016864e-1,2.999998118222073e-2,5.8918441665e1,5.542e-1
9.469697,1.5747060106e-1,6.1660779300e-1,2.7084970283e-2,3.1872722942e-3,4.4564934601e-1,6.249999913227200e-1,2.999998124312826e-2,5.8673739651e1,3.201e-1
9.564394,1.4770158761e-1,6.5013319065e-1,3.8392007872e-3,5.7431837461e-3,4.4258281975e-1,6.249999912770899e-1,2.999998121400202e-2,5.8239213590e1,2.547e-1
9.659091,1.4079364766e-1,6.5230625917e-1,8.5129765438e-3,1.5516120754e-2,4.3287097831e-1,6.249999912193860e-1,2.999998118478520e-2,5.7347114243e1,2.953e-1
9.753788,1.3678404647e-1,6.2181994302e-1,4.5277333639e-2,3.7997797640e-2,4.0812086164e-1,6.249999912039512e-1,2.999998126531785e-2,5.5129650393e1,5.214e-1
9.848485,1.3545227643e-1,5.6207366543e-1,1.2012606494e-1,7.4060235971e-2,3.5828773979e-1,6.249999912825043e-1,2.999998156057741e-2,5.0383640233e1,5.948e-1
9.943182,1.3633467577e-1,4.8058205172e-1,2.4169931683e-1,1.0853700010e-1,2.8284693835e-1,6.249999913836948e-1,2.999998193632922e-2,4.2640518088e1,4.877e-1
10.037879,1.3873912071e-1,3.8907067784e-1,4.0924818325e-1,1.1164284637e-1,2.0129915437e-1,6.249999912731191e-1,2.999998186801235e-2,3.3460359226e1,3.258e-1
10.132576,1.4180230273e-1,3.0282002642e-1,5.8800463162e-1,7.5381553280e-2,1.4199146788e-1,6.249999909668256e-1,2.999998126137472e-2,2.5967695851e1,3.385e-1
10.227273,1.4464701080e-1,2.3672916939e-1,7.0227825334e-1,4.4772487479e-2,1.2157306053e-1,6.249999907739501e-1,2.999998081887145e-2,2.3158079219e1,3.492e-1
10.321970,1.4661311367e-1,1.9932019080e-1,6.8647191484e-1,7.3909202426e-2,1.4368555979e-1,6.249999907631435e-1,2.999998111239865e-2,2.6720568388e1,3.576e-1
10.416667,1.4742996637e-1,1.8955746070e-1,5.5538670991e-1,1.5228846065e-1,2.0533738437e-1,6.249999909946481e-1,2.999998237920631e-2,3.6052339523e1,4.323e-1
10.511364,1.4720959318e-1,1.9892714257e-1,3.9467183378e-1,2.0223558231e-1,3.0695583079e-1,6.249999913113525e-1,2.999998343880290e-2,4.9390718726e1,5.167e-1
10.606061,1.4626779043e-1,2.1727593719e-1,2.7882750787e-1,1.7419722172e-1,4.3343152509e-1,6.249999911471198e-1,2.999998256870592e-2,6.3791852139e1,4.297e-1
10.700758,1.4491347348e-1,2.3840510759e-1,2.2351202526e-1,1.0221218563e-1,5.4095718939e-1,6.249999906760143e-1,2.999998102034043e-2,7.4850673336e1,4.674e-1
10.795455,1.4335566501e-1,2.6130835276e-1,2.0266126029e-1,3.9200151946e-2,6.0347455067e-1,6.249999903393764e-1,2.999998013009775e-2,8.0714731969e1,5.012e-1
10.890152,1.4174530145e-1,2.8716551856e-1,1.8408512867e-1,9.7406446218e-3,6.2726338714e-1,6.249999902262944e-1,2.999997983984409e-2,8.2719298900e1,6.902e-1
10.984848,1.4025559542e-1,3.1561916296e-1,1.5316010761e-1,2.0336923117e-2,6.2062819144e-1,6.249999902732695e-1,2.999997986682768e-2,8.2017837029e1,7.873e-1
11.079545,1.3910629397e-1,3.4336918016e-1,1.1850137418e-1,7.9228485625e-2,5.6979464679e-1,6.249999903628487e-1,2.999998009494734e-2,7.7173328830e1,6.762e-1
11.174242,1.3850483686e-1,3.6617281470e-1,1.0255099124e-1,2.0607440050e-1,4.3669693741e-1,6.249999903566070e-1,2.999998116032855e-2,6.4113594783e1,6.014e-1
11.268939,1.3855003901e-1,3.8339490028e-1,1.2403080756e-1,3.8957349310e-1,2.1445074051e-1,6.249999902291334e-1,2.999998516580621e-2,4.1744357844e1,6.088e-1
11.363636,1.3919512547e-1,4.0180787751e-1,1.7942855004e-1,4.7667691410e-1,5.2891511609e-2,6.249999893723698e-1,2.999998759396647e-2,2.4332416455e1,6.116e-1
11.458333,1.4036352058e-1,4.3312988858e-1,2.3313744566e-1,3.5112361905e-1,9.2245502298e-2,6.249999880798481e-1,2.999998179695299e-2,2.5844921206e1,6.169e-1
11.553030,1.4218251439e-1,4.8440730901e-1,2.3788421024e-1,1.9391513496e-1,1.9161080695e-1,6.249999877698654e-1,2.999997758722117e-2,3.3674447165e1,6.295e-1
11.647727,1.4513021771e-1,5.5054123753e-1,1.8163151847e-1,1.4036216799e-1,2.3233483395e-1,6.249999878291795e-1,2.999997713221339e-2,3.6857147853e1,6.483e-1
11.742424,1.4995673944e-1,6.1527857983e-1,9.6896804041e-2,1.7851645261e-1,2.0935139979e-1,6.249999878594987e-1,2.999997797576733e-2,3.4590215618e1,6.664e-1
11.837121,1.5743490906e-1,6.5837765624e-1,2.9568290871e-2,2.5697860536e-1,1.4764051419e-1,6.249999878607264e-1,2.999997924049674e-2,2.8753320282e1,6.751e-1
11.931818,1.6806668416e-1,6.6590316886e-1,7.1425400209e-3,3.0541797866e-1,1.0346960375e-1,6.249999877277630e-1,2.999997978243657e-2,2.4490464597e1,6.670e-1
12.026515,1.8189614060e-1,6.3766609882e-1,2.5503841277e-2,2.8199436982e-1,1.2293952427e-1,6.249999873911350e-1,2.999997862552604e-2,2.6330389939e1,6.395e-1
12.121212,1.9854752196e-1,5.8505984315e-1,6.0184707852e-2,2.2486629904e-1,1.8134160220e-1,6.249999870974828e-1,2.999997709363316e-2,3.2158317761e1,5.956e-1
12.215909,2.1744012450e-1,5.2190870317e-1,8.7726543206e-2,1.9309682395e-1,2.2982777902e-1,6.249999869221217e-1,2.999997652571379e-2,3.7451403895e1,5.413e-1
12.310606,2.3799647680e-1,4.5698282108e-1,1.0120710696e-1,2.0534335359e-1,2.4847021513e-1,6.249999867812371e-1,2.999997699619376e-2,4.0217795588e1,4.962e-1
12.405303,2.5969891848e-1,3.9220104717e-1,1.1585863506e-1,2.3746556825e-1,2.4477580438e-1,6.249999866709204e-1,2.999997803673524e-2,4.0771321778e1,4.324e-1
12.500000,2.8196673095e-1,3.2577841988e-1,1.6145312588e-1,2.3805504903e-1,2.4274664724e-1,6.249999864859865e-1,2.999997832978589e-2,4.0773497628e1,3.919e-1
12.594697,3.0396000022e-1,2.5790187606e-1,2.5732269582e-1,1.7826034767e-1,2.5255505242e-1,6.249999860953277e-1,2.999997709193324e-2,4.0757743154e1,5.055e-1
12.689394,3.2453464597e-1,1.9413702208e-1,3.8525205227e-1,9.1650093911e-2,2.5442615716e-1,6.249999857014551e-1,2.999997557570144e-2,3.9131908907e1,6.200e-1
12.784091,3.4248984010e-1,1.4288403805e-1,4.9305585687e-1,3.3164968214e-2,2.3840526774e-1,6.249999854906080e-1,2.999997469782134e-2,3.5978613105e1,7.002e-1
12.878788,3.5695967067e-1,1.1004761520e-1,5.3395100250e-1,2.6024669150e-2,2.2301701336e-1,6.249999854400858e-1,2.999997437504116e-2,3.4049150208e1,7.244e-1
12.973485,3.6766615520e-1,9.6525980475e-2,5.0133681583e-1,5.4254579252e-2,2.3021644020e-1,6.249999854823338e-1,2.999997439053173e-2,3.5591430447e1,6.939e-1
13.068182,3.7491599337e-1,9.9350397551e-2,4.2448877354e-1,8.4613007115e-2,2.6663179949e-1,6.249999855368904e-1,2.999997453947018e-2,4.0618555543e1,6.269e-1
13.162879,3.7943121316e-1,1.1397512114e-1,3.3873445977e-1,9.7417033309e-2,3.2044214361e-1,6.249999854944779e-1,2.999997462531585e-2,4.7261480975e1,5.445e-1
13.257576,3.8215973612e-1,1.3587091058e-1,2.6534441538e-1,1.0050039291e-1,3.6612451569e-1,6.249999853379118e-1,2.999997461861026e-2,5.2665527593e1,5.651e-1
13.352273,3.8414872606e-1,1.6104430000e-1,2.1240353410e-1,1.1808007001e-1,3.7432334012e-1,6.249999851399182e-1,2.999997462149666e-2,5.3905341011e1,6.118e-1
13.446970,3.8648267204e-1,1.8597116890e-1,1.8435054938e-1,1.7462816619e-1,3.1856741345e-1,6.249999849842551e-1,2.999997474956495e-2,4.8404718308e1,5.371e-1
13.541667,3.9025428066e-1,2.0765934713e-1,1.8882453120e-1,2.7012999655e-1,1.9313181440e-1,6.249999849732691e-1,2.999997499427993e-2,3.5486074217e1,3.678e-1
13.636364,3.9654972040e-1,2.2418165703e-1,2.3605795204e-1,3.3290407692e-1,6.0306563475e-2,6.249999849351171e-1,2.999997497589748e-2,2.0907272377e1,2.896e-1
13.731061,4.0644003724e-1,2.3527689982e-1,3.2610069221e-1,2.6836154257e-1,1.3820797371e-2,6.249999846042208e-1,2.999997475007538e-2,1.3639210782e1,2.889e-1
13.825758,4.2093850246e-1,2.4219557081e-1,4.2962981381e-1,1.2647985769e-1,3.0756224056e-2,6.249999844138693e-1,2.999997460463579e-2,1.2116051029e1,2.767e-1
13.920455,4.4088097866e-1,2.4648212762e-1,4.9560622102e-1,2.5779670293e-2,4.1250971076e-2,6.249999843322639e-1,2.999997436257722e-2,1.0783328260e1,2.558e-1
14.015152,4.6676815938e-1,2.4828931096e-1,4.9057270196e-1,3.4065953891e-3,4.0963200804e-2,6.249999842499047e-1,2.999997417617338e-2,1.0006845073e1,2.304e-1
14.109848,4.9862696543e-1,2.4551490072e-1,4.2125647467e-1,3.9264989090e-2,4.5336638508e-2,6.249999842085052e-1,2.999997411457521e-2,1.1169964461e1,2.040e-1
14.204545,5.3589521445e-1,2.3470503608e-1,3.2179740104e-1,1.0283920968e-1,5.4763107179e-2,6.249999842129805e-1,2.999997409504604e-2,1.3612269317e1,1.811e-1
14.299242,5.7734133573e-1,2.1321701587e-1,2.2837385918e-1,1.6501257242e-1,6.6055185291e-2,6.249999842512629e-1,2.999997407111829e-2,1.6277561608e1,2.145e-1
14.393939,6.2106640600e-1,1.8109121771e-1,1.6302301953e-1,2.0199658371e-1,8.2822741630e-2,6.249999842937887e-1,2.999997406707281e-2,1.9042101402e1,2.456e-1
14.488636,6.6462387030e-1,1.4143824315e-1,1.3182883184e-1,2.0589498691e-1,1.0621403642e-1,6.249999843071532e-1,2.999997409300235e-2,2.1853855319e1,2.857e-1
14.583333,7.0524668192e-1,9.9401922176e-2,1.3136618566e-1,1.8775393552e-1,1.2623124332e-1,6.249999843000171e-1,2.999997411276625e-2,2.3768081753e1,3.331e-1
14.678030,7.4013924925e-1,6.0598237126e-2,1.5542121579e-1,1.6313625434e-1,1.3070501210e-1,6.249999842988135e-1,2.999997410599613e-2,2.3685237512e1,3.866e-1
14.772727,7.6678057686e-1,2.9846389158e-2,1.9831641455e-1,1.3781438831e-1,1.1724219973e-1,6.249999843062187e-1,2.999997408593543e-2,2.1446676375e1,4.447e-1
14.867424,7.8318425358e-1,1.0550666518e-2,2.5460884443e-1,1.0761825238e-1,9.4037951708e-2,6.249999843067614e-1,2.999997406821910e-2,1.7930206110e1,5.042e-1
14.962121,7.8807632001e-1,4.7138216629e-3,3.1590934719e-1,6.8645876264e-2,7.2654603468e-2,6.249999842972915e-1,2.999997405790993e-2,1.4427197865e1,5.588e-1
15.056818,7.8098372662e-1,1.3334248827e-2,3.6743330235e-1,2.7661103991e-2,6.0587586801e-2,6.249999842955146e-1,2.999997406737011e-2,1.1996993218e1,5.981e-1
15.151515,7.6225517684e-1,3.6813603957e-2,3.8944487997e-1,3.3100289110e-3,5.8176278942e-2,6.249999843116658e-1,2.999997412772997e-2,1.1122798466e1,6.092e-1
15.246212,7.3304183002e-1,7.4940623000e-2,3.6692885171e-1,1.7155652263e-2,5.7933011681e-2,6.249999843394196e-1,2.999997426858260e-2,1.1416239342e1,5.824e-1
15.340909,6.9523560121e-1,1.2622391004e-1,3.0220992708e-1,7.8657955429e-2,4.7672574970e-2,6.249999843647845e-1,2.999997450176708e-2,1.1636889207e1,5.171e-1
15.435606,6.5131697605e-1,1.8705538125e-1,2.1752886443e-1,1.6532632047e-1,2.8772426557e-2,6.249999843787327e-1,2.999997482834451e-2,1.1413313020e1,4.244e-1
15.530303,6.0407537689e-1,2.5171550367e-1,1.4071547939e-1,2.1899529336e-1,3.4498315416e-2,6.249999843614500e-1,2.999997504942103e-2,1.3354826292e1,4.188e-1
15.625000,5.5626851467e-1,3.1336607140e-1,8.7471459757e-2,2.0076545209e-1,9.2128470608e-2,6.249999842565195e-1,2.999997479184336e-2,1.9821576783e1,4.374e-1
15.719697,5.1034833330e-1,3.6503351435e-1,5.9864114750e-2,1.3940690303e-1,1.7534710284e-1,6.249999841371997e-1,2.999997431779358e-2,2.8369604174e1,3.730e-1
15.814394,4.6828478640e-1,4.0044996849e-1,5.5752558502e-2,8.1908197787e-2,2.4360445697e-1,6.249999840773075e-1,2.999997402747108e-2,3.5283495619e1,3.129e-1
15.909091,4.3143382830e-1,4.1543395820e-1,7.2637840106e-2,4.7254402358e-2,2.8323993912e-1,6.249999840405634e-1,2.999997389269607e-2,3.9394540634e1,3.655e-1
16.003788,4.0044579727e-1,4.0939000293e-1,1.0509975031e-1,3.8811441131e-2,2.9625297633e-1,6.249999839832323e-1,2.999997378767749e-2,4.1022147994e1,5.234e-1
16.098485,3.7525635692e-1,3.8587851579e-1,1.4199948522e-1,6.8017789858e-2,2.7884781993e-1,6.249999838635616e-1,2.999997371775973e-2,3.9964471319e1,5.093e-1
16.193182,3.5517757974e-1,3.5187625108e-1,1.6734401885e-1,1.6584050483e-1,2.0976161279e-1,6.249999836397048e-1,2.999997422667534e-2,3.4376476034e1,3.382e-1
16.287879,3.3908116248e-1,3.1595473818e-1,1.6868652058e-1,3.4400251091e-1,8.2275034708e-2,6.249999834301021e-1,2.999997686933273e-2,2.3690227014e1,5.660e-1
16.382576,3.2566776472e-1,2.8560981681e-1,1.4994834782e-1,4.6804566075e-1,2.0728376653e-2,6.249999833746842e-1,2.999997958074947e-2,1.9564333654e1,6.841e-1
16.477273,3.1378266491e-1,2.6457370543e-1,1.2693821465e-1,3.7701074389e-1,1.6769463692e-1,6.249999829001688e-1,2.999997614534292e-2,3.5230801791e1,5.891e-1
16.571970,3.0264277969e-1,2.5226068794e-1,1.0862895788e-1,2.0538015432e-1,3.8108738543e-1,6.249999826320604e-1,2.999997249668906e-2,5.6876224702e1,4.561e-1
16.666667,2.9185565630e-1,2.4575333206e-1,9.7233564705e-2,9.5809372678e-2,5.1934803970e-1,6.249999827232564e-1,2.999997173667832e-2,7.0957752017e1,7.061e-1
16.761364,2.8128484877e-1,2.4204470392e-1,9.4283202396e-2,4.4591677518e-2,5.8779553289e-1,6.249999827485049e-1,2.999997174385349e-2,7.8043759342e1,7.297e-1
16.856061,2.7089521665e-1,2.3926359680e-1,9.9747278747e-2,2.0109173284e-2,6.1998469984e-1,6.249999826581387e-1,2.999997170765453e-2,8.1413488156e1,5.423e-1
16.950758,2.6065282588e-1,2.3702092632e-1,1.0992520305e-1,7.5597414294e-3,6.3484126830e-1,6.249999824904219e-1,2.999997155378256e-2,8.2985363959e1,3.148e-1
17.045455,2.5049646647e-1,2.3602116703e-1,1.1761222874e-1,9.6415857937e-3,6.3622851647e-1,6.249999822473274e-1,2.999997131350202e-2,8.3283969250e1,3.240e-1
17.140152,2.4037136684e-1,2.3690086855e-1,1.1688406116e-1,4.7647193187e-2,6.0819647409e-1,6.249999819121816e-1,2.999997109108640e-2,8.0902918775e1,4.967e-1
17.234848,2.3028711015e-1,2.3870719245e-1,1.1312675631e-1,1.6518323272e-1,5.0269567142e-1,6.249999815263820e-1,2.999997171101138e-2,7.1128481379e1,6.617e-1
17.329545,2.2032763338e-1,2.3841912841e-1,1.3348410435e-1,3.8200975331e-1,2.7575934345e-1,6.249999814455454e-1,2.999997666552931e-2,4.9176382975e1,5.075e-1
17.424242,2.1053822342e-1,2.3370127494e-1,2.2090806322e-1,5.0983922743e-1,7.5013172325e-2,6.249999806639053e-1,2.999998182369355e-2,2.8256477503e1,4.332e-1
17.518939,2.0072129757e-1,2.2882575098e-1,3.8254713630e-1,3.3368529364e-1,1.0422047826e-1,6.249999783752946e-1,2.999997402527193e-2,2.7636539855e1,3.499e-1
17.613636,1.9038642930e-1,2.3626149789e-1,5.3310543464e-1,1.1279611336e-1,1.7745048023e-1,6.249999777024757e-1,2.999996818567202e-2,3.1155696784e1,3.966e-1
17.708333,1.7902976079e-1,2.6861865537e-1,5.6827079119e-1,6.2158819531e-2,1.7192192847e-1,6.249999776757588e-1,2.999996722406509e-2,2.9168007590e1,4.639e-1
17.803030,1.6650109688e-1,3.3028995774e-1,4.7506352529e-1,1.6179081672e-1,1.1635455912e-1,6.249999778735432e-1,2.999996808706170e-2,2.4615028369e1,5.421e-1
17.897727,1.5316734644e-1,4.1531721831e-1,3.2336931064e-1,3.1489180961e-1,4.3254271967e-2,6.249999784805776e-1,2.999996898097088e-2,1.9107257314e1,6.230e-1
17.992424,1.3982076693e-1,5.1030413906e-1,1.8950150463e-1,3.6532664480e-1,4.5046902980e-2,6.249999791999923e-1,2.999996874893392e-2,2.0062986914e1,6.974e-1
18.087121,1.2741665192e-1,6.0042015160e-1,9.9281615642e-2,2.7440240318e-1,1.4847913618e-1,6.249999792604368e-1,2.999996808347252e-2,2.9845007887e1,7.587e-1
18.181818,1.1680960265e-1,6.7317027672e-1,4.3058254636e-2,1.7532394406e-1,2.4163788009e-1,6.249999790775267e-1,2.999996761656434e-2,3.8289226254e1,8.031e-1
18.276515,1.0861340986e-1,7.1856655607e-1,1.2192418467e-2,1.5657264890e-1,2.5405492453e-1,6.249999789149598e-1,2.999996748135658e-2,3.9118334269e1,8.282e-1
18.371212,1.0316345066e-1,7.2918496925e-1,7.1602616234e-3,2.3253035270e-1,1.7796092338e-1,6.249999788062348e-1,2.999996769493406e-2,3.1787203236e1,8.323e-1
18.465909,1.0051158404e-1,7.0082926967e-1,3.6681025088e-2,3.5663014146e-1,5.5347937312e-2,6.249999787843827e-1,2.999996827156845e-2,2.0242063035e1,8.145e-1
18.560606,1.0041571471e-1,6.3392889244e-1,1.2027979322e-1,3.8164434424e-1,1.3731212046e-2,6.249999783286547e-1,2.999996863019937e-2,1.6250518146e1,7.748e-1
18.655303,1.0233635246e-1,5.3729482454e-1,2.7148425021e-1,2.4376210789e-1,9.5122419885e-2,6.249999774931380e-1,2.999996792439977e-2,2.3273689025e1,7.162e-1
18.750000,1.0550728193e-1,4.3030977853e-1,4.5347720592e-1,8.5763518203e-2,1.7494216963e-1,6.249999771007011e-1,2.999996654781091e-2,2.9678221140e1,6.463e-1
18.844697,1.0911975781e-1,3.3554262514e-1,5.7590583649e-1,2.7870678658e-2,2.0156105585e-1,6.249999769744713e-1,2.999996572856559e-2,3.2024568686e1,5.765e-1
18.939394,1.1254092220e-1,2.6777936790e-1,5.5612965095e-1,1.4748462825e-1,1.6606538452e-1,6.249999769079044e-1,2.999996716737257e-2,3.1016743727e1,5.571e-1
19.034091,1.1546062153e-1,2.2942239438e-1,4.0376513733e-1,4.6389721208e-1,3.7454589625e-2,6.249999774750210e-1,2.999997407565286e-2,2.3385594457e1,6.811e-1
19.128788,1.1790464619e-1,2.1207977702e-1,2.3909704130e-1,6.0411701812e-1,7.6801476381e-2,6.249999795090252e-1,2.999997612409441e-2,3.1558221764e1,7.623e-1
19.223485,1.2007700641e-1,2.0382256557e-1,1.4778360519e-1,3.5698489032e-1,4.2133188968e-1,6.249999785870761e-1,2.999996602554754e-2,6.7003950845e1,5.674e-1
19.318182,1.2215091552e-1,1.9754457168e-1,1.1252596113e-1,1.4826973613e-1,6.6950877157e-1,6.249999780126664e-1,2.999996256358642e-2,9.1798126607e1,7.384e-1
19.412879,1.2420544168e-1,1.9168570341e-1,9.2907897148e-2,1.5113583187e-1,6.9006507963e-1,6.249999768737036e-1,2.999996210557473e-2,9.4353414118e1,8.288e-1
19.507576,1.2628366228e-1,1.8609073985e-1,6.9195252373e-2,4.4206412626e-1,4.2636616896e-1,6.249999748647738e-1,2.999996606102204e-2,6.9709806998e1,6.237e-1
19.602273,1.2844195048e-1,1.7897485779e-1,5.4573998866e-2,8.6739886861e-1,2.0610277207e-2,6.249999764757553e-1,2.999998029658602e-2,3.1253641960e1,8.360e-1
19.696970,1.3071166219e-1,1.6758547996e-1,7.7794195330e-2,6.4520089723e-1,2.2870771070e-1,6.249999727000375e-1,2.999996661385418e-2,5.0943896035e1,7.524e-1
19.791667,1.3301456370e-1,1.5208500616e-1,1.3019097540e-1,2.2663505913e-1,6.0807433955e-1,6.249999719733874e-1,2.999995575810130e-2,8.6498042453e1,4.342e-1
19.886364,1.3518224345e-1,1.3555440843e-1,1.8042188582e-1,1.1980803745e-1,6.7903337138e-1,6.249999732646317e-1,2.999995497692964e-2,9.2532203760e1,3.162e-1
19.981061,1.3704623042e-1,1.2004773755e-1,2.3319975013e-1,2.4725237169e-1,5.1245385822e-1,6.249999740050158e-1,2.999995673521175e-2,7.5680386338e1,3.989e-1
20.075758,1.3845617983e-1,1.0564319027e-1,3.4391379317e-1,4.6011119157e-1,2.0187559401e-1,6.249999744257621e-1,2.999996246810897e-2,4.3595458980e1,5.281e-1
20.170455,1.3921188961e-1,9.3381507835e-2,5.7331527042e-1,4.0654371748e-1,3.7547557543e-2,6.249999714450284e-1,2.999996084728416e-2,2.2658377449e1,7.066e-1
20.265152,1.3902059800e-1,8.8544390588e-2,8.4467533767e-1,1.1728001872e-1,6.0479593943e-2,6.249999694613304e-1,2.999995483306530e-2,1.8498350405e1,8.588e-1
20.359848,1.3761403377e-1,9.8199722315e-2,9.4189889488e-1,3.9823308418e-3,6.8304956169e-2,6.249999689868110e-1,2.999995271814247e-2,1.6670866597e1,8.963e-1
20.454545,1.3494150861e-1,1.2508220782e-1,7.9515241477e-1,1.0906753980e-1,8.5756266866e-2,6.249999689361284e-1,2.999995237198607e-2,2.1145817921e1,8.113e-1
20.549242,1.3123859659e-1,1.6573104869e-1,5.4916963587e-1,2.2947446791e-1,1.7438619052e-1,6.249999697963087e-1,2.999995261727054e-2,3.4455053843e1,6.642e-1
20.643939,1.2694120872e-1,2.1372881349e-1,3.4313493990e-1,2.4253388617e-1,3.2366109170e-1,6.249999699962494e-1,2.999995265375466e-2,5.2425711846e1,5.142e-1
20.738636,1.2255758879e-1,2.6344500984e-1,2.0641616779e-1,2.3840031120e-1,4.1918086098e-1,6.249999692958147e-1,2.999995281006035e-2,6.3523458320e1,3.796e-1
20.833333,1.1860005180e-1,3.1067540055e-1,1.2345713650e-1,3.4535643809e-1,3.5191091023e-1,6.249999685805733e-1,2.999995336785440e-2,5.7764310447e1,2.542e-1
20.928030,1.1557015616e-1,3.5241853245e-1,8.5333813542e-2,5.5730422340e-1,1.3937321209e-1,6.249999688265304e-1,2.999995338387051e-2,3.7118798948e1,2.504e-1
21.022727,1.1394828176e-1,3.8820199780e-1,8.5387049444e-2,6.0229853363e-1,6.0164075313e-2,6.249999689736770e-1,2.999995269195949e-2,2.8491029248e1,2.523e-1
21.117424,1.1417673581e-1,4.2024666345e-1,1.0253137849e-1,4.0042018081e-1,2.1262497785e-1,6.249999682102819e-1,2.999995274567829e-2,4.1747275673e1,4.040e-1
21.212121,1.1664410580e-1,4.5056627642e-1,1.1099843779e-1,2.6683140976e-1,3.0495970668e-1,6.249999682262488e-1,2.999995234371763e-2,4.9420889675e1,4.993e-1
21.306818,1.2167216749e-1,4.7923935348e-1,1.0098090923e-1,3.2280098406e-1,2.2530652239e-1,6.249999683266442e-1,2.999995211566280e-2,4.0996028420e1,4.503e-1
21.401515,1.2951524680e-1,5.0487491874e-1,7.8152182799e-2,4.7812884927e-1,5.9328739405e-2,6.249999685078772e-1,2.999995206670711e-2,2.4593926744e1,4.083e-1
21.496212,1.4037371110e-1,5.2445748828e-1,5.1256415861e-2,4.9765705572e-1,3.6255265662e-2,6.249999683085857e-1,2.999995197452958e-2,2.2094852947e1,4.250e-1
21.590909,1.5439007756e-1,5.3230159566e-1,2.6597049306e-2,3.4272802541e-1,1.9398318776e-1,6.249999678461885e-1,2.999995150948974e-2,3.7151719471e1,3.770e-1
21.685606,1.7158305328e-1,5.2139815503e-1,1.4425204791e-2,2.2833617406e-1,3.1425734865e-1,6.249999679075996e-1,2.999995118590931e-2,4.8775687672e1,3.750e-1
21.780303,1.9174172755e-1,4.8740625226e-1,2.8279911736e-2,2.4768639407e-1,2.9488565031e-1,6.249999679623823e-1,2.999995113172847e-2,4.6968250512e1,4.607e-1
21.875000,2.1434589197e-1,4.3069321107e-1,8.2597712344e-2,3.6882977672e-1,1.5353334402e-1,6.249999680616607e-1,2.999995113620677e-2,3.3084161956e1,5.891e-1
21.969697,2.3852876372e-1,3.5577115683e-1,1.9910527327e-1,4.2910699642e-1,2.7487745535e-2,6.249999678895568e-1,2.999995102877056e-2,1.9673504196e1,6.389e-1
22.064394,2.6309559361e-1,2.7154780093e-1,3.8883862382e-1,2.8601937014e-1,4.0498545546e-2,6.249999670186723e-1,2.999995115453241e-2,1.8121786064e1,5.232e-1
22.159091,2.8670449082e-1,1.9121599653e-1,5.9666752621e-1,9.6161623182e-2,7.9250296602e-2,6.249999666727521e-1,2.999995072149118e-2,1.8520334355e1,4.187e-1
22.253788,3.0823821400e-1,1.2631962103e-1,7.1983821334e-1,2.0148658759e-2,7.5455226047e-2,6.249999665879922e-1,2.999994983341266e-2,1.6468490070e1,4.607e-1
22.348485,3.2708944604e-1,8.0570690179e-2,7.0555632044e-1,5.4765735641e-2,8.2017740835e-2,6.249999665646662e-1,2.999994957795771e-2,1.8219911034e1,4.637e-1
22.443182,3.4312896182e-1,5.0936410567e-2,5.7948936961e-1,1.6344170284e-1,1.1300348834e-1,6.249999665900647e-1,2.999994999904574e-2,2.4603933258e1,4.258e-1
22.537879,3.5647045301e-1,3.2178602596e-2,4.0599452335e-1,3.3079456507e-1,1.2456178954e-1,6.249999667883850e-1,2.999995028037607e-2,3.0019883763e1,5.156e-1
22.632576,3.6724751489e-1,1.9911436130e-2,2.5111142414e-1,4.8462955137e-1,1.2710000852e-1,6.249999675252351e-1,2.999994966201474e-2,3.4009284758e1,6.599e-1
22.727273,3.7550363068e-1,1.1566104504e-2,1.5222071732e-1,5.1093904734e-1,1.9977043605e-1,6.249999679493368e-1,2.999994979233055e-2,4.3349315092e1,7.018e-1
22.821970,3.8119534173e-1,6.1295413083e-3,1.1002629292e-1,4.5839390146e-1,2.9425485813e-1,6.249999677710143e-1,2.999995057876402e-2,5.3416293784e1,6.770e-1
22.916667,3.8426235124e-1,3.4098029722e-3,1.1439859141e-1,4.5859152519e-1,2.8933766472e-1,6.249999677606055e-1,2.999995049752538e-2,5.2824289402e1,6.585e-1
23.011364,3.8470900901e-1,3.3833554759e-3,1.6586726943e-1,5.0552403267e-1,1.9051626917e-1,6.249999678783552e-1,2.999994964230517e-2,4.2088910870e1,6.483e-1
23.106061,3.8266905980e-1,5.8005848261e-3,2.7527189664e-1,4.6583961841e-1,1.2041877499e-1,6.249999673341988e-1,2.999994957284333e-2,3.2725581861e1,5.812e-1
23.200758,3.7844339689e-1,1.0013493852e-2,4.4110572607e-1,3.0388930397e-1,1.1654801226e-1,6.249999665228486e-1,2.999995007692222e-2,2.8380697791e1,4.275e-1
23.295455,3.7248498134e-1,1.5107899350e-2,6.2372434084e-1,1.3512748590e-1,1.0355522512e-1,6.249999662725606e-1,2.999994967591222e-2,2.2785401380e1,3.614e-1
23.390152,3.6531536303e-1,2.0303126877e-2,7.5350034796e-1,3.1019540387e-2,7.9861554211e-2,6.249999662337524e-1,2.999994925604323e-2,1.7466170950e1,3.856e-1
23.484848,3.5740742913e-1,2.5274866653e-2,7.6128016082e-1,2.6031759801e-2,8.0005716192e-2,6.249999662999656e-1,2.999994972547624e-2,1.7393242721e1,3.747e-1
23.579545,3.4908493988e-1,3.0141746867e-2,6.2486999757e-1,1.8062959405e-1,6.5273654422e-2,6.249999663939795e-1,2.999995101300411e-2,1.9368960720e1,3.782e-1
23.674242,3.4047794379e-1,3.5134252941e-2,4.1699848108e-1,4.4297244950e-1,1.4416807417e-2,6.249999673634591e-1,2.999995126666944e-2,1.9596965060e1,5.708e-1
23.768939,3.3156504440e-1,4.0281119534e-2,2.5049436627e-1,5.0980134292e-1,1.1785806455e-1,6.249999688382634e-1,2.999995053036689e-2,3.3649774927e1,6.026e-1
23.863636,3.2228230862e-1,4.5478982106e-2,1.5771660636e-1,3.6610260233e-1,3.5841943699e-1,6.249999682070876e-1,2.999995031396913e-2,5.9106803179e1,4.564e-1
23.958333,3.1260047478e-1,5.0799333447e-2,1.0568590639e-1,3.4302798245e-1,4.3788623745e-1,6.249999672574363e-1,2.999995075090289e-2,6.8129719988e1,2.835e-1
24.053030,3.0252262042e-1,5.6611381595e-2,6.9410101644e-2,5.7257636824e-1,2.4887946182e-1,6.249999668570316e-1,2.999995091665016e-2,5.0998779784e1,1.882e-1
24.147727,2.9206547427e-1,6.3383783130e-2,4.7648098475e-2,7.7969793294e-1,6.7204647382e-2,6.249999680955332e-1,2.999994893746933e-2,3.4206513810e1,2.504e-1
24.242424,2.8128070443e-1,7.1239416524e-2,4.5175687849e-2,5.7748519573e-1,2.7481892851e-1,6.249999665236863e-1,2.999994972715431e-2,5.4300873801e1,4.400e-1
24.337121,2.7029569797e-1,7.9730699270e-2,5.9602885090e-2,3.6676961699e-1,4.7360103351e-1,6.249999664151715e-1,2.999994935853484e-2,7.3128992361e1,5.802e-1
24.431818,2.5932183592e-1,8.8069648487e-2,9.2905340548e-2,4.3063601227e-1,3.7906709627e-1,6.249999667498114e-1,2.999994891520358e-2,6.3349983654e1,5.452e-1
24.526515,2.4864802448e-1,9.5389342068e-2,1.6493306859e-1,6.2772869183e-1,1.1330080727e-1,6.249999671207429e-1,2.999994812967495e-2,3.6224388714e1,5.023e-1
24.621212,2.3864725986e-1,1.0122486032e-1,3.0483585552e-1,5.4383125955e-1,6.1460694509e-2,6.249999648825239e-1,2.999994831678942e-2,2.8030029398e1,5.139e-1
24.715909,2.2975321692e-1,1.0643000523e-1,4.9267141405e-1,2.4056716324e-1,1.8057812748e-1,6.249999634580731e-1,2.999994730587716e-2,3.5081257472e1,6.527e-1
24.810606,2.2237223784e-1,1.1313636319e-1,6.4687746995e-1,6.2148374645e-2,2.0546548164e-1,6.249999636340513e-1,2.999994541779811e-2,3.3800808244e1,7.420e-1
24.905303,2.1681757658e-1,1.2331554811e-1,7.0670688806e-1,1.1549452779e-2,1.9161046192e-1,6.249999637238849e-1,2.999994492806596e-2,3.0904416603e1,7.640e-1
25.000000,2.1331111560e-1,1.3782066696e-1,6.4830655111e-1,5.3042640071e-2,1.9751895350e-1,6.249999636198252e-1,2.999994566148916e-2,3.2548539831e1,7.197e-1
25.094697,2.1197683263e-1,1.5551180350e-1,4.8012262438e-1,2.6324752866e-1,1.3914113790e-1,6.249999635379768e-1,2.999994790572736e-2,3.0491979587e1,6.091e-1
25.189394,2.1279983598e-1,1.7220835163e-1,2.8295475283e-1,5.7000433733e-1,1.2032652420e-2,6.249999650924957e-1,2.999994941122687e-2,2.2494772948e1,5.730e-1
25.284091,2.1562715883e-1,1.8274220958e-1,1.5461277438e-1,5.5502628748e-1,1.4199150190e-1,6.249999660821597e-1,2.999994759912366e-2,3.7645953636e1,5.652e-1
25.378788,2.2025283993e-1,1.8506037808e-1,1.0019335584e-1,3.2553741713e-1,4.1895593899e-1,6.249999649819461e-1,2.999994574306278e-2,6.5325351562e1,5.882e-1
25.473485,2.2646748017e-1,1.8009687226e-1,7.6430769931e-2,2.9846883193e-1,4.6853597422e-1,6.249999642532843e-1,2.999994570572624e-2,7.0608480966e1,5.582e-1
25.568182,2.3400717674e-1,1.6898677585e-1,6.3577685997e-2,5.5954788810e-1,2.2388040149e-1,6.249999640907915e-1,2.999994688604186e-2,4.7525822438e1,7.425e-1
25.662879,2.4249209423e-1,1.5195414764e-1,7.4520709863e-2,7.5978717501e-1,2.1245803276e-2,6.249999650123387e-1,2.999994689900541e-2,2.8053972441e1,8.596e-1
25.757576,2.5142394747e-1,1.2953326270e-1,1.2442420068e-1,4.9473742590e-1,2.4988108850e-1,6.249999626214202e-1,2.999994494539956e-2,4.9196549062e1,6.850e-1
25.852273,2.6023626066e-1,1.0427549715e-1,1.9469653465e-1,2.5593986639e-1,4.3485176610e-1,6.249999624814497e-1,2.999994324770380e-2,6.5747343187e1,4.331e-1
25.946970,2.6833828846e-1,7.9748557563e-2,2.6692901802e-1,2.9497533399e-1,3.4000872856e-1,6.249999632958715e-1,2.999994270156423e-2,5.5389426347e1,3.940e-1
26.041667,2.7512410660e-1,5.8721703112e-2,3.7287920457e-1,4.4454405191e-1,9.8730861507e-2,6.249999638513463e-1,2.999994338517917e-2,3.0100999030e1,4.948e-1
26.136364,2.7998391363e-1,4.3412084741e-2,5.6052977437e-1,3.6101200996e-1,5.0621414914e-3,6.249999620939989e-1,2.999994276179926e-2,1.6911392751e1,6.542e-1
26.231061,2.8238593931e-1,3.6377160248e-2,7.6673350495e-1,1.1265331545e-1,5.1850002083e-2,6.249999610216544e-1,2.999994190126843e-2,1.6589521691e1,7.882e-1
26.325758,2.8202568056e-1,3.9880672036e-2,8.3316482630e-1,3.6001038217e-2,5.8927704511e-2,6.249999608113284e-1,2.999994079563392e-2,1.5580872195e1,8.336e-1
26.420455,2.7893375233e-1,5.4549146209e-2,7.2505515897e-1,1.3602560334e-1,5.5436261056e-2,6.249999609519383e-1,2.999993999355503e-2,1.7497667162e1,7.927e-1
26.515152,2.7348415309e-1,7.9032956212e-2,5.5458426439e-1,2.1694090413e-1,1.2595764493e-1,6.249999613728936e-1,2.999994000409568e-2,2.7796169587e1,7.120e-1
26.609848,2.6631197849e-1,1.1068863319e-1,4.0328789567e-1,2.1698686150e-1,2.5272455309e-1,6.249999609732894e-1,2.999994036487853e-2,4.2873158785e1,6.210e-1
26.704545,2.5817171325e-1,1.4610904735e-1,2.7012885473e-1,2.8674426567e-1,2.8884603936e-1,6.249999601804537e-1,2.999994138547930e-2,4.8730444328e1,5.148e-1
26.799242,2.4980764395e-1,1.8075695311e-1,1.5205177293e-1,5.1806750035e-1,1.4931605034e-1,6.249999603411593e-1,2.999994135887937e-2,3.7393446366e1,4.433e-1
26.893939,2.4187351097e-1,2.0968595995e-1,7.1862386164e-2,6.6710156722e-1,5.9476498614e-2,6.249999614579168e-1,2.999993999993012e-2,3.0075449738e1,4.450e-1
26.988636,2.3489028101e-1,2.3000617058e-1,3.5534976110e-2,5.0311728522e-1,2.4645120827e-1,6.249999605932951e-1,2.999994058389442e-2,4.8507245076e1,4.883e-1
27.083333,2.2923267730e-1,2.4123277715e-1,2.5488531324e-2,3.6149146960e-1,3.9255446512e-1,6.249999602496848e-1,2.999994071549358e-2,6.2615688706e1,6.157e-1
27.178030,2.2513120632e-1,2.4323438895e-1,3.1549789944e-2,4.5778761136e-1,2.9229692394e-1,6.249999602573103e-1,2.999994043259918e-2,5.2914642529e1,5.335e-1
27.272727,2.2268753706e-1,2.3516574563e-1,6.1870971107e-2,6.4946648416e-1,8.0809183700e-2,6.249999608291984e-1,2.999993924884330e-2,3.2203146036e1,4.568e-1
27.367424,2.2190338015e-1,2.1618566968e-1,1.3607024176e-1,5.6500090911e-1,1.1083971847e-1,6.249999595859140e-1,2.999993954028986e-2,3.3899398019e1,4.610e-1
27.462121,2.2268231055e-1,1.8759798456e-1,2.5657207369e-1,3.1387514899e-1,2.6927239968e-1,6.249999587365642e-1,2.999993947925145e-2,4.7049985641e1,4.657e-1
27.556818,2.2477719119e-1,1.5347505114e-1,4.0077425742e-1,1.9534723379e-1,2.7562618514e-1,6.249999593336202e-1,2.999993823921971e-2,4.5156795936e1,4.706e-1
27.651515,2.2775711872e-1,1.1833279727e-1,5.6066455693e-1,1.6973839191e-1,1.7350705475e-1,6.249999597925259e-1,2.999993761368471e-2,3.2476392159e1,4.755e-1
27.746212,2.3105612996e-1,8.5831747246e-2,7.3039624639e-1,1.0120881968e-1,1.0150697569e-1,6.249999594843247e-1,2.999993734728967e-2,2.2361936649e1,4.800e-1
27.840909,2.3408235815e-1,5.9098275021e-2,8.3355671251e-1,2.3769101065e-2,9.9493471819e-2,6.249999592832733e-1,2.999993793066847e-2,2.0399467056e1,4.836e-1
27.935606,2.3632775924e-1,4.0149640585e-2,7.5988592578e-1,1.2758403883e-1,8.6052554454e-2,6.249999594459464e-1,2.999993964179493e-2,2.1374966780e1,4.861e-1
28.030303,2.3742380091e-1,2.9102680528e-2,5.4312286584e-1,4.3081529362e-1,9.5352801413e-3,6.249999605228124e-1,2.999994140667735e-2,1.9528505442e1,4.872e-1
28.125000,2.3714451997e-1,2.4789548747e-2,3.5483574519e-1,5.1860471882e-1,1.1462539213e-1,6.249999624288826e-1,2.999994073994017e-2,3.4274238514e1,4.867e-1
28.219697,2.3538686123e-1,2.5901674540e-2,2.6133483628e-1,3.1126803490e-1,4.1610851521e-1,6.249999610822266e-1,2.999993742147178e-2,6.5482642534e1,5.319e-1
28.314394,2.3215161431e-1,3.1448935804e-2,2.0164153970e-1,2.5542285538e-1,5.2933497394e-1,6.249999595627587e-1,2.999993744127769e-2,7.7720514032e1,4.809e-1
28.409091,2.2754385549e-1,4.0407608455e-2,1.3376841117e-1,5.5394677526e-1,2.9433326699e-1,6.249999586815087e-1,2.999993999668182e-2,5.6665689417e1,7.442e-1
28.503788,2.2177933422e-1,5.1418818526e-2,7.5966684015e-2,8.8367773937e-1,1.7157346138e-2,6.249999611377786e-1,2.999994109767125e-2,3.1295288742e1,9.395e-1
28.598485,2.1515295388e-1,6.3316087629e-2,5.1010031436e-2,5.9436084100e-1,3.2616000220e-1,6.249999580714531e-1,2.999993627323876e-2,6.1410316097e1,7.687e-1
28.693182,2.0796521199e-1,7.5515116288e-2,4.3219822192e-2,3.0934727173e-1,6.1395249345e-1,6.249999578233905e-1,2.999993335317311e-2,8.9085803273e1,5.155e-1
28.787879,2.0048410438e-1,8.7364496079e-2,3.7590408007e-2,4.3667928959e-1,4.8788161639e-1,6.249999572207763e-1,2.999993423967229e-2,7.6998278473e1,4.722e-1
28.882576,1.9296250141e-1,9.7786567442e-2,4.0294913692e-2,8.3276728385e-1,8.6188650692e-2,6.249999585387657e-1,2.999993696692183e-2,3.8295114067e1,5.439e-1
28.977273,1.8566652218e-1,1.0577281724e-1,6.6738282870e-2,7.4858636252e-1,1.4323592769e-1,6.249999562465922e-1,2.999993429382158e-2,4.3127247503e1,5.103e-1
29.071970,1.7887403465e-1,1.1108715035e-1,1.1316314138e-1,3.4556777969e-1,5.0130780313e-1,6.249999546000856e-1,2.999992941192939e-2,7.6442484199e1,6.802e-1
29.166667,1.7283194621e-1,1.1384590778e-1,1.6486165425e-1,2.5253173451e-1,5.4592866911e-1,6.249999559265006e-1,2.999992798653228e-2,7.9592886173e1,6.446e-1
29.261364,1.6773729120e-1,1.1357229091e-1,2.4224541377e-1,4.3538891904e-1,2.9105599898e-1,6.249999569494439e-1,2.999992938410112e-2,5.3436589816e1,3.922e-1
29.356061,1.6377999873e-1,1.0964652139e-1,4.0732033331e-1,5.4625546509e-1,2.2997592956e-2,6.249999557384188e-1,2.999993119557480e-2,2.3983612490e1,3.837e-1
29.450758,1.6119241637e-1,1.0364637687e-1,6.7243172074e-1,2.8023452325e-1,3.2494867661e-2,6.249999524428949e-1,2.999992809122895e-2,1.8794190532e1,3.764e-1
29.545455,1.6021850678e-1,1.0020815870e-1,8.8154847108e-1,2.9409647520e-2,7.8615119575e-2,6.249999518267280e-1,2.999992514114445e-2,1.8336757366e1,3.706e-1
29.640152,1.6102109777e-1,1.0316197270e-1,8.7511961284e-1,2.8540792604e-2,8.2156427174e-2,6.249999515452630e-1,2.999992392886316e-2,1.8717119439e1,3.665e-1
29.734848,1.6364308369e-1,1.1227922368e-1,6.8879713343e-1,1.7022059815e-1,1.1505986460e-1,6.249999517765766e-1,2.999992407313642e-2,2.5991478866e1,3.641e-1
29.829545,1.6802741566e-1,1.2444649122e-1,4.5938606828e-1,3.2072617519e-1,1.7741375442e-1,6.249999523817009e-1,2.999992435893605e-2,3.6980193408e1,3.631e-1
29.924242,1.7404794778e-1,1.3645348743e-1,2.7711477688e-1,4.3168232282e-1,2.3070137060e-1,6.249999527552719e-1,2.999992462417324e-2,4.5920458930e1,3.644e-1
30.018939,1.8154247264e-1,1.4666996764e-1,1.6419997649e-1,5.1452948839e-1,2.4305800077e-1,6.249999529676186e-1,2.999992462057016e-2,4.9274078711e1,3.645e-1
30.113636,1.9035384794e-1,1.5528621944e-1,1.1265151532e-1,5.6318365333e-1,2.2852467032e-1,6.249999531778739e-1,2.999992434524115e-2,4.8579996193e1,4.693e-1
30.208333,2.0038251057e-1,1.6384317210e-1,1.0827244900e-1,5.5318082289e-1,2.2432095182e-1,6.249999531868915e-1,2.999992445357866e-2,4.7708925357e1,5.648e-1
30.303030,2.1164534825e-1,1.7452671539e-1,1.3828760616e-1,5.0207670087e-1,2.2346353552e-1,6.249999530920561e-1,2.999992473797063e-2,4.6230963928e1,6.191e-1
30.397727,2.2432986471e-1,1.8958218753e-1,1.9403011454e-1,4.4823356029e-1,1.9382417910e-1,6.249999530874065e-1,2.999992467868351e-2,4.1196539078e1,6.397e-1
30.492424,2.3884049333e-1,2.1112594267e-1,2.7066070273e-1,3.9020230149e-1,1.3917046585e-1,6.249999530332588e-1,2.999992453024724e-2,3.3007251030e1,6.210e-1
30.587121,2.5584085461e-1,2.4118829577e-1,3.6103065208e-1,3.0364698436e-1,8.8293118824e-2,6.249999528259511e-1,2.999992456491317e-2,2.4516764945e1,5.501e-1
30.681818,2.7628605570e-1,2.8150733966e-1,4.4602947827e-1,1.9336356173e-1,5.2813469910e-2,6.249999526408777e-1,2.999992460184792e-2,1.7217151657e1,4.986e-1
30.776515,3.0142385183e-1,3.3264536709e-1,4.9460407649e-1,9.2221413626e-2,2.9105196106e-2,6.249999525719511e-1,2.999992457024294e-2,1.1449385610e1,5.033e-1
30.871212,3.3273621390e-1,3.9232382640e-1,4.8024209959e-1,2.7137332081e-2,1.7560433120e-2,6.249999525462633e-1,2.999992459716107e-2,7.9090826224e0,5.346e-1
30.965909,3.7179053188e-1,4.5357798718e-1,4.0095430787e-1,7.0814235835e-3,1.6595654526e-2,6.249999525177838e-1,2.999992469432117e-2,6.6515350373e0,5.795e-1
31.060606,4.1997718838e-1,5.0447131137e-1,2.8443096200e-1,2.4661346649e-2,1.6459096595e-2,6.249999525014921e-1,2.999992477366725e-2,6.3903063699e0,6.158e-1
31.155303,4.7815084757e-1,5.3131342368e-1,1.7173719779e-1,5.8745937344e-2,1.0052498642e-2,6.249999525120798e-1,2.999992479341107e-2,5.8421896746e0,6.360e-1
31.250000,5.4626100020e-1,5.2462154818e-1,9.2595537309e-2,8.4382729620e-2,2.1390897456e-3,6.249999525242076e-1,2.999992477579406e-2,5.0371887302e0,6.355e-1
31.344697,6.2309396143e-1,4.8355947887e-1,5.3565367979e-2,8.8044303105e-2,1.7367936524e-3,6.249999525156066e-1,2.999992474209572e-2,4.7469161692e0,6.137e-1
31.439394,7.0620745325e-1,4.1550852312e-1,4.4449106772e-2,7.3594479335e-2,1.0240342519e-2,6.249999524985177e-1,2.999992470559816e-2,5.2055008082e0,5.729e-1
31.534091,7.9206008314e-1,3.3205484024e-1,5.0744345260e-2,5.3001058629e-2,2.2139577710e-2,6.249999524893242e-1,2.999992468057353e-2,5.9959943072e0,5.166e-1
31.628788,8.7629328102e-1,2.4489820495e-1,6.1312143453e-2,3.4993112502e-2,3.2503163044e-2,6.249999524882184e-1,2.999992467082815e-2,6.6986246677e0,5.354e-1
31.723485,9.5411857232e-1,1.6358146801e-1,7.0101801159e-2,2.2310233025e-2,3.9887830468e-2,6.249999524888435e-1,2.999992467030077e-2,7.1846063882e0,5.549e-1
31.818182,1.0207630143e0,9.4910278645e-2,7.5039860168e-2,1.4377073075e-2,4.4909678756e-2,6.249999524875898e-1,2.999992467235192e-2,7.5090261650e0,5.716e-1
31.912879,1.0719210472e0,4.3283432394e-2,7.6375793432e-2,9.8779471531e-3,4.8541684777e-2,6.249999524843552e-1,2.999992467417300e-2,7.7629636962e0,5.846e-1
32.007576,1.1041637963e0,1.1317715935e-2,7.5272476719e-2,7.7985075190e-3,5.1447408531e-2,6.249999524802879e-1,2.999992467597978e-2,8.0117176764e0,5.929e-1
32.102273,1.1152689802e0,4.1029156006e-4,7.2800391583e-2,7.5748517217e-3,5.3945389866e-2,6.249999524761917e-1,2.999992467905065e-2,8.2882633639e0,5.958e-1
32.196970,1.1044469173e0,1.1051859691e-2,6.9411109222e-2,8.9426267580e-3,5.6147391937e-2,6.249999524721539e-1,2.999992468450991e-2,8.6026462760e0,5.928e-1
32.291667,1.0724445415e0,4.2808491172e-2,6.4967302418e-2,1.1663892985e-2,5.8115676908e-2,6.249999524678164e-1,2.999992469275245e-2,8.9536288921e0,5.838e-1
32.386364,1.0215108291e0,9.3969904941e-2,5.9340136924e-2,1.5149283540e-2,6.0029750389e-2,6.249999524627000e-1,2.999992470292832e-2,9.3420014429e0,5.687e-1
32.481061,9.5520768778e-1,1.6097718195e-1,5.3389602418e-2,1.8115468117e-2,6.2309964648e-2,6.249999524561414e-1,2.999992471240348e-2,9.7820454818e0,5.479e-1
32.575758,8.7805716761e-1,2.3793900944e-1,4.9797739643e-2,1.8712659602e-2,6.5493328604e-2,6.249999524470412e-1,2.999992471714605e-2,1.0295239688e1,5.221e-1
32.670455,7.9504052755e-1,3.1673368093e-1,5.2969796289e-2,1.5584821525e-2,6.9671078574e-2,6.249999524349602e-1,2.999992471417200e-2,1.0871358342e1,5.380e-1
32.765152,7.1101408386e-1,3.8810106197e-1,6.7590054386e-2,9.4374826931e-3,7.3857221941e-2,6.249999524231444e-1,2.999992470394977e-2,1.1428153456e1,5.991e-1
32.859848,6.3016191612e-1,4.4356891235e-1,9.6562900944e-2,3.3306042223e-3,7.6375571198e-2,6.249999524178891e-1,2.999992468775438e-2,1.1857374439e1,6.442e-1
32.954545,5.5561901160e-1,4.7740413825e-1,1.3976862017e-1,4.5925648075e-4,7.6748878327e-2,6.249999524177554e-1,2.999992466129788e-2,1.2189319377e1,6.721e-1
33.049242,4.8933774719e-1,4.8778685462e-1,1.9353414168e-1,2.3600113300e-3,7.6981149992e-2,6.249999524036786e-1,2.999992461480207e-2,1.2697623278e1,6.831e-1
33.143939,4.3216868971e-1,4.7705196190e-1,2.4854308767e-1,1.4357302628e-2,7.7878862795e-2,6.249999523532828e-1,2.999992456424884e-2,1.3586461092e1,6.792e-1
33.238636,3.8406256666e-1,4.5100314313e-1,2.8766554999e-1,5.7056443406e-2,7.0212201360e-2,6.249999522726425e-1,2.999992462681020e-2,1.4208329933e1,6.634e-1
33.333333,3.4431420798e-1,4.1680142014e-1,2.9447353437e-1,1.5716659899e-1,3.7244142982e-2,6.249999522316398e-1,2.999992495403873e-2,1.3158129688e1,6.401e-1
33.428030,3.1181818759e-1,3.7966937272e-1,2.7550700715e-1,2.8207216120e-1,9.3317620859e-4,6.249999524353477e-1,2.999992535308831e-2,1.2265059610e1,6.121e-1
33.522727,2.8531899654e-1,3.4107706835e-1,2.6374864502e-1,3.1244980912e-1,4.7405386362e-2,6.249999526975278e-1,2.999992514737588e-2,1.9001086141e1,5.802e-1
33.617424,2.6360038094e-1,3.0110717692e-1,2.7743636763e-1,2.3822924200e-1,1.6962673711e-1,6.249999523015221e-1,2.999992487986458e-2,3.2289063580e1,5.438e-1
33.712121,2.4555201519e-1,2.6226230195e-1,2.9148663675e-1,2.2172385046e-1,2.2897509876e-1,6.249999515598377e-1,2.999992529411352e-2,3.9383169562e1,5.043e-1
33.806818,2.3015035911e-1,2.2944043782e-1,2.7424742223e-1,3.7933513808e-1,1.3682654548e-1,6.249999513558034e-1,2.999992548959997e-2,3.2420457673e1,5.675e-1
33.901515,2.1645326251e-1,2.0696884595e-1,2.3907352419e-1,5.7209123847e-1,1.5413033411e-2,6.249999522627425e-1,2.999992454413235e-2,2.2714540424e1,6.550e-1
33.996212,2.0364872275e-1,1.9677420841e-1,2.2204033849e-1,4.9344299918e-1,1.3409363510e-1,6.249999519656214e-1,2.999992444506155e-2,3.5225856753e1,5.683e-1
34.090909,1.9113041222e-1,1.9901781682e-1,2.1325859051e-1,3.3472935871e-1,3.1186372382e-1,6.249999510411008e-1,2.999992531147194e-2,5.2829565692e1,3.797e-1
34.185606,1.7855050681e-1,2.1307789323e-1,1.8141754257e-1,4.0359873917e-1,2.7335521980e-1,6.249999507916506e-1,2.999992533521501e-2,4.9871399168e1,3.624e-1
34.280303,1.6582012509e-1,2.3740134185e-1,1.3155607214e-1,6.4017715470e-1,7.5045209512e-2,6.249999516457574e-1,2.999992346964527e-2,3.1701617091e1,3.515e-1
34.375000,1.5305328881e-1,2.6944854154e-1,9.0407407373e-2,6.3412524918e-1,1.0296541599e-1,6.249999514495929e-1,2.999992315755961e-2,3.4810264207e1,3.471e-1
34.469697,1.4047957102e-1,3.0565374395e-1,6.0047613801e-2,4.1031987609e-1,3.3349909606e-1,6.249999504592804e-1,2.999992393443324e-2,5.6980048515e1,3.475e-1
34.564394,1.2838114499e-1,3.4094210586e-1,3.1648567632e-2,3.6248534789e-1,3.8654273463e-1,6.249999505065472e-1,2.999992384122759e-2,6.2076264491e1,3.726e-1
34.659091,1.1705412842e-1,3.6963555996e-1,9.5977893745e-3,5.5324095200e-1,2.0047147165e-1,6.249999507007077e-1,2.999992320907896e-2,4.4238639334e1,5.509e-1
34.753788,1.0675547034e-1,3.8753410942e-1,4.4430385503e-4,6.9797838483e-1,5.7287634156e-2,6.249999513027967e-1,2.999992194730257e-2,3.0500125871e1,6.641e-1
34.848485,9.7646279556e-2,3.9288290636e-1,4.6613036811e-3,5.2338411937e-1,2.3142529141e-1,6.249999501868682e-1,2.999992249959749e-2,4.7242608502e1,6.141e-1
34.943182,8.9769367461e-2,3.8602746380e-1,2.0552555073e-2,3.5529315529e-1,3.9835735798e-1,6.249999497995486e-1,2.999992264164217e-2,6.3340482842e1,5.768e-1
35.037879,8.3063908044e-2,3.6972596993e-1,4.2069112069e-2,4.3790303652e-1,3.1723787230e-1,6.249999494280392e-1,2.999992256848209e-2,5.5736881613e1,6.608e-1
35.132576,7.7389354253e-2,3.4893077566e-1,6.2170815325e-2,6.7452219157e-1,8.6986763502e-2,6.249999501519219e-1,2.999992110169179e-2,3.3952938609e1,8.020e-1
35.227273,7.2551936010e-2,3.2868570136e-1,8.2793410561e-2,6.5319306107e-1,1.1277579092e-1,6.249999499633443e-1,2.999992063765076e-2,3.6693473847e1,7.712e-1
35.321970,6.8344049273e-2,3.1219362011e-1,1.0234811089e-1,4.2528312046e-1,3.4183099684e-1,6.249999487816944e-1,2.999992194771665e-2,5.8840771602e1,5.666e-1
35.416667,6.4590582788e-2,3.0125959276e-1,1.0563138352e-1,4.1359631565e-1,3.6492202202e-1,6.249999483697144e-1,2.999992210478149e-2,6.1424966465e1,3.942e-1
35.511364,6.1177830459e-2,2.9692157001e-1,8.7254131034e-2,6.5882716297e-1,1.4581920335e-1,6.249999489092705e-1,2.999992016159460e-2,4.1069792347e1,3.250e-1
35.606061,5.8057021402e-2,2.9868837630e-1,6.1406896913e-2,7.4250632741e-1,8.9341276825e-2,6.249999494252824e-1,2.999991868089513e-2,3.6313546349e1,2.970e-1
35.700758,5.5230474160e-2,3.0352544479e-1,3.9672042233e-2,5.0358368219e-1,3.4798825244e-1,6.249999479067948e-1,2.999992055217092e-2,6.1609216606e1,5.646e-1
35.795455,5.2730822467e-2,3.0653224021e-1,2.4680656422e-2,4.1255397967e-1,4.5350219671e-1,6.249999477403622e-1,2.999992075459282e-2,7.2086883671e1,6.465e-1
35.890152,5.0599733208e-2,3.0279379516e-1,2.4988575203e-2,6.1331832369e-1,2.5829946847e-1,6.249999478629976e-1,2.999991954085847e-2,5.3519314380e1,4.778e-1
35.984848,4.8863650470e-2,2.8837865105e-1,5.9062353608e-2,7.7353074783e-1,8.0164494083e-2,6.249999485235499e-1,2.999991688093002e-2,3.6087727129e1,5.013e-1
36.079545,4.7505880316e-2,2.6183642185e-1,1.4658483119e-1,5.3999405151e-1,2.5407870786e-1,6.249999463628572e-1,2.999991925346293e-2,5.1521988688e1,4.908e-1
36.174242,4.6447292561e-2,2.2713281492e-1,2.7856706638e-1,3.2091519974e-1,3.7693751901e-1,6.249999463013433e-1,2.999991880694407e-2,6.1223314632e1,4.924e-1
36.268939,4.5551333915e-2,1.9282221265e-1,4.3418277967e-1,3.2496425421e-1,2.5247931411e-1,6.249999472752390e-1,2.999991694043064e-2,4.6598090670e1,5.653e-1
36.363636,4.4645733395e-2,1.6796429912e-1,6.2886856561e-1,3.4446407092e-1,6.4057225253e-2,6.249999471482891e-1,2.999991599125233e-2,2.4611375092e1,5.856e-1
36.458333,4.3551019207e-2,1.6082205001e-1,8.4666332836e-1,1.8477169950e-1,1.4191794736e-2,6.249999459033332e-1,2.999991634884817e-2,1.4845970347e1,4.472e-1
36.553030,4.2124791538e-2,1.7849764090e-1,9.3577572364e-1,6.1498926877e-2,3.2102808364e-2,6.249999456626665e-1,2.999991770395483e-2,1.3941388597e1,5.045e-1
36.647727,4.0319584822e-2,2.2321257187e-1,7.8418497374e-1,1.8784599726e-1,1.4436763966e-2,6.249999458321093e-1,2.999991714612400e-2,1.4599042426e1,4.894e-1
36.742424,3.8218592877e-2,2.8872450030e-1,5.1930276674e-1,3.8543464376e-1,1.8319390168e-2,6.249999469225697e-1,2.999991628305011e-2,1.9429770973e1,4.535e-1
36.837121,3.6010263168e-2,3.6378725704e-1,3.0940024568e-1,3.5904530027e-1,1.8175682838e-1,6.249999472769759e-1,2.999991616800088e-2,3.7975105253e1,5.265e-1
36.931818,3.3915206700e-2,4.3787900450e-1,1.7135576586e-1,2.5162457832e-1,3.5522533795e-1,6.249999466662224e-1,2.999991629444713e-2,5.5784391504e1,5.866e-1
37.026515,3.2128346600e-2,5.0055016290e-1,7.4430262404e-2,2.9967036363e-1,3.4322075745e-1,6.249999464913232e-1,2.999991663319641e-2,5.5134315189e1,6.322e-1
37.121212,3.0797313612e-2,5.4164549769e-1,1.7699202760e-2,5.1615687504e-1,1.4370100440e-1,6.249999467498467e-1,2.999991681182810e-2,3.6151031839e1,7.158e-1
37.215909,3.0014966328e-2,5.5676625540e-1,1.0393671034e-3,6.2832615745e-1,3.3853147850e-2,6.249999470673113e-1,2.999991644170513e-2,2.5576494894e1,7.913e-1
37.310606,2.9819449677e-2,5.4919563985e-1,8.0138127936e-3,4.4730475126e-1,2.1566623875e-1,6.249999461655628e-1,2.999991554015773e-2,4.3096442107e1,6.691e-1
37.405303,3.0206066771e-2,5.2459486289e-1,2.6171380349e-2,2.8219107874e-1,3.8683650354e-1,6.249999461400511e-1,2.999991488248266e-2,5.9818850774e1,6.551e-1
37.500000,3.1145526533e-2,4.8799432856e-1,5.1074133934e-2,3.2179869606e-1,3.5798720700e-1,6.249999460476883e-1,2.999991500684068e-2,5.7520075262e1,6.320e-1
37.594697,3.2602876698e-2,4.4473280957e-1,8.1022802176e-2,5.3728901522e-1,1.5435238854e-1,6.249999460990654e-1,2.999991554067274e-2,3.8504303695e1,6.016e-1
37.689394,3.4556366376e-2,4.0031772949e-1,1.2416623037e-1,6.3585368809e-1,5.5105877416e-2,6.249999458717831e-1,2.999991559049656e-2,2.9212113813e1,6.223e-1
37.784091,3.7008855178e-2,3.5917610694e-1,1.9363084284e-1,4.2132827201e-1,2.3885581175e-1,6.249999443596976e-1,2.999991453592098e-2,4.6341951993e1,5.232e-1
37.878788,3.9983119470e-2,3.2479907780e-1,2.8312695136e-1,2.0317104374e-1,3.9891969690e-1,6.249999446401571e-1,2.999991288788270e-2,6.0497799930e1,4.776e-1
37.973485,4.3513566228e-2,3.0034502591e-1,3.7639310908e-1,1.0579989999e-1,4.2394828969e-1,6.249999454461832e-1,2.999991258828802e-2,6.1284569587e1,4.301e-1
38.068182,4.7653067054e-2,2.8908079043e-1,4.5894196843e-1,6.0108523855e-2,3.9421554193e-1,6.249999458467442e-1,2.999991267640936e-2,5.6656585992e1,3.826e-1
38.162879,5.2494017005e-2,2.9456241719e-1,5.0507038620e-1,2.4617164065e-2,3.7325590732e-1,6.249999458915587e-1,2.999991260339729e-2,5.3220440320e1,4.109e-1
38.257576,5.8187841876e-2,3.1866596367e-1,4.8280157480e-1,1.3260375962e-2,3.7708413542e-1,6.249999458610787e-1,2.999991268779129e-2,5.3219939811e1,5.739e-1
38.352273,6.4940874824e-2,3.5789609974e-1,3.8960854481e-1,4.8721958233e-2,3.8883241432e-1,6.249999459664479e-1,2.999991326938473e-2,5.5194782692e1,6.168e-1
38.446970,7.2973873404e-2,4.0205965687e-1,2.7228623110e-1,1.2102904874e-1,3.8165108239e-1,6.249999462518572e-1,2.999991434998067e-2,5.5743164204e1,4.591e-1
38.541667,8.2463995687e-2,4.3913334793e-1,1.9447115529e-1,1.8800998590e-1,3.4592140817e-1,6.249999464872618e-1,2.999991528458869e-2,5.2769527731e1,3.243e-1
38.636364,9.3520645649e-2,4.6399741240e-1,1.8494804941e-1,2.1385506700e-1,2.9367871842e-1,6.249999464340297e-1,2.999991505532815e-2,4.6888577644e1,4.376e-1
38.731061,1.0624029674e-1,4.8253804436e-1,2.2059206649e-1,2.0827727569e-1,2.3235220919e-1,6.249999462343894e-1,2.999991392525049e-2,3.9188888368e1,4.713e-1
38.825758,1.2082835143e-1,5.0649039371e-1,2.5217018145e-1,2.1223571558e-1,1.5827525004e-1,6.249999461064221e-1,2.999991313961567e-2,3.0141531319e1,3.870e-1
38.920455,1.3771775680e-1,5.4404515919e-1,2.4250610902e-1,2.4748421896e-1,7.8246648237e-2,6.249999461012273e-1,2.999991328354089e-2,2.1032064050e1,3.730e-1
39.015152,1.5760378806e-1,5.9325403567e-1,1.8735669067e-1,2.8570575612e-1,2.6079621936e-2,6.249999462254797e-1,2.999991371387118e-2,1.5244939294e1,3.925e-1
39.109848,1.8134141633e-1,6.4125601309e-1,1.1035316459e-1,2.7324489999e-1,4.3804398727e-2,6.249999463633729e-1,2.999991328437294e-2,1.6606807888e1,4.224e-1
39.204545,2.0970668390e-1,6.6983752762e-1,4.3397428931e-2,2.0430714682e-1,1.2275110546e-1,6.249999463655542e-1,2.999991220565016e-2,2.4041678026e1,4.555e-1
39.299242,2.4310720655e-1,6.6470177600e-1,9.4574755670e-3,1.2351943466e-1,2.0921399984e-1,6.249999463038858e-1,2.999991139655939e-2,3.2258630849e1,4.914e-1
39.393939,2.8137107793e-1,6.2232116171e-1,1.4094136921e-2,6.3750129112e-2,2.6846338689e-1,6.249999462776141e-1,2.999991101658465e-2,3.7901398611e1,5.294e-1
39.488636,3.2369432877e-1,5.5011808734e-1,4.7038302692e-2,3.1053806127e-2,2.9809536764e-1,6.249999462817746e-1,2.999991085934146e-2,4.0788318614e1,5.683e-1
39.583333,3.6874594621e-1,4.6152344236e-1,9.0154949100e-2,2.3048448954e-2,3.0652710587e-1,6.249999462477922e-1,2.999991076260294e-2,4.1801679368e1,6.070e-1
39.678030,4.1488542501e-1,3.7026666244e-1,1.2426795734e-1,4.6292423832e-2,2.9428742360e-1,6.249999461080469e-1,2.999991069867149e-2,4.1092267479e1,6.440e-1
39.772727,4.6042841109e-1,2.8645096359e-1,1.3499624777e-1,1.2466633756e-1,2.4345793175e-1,6.249999458802107e-1,2.999991104841935e-2,3.7035024180e1,6.785e-1
39.867424,5.0385724658e-1,2.1475367173e-1,1.2282284728e-1,2.6923272984e-1,1.3933339608e-1,6.249999457508401e-1,2.999991285334118e-2,2.8114140798e1,7.098e-1
39.962121,5.4384657316e-1,1.5500913722e-1,1.0970388407e-1,3.8461407927e-1,5.6826217858e-2,6.249999457925359e-1,2.999991512697682e-2,2.1040979056e1,7.373e-1
40.056818,5.7909705703e-1,1.0539537875e-1,1.2169145313e-1,3.2604745671e-1,1.1776854524e-1,6.249999454282981e-1,2.999991322694147e-2,2.6981763316e1,7.606e-1
40.151515,6.0823920759e-1,6.5806852121e-2,1.5935117187e-1,1.6670153449e-1,2.4990112399e-1,6.249999450244706e-1,2.999991037972549e-2,3.9032335657e1,7.792e-1
40.246212,6.3004787992e-1,3.7750465485e-2,1.9942142061e-1,5.2718500857e-2,3.3006162298e-1,6.249999449248934e-1,2.999990941855843e-2,4.5920776004e1,7.927e-1
40.340909,6.4377666096e-1,2.2045278614e-2,2.2148973182e-1,1.0806557702e-2,3.5188166083e-1,6.249999449634656e-1,2.999990927944214e-2,4.7524559175e1,8.008e-1
40.435606,6.4929750788e-1,1.7887765057e-2,2.2213780743e-1,1.4500886882e-2,3.4617592286e-1,6.249999450570431e-1,2.999990938936445e-2,4.6912073250e1,8.037e-1
40.530303,6.4701111963e-1,2.3546556235e-2,2.1105462254e-1,3.7254621981e-2,3.3113296992e-1,6.249999451536448e-1,2.999990958892011e-2,4.5636203705e1,8.016e-1
40.625000,6.3767373763e-1,3.7309417671e-2,2.0132590713e-1,5.9407021720e-2,3.1428380628e-1,6.249999452164150e-1,2.999990976577219e-2,4.4133414860e1,7.948e-1
40.719697,6.2226865165e-1,5.7904984041e-2,2.0179764128e-1,6.8269959037e-2,2.9975865445e-1,6.249999452313930e-1,2.999990980682242e-2,4.2595071883e1,7.840e-1
40.814394,6.0196266277e-1,8.4344779343e-2,2.1390242635e-1,5.9999853916e-2,2.8979016804e-1,6.249999452082686e-1,2.999990968161666e-2,4.1194027136e1,7.695e-1
40.909091,5.7811076404e-1,1.1548398692e-1,2.3239302213e-1,3.9487810402e-2,2.8452430685e-1,6.249999451687452e-1,2.999990947335606e-2,4.0061888743e1,7.520e-1
41.003788,5.5224219055e-1,1.4965513274e-1,2.4830841420e-1,1.6516651231e-2,2.8327750154e-1,6.249999451303977e-1,2.999990928749360e-2,3.9349951711e1,7.322e-1
41.098485,5.2598123847e-1,1.8457158320e-1,2.5252656277e-1,2.1665272183e-3,2.8475397854e-1,6.249999451048762e-1,2.999990917900140e-2,3.9170184412e1,7.108e-1
41.193182,5.0089990526e-1,2.1750586893e-1,2.3880909374e-1,9.6918805424e-3,2.8309314173e-1,6.249999450997862e-1,2.999990916762520e-2,3.9141996759e1,6.887e-1
41.287879,4.7833453781e-1,2.4567785887e-1,2.0602339577e-1,5.9410953503e-2,2.6055314424e-1,6.249999450966542e-1,2.999990932243474e-2,3.7630663127e1,6.665e-1
41.382576,4.5921586870e-1,2.6679910668e-1,1.5972443086e-1,1.7581180093e-1,1.8844868290e-1,6.249999450347429e-1,2.999991006460779e-2,3.1788410636e1,6.450e-1
41.477273,4.4397137329e-1,2.7961849407e-1,1.1203893886e-1,3.3796315541e-1,7.6407928266e-2,6.249999449489931e-1,2.999991223011463e-2,2.2272569977e1,6.244e-1
41.571970,4.3255749732e-1,2.8403350059e-1,7.6170950027e-2,4.0942782346e-1,4.7810118144e-2,6.249999447654105e-1,2.999991341644223e-2,2.0615098823e1,6.050e-1
41.666667,4.2461702539e-1,2.8054147400e-1,5.7507206565e-2,3.1028473658e-1,1.7704944608e-1,6.249999443080954e-1,2.999991059807355e-2,3.3824889782e1,5.865e-1
41.761364,4.1964102569e-1,2.6988681851e-1,5.3133763865e-2,1.7040776835e-1,3.3693051194e-1,6.249999441762220e-1,2.999990828244198e-2,4.9754818376e1,5.690e-1
41.856061,4.1703734369e-1,2.5336114106e-1,5.7856934889e-2,8.5527395779e-2,4.3621707318e-1,6.249999442957594e-1,2.999990772582226e-2,5.9750758465e1,5.523e-1
41.950758,4.1615207736e-1,2.3287614284e-1,6.7276297495e-2,5.3029429629e-2,4.8066594139e-1,6.249999443608983e-1,2.999990769697000e-2,6.4434220951e1,6.819e-1
42.045455,4.1630802046e-1,2.1052707284e-1,7.8778848776e-2,5.6100303282e-2,4.8828564326e-1,6.249999443060835e-1,2.999990772849434e-2,6.5555210988e1,6.544e-1
42.140152,4.1686362540e-1,1.8798082071e-1,9.3372682021e-2,9.3300554357e-2,4.5848220584e-1,6.249999441659677e-1,2.999990789755611e-2,6.3002714998e1,5.050e-1
42.234848,4.1726362101e-1,1.6593486381e-1,1.1934820431e-1,1.7050620623e-1,3.7694699271e-1,6.249999440376658e-1,2.999990870195335e-2,5.5200700839e1,4.897e-1
42.329545,4.1703151637e-1,1.4407658499e-1,1.7547740388e-1,2.6539796358e-1,2.4801641911e-1,6.249999439632686e-1,2.999991051309446e-2,4.2139324640e1,4.743e-1
42.424242,4.1565386997e-1,1.2230300112e-1,2.8429206039e-1,2.9256898613e-1,1.3518196943e-1,6.249999435217416e-1,2.999991107679011e-2,2.9392269063e1,4.590e-1
42.518939,4.1239239905e-1,1.0317669822e-1,4.4269870219e-1,1.9957273268e-1,9.2159353331e-2,6.249999427339732e-1,2.999990886537554e-2,2.2136863886e1,4.437e-1
42.613636,4.0622164898e-1,9.3133615492e-2,5.9193236233e-1,8.0014087118e-2,7.8698170757e-2,6.249999423415513e-1,2.999990697871449e-2,1.7758653599e1,4.280e-1
42.708333,3.9607906493e-1,1.0007282490e-1,6.5058973500e-1,4.0596059537e-2,6.2662200068e-2,6.249999422154907e-1,2.999990627892741e-2,1.4922738576e1,4.111e-1
42.803030,3.8132258070e-1,1.2937410060e-1,5.9132604422e-1,8.7435547157e-2,6.0541611769e-2,6.249999422188416e-1,2.999990620107882e-2,1.5727281661e1,3.923e-1
42.897727,3.6209385474e-1,1.8140789150e-1,4.5996376928e-1,1.5208017443e-1,9.4454194904e-2,6.249999424313590e-1,2.999990636412533e-2,2.1180275394e1,3.707e-1
42.992424,3.3937206670e-1,2.5146255666e-1,3.2113504526e-1,1.6700522183e-1,1.7102499477e-1,6.249999426137369e-1,2.999990646787391e-2,3.0477057938e1,4.552e-1
43.087121,3.1471945157e-1,3.3172918713e-1,2.0905412427e-1,1.3309440317e-1,2.6140271889e-1,6.249999425190279e-1,2.999990634086780e-2,4.0211820014e1,5.327e-1
43.181818,2.8991137762e-1,4.1346799089e-1,1.2818197398e-1,9.5073265864e-2,3.2336527624e-1,6.249999422960848e-1,2.999990616116525e-2,4.6430447329e1,5.995e-1
43.276515,2.6664259875e-1,4.8801858154e-1,7.3721145504e-2,8.7397135462e-2,3.3422042286e-1,6.249999420572869e-1,2.999990606000347e-2,4.7276050088e1,6.528e-1
43.371212,2.4635378519e-1,5.4745593862e-1,4.2068429624e-2,1.3113486458e-1,2.8298686558e-1,6.249999417988802e-1,2.999990611017294e-2,4.1973270668e1,6.904e-1
43.465909,2.3013433659e-1,5.8593729474e-1,3.0342645340e-2,2.3890668697e-1,1.6467891954e-1,6.249999415898201e-1,2.999990657303410e-2,3.0253598604e1,7.114e-1
43.560606,2.1866955403e-1,6.0128190889e-1,3.2813061838e-2,3.6654989236e-1,3.0685466008e-2,6.249999415653975e-1,2.999990748835364e-2,1.7231739294e1,7.165e-1
43.655303,2.1223751553e-1,5.9492594186e-1,4.2067393576e-2,3.8451592682e-1,1.6253105156e-2,6.249999414756022e-1,2.999990741285040e-2,1.6017416908e1,7.077e-1
43.750000,2.1076115775e-1,5.6967724522e-1,5.4931473239e-2,2.7079604422e-1,1.4383396213e-1,6.249999412811506e-1,2.999990618361040e-2,2.8760407423e1,6.876e-1
43.844697,2.1387771937e-1,5.2813350262e-1,7.3130394840e-2,1.5608271789e-1,2.7877554797e-1,6.249999413405184e-1,2.999990548120895e-2,4.2426166136e1,6.581e-1
43.939394,2.2098094696e-1,4.7327873296e-1,9.8954318491e-2,1.1231699836e-1,3.4446888626e-1,6.249999415181630e-1,2.999990536103202e-2,4.9534843877e1,6.209e-1
44.034091,2.3123686296e-1,4.0920206551e-1,1.3424116831e-1,1.4733667155e-1,3.2798311494e-1,6.249999416365088e-1,2.999990549955742e-2,4.8704564111e1,5.781e-1
44.128788,2.4359353226e-1,3.4095666458e-1,1.8473453394e-1,2.5665596883e-1,2.2405918380e-1,6.249999417104211e-1,2.999990592847047e-2,3.9174152896e1,5.323e-1
44.223485,2.5680554164e-1,2.7435471665e-1,2.6588639219e-1,3.6967448925e-1,8.3278743397e-2,6.249999415675577e-1,2.999990637074292e-2,2.5293466153e1,4.870e-1
44.318182,2.6951555041e-1,2.1639485292e-1,3.9235580279e-1,3.3530729903e-1,3.6426376066e-2,6.249999406111303e-1,2.999990622906258e-2,1.9098803609e1,6.010e-1
44.412879,2.8046336535e-1,1.7528474197e-1,5.3584455485e-1,1.7050582898e-1,8.7901388393e-2,6.249999397705135e-1,2.999990521273926e-2,2.1485121847e1,7.236e-1
44.507576,2.8881895375e-1,1.5780285807e-1,6.1334075399e-1,5.5219017761e-2,1.3481829547e-1,6.249999395208008e-1,2.999990426994877e-2,2.4390491614e1,7.818e-1
44.602273,2.9445842445e-1,1.6540521642e-1,5.5785984128e-1,9.4414213205e-2,1.3786218365e-1,6.249999395029329e-1,2.999990498684228e-2,2.5608532705e1,7.468e-1
44.696970,2.9799804098e-1,1.9224262521e-1,3.9192398340e-1,2.9580513170e-1,7.2030098082e-2,6.249999396864069e-1,2.999990849364332e-2,2.2354492907e1,6.241e-1
44.791667,3.0053845815e-1,2.2664720585e-1,2.1650098493e-1,4.6861383398e-1,3.7699398143e-2,6.249999405229354e-1,2.999991196124055e-2,2.2156737170e1,4.620e-1
44.886364,3.0320303563e-1,2.5768338255e-1,1.0460957337e-1,3.7641897266e-1,2.0808491654e-1,6.249999403731066e-1,2.999990722922313e-2,4.0184121312e1,4.212e-1
44.981061,3.0678101980e-1,2.8072264854e-1,5.0020695964e-2,1.8356653663e-1,4.2890897914e-1,6.249999400385233e-1,2.999990274740791e-2,6.1889479877e1,5.485e-1
45.075758,3.1170914667e-1,2.9553186368e-1,2.3730218319e-2,6.8002652706e-2,5.5102599915e-1,6.249999402664499e-1,2.999990198637553e-2,7.3644172825e1,7.407e-1
45.170455,3.1821141930e-1,3.0253096065e-1,9.5010402993e-3,2.1893174741e-2,5.9786328598e-1,6.249999404855200e-1,2.999990208982675e-2,7.8067258150e1,7.051e-1
45.265152,3.2637681924e-1,3.0172566733e-1,2.2415441072e-3,7.4076801931e-3,6.1224817029e-1,6.249999405796381e-1,2.999990218411255e-2,7.9389383660e1,4.840e-1
45.359848,3.3615855395e-1,2.9321165732e-1,1.0226014625e-3,6.3216340802e-3,6.1328543435e-1,6.249999405788792e-1,2.999990218521489e-2,7.9465511291e1,3.507e-1
45.454545,3.4735476506e-1,2.7778374674e-1,5.0680867572e-3,1.7104385597e-2,6.0268889678e-1,6.249999404675948e-1,2.999990206604433e-2,7.8461308697e1,3.494e-1
45.549242,3.5961433133e-1,2.5709974732e-1,1.2309826093e-2,5.6316830640e-2,5.6465914489e-1,6.249999401329041e-1,2.999990178569784e-2,7.4870994395e1,5.271e-1
45.643939,3.7248389334e-1,2.3327332868e-1,2.0100168667e-2,1.7070382025e-1,4.5343866795e-1,6.249999394453810e-1,2.999990193830246e-2,6.4316261699e1,6.451e-1
45.738636,3.8548224547e-1,2.0790010602e-1,2.9528774952e-2,4.0657029845e-1,2.2051845295e-1,6.249999389209715e-1,2.999990619569440e-2,4.2081383062e1,4.488e-1
45.833333,3.9813695562e-1,1.8107652137e-1,5.2466676048e-2,5.8776816135e-1,3.0551563256e-2,6.249999388226869e-1,2.999991237596829e-2,2.3700136189e1,6.398e-1
45.928030,4.0988968379e-1,1.5232033204e-1,1.0488365252e-1,4.2341131535e-1,1.5949489078e-1,6.249999372434711e-1,2.999990478902451e-2,3.5313162837e1,6.102e-1
46.022727,4.1994399690e-1,1.2367209173e-1,1.7781315445e-1,1.6347016191e-1,3.6510046849e-1,6.249999367414758e-1,2.999989891552987e-2,5.3843726565e1,4.915e-1
46.117424,4.2732765723e-1,9.9930208188e-2,2.3953520054e-1,3.5085855936e-2,4.4812095208e-1,6.249999369886569e-1,2.999989806408054e-2,6.0812035105e1,5.077e-1
46.212121,4.3116729404e-1,8.5489866888e-2,2.6954537751e-1,2.9062559037e-3,4.6089108002e-1,6.249999371806114e-1,2.999989815936938e-2,6.1629984832e1,5.207e-1
46.306818,4.3091670957e-1,8.2645339556e-2,2.6602204388e-1,1.4126243899e-2,4.5628953739e-1,6.249999371481807e-1,2.999989816865731e-2,6.1366025975e1,5.591e-1
46.401515,4.2645000961e-1,9.1878592164e-2,2.3360780661e-1,7.0490010701e-2,4.2757345454e-1,6.249999368141488e-1,2.999989812067443e-2,5.9250927165e1,6.477e-1
46.496212,4.1809336253e-1,1.1214016613e-1,1.7931268174e-1,2.2931288741e-1,3.1114077478e-1,6.249999362939767e-1,2.999989915991783e-2,4.9031860036e1,5.416e-1
46.590909,4.0663856488e-1,1.4047093985e-1,1.2133405008e-1,4.9644728767e-1,8.5109030395e-2,6.249999364379861e-1,2.999990278485549e-2,2.8235202659e1,6.554e-1
46.685606,3.9327277971e-1,1.7235857316e-1,8.5461165206e-2,5.7854612543e-1,2.0361229741e-2,6.249999366220271e-1,2.999990311051452e-2,2.2344756278e1,7.390e-1
46.780303,3.7936385111e-1,2.0362204692e-1,7.7508564285e-2,3.4661439139e-1,2.4289101770e-1,6.249999357028465e-1,2.999989831850373e-2,4.3398705323e1,5.835e-1
46.875000,3.6620798427e-1,2.3147357491e-1,8.3239631695e-2,1.4279716330e-1,4.2628151742e-1,6.249999357985635e-1,2.999989628006486e-2,6.0445511650e1,5.465e-1
46.969697,3.5487882651e-1,2.5424630739e-1,9.2079502123e-2,7.9161537445e-2,4.6963369848e-1,6.249999359683143e-1,2.999989603411493e-2,6.4068850648e1,5.483e-1
47.064394,3.4618538785e-1,2.7135117560e-1,1.0234115666e-1,1.2123691683e-1,4.0888523475e-1,6.249999358489353e-1,2.999989618602439e-2,5.7751415685e1,5.893e-1
47.159091,3.4070536342e-1,2.8346085557e-1,1.1792386440e-1,2.5383802104e-1,2.5407176693e-1,6.249999356821527e-1,2.999989722633454e-2,4.2324668149e1,5.560e-1
47.253788,3.3888367272e-1,2.9239038341e-1,1.4777125452e-1,4.0107308355e-1,6.9881477125e-2,6.249999356564160e-1,2.999989936938429e-2,2.3715560385e1,5.625e-1
47.348485,3.4118178247e-1,3.0020017988e-1,1.9989127347e-1,3.7703026313e-1,3.1696371400e-2,6.249999351747246e-1,2.999989843759092e-2,1.8492225398e1,5.711e-1
47.443182,3.4818328249e-1,3.0783117112e-1,2.6211155901e-1,1.9941215245e-1,1.3246170432e-1,6.249999346978659e-1,2.999989587442320e-2,2.6222933487e1,5.824e-1
47.537879,3.6052178642e-1,3.1463035679e-1,3.0195090681e-1,6.4927423897e-2,2.0796939521e-1,6.249999345628213e-1,2.999989491446929e-2,3.1922889013e1,5.965e-1
47.632576,3.7867631934e-1,3.1893475171e-1,2.9818492913e-1,3.6504627688e-2,2.1769924132e-1,6.249999345954694e-1,2.999989474167514e-2,3.2246338071e1,6.139e-1
47.727273,4.0280865896e-1,3.1882671766e-1,2.5680024203e-1,9.1088191605e-2,1.8047605920e-1,6.249999347241209e-1,2.999989497394900e-2,2.8909217410e1,6.344e-1
47.821970,4.3272039018e-1,3.1289549475e-1,2.0107803154e-1,1.8755575136e-1,1.1575020178e-1,6.249999348027198e-1,2.999989562715147e-2,2.3268585308e1,6.578e-1
47.916667,4.6791795761e-1,3.0076422587e-1,1.5407536063e-1,2.5551989160e-1,7.1722433805e-2,6.249999347545668e-1,2.999989628604572e-2,1.9425198374e1,6.834e-1
48.011364,5.0772895141e-1,2.8280095684e-1,1.2531040941e-1,2.3501748440e-1,9.9142067105e-2,6.249999345846059e-1,2.999989583215461e-2,2.2032693755e1,7.107e-1
48.106061,5.5136141357e-1,2.5928266415e-1,1.1055786269e-1,1.5428972665e-1,1.7450820186e-1,6.249999344538094e-1,2.999989485014423e-2,2.8953030027e1,7.390e-1
48.200758,5.9783248561e-1,2.3019025184e-1,1.0191335667e-1,7.8367342994e-2,2.4169643177e-1,6.249999344424692e-1,2.999989432500622e-2,3.5019501843e1,7.677e-1
48.295455,6.4582615908e-1,1.9586362867e-1,9.4625382166e-2,3.2848021080e-2,2.8083667796e-1,6.249999344769883e-1,2.999989416609797e-2,3.8469874848e1,7.959e-1
48.390152,6.9359823306e-1,1.5763735654e-1,8.6994339043e-2,1.4628438563e-2,2.9714150180e-1,6.249999345030338e-1,2.999989412963648e-2,3.9860250806e1,8.229e-1
48.484848,7.3899165416e-1,1.1795018958e-1,7.8364011045e-2,1.9248657281e-2,2.9544535693e-1,6.249999345033795e-1,2.999989412655658e-2,3.9665271015e1,8.476e-1
48.579545,7.7956689231e-1,8.0037602385e-2,6.8281831644e-2,5.1305803787e-2,2.7080773881e-1,6.249999344681950e-1,2.999989417053169e-2,3.7401289593e1,8.689e-1
48.674242,8.1282731150e-1,4.7429579729e-2,5.7059828930e-2,1.2298434649e-1,2.0969880214e-1,6.249999343960385e-1,2.999989442283066e-2,3.1734697208e1,8.857e-1
48.768939,8.3650223001e-1,2.3378322560e-2,4.7048747969e-2,2.3194299204e-1,1.1112757607e-1,6.249999343281665e-1,2.999989522136322e-2,2.2487903227e1,8.971e-1
48.863636,8.4881938040e-1,1.0346050595e-2,4.2924294693e-2,3.1570028746e-1,3.2209855379e-2,6.249999342643994e-1,2.999989611719080e-2,1.5013766836e1,9.023e-1
48.958333,8.4866987417e-1,9.8720023146e-3,4.8642189321e-2,2.8821071231e-1,5.4605090023e-2,6.249999340669169e-1,2.999989549186765e-2,1.7045410773e1,9.010e-1
49.053030,8.3561711080e-1,2.3062997774e-2,6.2543384006e-2,1.7952068875e-1,1.4925568645e-1,6.249999338889232e-1,2.999989416212199e-2,2.5813671529e1,8.927e-1
49.147727,8.0984318636e-1,5.1164922458e-2,7.7043841222e-2,8.2526088200e-2,2.2942182949e-1,6.249999338648855e-1,2.999989351244561e-2,3.3130431164e1,8.776e-1
49.242424,7.7216632222e-1,9.5353218841e-2,8.4053731369e-2,2.9501674555e-2,2.6892492083e-1,6.249999339065352e-1,2.999989335249569e-2,3.6615662901e1,8.556e-1
49.337121,7.2411450297e-1,1.5577633428e-1,7.9674804475e-2,8.6050689580e-3,2.8182915723e-1,6.249999339537123e-1,2.999989334964849e-2,3.7660502687e1,8.272e-1
49.431818,6.6793026843e-1,2.3051528765e-1,6.4846710764e-2,3.2488807082e-3,2.8345872041e-1,6.249999339864032e-1,2.999989337711197e-2,3.7700449791e1,7.931e-1
49.526515,6.0642118122e-1,3.1495780347e-1,4.3684462128e-2,3.4534838062e-3,2.8148293738e-1,6.249999339997281e-1,2.999989339319951e-2,3.7422929360e1,7.541e-1
49.621212,5.4266703070e-1,4.0177483031e-1,2.1858398053e-2,5.6955387872e-3,2.7800407014e-1,6.249999339951932e-1,2.999989338763055e-2,3.7016528580e1,7.116e-1
49.715909,4.7966154440e-1,4.8155892568e-1,5.8868877427e-3,1.0875954403e-2,2.7201655573e-1,6.249999339743990e-1,2.999989336551716e-2,3.6416193399e1,6.671e-1
49.810606,4.1998215673e-1,5.4412621617e-1,3.0069911035e-3,2.2824968812e-2,2.6005953507e-1,6.249999339433295e-1,2.999989335009353e-2,3.5340318930e1,6.220e-1
49.905303,3.6556337501e-1,5.8024418059e-1,2.1708590239e-2,4.6244681677e-2,2.3623904034e-1,6.249999339265919e-1,2.999989340158608e-2,3.3235365748e1,5.779e-1
50.000000,3.1761127829e-1,5.8336381381e-1,7.3557510077e-2,7.9669276431e-2,1.9579798930e-1,6.249999339546690e-1,2.999989359106939e-2,2.9525552823e1,5.360e-1
50.094697,2.7664064070e-1,5.5141766868e-1,1.7350623765e-1,1.0409742129e-1,1.4433789963e-1,6.249999339740901e-1,2.999989382551600e-2,2.4435574193e1,4.975e-1
50.189394,2.4256697633e-1,4.8918337926e-1,3.2873664824e-1,8.9839195723e-2,9.9673668136e-2,6.249999338433682e-1,2.999989379052788e-2,1.9362627217e1,4.630e-1
50.284091,2.1479597480e-1,4.0985730167e-1,5.1078428861e-1,4.0751546973e-2,7.3810755228e-2,6.249999336416323e-1,2.999989347922708e-2,1.5765213072e1,4.330e-1
50.378788,1.9233067556e-1,3.3181809437e-1,6.4257440024e-1,1.6624339833e-2,6.6652357104e-2,6.249999335557295e-1,2.999989323545685e-2,1.4963877312e1,4.166e-1
50.473485,1.7396267712e-1,2.7020381767e-1,6.5137002612e-1,7.3441700036e-2,8.1021646106e-2,6.249999335260716e-1,2.999989342034828e-2,1.8559254286e1,3.918e-1
50.568182,1.5853798124e-1,2.3025593251e-1,5.4891954402e-1,1.7778907544e-1,1.3449733424e-1,6.249999337229705e-1,2.999989437269893e-2,2.7836046405e1,3.674e-1
50.662879,1.4518111143e-1,2.0788305851e-1,4.2042142315e-1,2.1766937720e-1,2.5884489770e-1,6.249999339979776e-1,2.999989476212438e-2,4.3949295034e1,4.806e-1
50.757576,1.3336242178e-1,1.9559140473e-1,3.2968503194e-1,1.6338322557e-1,4.2797778280e-1,6.249999334095222e-1,2.999989350065725e-2,6.3104763692e1,6.425e-1
50.852273,1.2280686195e-1,1.8821005277e-1,2.7410142304e-1,1.1782574292e-1,5.4705578331e-1,6.249999320015125e-1,2.999989238360601e-2,7.6424198958e1,6.071e-1
50.946970,1.1335266023e-1,1.8427965808e-1,2.1709697800e-1,2.3056727660e-1,5.0470328695e-1,6.249999299318556e-1,2.999989306866108e-2,7.4142185051e1,4.782e-1
51.041667,1.0486232705e-1,1.8363183607e-1,1.4151046617e-1,6.3009587152e-1,1.8989935783e-1,6.249999293222405e-1,2.999989925316315e-2,4.6021964256e1,7.936e-1
51.136364,9.7210635891e-2,1.8444621400e-1,7.8687072214e-2,8.5838688368e-1,3.1269057384e-2,6.249999315873423e-1,2.999990159056091e-2,3.2517813947e1,9.263e-1
51.231061,9.0316189897e-2,1.8339039873e-1,5.6198870608e-2,4.7961365348e-1,4.4048074429e-1,6.249999284990522e-1,2.999989111560036e-2,7.2590702038e1,6.925e-1
51.325758,8.4146110681e-2,1.7875667608e-1,5.7452134774e-2,2.4869322206e-1,6.8095171321e-1,6.249999283985636e-1,2.999988804221831e-2,9.5979205882e1,5.563e-1
51.420455,7.8673363841e-2,1.7102596196e-1,6.2071132835e-2,4.3310280201e-1,5.0512659316e-1,6.249999269053675e-1,2.999989007835477e-2,7.9393451258e1,5.934e-1
51.515152,7.3847598675e-2,1.6058643438e-1,7.6934801499e-2,8.7637842944e-1,6.2252593081e-2,6.249999285372796e-1,2.999989702442718e-2,3.6986016737e1,6.189e-1
51.609848,6.9602865996e-2,1.4644263841e-1,1.3511820792e-1,7.2840422813e-1,1.7043190969e-1,6.249999250666944e-1,2.999989099214006e-2,4.6532852113e1,5.749e-1
51.704545,6.5873830842e-2,1.2863266073e-1,2.2954586425e-1,2.8936480873e-1,5.3658268170e-1,6.249999231264244e-1,2.999988368875728e-2,8.0068826288e1,6.623e-1
51.799242,6.2582133041e-2,1.1033450832e-1,3.1188228155e-1,2.2700036612e-1,5.3820055953e-1,6.249999242821258e-1,2.999988215550958e-2,7.8900701671e1,5.514e-1
51.893939,5.9616075879e-2,9.5283077539e-2,3.9745230683e-1,4.4565929175e-1,2.5198909955e-1,6.249999257717213e-1,2.999988478718507e-2,4.9915694726e1,2.528e-1
51.988636,5.6832819141e-2,8.6227338528e-2,5.7550015333e-1,4.9906897962e-1,3.2370557490e-2,6.249999240521190e-1,2.999988581388917e-2,2.4918511020e1,2.355e-1
52.083333,5.4074462840e-2,8.6175085883e-2,8.3210960184e-1,1.9002778260e-1,8.7612908770e-2,6.249999209660433e-1,2.999988129873055e-2,2.4151605584e1,2.302e-1
52.178030,5.1193208171e-2,9.8980199037e-2,9.4492621839e-1,3.3960240768e-2,1.2093997428e-1,6.249999203214063e-1,2.999987962468879e-2,2.4350011161e1,2.243e-1
52.272727,4.8086954359e-2,1.2682922156e-1,8.1135973381e-1,1.6490849357e-1,9.8815438379e-2,6.249999208342345e-1,2.999987862969555e-2,2.4694027697e1,3.305e-1
52.367424,4.4728009164e-2,1.6844066943e-1,5.9484890866e-1,2.8255152795e-1,1.5943072892e-1,6.249999220638280e-1,2.999987933782087e-2,3.4566818809e1,4.140e-1
52.462121,4.1155937185e-2,2.2093990008e-1,4.3106854629e-1,2.1460177467e-1,3.4223368493e-1,6.249999215760689e-1,2.999987817537357e-2,5.4584174599e1,5.747e-1
52.556818,3.7450181694e-2,2.8078065094e-1,2.9952744102e-1,1.7432206954e-1,4.5791949762e-1,6.249999204082473e-1,2.999987824633954e-2,6.7168507841e1,5.820e-1
52.651515,3.3719723891e-2,3.4084377589e-1,1.6831778958e-1,3.6892062017e-1,3.3819793006e-1,6.249999197955165e-1,2.999988004905919e-2,5.7139884623e1,4.120e-1
52.746212,3.0096396126e-2,3.9048618259e-1,6.5833568622e-2,7.1614224140e-1,4.7441453424e-2,6.249999210804426e-1,2.999988243926059e-2,3.0311746875e1,1.719e-1
52.840909,2.6703422534e-2,4.2281076155e-1,1.7769044779e-2,6.5497522092e-1,1.2774139067e-1,6.249999202260496e-1,2.999987984303716e-2,3.8311230667e1,1.618e-1
52.935606,2.3618461090e-2,4.3844875691e-1,4.5676631091e-3,3.3018430624e-1,4.5318065107e-1,6.249999192107226e-1,2.999987563866191e-2,6.9498269185e1,2.353e-1
53.030303,2.0871185702e-2,4.3989318307e-1,7.3620897267e-3,2.3431023617e-1,5.4756314464e-1,6.249999196541328e-1,2.999987477897900e-2,7.8535128748e1,4.182e-1
53.125000,1.8461336106e-2,4.2916691550e-1,2.1857742787e-2,4.2651757585e-1,3.5399626796e-1,6.249999191012329e-1,2.999987623726304e-2,6.0002511168e1,4.958e-1
53.219697,1.6369012083e-2,4.0973828435e-1,4.6904024636e-2,7.3402370721e-1,4.2964811152e-2,6.249999197122140e-1,2.999987974544586e-2,3.0191147730e1,6.610e-1
53.314394,1.4559037222e-2,3.8661937000e-1,8.4703054455e-2,6.2268801078e-1,1.4143036300e-1,6.249999177289380e-1,2.999987706361872e-2,3.9487245503e1,5.846e-1
53.409091,1.2988621751e-2,3.6409275756e-1,1.3394566079e-1,2.9008739268e-1,4.4888540131e-1,6.249999170501731e-1,2.999987202858265e-2,6.8546373046e1,5.766e-1
53.503788,1.1617274791e-2,3.4461407878e-1,1.8891077683e-1,1.4490081038e-1,5.5995689610e-1,6.249999184396866e-1,2.999987106430152e-2,7.8517631643e1,4.969e-1
53.598485,1.0411792918e-2,3.2996969850e-1,2.5558374151e-1,1.5019507918e-1,5.0383952672e-1,6.249999194165994e-1,2.999987146331243e-2,7.2007517180e1,3.791e-1
53.693182,9.3452102309e-3,3.2379305014e-1,3.4724456971e-1,2.1920113885e-1,3.5041587088e-1,6.249999199070513e-1,2.999987209589811e-2,5.5297883179e1,4.589e-1
53.787879,8.3934460895e-3,3.3393758138e-1,4.6757521082e-1,2.6881198973e-1,1.7128161152e-1,6.249999197731673e-1,2.999987239333149e-2,3.4938703518e1,4.860e-1
53.882576,7.5336591498e-3,3.7262317663e-1,5.8757714769e-1,2.2387743492e-1,5.8388419858e-2,6.249999191273246e-1,2.999987171911804e-2,2.0087426024e1,5.069e-1
53.977273,6.7471303456e-3,4.5205306289e-1,6.3539123737e-1,1.2441863094e-1,3.1389776109e-2,6.249999188292855e-1,2.999987103304923e-2,1.3989897122e1,5.702e-1
54.071970,6.0263532286e-3,5.7524014685e-1,5.5148852809e-1,7.1484785110e-2,4.5760024220e-2,6.249999187498304e-1,2.999987104910586e-2,1.3710197919e1,5.857e-1
54.166667,5.3809276805e-3,7.2670871455e-1,3.6410301086e-1,8.3634879106e-2,7.0172305177e-2,6.249999186866509e-1,2.999987142483848e-2,1.6027303174e1,6.828e-1
54.261364,4.8355958651e-3,8.7219348309e-1,1.6900030435e-1,1.0790682850e-1,9.6063625545e-2,6.249999186757933e-1,2.999987145647176e-2,1.8847969781e1,7.616e-1
54.356061,4.4199468660e-3,9.7298371288e-1,4.4429554606e-2,1.0277318357e-1,1.2539343933e-1,6.249999186226949e-1,2.999987099058196e-2,2.1642715944e1,8.120e-1
54.450758,4.1564679552e-3,1.0051734543e0,1.0535921918e-2,7.7227132165e-2,1.5290686077e-1,6.249999185504744e-1,2.999987044523385e-2,2.4140058926e1,8.315e-1
54.545455,4.0535895809e-3,9.6790778293e-1,4.7517140959e-2,6.0747784871e-2,1.6977353867e-1,6.249999185054046e-1,2.999987014546390e-2,2.5992921554e1,8.229e-1
54.640152,4.1049068935e-3,8.7814934799e-1,1.2243704543e-1,7.2177950033e-2,1.7313058656e-1,6.249999184551429e-1,2.999987015574620e-2,2.7208256994e1,7.918e-1
54.734848,4.2919922513e-3,7.5942983465e-1,2.0661182129e-1,1.1420430153e-1,1.6546188713e-1,6.249999184271797e-1,2.999987058481559e-2,2.8007559438e1,7.439e-1
54.829545,4.5879789153e-3,6.3138009606e-1,2.9367216580e-1,1.5521884997e-1,1.6514074609e-1,6.249999184240548e-1,2.999987118845411e-2,2.9719450207e1,6.835e-1
54.924242,4.9605928707e-3,5.0593699095e-1,3.9863997186e-1,1.3592135436e-1,2.0454092609e-1,6.249999180687644e-1,2.999987081846854e-2,3.4734195933e1,6.128e-1
55.018939,5.3756372109e-3,3.9163060641e-1,5.0686062324e-1,7.5014296973e-2,2.7111867023e-1,6.249999170325055e-1,2.999986998938126e-2,4.1944481310e1,6.036e-1
55.113636,5.8028104722e-3,2.9728602326e-1,5.3977257589e-1,1.3008206268e-1,2.7705635960e-1,6.249999159524217e-1,2.999987096240436e-2,4.4541494094e1,6.030e-1
55.208333,6.2222590317e-3,2.2872719882e-1,4.4673745118e-1,4.5801096428e-1,1.1030195893e-1,6.249999161168615e-1,2.999987465869783e-2,3.2809466736e1,5.244e-1
55.303030,6.6265292605e-3,1.8472919142e-1,3.2106602722e-1,7.1184731537e-1,2.5730774347e-2,6.249999188084352e-1,2.999987741819929e-2,2.9013953073e1,5.574e-1
55.397727,7.0155819939e-3,1.5868457672e-1,2.6671966267e-1,4.4303120723e-1,3.7454880506e-1,6.249999168420329e-1,2.999986960464661e-2,6.4573879925e1,5.678e-1
55.492424,7.3912661972e-3,1.4435797995e-1,2.4190718469e-1,2.4977281212e-1,6.0657058709e-1,6.249999150221408e-1,2.999986780666852e-2,8.7861434206e1,6.184e-1
55.587121,7.7578872096e-3,1.3840731545e-1,1.8641088257e-1,5.0100596450e-1,4.1641777717e-1,6.249999134475224e-1,2.999987085043643e-2,7.1105646977e1,7.063e-1
55.681818,8.1250320265e-3,1.3907191289e-1,1.1867793146e-1,9.6423087563e-1,1.9894081559e-2,6.249999167806393e-1,2.999987503164064e-2,3.4633460253e1,9.730e-1
55.776515,8.5073152750e-3,1.4504295746e-1,8.4592719707e-2,6.9922687010e-1,3.1262996322e-1,6.249999128822962e-1,2.999986702747559e-2,6.3362976465e1,8.263e-1
55.871212,8.9203470781e-3,1.5468961289e-1,6.9393654699e-2,3.2070478638e-1,6.9629142338e-1,6.249999122138394e-1,2.999986145431663e-2,1.0025684399e2,5.119e-1
55.965909,9.3777827714e-3,1.6580444883e-1,4.9201881303e-2,4.3656357159e-1,5.8905213821e-1,6.249999113539889e-1,2.999986265744922e-2,9.0098620821e1,3.949e-1
56.060606,9.8918521062e-3,1.7646545556e-1,2.8812920112e-2,9.2957620441e-1,1.0525339390e-1,6.249999130447530e-1,2.999986807837944e-2,4.3807253159e1,4.734e-1
56.155303,1.0474852957e-2,1.8604626199e-1,1.9178870914e-2,8.5165245367e-1,1.8264738147e-1,6.249999105036010e-1,2.999986316840563e-2,5.1162504264e1,4.547e-1
56.250000,1.1139258935e-2,1.9470668335e-1,1.4957494908e-2,3.7943148171e-1,6.4976489807e-1,6.249999084878377e-1,2.999985488206500e-2,9.5826357323e1,8.059e-1
56.344697,1.1895895437e-2,2.0186740337e-1,1.0449402873e-2,3.3469622473e-1,6.9109089131e-1,6.249999088590159e-1,2.999985406960473e-2,9.9663191256e1,8.074e-1
56.439394,1.2753064497e-2,2.0679292101e-1,8.5048793116e-3,7.4705019098e-1,2.7489876061e-1,6.249999082072153e-1,2.999985916097080e-2,5.9580648879e1,4.834e-1
56.534091,1.3718287963e-2,2.0979194136e-1,1.1460861386e-2,9.7156835848e-1,4.3460369484e-2,6.249999093370220e-1,2.999986035037241e-2,3.7171244683e1,3.427e-1
56.628788,1.4800864469e-2,2.1187504074e-1,1.6505008916e-2,5.0818114774e-1,4.9863774753e-1,6.249999046971826e-1,2.999985002762073e-2,8.0650618997e1,2.835e-1
56.723485,1.6011366925e-2,2.1319793047e-1,2.1248493349e-2,2.7448001744e-1,7.2506200385e-1,6.249999060128125e-1,2.999984666587024e-2,1.0219568654e2,3.707e-1
56.818182,1.7359227067e-2,2.1335609985e-1,3.0167607598e-2,4.8995798167e-1,4.9915889376e-1,6.249999049705677e-1,2.999984899764338e-2,8.0247726488e1,6.412e-1
56.912879,1.8854228336e-2,2.1292949975e-1,5.3006273524e-2,9.1466741838e-1,5.0542392947e-2,6.249999064674957e-1,2.999985547623906e-2,3.6598119987e1,8.923e-1
57.007576,2.0513024417e-2,2.1417102786e-1,9.7478101542e-2,7.0468693012e-1,2.1315072000e-1,6.249999019705694e-1,2.999984879350455e-2,5.1051697305e1,7.743e-1
57.102273,2.2364574705e-2,2.1947820855e-1,1.4912872967e-1,2.7809117373e-1,5.8093711656e-1,6.249999016073863e-1,2.999984079907123e-2,8.4902037021e1,7.526e-1
57.196970,2.4446972736e-2,2.2950360510e-1,1.9464157473e-1,1.7653430364e-1,6.2487335133e-1,6.249999037649324e-1,2.999983981205367e-2,8.7661249980e1,7.820e-1
57.291667,2.6803244706e-2,2.4444470480e-1,2.5637462425e-1,2.9361026104e-1,4.2876697497e-1,6.249999048824531e-1,2.999984126594608e-2,6.6830989175e1,5.727e-1
57.386364,2.9489813992e-2,2.6781693923e-1,3.7437758722e-1,4.3969151878e-1,1.3862395037e-1,6.249999047941297e-1,2.999984405635286e-2,3.5359393731e1,6.281e-1
57.481061,3.2606766065e-2,3.0985225942e-1,5.5188273064e-1,3.5156270846e-1,4.0953405181e-3,6.249999025493158e-1,2.999984231986231e-2,1.6825280004e1,5.867e-1
57.575758,3.6345499403e-2,3.8504374115e-1,6.8695927048e-1,1.2450834678e-1,1.7142945409e-2,6.249999016074979e-1,2.999983888458277e-2,1.2462498505e1,5.057e-1
57.670455,4.1021049582e-2,5.0116719776e-1,6.5181064349e-1,2.9294641513e-2,2.6706270346e-2,6.249999013477292e-1,2.999983785231249e-2,1.0593161201e1,6.041e-1
57.765152,4.7056801112e-2,6.4760255141e-1,4.5810539115e-1,7.9923557484e-2,1.7311501348e-2,6.249999012545822e-1,2.999983819504494e-2,9.7570026446e0,7.038e-1
57.859848,5.4923259900e-2,7.9357688857e-1,2.3068975931e-1,1.6667036087e-1,4.1395342881e-3,6.249999014686662e-1,2.999983839417348e-2,9.3234454182e0,7.875e-1
57.954545,6.5052460861e-2,9.0159356598e-1,7.1438112900e-2,1.9556589745e-1,1.6349766139e-2,6.249999016651808e-1,2.999983821309395e-2,1.0758097050e1,8.419e-1
58.049242,7.7753129249e-2,9.4628857725e-1,4.7805206464e-3,1.6072330493e-1,6.0454271231e-2,6.249999016563416e-1,2.999983794848369e-2,1.4850990360e1,8.621e-1
58.143939,9.3139401177e-2,9.2240518406e-1,1.2905920115e-2,1.1539593822e-1,1.0615335973e-1,6.249999016541872e-1,2.999983779507586e-2,1.9274927498e1,8.502e-1
58.238636,1.1107495857e-1,8.4128428555e-1,7.2109025403e-2,9.3473305770e-2,1.3205822824e-1,6.249999017608272e-1,2.999983778648845e-2,2.2209577253e1,8.123e-1
58.333333,1.3115139982e-1,7.2395337514e-1,1.6030149509e-1,9.7213444674e-2,1.3738008910e-1,6.249999019153156e-1,2.999983784337371e-2,2.3491376046e1,7.566e-1
58.428030,1.5273476934e-1,5.9420789373e-1,2.5504245147e-1,1.1807804906e-1,1.2993664046e-1,6.249999020324298e-1,2.999983787095034e-2,2.3715510333e1,6.924e-1
58.522727,1.7509188286e-1,4.7256760254e-1,3.3572701195e-1,1.4501059382e-1,1.2160271296e-1,6.249999020654577e-1,2.999983783727161e-2,2.3923983503e1,6.288e-1
58.617424,1.9756170967e-1,3.7251763040e-1,3.8912789563e-1,1.6343377481e-1,1.2735879354e-1,6.249999020270347e-1,2.999983778875385e-2,2.5488645648e1,6.195e-1
58.712121,2.1970802769e-1,2.9982335378e-1,4.1138721264e-1,1.6096309242e-1,1.5811811740e-1,6.249999019619320e-1,2.999983779080386e-2,2.9390536407e1,6.413e-1
58.806818,2.4140148649e-1,2.5409962916e-1,4.0456113796e-1,1.3833461426e-1,2.1160293591e-1,6.249999018942627e-1,2.999983784260771e-2,3.5377272558e1,6.339e-1
58.901515,2.6281625132e-1,2.3111996969e-1,3.7327492153e-1,1.0771947787e-1,2.7506918323e-1,6.249999018200172e-1,2.999983790494192e-2,4.2235726183e1,6.026e-1
58.996212,2.8435887698e-1,2.2485482027e-1,3.2445809282e-1,8.0109606665e-2,3.3621840672e-1,6.249999017286051e-1,2.999983795243881e-2,4.8787017295e1,5.543e-1
59.090909,3.0656232395e-1,2.2894843708e-1,2.6709554715e-1,5.9278363980e-2,3.8811513106e-1,6.249999016128558e-1,2.999983796112300e-2,5.4323586836e1,4.964e-1
59.185606,3.2997910503e-1,2.3769132896e-1,2.0995465258e-1,4.5164380911e-2,4.2721033545e-1,6.249999014673491e-1,2.999983791506236e-2,5.8448192558e1,4.634e-1
59.280303,3.5509889313e-1,2.4654715322e-1,1.5898278034e-1,3.9843543366e-2,4.4952743252e-1,6.249999012823086e-1,2.999983782000377e-2,6.0757010746e1,4.593e-1
59.375000,3.8229905884e-1,2.5223294332e-1,1.1669925063e-1,5.3305875300e-2,4.4546267399e-1,6.249999010358254e-1,2.999983770736406e-2,6.0354219701e1,6.114e-1
59.469697,4.1181673049e-1,2.5247995699e-1,8.3990827557e-2,1.0988016745e-1,3.9183211891e-1,6.249999007010962e-1,2.999983772294659e-2,5.5053471479e1,6.259e-1
59.564394,4.4372197414e-1,2.4583002431e-1,6.2695819040e-2,2.4335111936e-1,2.5440086391e-1,6.249999003778959e-1,2.999983847774161e-2,4.1565633988e1,4.589e-1
59.659091,4.7788606662e-1,2.3177837340e-1,5.6392626404e-2,4.2026828960e-1,6.3674444737e-2,6.249999003808274e-1,2.999984038898362e-2,2.2752554985e1,4.724e-1
59.753788,5.1396209700e-1,2.1099244120e-1,6.7305497243e-2,4.4857598600e-1,9.1637789015e-3,6.249999001714304e-1,2.999984027650062e-2,1.6744805160e1,5.023e-1
59.848485,5.5137389616e-1,1.8490822821e-1,9.1018179088e-2,2.8030659534e-1,1.4239290059e-1,6.249998996936629e-1,2.999983784087609e-2,2.8569751164e1,5.315e-1
59.943182,5.8926812184e-1,1.5512230469e-1,1.1698190682e-1,1.1993820673e-1,2.6868925926e-1,6.249998996644235e-1,2.999983663053202e-2,3.9770981725e1,5.593e-1
60.037879,6.2646257469e-1,1.2343218055e-1,1.3697563418e-1,5.1283372185e-2,3.1184603791e-1,6.249998997607354e-1,2.999983638703520e-2,4.3213261485e1,5.852e-1
60.132576,6.6148690721e-1,9.1950325144e-2,1.5031377691e-1,4.9573827890e-2,2.9667496253e-1,6.249998998432309e-1,2.999983643444870e-2,4.1277912015e1,6.084e-1
60.227273,6.9271755788e-1,6.2859643916e-2,1.6317733340e-1,8.4709849719e-2,2.4653541492e-1,6.249998999212558e-1,2.999983662771587e-2,3.6044745035e1,6.285e-1
60.321970,7.1853403568e-1,3.8079903998e-2,1.8622664093e-1,1.2844856151e-1,1.7871065784e-1,6.249998999795592e-1,2.999983690882224e-2,2.8910558126e1,6.449e-1
60.416667,7.3742426127e-1,1.9162542946e-2,2.2983842895e-1,1.4461718018e-1,1.1895738657e-1,6.249998999541329e-1,2.999983699409735e-2,2.2100039894e1,6.572e-1
60.511364,7.4800441729e-1,7.6171701408e-3,2.9499378061e-1,1.1130396184e-1,8.8080469798e-2,6.249998998426095e-1,2.999983669087618e-2,1.7585213707e1,6.651e-1
60.606061,7.4899635888e-1,5.5894892788e-3,3.6481627651e-1,5.0559859476e-2,8.0037815351e-2,6.249998997490933e-1,2.999983633840635e-2,1.5166963238e1,6.683e-1
60.700758,7.3928373850e-1,1.6357375931e-2,4.0907187423e-1,6.9844244110e-3,7.8302386340e-2,6.249998997083452e-1,2.999983617069931e-2,1.3921138648e1,6.664e-1
60.795455,7.1814573923e-1,4.3970874132e-2,4.0399115329e-1,5.5477958807e-3,7.8344236862e-2,6.249998996958348e-1,2.999983614184069e-2,1.3884535631e1,6.592e-1
60.890152,6.8562241650e-1,9.1810216334e-2,3.4991327334e-1,3.7925941089e-2,8.4727952148e-2,6.249998997037133e-1,2.999983621284943e-2,1.5384545817e1,6.467e-1
60.984848,6.4281223844e-1,1.6068296669e-1,2.6890987683e-1,7.2987628809e-2,1.0460708868e-1,6.249998997217484e-1,2.999983632754168e-2,1.8519362540e1,6.294e-1
61.079545,5.9188683963e-1,2.4768328618e-1,1.8600955508e-1,8.3048591253e-2,1.4137152725e-1,6.249998997036441e-1,2.999983634749177e-2,2.3032496842e1,6.081e-1
61.174242,5.3578272328e-1,3.4631780918e-1,1.1466282890e-1,6.7075936258e-2,1.8616050166e-1,6.249998996398670e-1,2.999983624940223e-2,2.7852803784e1,5.885e-1
61.268939,4.7773534148e-1,4.4708958839e-1,5.8252720702e-2,4.3304223743e-2,2.2361792485e-1,6.249998995869346e-1,2.999983615631824e-2,3.1607898154e1,6.686e-1
61.363636,4.2083911626e-1,5.3813630486e-1,1.9113337945e-2,2.6973785143e-2,2.4493725494e-1,6.249998995708139e-1,2.999983612917030e-2,3.3654728628e1,7.335e-1
61.458333,3.6769862407e-1,6.0692146567e-1,2.5812045875e-3,2.3638490526e-2,2.4916001428e-1,6.249998995603452e-1,2.999983613527857e-2,3.4067255404e1,7.790e-1
61.553030,3.2017939929e-1,6.4364049710e-1,1.3488173575e-2,3.6719709501e-2,2.3597201953e-1,6.249998995009977e-1,2.999983612427624e-2,3.2934725286e1,8.022e-1
61.647727,2.7929025346e-1,6.4502559570e-1,4.9739214229e-2,7.6480882587e-2,1.9946385273e-1,6.249998993533966e-1,2.999983611818056e-2,2.9806371424e1,8.031e-1
61.742424,2.4523331281e-1,6.1590005644e-1,9.9669972363e-2,1.5835218181e-1,1.3084427492e-1,6.249998991739172e-1,2.999983636360522e-2,2.3967113556e1,7.848e-1
61.837121,2.1761581138e-1,5.6659845297e-1,1.5063569554e-1,2.6597331496e-1,4.9176523447e-2,6.249998991482730e-1,2.999983713072112e-2,1.7252831456e1,7.527e-1
61.931818,1.9575788773e-1,5.0746107756e-1,2.0520345811e-1,3.0577950133e-1,3.5797873745e-2,6.249998992372812e-1,2.999983736638637e-2,1.7121500646e1,7.123e-1
62.026515,1.7896582523e-1,4.4538890822e-1,2.7430476529e-1,2.2216499744e-1,1.2917530182e-1,6.249998989966056e-1,2.999983638524914e-2,2.6818417402e1,6.667e-1
62.121212,1.6663678739e-1,3.8557965687e-1,3.4127446002e-1,1.2590028265e-1,2.3060860983e-1,6.249998983793108e-1,2.999983591591081e-2,3.7131384491e1,6.184e-1
62.215909,1.5821103422e-1,3.3372676873e-1,3.5944093474e-1,1.6444562225e-1,2.3417543571e-1,6.249998978213380e-1,2.999983641498995e-2,3.8858802215e1,5.710e-1
62.310606,1.5312172871e-1,2.9458638075e-1,3.0667797073e-1,4.0100421645e-1,9.4609499131e-2,6.249998978835490e-1,2.999983760127987e-2,2.8061308207e1,5.298e-1
62.405303,1.5083020474e-1,2.6948646889e-1,2.2716651555e-1,5.9538680714e-1,7.1298015084e-3,6.249998989128344e-1,2.999983850630079e-2,2.2396712586e1,4.983e-1
62.500000,1.5091860260e-1,2.5564939099e-1,1.7291965456e-1,4.3778517113e-1,2.3272697714e-1,6.249998982127034e-1,2.999983597021036e-2,4.5768293870e1,4.760e-1
62.594697,1.5313228631e-1,2.4797798196e-1,1.3773079477e-1,2.5032965643e-1,4.6082907568e-1,6.249998975745076e-1,2.999983462793290e-2,6.8671039157e1,4.593e-1
62.689394,1.5730325885e-1,2.4149368100e-1,1.0061659669e-1,3.1220524333e-1,4.3838101408e-1,6.249998969742401e-1,2.999983522386795e-2,6.7469909354e1,4.767e-1
62.784091,1.6323568771e-1,2.3228289898e-1,6.3587824691e-2,6.3134422982e-1,1.5954915297e-1,6.249998970818701e-1,2.999983681251710e-2,4.1680193174e1,7.350e-1
62.878788,1.7064122250e-1,2.1748802635e-1,4.6847089932e-2,7.6272291757e-1,5.2300538790e-2,6.249998975725320e-1,2.999983645166786e-2,3.1996675711e1,8.084e-1
62.973485,1.7914064421e-1,1.9578013496e-1,6.4133004663e-2,4.5063038395e-1,3.6031562323e-1,6.249998955064024e-1,2.999983365215358e-2,6.1534766689e1,6.328e-1
63.068182,1.8830126841e-1,1.6831592058e-1,1.1103550135e-1,2.4130092091e-1,5.4104618091e-1,6.249998960820331e-1,2.999983172257928e-2,7.8294607112e1,7.356e-1
63.162879,1.9767924002e-1,1.3782242234e-1,1.8658087587e-1,2.8610492721e-1,4.4181232803e-1,6.249998967299600e-1,2.999983167388395e-2,6.7574467130e1,6.437e-1
63.257576,2.0684778538e-1,1.0659792100e-1,3.1946398158e-1,4.4671380405e-1,1.7037630214e-1,6.249998970766784e-1,2.999983281561555e-2,3.8975339991e1,6.160e-1
63.352273,2.1538985753e-1,7.6376286820e-2,5.5361783851e-1,3.9914464117e-1,5.4711657356e-3,6.249998948807849e-1,2.999983247760896e-2,1.8162327942e1,5.925e-1
63.446970,2.2289289678e-1,4.9787616515e-2,8.3372685607e-1,1.2741673608e-1,1.6175681249e-2,6.249998933459888e-1,2.999983106073582e-2,1.3028659284e1,5.872e-1
63.541667,2.2902459951e-1,2.9726403956e-2,9.6497441505e-1,1.6180510545e-3,2.4656316661e-2,6.249998931144232e-1,2.999982975741071e-2,1.1101546594e1,6.437e-1
63.636364,2.3362650335e-1,1.6843439472e-2,8.5009599696e-1,1.1401569771e-1,3.5418148465e-2,6.249998929759599e-1,2.999982913033274e-2,1.5133293437e1,6.139e-1
63.731061,2.3669830066e-1,9.6912972119e-3,6.0872335474e-1,2.9025819929e-1,1.0462863583e-1,6.249998938609639e-1,2.999982890428285e-2,2.7688246346e1,5.387e-1
63.825758,2.3831217464e-1,6.5221431200e-3,3.9481060370e-1,3.5277153192e-1,2.5758333577e-1,6.249998945764256e-1,2.999982912571456e-2,4.7550041203e1,5.901e-1
63.920455,2.3855320824e-1,6.1877492441e-3,2.5535718188e-1,3.6694998278e-1,3.8295166587e-1,6.249998940044719e-1,2.999982997198203e-2,6.2934722238e1,5.713e-1
64.015152,2.3751383538e-1,8.0724316033e-3,1.8065430166e-1,4.8538598555e-1,3.3837323280e-1,6.249998934993088e-1,2.999983021633397e-2,6.0424261530e1,5.782e-1
64.109848,2.3531847950e-1,1.1765434418e-2,1.7228604897e-1,6.5198598925e-1,1.7864383575e-1,6.249998939403530e-1,2.999982818078557e-2,4.5249441132e1,5.942e-1
64.204545,2.3214429724e-1,1.6936081759e-2,2.4477824970e-1,5.8751506813e-1,1.6862608900e-1,6.249998929149938e-1,2.999982876758536e-2,4.2492791882e1,5.097e-1
64.299242,2.2821824595e-1,2.3492118046e-2,3.8937520150e-1,3.4889869172e-1,2.6001552674e-1,6.249998919795157e-1,2.999982964315524e-2,4.7722840529e1,6.127e-1
64.393939,2.2378784494e-1,3.1869686817e-2,5.6443803882e-1,1.8051356617e-1,2.4939064784e-1,6.249998922970516e-1,2.999982840838639e-2,4.2389574648e1,7.312e-1
64.488636,2.1908487368e-1,4.3249491391e-2,7.2218969832e-1,8.1060632701e-2,1.8441508874e-1,6.249998924134651e-1,2.999982772615338e-2,3.2172630611e1,8.275e-1
64.583333,2.1431472881e-1,5.9352467030e-2,7.9952418347e-1,1.4708397003e-2,1.6210000837e-1,6.249998923394633e-1,2.999982789559643e-2,2.7841525542e1,8.724e-1
64.678030,2.0968006320e-1,8.1335413683e-2,7.2100227974e-1,7.9180507182e-2,1.5880152108e-1,6.249998924363449e-1,2.999982962265463e-2,2.8895900024e1,8.281e-1
64.772727,2.0540390620e-1,1.0789561658e-1,4.9901314669e-1,3.7600893364e-1,6.1678182696e-2,6.249998929052918e-1,2.999983235624495e-2,2.4237691621e1,6.880e-1
64.867424,2.0170296804e-1,1.3501631139e-1,2.7514310898e-1,6.1610560814e-1,2.2031793819e-2,6.249998951865259e-1,2.999983372540829e-2,2.5107478048e1,5.187e-1
64.962121,1.9873792808e-1,1.5934716902e-1,1.4564534657e-1,4.3486086454e-1,3.1140848136e-1,6.249998947822119e-1,2.999982916539605e-2,5.5359059354e1,5.402e-1
65.056818,1.9663439486e-1,1.7983849321e-1,8.2484601147e-2,2.2292277581e-1,5.6811952360e-1,6.249998943068846e-1,2.999982662812159e-2,8.0970698839e1,6.421e-1
65.151515,1.9553644567e-1,1.9550596474e-1,4.6543006355e-2,2.5156078351e-1,5.6085358712e-1,6.249998936967105e-1,2.999982680060703e-2,8.0700328427e1,5.019e-1
65.246212,1.9560071817e-1,2.0461738792e-1,2.8440843469e-2,5.5661196760e-1,2.6472886885e-1,6.249998930047167e-1,2.999982994118744e-2,5.2431440059e1,3.862e-1
65.340909,1.9696103648e-1,2.0580218639e-1,3.3739690539e-2,8.0229680051e-1,1.1200073935e-2,6.249998939318340e-1,2.999983239934159e-2,2.7887109496e1,3.784e-1
65.435606,1.9971979052e-1,1.9915903999e-1,6.5494267125e-2,5.1255540018e-1,2.7307128463e-1,6.249998912177885e-1,2.999982654027400e-2,5.2377029350e1,3.713e-1
65.530303,2.0394036150e-1,1.8645874712e-1,1.1145228322e-1,2.2466901887e-1,5.2347937183e-1,6.249998912705961e-1,2.999982316102007e-2,7.5561274139e1,4.715e-1
65.625000,2.0962054768e-1,1.7072856068e-1,1.5705662695e-1,2.2156506504e-1,4.9102898285e-1,6.249998915998282e-1,2.999982285438577e-2,7.1644512297e1,5.905e-1
65.719697,2.1672761636e-1,1.5531543668e-1,2.1215234054e-1,4.3374086928e-1,2.3206352102e-1,6.249998919397699e-1,2.999982495736207e-2,4.5700051914e1,4.878e-1
65.814394,2.2530763283e-1,1.4304009680e-1,3.1789629405e-1,5.5409911297e-1,9.6566460344e-3,6.249998913447696e-1,2.999982675060700e-2,2.1909126670e1,5.304e-1
65.909091,2.3557922673e-1,1.3593634214e-1,4.8612645354e-1,3.1099987238e-1,8.1357883369e-2,6.249998890776300e-1,2.999982297871079e-2,2.4644478913e1,3.812e-1
66.003788,2.4790406444e-1,1.3541756842e-1,6.2248702725e-1,7.4981034424e-2,1.6921008245e-1,6.249998884903666e-1,2.999982082674332e-2,2.9432967043e1,3.717e-1
66.098485,2.6266001692e-1,1.4173370028e-1,6.3591211246e-1,4.9422442999e-2,1.6027150453e-1,6.249998885934270e-1,2.999981977142118e-2,2.7598365064e1,3.604e-1
66.193182,2.8015241056e-1,1.5336908574e-1,5.5432051697e-1,1.1588217718e-1,1.4627558746e-1,6.249998889549707e-1,2.999981988073108e-2,2.7312883377e1,3.665e-1
66.287879,3.0060599295e-1,1.6774816783e-1,4.5441705175e-1,1.3301300634e-1,1.9421555920e-1,6.249998890325776e-1,2.999981998153197e-2,3.3237143527e1,3.767e-1
66.382576,3.2419023302e-1,1.8203018233e-1,3.6362960646e-1,1.0325166727e-1,2.7689808825e-1,6.249998886610402e-1,2.999981980880552e-2,4.2182200981e1,4.693e-1
66.477273,3.5098575567e-1,1.9276485985e-1,2.6821003961e-1,1.3471090276e-1,3.0332821867e-1,6.249998882789360e-1,2.999982014746595e-2,4.5843463793e1,5.470e-1
66.571970,3.8084417978e-1,1.9580775609e-1,1.6708721300e-1,3.1154730491e-1,1.9471332251e-1,6.249998881506762e-1,2.999982111527286e-2,3.6811554345e1,4.364e-1
66.666667,4.1323059512e-1,1.8812423965e-1,8.4661745559e-2,5.4197826320e-1,2.2004933930e-2,6.249998887236689e-1,2.999982232553710e-2,2.1420093707e1,4.243e-1
66.761364,4.4721664158e-1,1.7016109315e-1,3.8002339096e-2,5.1105891453e-1,8.3560788771e-2,6.249998885622928e-1,2.999982125652618e-2,2.7917615447e1,4.388e-1
66.856061,4.8165405528e-1,1.4526703225e-1,1.7299557625e-2,2.9332652497e-1,3.1245260594e-1,6.249998880278326e-1,2.999981915934113e-2,5.0050139912e1,4.530e-1
66.950758,5.1532594402e-1,1.1700184218e-1,7.9583085478e-3,1.8687001112e-1,4.2284367035e-1,6.249998881088721e-1,2.999981850397471e-2,6.0659163285e1,4.664e-1
67.045455,5.4698233297e-1,8.8142575491e-2,3.3436477069e-3,2.6283458059e-1,3.4869663891e-1,6.249998878390176e-1,2.999981880169608e-2,5.3520401859e1,4.785e-1
67.140152,5.7536372517e-1,6.0971098921e-2,1.2728968159e-3,4.8734443857e-1,1.2504761613e-1,6.249998878020860e-1,2.999982027810256e-2,3.2020924133e1,6.268e-1
67.234848,5.9926855022e-1,3.7439533364e-2,7.2546141282e-4,5.9902372065e-1,1.3542510291e-2,6.249998879714479e-1,2.999982087733612e-2,2.1282517411e1,6.813e-1
67.329545,6.1764162332e-1,1.9092483718e-2,9.6423018903e-4,4.0917934146e-1,2.0312209546e-1,6.249998870689510e-1,2.999981849141391e-2,3.9448086766e1,5.578e-1
67.424242,6.2964880874e-1,7.0156660245e-3,1.5116456404e-3,2.1913892473e-1,3.9268472896e-1,6.249998870484977e-1,2.999981707981711e-2,5.7617039800e1,6.176e-1
67.518939,6.3473038907e-1,1.8807323507e-3,2.1681536086e-3,2.0377704718e-1,4.0744345185e-1,6.249998870304632e-1,2.999981694022108e-2,5.9012099235e1,5.789e-1
67.613636,6.3263532707e-1,3.9986693526e-3,3.1003573112e-3,3.6840451854e-1,2.4186090118e-1,6.249998867276193e-1,2.999981781632939e-2,4.3096257805e1,5.971e-1
67.708333,6.2342902741e-1,1.3389389089e-2,4.8517285859e-3,5.8020922664e-1,2.8120402363e-2,6.249998870446951e-1,2.999981942248208e-2,2.2543413876e1,7.495e-1
67.803030,6.0747423361e-1,2.9867800130e-2,7.8068776262e-3,5.1918204146e-1,8.5668820089e-2,6.249998864615205e-1,2.999981815896645e-2,2.8005362036e1,7.140e-1
67.897727,5.8540089000e-1,5.3043611366e-2,1.1055016568e-2,2.8853153108e-1,3.1196872288e-1,6.249998859451367e-1,2.999981596904057e-2,4.9652233323e1,5.282e-1
67.992424,5.5807525118e-1,8.2213204847e-2,1.3022435893e-2,1.8228947035e-1,4.1439940992e-1,6.249998860919367e-1,2.999981532277748e-2,5.9424031043e1,4.688e-1
68.087121,5.2654874573e-1,1.1635627056e-1,1.3278226945e-2,2.5679615542e-1,3.3702037309e-1,6.249998858744102e-1,2.999981560777143e-2,5.1958297458e1,4.529e-1
68.181818,4.9197341344e-1,1.5431243684e-1,1.2502081352e-2,4.7184410615e-1,1.1936773391e-1,6.249998858454162e-1,2.999981703615512e-2,3.1032709568e1,4.566e-1
68.276515,4.5550983257e-1,1.9487150442e-1,1.1230507084e-2,5.7832258350e-1,1.0065344328e-2,6.249998859545272e-1,2.999981767020161e-2,2.0502028728e1,5.301e-1
68.371212,4.1827440442e-1,2.3633116917e-1,8.9126247086e-3,3.9876922334e-1,1.8771234863e-1,6.249998851357911e-1,2.999981537290648e-2,3.7540896310e1,4.861e-1
68.465909,3.8133473761e-1,2.7581827834e-1,6.0361827353e-3,2.1276203127e-1,3.7404854028e-1,6.249998851186738e-1,2.999981399894189e-2,5.5477191544e1,5.252e-1
68.560606,3.4568907766e-1,3.0943787766e-1,6.4503320444e-3,1.8751230180e-1,4.0091018119e-1,6.249998851767982e-1,2.999981384162836e-2,5.8160219800e1,5.563e-1
68.655303,3.1220610333e-1,3.3285038252e-1,1.7356265018e-2,3.2816286254e-1,2.5942415653e-1,6.249998849680237e-1,2.999981452355603e-2,4.4668157574e1,5.769e-1
68.750000,2.8158125340e-1,3.4132450371e-1,5.3414817564e-2,5.2624924143e-1,4.7429954071e-2,6.249998850908548e-1,2.999981593007468e-2,2.4161768021e1,5.842e-1
68.844697,2.5432908486e-1,3.3037609905e-1,1.4009567923e-1,4.8139595764e-1,4.3802947430e-2,6.249998841046390e-1,2.999981549556619e-2,2.2920130090e1,5.747e-1
68.939394,2.3074004852e-1,2.9970279950e-1,2.8561807642e-1,2.3259934699e-1,2.0133949488e-1,6.249998831488177e-1,2.999981355905553e-2,3.6214354682e1,5.473e-1
69.034091,2.1077696677e-1,2.5653520570e-1,4.4757153098e-1,6.3935211552e-2,2.7118085132e-1,6.249998831603086e-1,2.999981207899841e-2,4.0956106882e1,5.059e-1
69.128788,1.9406769462e-1,2.1132036544e-1,5.6785922456e-1,8.3503266131e-3,2.6840215527e-1,6.249998832509309e-1,2.999981142563413e-2,3.9685234700e1,5.085e-1
69.223485,1.8004461303e-1,1.7186487728e-1,6.0576846448e-1,2.1425721659e-2,2.7089608973e-1,6.249998830883362e-1,2.999981129966257e-2,4.0640222355e1,4.106e-1
69.318182,1.6808580629e-1,1.4228343638e-1,5.3339856917e-1,1.6365131317e-1,2.4258064028e-1,6.249998826456591e-1,2.999981285165129e-2,4.0922962307e1,3.695e-1
69.412879,1.5759460502e-1,1.2391947678e-1,3.7061771226e-1,5.1775542013e-1,8.0112552024e-2,6.249998831074722e-1,2.999981655952321e-2,3.0114158057e1,3.386e-1
69.507576,1.4806981069e-1,1.1539339624e-1,2.1436824126e-1,7.1239958379e-1,5.9768739893e-2,6.249998859369178e-1,2.999981650720872e-2,3.2466953015e1,3.193e-1
69.602273,1.3917476568e-1,1.1327806600e-1,1.2825662992e-1,4.5445318193e-1,4.1483712627e-1,6.249998849012250e-1,2.999981218052486e-2,6.8963850538e1,4.584e-1
69.696970,1.3073348323e-1,1.1464502577e-1,9.0865185019e-2,2.7981204863e-1,6.3394402599e-1,6.249998843205111e-1,2.999981054771969e-2,9.1120399157e1,6.717e-1
69.791667,1.2265434867e-1,1.1854840805e-1,7.4238547018e-2,4.4298461390e-1,4.9157384802e-1,6.249998828341587e-1,2.999981206438573e-2,7.7989292558e1,6.535e-1
69.886364,1.1486191972e-1,1.2567449094e-1,7.3534011609e-2,8.3721167494e-1,9.8717670569e-2,6.249998838889262e-1,2.999981449829045e-2,4.0323687466e1,5.660e-1
69.981061,1.0726805273e-1,1.3758498140e-1,9.7699379980e-2,7.5085716773e-1,1.5659018160e-1,6.249998817172545e-1,2.999981219586700e-2,4.5181371641e1,5.366e-1
70.075758,9.9781871391e-2,1.5566120343e-1,1.3861787929e-1,3.4926353164e-1,5.0667527506e-1,6.249998804097771e-1,2.999980751559728e-2,7.7501024597e1,4.443e-1
70.170455,9.2345011622e-2,1.8042466505e-1,1.8082843345e-1,2.2969249489e-1,5.6670915909e-1,6.249998820502682e-1,2.999980593107185e-2,8.1742581503e1,4.441e-1
70.265152,8.4947148801e-2,2.1272334392e-1,2.3837390750e-1,3.5442212226e-1,3.5953324349e-1,6.249998829874366e-1,2.999980683852790e-2,5.9736674602e1,5.899e-1
70.359848,7.7600195312e-2,2.5665043066e-1,3.4523609049e-1,4.9254850766e-1,7.7964541245e-2,6.249998826835509e-1,2.999980877191804e-2,2.9055003207e1,6.939e-1
70.454545,7.0299204977e-2,3.2220697833e-1,4.9876839120e-1,3.5517969287e-1,3.5454934723e-3,6.249998804256512e-1,2.999980694385325e-2,1.6489284025e1,5.748e-1
70.549242,6.3027746092e-2,4.2231032299e-1,6.0053002174e-1,1.1134735702e-1,5.2784311558e-2,6.249998796976229e-1,2.999980415302085e-2,1.5999881997e1,5.997e-1
70.643939,5.5837175445e-2,5.6216694453e-1,5.5113088845e-1,1.0627320622e-2,7.0237429898e-2,6.249998794726008e-1,2.999980327332762e-2,1.4891764871e1,5.837e-1
70.738636,4.8922493454e-2,7.2884970621e-1,3.7543514902e-1,3.0848189681e-2,6.5944220406e-2,6.249998793868928e-1,2.999980350448703e-2,1.3913644133e1,4.875e-1
70.833333,4.2601663357e-2,8.8970512015e-1,1.7703214414e-1,9.2916998979e-2,4.7743832276e-2,6.249998794473147e-1,2.999980380716900e-2,1.2301522724e1,5.117e-1
70.928030,3.7207893772e-2,1.0041582774e0,4.2749665073e-2,1.4643433128e-1,1.9449591490e-2,6.249998795230262e-1,2.999980391129926e-2,9.5443641339e0,5.401e-1
71.022727,3.2976691775e-2,1.0437169709e0,3.4421070796e-3,1.6735984553e-1,2.5041437824e-3,6.249998795230570e-1,2.999980385515669e-2,7.8075046054e0,5.499e-1
71.117424,2.9994804688e-2,1.0051058895e0,4.4894649401e-2,1.5810065758e-1,1.1903757724e-2,6.249998794605142e-1,2.999980372056131e-2,8.9672684079e0,5.376e-1
71.212121,2.8216915635e-2,9.0771932543e-1,1.3312497731e-1,1.3718840653e-1,4.3750133907e-2,6.249998794049314e-1,2.999980360684641e-2,1.2884593076e1,5.041e-1
71.306818,2.7515030419e-2,7.8103854340e-1,2.3087556974e-1,1.2098051344e-1,8.9590101767e-2,6.249998793820953e-1,2.999980359372379e-2,1.8761748616e1,4.776e-1
71.401515,2.7727788628e-2,6.5193027013e-1,3.0709329461e-1,1.1565819521e-1,1.4759021017e-1,6.249998793716365e-1,2.999980369210577e-2,2.6367079940e1,5.515e-1
71.496212,2.8695470689e-2,5.3738914305e-1,3.4621173601e-1,1.1732213359e-1,2.2038127534e-1,6.249998793398590e-1,2.999980382868187e-2,3.5821931428e1,5.856e-1
71.590909,3.0278899622e-2,4.4378766948e-1,3.5162595237e-1,1.1804306300e-1,3.0626417396e-1,6.249998792085623e-1,2.999980383121899e-2,4.6694914690e1,5.894e-1
71.685606,3.2366743804e-2,3.7075119726e-1,3.3525489425e-1,1.2474549960e-1,3.8688142269e-1,6.249998788024198e-1,2.999980361329257e-2,5.6952403012e1,5.743e-1
71.780303,3.4879028556e-2,3.1607642178e-1,3.0231860821e-1,1.8494001379e-1,4.1178568358e-1,6.249998779572027e-1,2.999980363719248e-2,6.1694789163e1,5.458e-1
71.875000,3.7773148989e-2,2.7854455462e-1,2.5275984531e-1,3.8365687109e-1,2.9726533418e-1,6.249998770908420e-1,2.999980494191877e-2,5.2925037096e1,5.020e-1
71.969697,4.1052533626e-2,2.5782957743e-1,2.0291623199e-1,6.5625631672e-1,9.1945096091e-2,6.249998779294926e-1,2.999980546605265e-2,3.4928689712e1,6.647e-1
72.064394,4.4772249674e-2,2.5303179207e-1,1.8336347816e-1,6.1497650896e-1,1.5385572656e-1,6.249998777065718e-1,2.999980476083522e-2,4.1368138821e1,6.437e-1
72.159091,4.9035445010e-2,2.6213131007e-1,1.9575776331e-1,3.5050503599e-1,3.9257019970e-1,6.249998770408390e-1,2.999980343747599e-2,6.3579989162e1,5.584e-1
72.253788,5.3983799589e-2,2.8302605039e-1,2.2201816878e-1,2.2312372698e-1,4.6784800986e-1,6.249998777952628e-1,2.999980249340073e-2,6.9393693876e1,5.376e-1
72.348485,5.9798555228e-2,3.1528031643e-1,2.5979922631e-1,2.4963381762e-1,3.6548784119e-1,6.249998783896084e-1,2.999980254443244e-2,5.7509579557e1,4.988e-1
72.443182,6.6727375214e-2,3.6181246701e-1,3.1728036016e-1,3.2779626726e-1,1.7638328747e-1,6.249998785563631e-1,2.999980298437972e-2,3.6361772851e1,5.723e-1
72.537879,7.5140508104e-2,4.2935038442e-1,3.8859294212e-1,3.2056860286e-1,3.6347318604e-2,6.249998780520969e-1,2.999980291307087e-2,1.8915666633e1,5.619e-1
72.632576,8.5601613109e-2,5.2527322722e-1,4.3275434225e-1,1.9858398533e-1,7.7865872943e-3,6.249998776015572e-1,2.999980220147919e-2,1.1906752703e1,4.924e-1
72.727273,9.8910805401e-2,6.4992076122e-1,3.9850405497e-1,7.9862518944e-2,2.2801614437e-2,6.249998774852169e-1,2.999980170328453e-2,1.0011536619e1,4.534e-1
72.821970,1.1607435824e-1,7.8901308514e-1,2.8422181342e-1,2.6488118352e-2,3.4202379617e-2,6.249998773859277e-1,2.999980161911865e-2,9.1353622350e0,3.683e-1
72.916667,1.3818352194e-1,9.1320376779e-1,1.4337060831e-1,1.6418519087e-2,3.8823337509e-2,6.249998773217710e-1,2.999980165076890e-2,8.5372439751e0,3.695e-1
73.011364,1.6620264030e-1,9.8798627194e-1,3.7492979628e-2,1.8307857466e-2,4.0010005263e-2,6.249998772993138e-1,2.999980164341801e-2,8.0661498136e0,4.050e-1
73.106061,2.0068688597e-1,9.8956987933e-1,4.5949808220e-4,1.9047881663e-2,4.0235609525e-2,6.249998772880239e-1,2.999980160181959e-2,7.8428494188e0,4.448e-1
73.200758,2.4150100337e-1,9.1628966634e-1,3.2393736559e-2,1.9431161952e-2,4.0384186315e-2,6.249998772658830e-1,2.999980154919574e-2,8.0034527576e0,4.877e-1
73.295455,2.8766481556e-1,7.8804327628e-1,1.0834917657e-1,2.6228406260e-2,3.9714079791e-2,6.249998772295544e-1,2.999980150711715e-2,8.5094235864e0,5.322e-1
73.390152,3.3744483506e-1,6.3539868589e-1,1.9027183906e-1,4.9985761930e-2,3.6898632438e-2,6.249998771906778e-1,2.999980152537676e-2,9.2842638356e0,5.762e-1
73.484848,3.8869590754e-1,4.8611988771e-1,2.4349012976e-1,9.8368024898e-2,3.3325804414e-2,6.249998771563026e-1,2.999980168313169e-2,1.0527988529e1,6.183e-1
73.579545,4.3927815302e-1,3.5664164548e-1,2.5643220916e-1,1.5456866173e-1,4.3079084915e-2,6.249998771495349e-1,2.999980195898252e-2,1.3444700085e1,6.572e-1
73.674242,4.8730712180e-1,2.5166962839e-1,2.4484279742e-1,1.7449847105e-1,9.1681735645e-2,6.249998771541454e-1,2.999980203346318e-2,2.0024948433e1,6.920e-1
73.768939,5.3116991974e-1,1.6940130614e-1,2.2932875310e-1,1.4270844326e-1,1.7739133179e-1,6.249998770152203e-1,2.999980174505680e-2,2.9711778250e1,7.224e-1
73.863636,5.6947985892e-1,1.0671957523e-1,2.1293816727e-1,1.0668379754e-1,2.5417835446e-1,6.249998767116711e-1,2.999980150263694e-2,3.8150395311e1,7.479e-1
73.958333,6.0112788753e-1,6.1037279036e-2,1.8496074244e-1,1.3696763305e-1,2.6590621068e-1,6.249998763692641e-1,2.999980162678494e-2,4.0321283666e1,7.684e-1
74.053030,6.2537843582e-1,2.9940913833e-2,1.4039668704e-1,2.8591253464e-1,1.6837118100e-1,6.249998761637425e-1,2.999980230298156e-2,3.2196456819e1,7.838e-1
74.147727,6.4187477140e-1,1.0894099960e-2,9.1925843607e-2,4.8267406891e-1,2.2630969131e-2,6.249998765075069e-1,2.999980324758816e-2,1.9420466588e1,7.941e-1
74.242424,6.5053025497e-1,1.6555657503e-3,5.7939016462e-2,4.7810329265e-1,6.1771623220e-2,6.249998765259162e-1,2.999980267191277e-2,2.3998161528e1,7.995e-1
74.337121,6.5142654855e-1,7.3633940275e-4,4.1082879054e-2,2.9753687771e-1,2.5921710742e-1,6.249998760696094e-1,2.999980123011015e-2,4.3356818822e1,8.001e-1
74.431818,6.4482157181e-1,7.2252645047e-3,3.2455360085e-2,1.9436759552e-1,3.7112996007e-1,6.249998759945330e-1,2.999980070306950e-2,5.4320902141e1,7.961e-1
74.526515,6.3119927146e-1,2.0359644526e-2,2.5368147371e-2,2.5705488909e-1,3.1601779906e-1,6.249998757576056e-1,2.999980091609122e-2,4.9235298834e1,7.877e-1
74.621212,6.1126439235e-1,3.9378427223e-2,1.8444374654e-2,4.5992915475e-1,1.2098340252e-1,6.249998757475539e-1,2.999980187668011e-2,3.0735552522e1,7.752e-1
74.715909,5.8588722909e-1,6.3549755642e-2,1.3381496001e-2,5.7269249888e-1,1.4488772334e-2,6.249998759748370e-1,2.999980226042210e-2,2.0707817917e1,7.588e-1
74.810606,5.5605516886e-1,9.2031394618e-2,1.1027044514e-2,4.1195339051e-1,1.7893275203e-1,6.249998752676496e-1,2.999980069777035e-2,3.6636207486e1,7.391e-1
74.905303,5.2285495068e-1,1.2356931538e-1,1.0101529665e-2,2.3509350358e-1,3.5838045101e-1,6.249998751615026e-1,2.999979963311838e-2,5.3985068188e1,7.165e-1
75.000000,4.8744432152e-1,1.5640053971e-1,9.6594108905e-3,2.2216046989e-1,3.7433500822e-1,6.249998751125158e-1,2.999979952403727e-2,5.5657814616e1,6.916e-1
75.094697,4.5098765648e-1,1.8835064161e-1,1.0550116951e-2,3.8337881401e-1,2.1673252073e-1,6.249998748878836e-1,2.999980020436978e-2,4.0696480748e1,6.648e-1
75.189394,4.1458510020e-1,2.1681603401e-1,1.6567047150e-2,5.7411747333e-1,2.7914095627e-2,6.249998751582616e-1,2.999980115557509e-2,2.2718224382e1,6.369e-1
75.284091,3.7922571972e-1,2.3870178945e-1,3.5636137196e-2,4.9831193688e-1,9.8124165644e-2,6.249998744430673e-1,2.999980029754235e-2,2.9457980719e1,6.086e-1
75.378788,3.4574734756e-1,2.5118601097e-1,7.4976184478e-2,2.7427300818e-1,3.0381719677e-1,6.249998739787432e-1,2.999979869385654e-2,4.8940392620e1,5.806e-1
75.473485,3.1477439988e-1,2.5303420795e-1,1.3628244526e-1,1.5881424485e-1,3.8709445084e-1,6.249998743935717e-1,2.999979801151637e-2,5.6383860721e1,5.534e-1
75.568182,2.8668928078e-1,2.4450798898e-1,2.2541284991e-1,1.6099052467e-1,3.3239910546e-1,6.249998749017076e-1,2.999979800411025e-2,5.0134445706e1,5.276e-1
75.662879,2.6167590974e-1,2.2664278068e-1,3.6083375729e-1,1.9396251950e-1,2.0688478309e-1,6.249998751494643e-1,2.999979823187336e-2,3.6158846434e1,5.037e-1
75.757576,2.3976461546e-1,2.0212368474e-1,5.5323621082e-1,1.5435181295e-1,1.0052342541e-1,6.249998746917399e-1,2.999979799772961e-2,2.2756275831e1,4.820e-1
75.852273,2.2080879972e-1,1.7716059470e-1,7.4890234397e-1,4.4793038533e-2,5.8334971629e-2,6.249998742765083e-1,2.999979757218178e-2,1.5356197943e1,4.627e-1
75.946970,2.0444086955e-1,1.6032454384e-1,8.2030616683e-1,1.0497227988e-2,5.4430940544e-2,6.249998743747479e-1,2.999979779280563e-2,1.4288390542e1,4.457e-1
76.041667,1.9014063059e-1,1.5705319823e-1,6.9905985451e-1,1.5018551961e-1,5.3560546199e-2,6.249998745660652e-1,2.999979910104337e-2,1.7663342089e1,4.307e-1
76.136364,1.7743822957e-1,1.6530883211e-1,4.8743284712e-1,3.3063815052e-1,8.9181691821e-2,6.249998755715739e-1,2.999980155358110e-2,2.6314476926e1,4.171e-1
76.231061,1.6609420527e-1,1.7780467657e-1,3.3372005780e-1,3.0766536673e-1,2.6471544557e-1,6.249998759737215e-1,2.999979977096659e-2,4.6837285686e1,4.048e-1
76.325758,1.5610383340e-1,1.8880828942e-1,2.6672840028e-1,1.6309866063e-1,4.7526056575e-1,6.249998747347923e-1,2.999979659150145e-2,6.8642005254e1,6.453e-1
76.420455,1.4755753782e-1,1.9705415311e-1,2.3001364128e-1,1.2481127310e-1,5.5056314144e-1,6.249998733769906e-1,2.999979580474901e-2,7.6774039049e1,7.417e-1
76.515152,1.4051269625e-1,2.0249364408e-1,1.8215334929e-1,3.3242154130e-1,3.9241851365e-1,6.249998722855337e-1,2.999979801990733e-2,6.2799529500e1,5.816e-1
76.609848,1.3495775334e-1,2.0254344600e-1,1.4829468320e-1,7.1162498318e-1,5.2578881255e-2,6.249998734839188e-1,2.999980681411066e-2,3.1161019497e1,4.008e-1
76.704545,1.3085253794e-1,1.9316440544e-1,1.9168253625e-1,6.2393940319e-1,1.1036085990e-1,6.249998713639211e-1,2.999980159391596e-2,3.6077466339e1,4.207e-1
76.799242,1.2817436858e-1,1.7461337894e-1,3.0106970628e-1,2.3293565008e-1,4.1320663486e-1,6.249998693722745e-1,2.999979258536117e-2,6.3166261657e1,5.462e-1
76.893939,1.2687970744e-1,1.5202371490e-1,3.9763982714e-1,9.0676090291e-2,4.8278040051e-1,6.249998701420676e-1,2.999979082539106e-2,6.8246132056e1,6.306e-1
76.988636,1.2684405913e-1,1.2935066367e-1,4.6319712313e-1,1.4312964824e-1,3.8747824865e-1,6.249998714161550e-1,2.999979169058946e-2,5.8205064913e1,6.758e-1
77.083333,1.2787113832e-1,1.0732922819e-1,5.5392803242e-1,1.9053364271e-1,2.7033770209e-1,6.249998718643701e-1,2.999979280198374e-2,4.5410320719e1,7.202e-1
77.178030,1.2974962447e-1,8.6398749611e-2,6.9373599410e-1,1.0492944414e-1,2.3518592936e-1,6.249998708363556e-1,2.999979110583276e-2,3.9249101435e1,7.808e-1
77.272727,1.3230843642e-1,6.8612633747e-2,7.8346833370e-1,1.4952333416e-2,2.5065800264e-1,6.249998699572823e-1,2.999979039822061e-2,3.9033825162e1,8.151e-1
77.367424,1.3542219362e-1,5.5626807578e-2,7.0295900683e-1,1.3994462604e-1,2.1604710631e-1,6.249998701882210e-1,2.999979208530788e-2,3.7934894407e1,7.607e-1
77.462121,1.3895832804e-1,4.6433805488e-2,5.1249406361e-1,4.5096918105e-1,1.0114436558e-1,6.249998718852132e-1,2.999979889456418e-2,3.1639791872e1,6.157e-1
77.556818,1.4272828980e-1,3.8517584214e-2,4.0051830033e-1,4.8462036794e-1,1.8361520306e-1,6.249998726705385e-1,2.999979759797358e-2,4.2363143481e1,4.631e-1
77.651515,1.4651717183e-1,3.0678460905e-2,4.0841604096e-1,2.1461024524e-1,4.4977782160e-1,6.249998702658141e-1,2.999978802760828e-2,6.7841032848e1,3.715e-1
77.746212,1.5015432355e-1,2.3429927931e-2,4.2142112534e-1,9.8676783446e-2,5.5631757760e-1,6.249998689320657e-1,2.999978630659642e-2,7.7859613023e1,3.637e-1
77.840909,1.5352685643e-1,1.7307459409e-2,3.6996326556e-1,3.0424087116e-1,4.0496128535e-1,6.249998689543808e-1,2.999978902474297e-2,6.4641836873e1,5.286e-1
77.935606,1.5653679292e-1,1.2181197566e-2,3.2153443375e-1,6.7901557256e-1,8.0731744679e-2,6.249998707428055e-1,2.999980158071692e-2,3.4737067903e1,7.811e-1
78.030303,1.5906930811e-1,7.8203775617e-3,3.9118446023e-1,5.4828037270e-1,1.4364521652e-1,6.249998675563606e-1,2.999979237866113e-2,3.9156210732e1,6.698e-1
78.125000,1.6101667432e-1,4.4033409182e-3,5.2994093448e-1,1.6021082387e-1,3.9442795635e-1,6.249998649710135e-1,2.999978151050650e-2,5.9942367271e1,5.353e-1
78.219697,1.6232195008e-1,2.1960127107e-3,5.9080669064e-1,6.4734379020e-2,4.2994069818e-1,6.249998653152080e-1,2.999977999443669e-2,6.1915916021e1,6.500e-1
78.314394,1.6298012986e-1,1.2009236038e-3,5.6037339203e-1,1.9321130234e-1,3.3223398595e-1,6.249998668916674e-1,2.999978199981157e-2,5.3275590925e1,5.300e-1
78.409091,1.6301514486e-1,1.2831774227e-3,5.5100333082e-1,2.8568026813e-1,2.4901781405e-1,6.249998676421995e-1,2.999978449255633e-2,4.5508149352e1,3.786e-1
78.503788,1.6246983001e-1,2.3142421168e-3,6.2552118524e-1,1.7107416292e-1,2.8862031202e-1,6.249998661548682e-1,2.999978078731640e-2,4.7507806033e1,4.964e-1
78.598485,1.6140224980e-1,4.2216006949e-3,6.9132787225e-1,4.0916419472e-2,3.5213158702e-1,6.249998646208383e-1,2.999977887567634e-2,5.2001935866e1,5.668e-1
78.693182,1.5987533126e-1,6.9723879388e-3,6.2567308744e-1,1.4421788519e-1,3.1326103744e-1,6.249998646365220e-1,2.999978024447364e-2,4.9811652259e1,5.665e-1
78.787879,1.5795534579e-1,1.0370581615e-2,4.6896291285e-1,4.8094063341e-1,1.3177025912e-1,6.249998663899681e-1,2.999978804048597e-2,3.6108115575e1,5.442e-1
78.882576,1.5573322232e-1,1.3920900331e-2,3.9330721357e-1,5.5324590096e-1,1.3379249665e-1,6.249998669172846e-1,2.999978869709802e-2,3.8081474523e1,5.743e-1
78.977273,1.5333874267e-1,1.7255380396e-2,4.4122307187e-1,2.4132601293e-1,3.9685652023e-1,6.249998640473801e-1,2.999977629220885e-2,6.2161031710e1,6.497e-1
79.071970,1.5090912299e-1,2.0493982945e-2,4.8566115840e-1,7.9150254754e-2,5.1378520702e-1,6.249998630561916e-1,2.999977386512118e-2,7.2299046446e1,6.929e-1
79.166667,1.4854667412e-1,2.3754247699e-2,4.5011997270e-1,2.1885427683e-1,4.0872455625e-1,6.249998638051427e-1,2.999977557331104e-2,6.3042821673e1,6.709e-1
79.261364,1.4632254840e-1,2.6547919971e-2,4.0969017523e-1,5.0801866696e-1,1.5942042029e-1,6.249998654272304e-1,2.999978430490548e-2,4.0066189656e1,6.685e-1
79.356061,1.4431938931e-1,2.8136300578e-2,4.9182070043e-1,4.5948839214e-1,1.2623494436e-1,6.249998634039230e-1,2.999978073330326e-2,3.4924699325e1,6.625e-1
79.450758,1.4265507638e-1,2.8682863484e-2,6.5920549028e-1,1.4132081192e-1,2.7813547938e-1,6.249998607220829e-1,2.999977159858795e-2,4.5525944530e1,6.949e-1
79.545455,1.4143952711e-1,2.9218330322e-2,7.3223662548e-1,3.0185350308e-2,3.1691988739e-1,6.249998603064475e-1,2.999976990587370e-2,4.7518726223e1,7.114e-1
79.640152,1.4071895904e-1,3.0221394428e-2,6.5798057631e-1,1.4968781380e-1,2.7139097928e-1,6.249998614322334e-1,2.999977114347001e-2,4.4922702269e1,6.442e-1
79.734848,1.4047885120e-1,3.1105275729e-2,5.6007499577e-1,2.6066486804e-1,2.5767573435e-1,6.249998625426048e-1,2.999977358215990e-2,4.5936819717e1,5.287e-1
79.829545,1.4068962451e-1,3.1207173719e-2,5.3929398938e-1,1.8225149099e-1,3.5655744454e-1,6.249998615697741e-1,2.999977070518621e-2,5.5918511688e1,5.516e-1
79.924242,1.4133804539e-1,3.0673386367e-2,5.4499964993e-1,7.2508280303e-2,4.6048035740e-1,6.249998596911783e-1,2.999976857194808e-2,6.5753763712e1,4.179e-1
80.018939,1.4240892565e-1,2.9945156910e-2,4.7594829813e-1,1.8625335680e-1,4.1544398001e-1,6.249998587492781e-1,2.999977005402019e-2,6.3075618021e1,4.311e-1
80.113636,1.4384148936e-1,2.8793371539e-2,3.4428028359e-1,6.0234683446e-1,1.3073774125e-1,6.249998601000555e-1,2.999977966271607e-2,3.8893279339e1,7.759e-1
80.208333,1.4551523893e-1,2.6454513238e-2,2.8450090961e-1,7.1602030483e-1,7.7508754883e-2,6.249998607440603e-1,2.999978109674504e-2,3.5235444302e1,8.435e-1
80.303030,1.4729570453e-1,2.2821188020e-2,3.3491196456e-1,3.0953025167e-1,4.3544060539e-1,6.249998570783869e-1,2.999976475657962e-2,6.8439951488e1,5.544e-1
80.397727,1.4907909456e-1,1.8665317238e-2,3.8617733496e-1,1.1611334562e-1,5.7996462130e-1,6.249998568404105e-1,2.999976182191288e-2,8.1152387448e1,5.023e-1
80.492424,1.5077438334e-1,1.4632064467e-2,3.8414362584e-1,2.6239013063e-1,4.3805951149e-1,6.249998578809756e-1,2.999976365373024e-2,6.7645901978e1,5.987e-1
80.587121,1.5226948669e-1,1.0884099521e-2,4.0515471464e-1,5.3808054376e-1,1.4361087381e-1,6.249998592101841e-1,2.999977207748403e-2,3.8939909907e1,4.001e-1
80.681818,1.5342798172e-1,7.5290409182e-3,5.5525868242e-1,4.3694179149e-1,9.6842215675e-2,6.249998561125529e-1,2.999976704360418e-2,3.0911782466e1,5.646e-1
80.776515,1.5411656975e-1,4.9749107764e-3,7.6079212590e-1,1.0939868455e-1,2.2071741637e-1,6.249998536712049e-1,2.999975962256187e-2,3.7925932314e1,7.043e-1
80.871212,1.5422915578e-1,3.7312009340e-3,8.2223045918e-1,3.0799906695e-2,2.3900898422e-1,6.249998534078337e-1,2.999975795863721e-2,3.8241167648e1,7.470e-1
80.965909,1.5368978722e-1,4.1184214950e-3,7.1368200196e-1,1.6198524848e-1,2.1652424974e-1,6.249998544457439e-1,2.999975890478147e-2,3.8693169670e1,7.203e-1
81.060606,1.5245323475e-1,6.2934831276e-3,5.8229990707e-1,2.3225559241e-1,2.7669749316e-1,6.249998552591041e-1,2.999975987088138e-2,4.7596670922e1,6.905e-1
81.155303,1.5050663330e-1,1.0371620160e-2,5.0933772664e-1,1.5050101584e-1,4.2928271201e-1,6.249998539745882e-1,2.999975756318884e-2,6.3934918015e1,6.784e-1
81.250000,1.4786334175e-1,1.6464641050e-2,4.3913025809e-1,1.3568881661e-1,5.1085264626e-1,6.249998518839318e-1,2.999975740762503e-2,7.3351083871e1,6.447e-1
81.344697,1.4456517101e-1,2.4396234945e-2,3.1349023927e-1,4.4249268296e-1,3.2505537295e-1,6.249998505636208e-1,2.999976195168938e-2,5.8395850561e1,5.520e-1
81.439394,1.4070597661e-1,3.3290164124e-2,1.8247501464e-1,8.9008288144e-1,3.4456713269e-3,6.249998540693766e-1,2.999977042676213e-2,3.0520431570e1,6.799e-1
81.534091,1.3644084119e-1,4.2117134911e-2,1.2540782414e-1,6.3290112543e-1,3.1313277679e-1,6.249998512288550e-1,2.999975828783676e-2,6.1489548727e1,5.864e-1
81.628788,1.3194096164e-1,5.0668438782e-2,1.1601215816e-1,2.6462224688e-1,6.8675589515e-1,6.249998503074015e-1,2.999975118226256e-2,9.7468071103e1,6.704e-1
81.723485,1.2734956243e-1,5.8936304185e-2,1.0657071663e-1,3.3082084194e-1,6.2632227419e-1,6.249998496875214e-1,2.999975184952908e-2,9.1789631161e1,4.909e-1
81.818182,1.2279248021e-1,6.6212859021e-2,1.0247387915e-1,7.8634735689e-1,1.7217312548e-1,6.249998503769114e-1,2.999976024238448e-2,4.8214888474e1,2.313e-1
81.912879,1.1841316953e-1,7.1457757354e-2,1.4818433474e-1,8.4535252773e-1,6.6591907541e-2,6.249998484459554e-1,2.999975914789074e-2,3.6962641830e1,2.222e-1
82.007576,1.1438086090e-1,7.4800181100e-2,2.4371414214e-1,3.4692034037e-1,4.7018416442e-1,6.249998444662983e-1,2.999974590738785e-2,7.3441527867e1,2.152e-1
82.102273,1.1084764578e-1,7.7508836356e-2,3.2767776337e-1,1.4550245050e-1,5.8846299653e-1,6.249998462675181e-1,2.999974281335280e-2,8.2811205574e1,4.531e-1
82.196970,1.0792102971e-1,8.0160982956e-2,3.9614404624e-1,2.2748235043e-1,4.3829128704e-1,6.249998481888861e-1,2.999974402388261e-2,6.6764154806e1,5.686e-1
82.291667,1.0569743348e-1,8.2555523250e-2,5.2101841884e-1,3.3480581456e-1,2.0592250726e-1,6.249998487005142e-1,2.999974672432072e-2,4.1457974110e1,4.982e-1
82.386364,1.0430806494e-1,8.5982407409e-2,7.4182813173e-1,2.1829514966e-1,9.9585939631e-2,6.249998466867244e-1,2.999974419444162e-2,2.5891188963e1,3.693e-1
82.481061,1.0392258970e-1,9.4579324907e-2,9.2926085309e-1,2.5823675446e-2,9.6413248378e-2,6.249998457602681e-1,2.999974218202374e-2,2.0842460176e1,2.804e-1
82.575758,1.0470493974e-1,1.1212383307e-1,8.9479084593e-1,4.2312857203e-2,9.6067215568e-2,6.249998457582695e-1,2.999974211631198e-2,2.1085541927e1,2.761e-1
82.670455,1.0677358410e-1,1.3730715789e-1,6.6998653851e-1,2.2721654233e-1,1.0871587040e-1,6.249998466165707e-1,2.999974366357491e-2,2.6874454182e1,3.293e-1
82.765152,1.1020505393e-1,1.6434498425e-1,4.5253422932e-1,2.9476797474e-1,2.2814745321e-1,6.249998477281091e-1,2.999974407048484e-2,4.2639515533e1,3.267e-1
82.859848,1.1507410265e-1,1.8884321336e-1,3.3135197809e-1,1.8425244562e-1,4.3047795390e-1,6.249998468123320e-1,2.999974115972483e-2,6.4083295662e1,3.178e-1
82.954545,1.2148021796e-1,2.1004216357e-1,2.5782356100e-1,1.2008276698e-1,5.4057098146e-1,6.249998454878058e-1,2.999974007600323e-2,7.5579147095e1,3.362e-1
83.049242,1.2951430968e-1,2.2702533508e-1,1.8125352816e-1,2.7595504791e-1,4.3625146808e-1,6.249998444569510e-1,2.999974152820756e-2,6.6639585498e1,4.553e-1
83.143939,1.3918690571e-1,2.3603197555e-1,1.1574246311e-1,6.5615872938e-1,1.0287961668e-1,6.249998452148281e-1,2.999974866534010e-2,3.5633267383e1,7.169e-1
83.238636,1.5038962905e-1,2.3363923344e-1,1.0957716299e-1,6.9979817386e-1,5.6595489638e-2,6.249998444914662e-1,2.999974783462483e-2,3.1056854822e1,7.064e-1
83.333333,1.6295506014e-1,2.2186843008e-1,1.5978198713e-1,3.1945037192e-1,3.8594383508e-1,6.249998421725328e-1,2.999973746356828e-2,6.1426693079e1,6.201e-1
83.428030,1.7673860419e-1,2.0604876257e-1,2.1648732801e-1,1.1469781958e-1,5.3602717188e-1,6.249998431129332e-1,2.999973514637486e-2,7.4514173678e1,7.004e-1
83.522727,1.9161093639e-1,1.8942854425e-1,2.6320438338e-1,1.2077276389e-1,4.8498306064e-1,6.249998442722481e-1,2.999973561668060e-2,6.8522857831e1,5.361e-1
83.617424,2.0741141934e-1,1.7292830758e-1,3.3118684689e-1,2.0807612860e-1,3.3039698779e-1,6.249998450967326e-1,2.999973706478580e-2,5.2048307652e1,4.622e-1
83.712121,2.2396148097e-1,1.5845251502e-1,4.5796501079e-1,2.3747709001e-1,1.7214359310e-1,6.249998449403488e-1,2.999973763837285e-2,3.3726252653e1,5.016e-1
83.806818,2.4119481726e-1,1.5091821863e-1,6.2650455617e-1,1.3879004613e-1,9.2592050100e-2,6.249998441454619e-1,2.999973599365032e-2,2.1727534184e1,5.711e-1
83.901515,2.5934800821e-1,1.5586245234e-1,7.3898442007e-1,2.6032240619e-2,6.9772566525e-2,6.249998438820508e-1,2.999973495152698e-2,1.6117194484e1,6.326e-1
83.996212,2.7902521892e-1,1.7448313957e-1,7.0395216076e-1,2.3192735193e-2,6.9346433289e-2,6.249998438661357e-1,2.999973488562202e-2,1.5738607162e1,6.393e-1
84.090909,3.0101391037e-1,2.0142168997e-1,5.4403947920e-1,1.1185561098e-1,9.1668997599e-2,6.249998440612587e-1,2.999973537813305e-2,2.0218677413e1,5.774e-1
84.185606,3.2596624429e-1,2.2769518226e-1,3.6157359441e-1,1.7877741225e-1,1.5598725568e-1,6.249998444425853e-1,2.999973589925069e-2,2.9198208161e1,4.723e-1
84.280303,3.5418895168e-1,2.4618686707e-1,2.2684554721e-1,1.5827358139e-1,2.6450474154e-1,6.249998444495778e-1,2.999973543743750e-2,4.1405594109e1,4.236e-1
84.375000,3.8565167767e-1,2.5426220188e-1,1.4479833718e-1,9.5186076606e-2,3.7010139505e-1,6.249998441955000e-1,2.999973468426423e-2,5.2278669958e1,5.964e-1
84.469697,4.2009232044e-1,2.5209230830e-1,9.4089887622e-2,5.0282808131e-2,4.3344236355e-1,6.249998440214937e-1,2.999973432573770e-2,5.8556622273e1,6.353e-1
84.564394,4.5705698964e-1,2.4036921517e-1,5.8254524564e-2,5.0009065950e-2,4.4430989246e-1,6.249998438942025e-1,2.999973421137099e-2,5.9647259467e1,5.083e-1
84.659091,4.9584496703e-1,2.1975923775e-1,3.1338757784e-2,1.1625555753e-1,3.8680116724e-1,6.249998436649951e-1,2.999973430244586e-2,5.4168878269e1,4.336e-1
84.753788,5.3543239302e-1,1.9157457110e-1,1.3218839604e-2,2.7910479914e-1,2.3066908388e-1,6.249998433721812e-1,2.999973549927827e-2,3.9213612365e1,5.283e-1
84.848485,5.7446765400e-1,1.5841190774e-1,3.9288446084e-3,4.7526150411e-1,3.7929776342e-2,6.249998434016060e-1,2.999973858717121e-2,2.0698867903e1,6.806e-1
84.943182,6.1138617274e-1,1.2384016597e-1,7.0685270069e-4,4.6879676496e-1,4.5269729647e-2,6.249998430089129e-1,2.999973768854017e-2,2.1355050114e1,6.469e-1
85.037879,6.4458771254e-1,9.1246778473e-2,1.9561320209e-5,2.7126197233e-1,2.4288366033e-1,6.249998425013605e-1,2.999973375609849e-2,4.0274435541e1,4.610e-1
85.132576,6.7256942686e-1,6.3155495683e-2,1.3606872995e-4,1.1586935221e-1,3.9826934185e-1,6.249998426625050e-1,2.999973244826212e-2,5.5149979282e1,6.246e-1
85.227273,6.9401020396e-1,4.1383162417e-2,5.0501408548e-4,5.6224120211e-2,4.5787718499e-1,6.249998428307169e-1,2.999973232125763e-2,6.0841263065e1,6.491e-1
85.321970,7.0785651970e-1,2.7235151940e-2,8.7055765461e-4,6.8831929262e-2,4.4520552696e-1,6.249998427549635e-1,2.999973229982193e-2,5.9604292212e1,5.047e-1
85.416667,7.1340627865e-1,2.1525327693e-2,1.1826814364e-3,1.6097447993e-1,3.5291091715e-1,6.249998424331160e-1,2.999973255259555e-2,5.0732995999e1,3.986e-1
85.511364,7.1036225134e-1,2.4605549264e-2,1.5898829596e-3,3.4808943168e-1,1.6535256908e-1,6.249998421619339e-1,2.999973447970362e-2,3.2721101944e1,5.899e-1
85.606061,6.9884500577e-1,3.6462631451e-2,2.1845805489e-3,5.0318562936e-1,9.3218371976e-3,6.249998421653938e-1,2.999973719828516e-2,1.7734959711e1,7.012e-1
85.700758,6.7938085246e-1,5.6746074426e-2,2.6356719559e-3,4.1288848349e-1,9.8348600762e-2,6.249998415492845e-1,2.999973445713710e-2,2.6275320320e1,6.090e-1
85.795455,6.5288230214e-1,8.4576394808e-2,2.3709285839e-3,2.1065961012e-1,2.9951044692e-1,6.249998412856337e-1,2.999973122964718e-2,4.5593006099e1,4.599e-1
85.890152,6.2060241675e-1,1.1834053219e-1,1.4367799513e-3,8.7467708422e-2,4.2215224571e-1,6.249998415085009e-1,2.999973051698672e-2,5.7392930632e1,6.442e-1
85.984848,5.8403501551e-1,1.5574658955e-1,7.1306736961e-4,5.1723187750e-2,4.5778182304e-1,6.249998416115473e-1,2.999973046512228e-2,6.0860430583e1,6.467e-1
86.079545,5.4477812902e-1,1.9400489430e-1,1.5728383311e-3,8.4399539636e-2,4.2524428166e-1,6.249998414695853e-1,2.999973045702364e-2,5.7805034880e1,4.872e-1
86.174242,5.0439720770e-1,2.2996559093e-1,6.0900286645e-3,2.0231162152e-1,3.0723523347e-1,6.249998411377057e-1,2.999973098386598e-2,4.6560931787e1,4.448e-1
86.268939,4.6430241317e-1,2.6029125291e-1,1.8160084588e-2,3.9903063131e-1,1.0821529997e-1,6.249998409743529e-1,2.999973353505994e-2,2.7518552987e1,6.316e-1
86.363636,4.2563130407e-1,2.8202775429e-1,4.4750552471e-2,4.9197106744e-1,5.6190030456e-3,6.249998406576399e-1,2.999973522333079e-2,1.7597182128e1,6.922e-1
86.458333,3.8913320072e-1,2.9407156130e-1,9.1115254563e-2,3.3933219426e-1,1.3634746860e-1,6.249998397204645e-1,2.999973165002338e-2,2.9822737957e1,5.458e-1
86.553030,3.5510524668e-1,2.9869513986e-1,1.4851490162e-1,1.4705562335e-1,3.0062876758e-1,6.249998395427406e-1,2.999972894403737e-2,4.5149324313e1,4.896e-1
86.647727,3.2346522629e-1,3.0069823917e-1,1.9720171359e-1,4.9157947162e-2,3.7947655325e-1,6.249998397292316e-1,2.999972836635588e-2,5.2486795925e1,6.157e-1
86.742424,2.9394027161e-1,3.0483575500e-1,2.2001971823e-1,3.0974609534e-2,4.0022932506e-1,6.249998397151689e-1,2.999972825689087e-2,5.4737340504e1,5.414e-1
86.837121,2.6625547909e-1,3.1384766728e-1,2.0684753877e-1,9.1104765794e-2,3.7194422787e-1,6.249998394008021e-1,2.999972838396499e-2,5.2939817057e1,5.089e-1
86.931818,2.4027441896e-1,3.2655918662e-1,1.6476296989e-1,2.6342956157e-1,2.5497354116e-1,6.249998390969870e-1,2.999973085067163e-2,4.3157718580e1,5.373e-1
87.026515,2.1609205978e-1,3.3617902293e-1,1.3599471913e-1,4.6721918153e-1,9.4514695236e-2,6.249998393047738e-1,2.999973716312584e-2,2.8917256628e1,6.833e-1
87.121212,1.9401156358e-1,3.3336201275e-1,1.7901136778e-1,4.2662340764e-1,1.1699132506e-1,6.249998384003884e-1,2.999973469006965e-2,3.0822659402e1,6.287e-1
87.215909,1.7433222230e-1,3.1574858824e-1,2.9789929239e-1,1.9117468876e-1,2.7084488276e-1,6.249998372196540e-1,2.999972772308947e-2,4.3887592660e1,5.558e-1
87.310606,1.5709885524e-1,2.9210616662e-1,4.2142542747e-1,3.6153038278e-2,3.4321618644e-1,6.249998370250571e-1,2.999972555342442e-2,4.9122734270e1,5.862e-1
87.405303,1.4207135312e-1,2.7426936089e-1,4.7938068178e-1,7.1944998522e-3,3.4708377854e-1,6.249998370935004e-1,2.999972522358109e-2,4.9111567501e1,6.201e-1
87.500000,1.2888896952e-1,2.6930678484e-1,4.5599588190e-1,5.6779871388e-2,3.3902816630e-1,6.249998369759879e-1,2.999972521953700e-2,4.9463586281e1,6.039e-1
87.594697,1.1722236711e-1,2.7904439649e-1,3.7091376238e-1,1.9013956444e-1,2.9267958267e-1,6.249998365439375e-1,2.999972587576615e-2,4.7131462719e1,5.500e-1
87.689394,1.0682640471e-1,3.0215807708e-1,2.5732603520e-1,4.3730189697e-1,1.4638725933e-1,6.249998366438249e-1,2.999972760790366e-2,3.5447567535e1,6.600e-1
87.784091,9.7535597790e-2,3.3507212611e-1,1.5853744545e-1,6.0865727397e-1,5.0197232708e-2,6.249998380120232e-1,2.999972753032977e-2,2.7889490168e1,7.773e-1
87.878788,8.9257050927e-2,3.7292540580e-1,9.6667346810e-2,4.7230330474e-1,2.1884656735e-1,6.249998378145707e-1,2.999972645990762e-2,4.4689884484e1,6.858e-1
87.973485,8.1970311951e-2,4.1089485461e-1,6.0153372968e-2,2.9596430347e-1,4.0101683199e-1,6.249998374931780e-1,2.999972564570358e-2,6.2145014054e1,5.718e-1
88.068182,7.5710635853e-2,4.4490904378e-1,3.5950115521e-2,3.0915460774e-1,3.8427527140e-1,6.249998371485180e-1,2.999972559375567e-2,6.0295456517e1,5.922e-1
88.162879,7.0532580625e-2,4.7191217392e-1,1.8721795167e-2,5.1299883612e-1,1.7583428818e-1,6.249998370076706e-1,2.999972612589508e-2,4.0051616643e1,6.088e-1
88.257576,6.6478308215e-2,4.8889340195e-1,6.7655599574e-3,6.5395878430e-1,3.3903620595e-2,6.249998375100433e-1,2.999972601586124e-2,2.6331494971e1,6.494e-1
88.352273,6.3563214162e-2,4.9129607526e-1,5.3282644433e-3,4.8249461387e-1,2.0731750538e-1,6.249998365628752e-1,2.999972527307543e-2,4.3033468206e1,6.225e-1
88.446970,6.1765892269e-2,4.7470677112e-1,2.5297519741e-2,2.9755276327e-1,3.9067672602e-1,6.249998362096697e-1,2.999972472648110e-2,6.0710986001e1,6.141e-1
88.541667,6.1006425321e-2,4.3896173167e-1,7.1522762607e-2,3.2655741382e-1,3.5195133852e-1,6.249998359686332e-1,2.999972464193526e-2,5.6980217350e1,5.941e-1
88.636364,6.1121752446e-2,3.8802490927e-1,1.5236794651e-1,5.2137503712e-1,1.2711002729e-1,6.249998363173108e-1,2.999972439629658e-2,3.4979638948e1,5.646e-1
88.731061,6.1851294009e-2,3.2732159662e-1,3.0000385492e-1,5.4539313896e-1,1.5429786951e-2,6.249998357299812e-1,2.999972384458165e-2,2.2513192856e1,5.286e-1
88.825758,6.2849953455e-2,2.6525623786e-1,5.1392726735e-1,2.8902356266e-1,1.1894264692e-1,6.249998341211731e-1,2.999972452158257e-2,2.9146768402e1,6.854e-1
88.920455,6.3756990533e-2,2.1495491935e-1,6.8850317803e-1,1.3652350790e-1,1.4626107188e-1,6.249998338455831e-1,2.999972335629471e-2,2.9059983212e1,8.054e-1
89.015152,6.4296300496e-2,1.8788933492e-1,7.4016454239e-1,1.7657472519e-1,8.1074765449e-2,6.249998342214835e-1,2.999972156572346e-2,2.2357204343e1,8.479e-1
89.109848,6.4338626411e-2,1.8874117765e-1,7.0519264949e-1,2.1277046411e-1,7.8956751151e-2,6.249998344094408e-1,2.999972128281795e-2,2.2966311863e1,8.375e-1
89.204545,6.3909824894e-2,2.1656506991e-1,6.1911336799e-1,1.7732516490e-1,1.7308624017e-1,6.249998339312961e-1,2.999972227607650e-2,3.3247436014e1,7.867e-1
89.299242,6.3174082417e-2,2.6566457332e-1,4.6279472881e-1,2.5293038225e-1,2.0543590024e-1,6.249998335156742e-1,2.999972392246683e-2,3.8654841481e1,6.783e-1
89.393939,6.2406714203e-2,3.2462518240e-1,2.6975287413e-1,5.0890355593e-1,8.4311341698e-2,6.249998341813372e-1,2.999972307968312e-2,2.9915242242e1,5.147e-1
89.488636,6.1941163481e-2,3.7960604455e-1,1.2413103590e-1,6.2430421729e-1,6.0017209055e-2,6.249998351377747e-1,2.999972190161928e-2,2.9443168670e1,5.238e-1
89.583333,6.2086701802e-2,4.2166866451e-1,4.7592543162e-2,4.3805788022e-1,2.8059387877e-1,6.249998342339180e-1,2.999972231818215e-2,5.1188989675e1,5.432e-1
89.678030,6.3063364621e-2,4.4736465375e-1,1.1899591010e-2,3.1934665091e-1,4.0832540795e-1,6.249998341188597e-1,2.999972219910357e-2,6.3506202765e1,5.844e-1
89.772727,6.4989372892e-2,4.5555018705e-1,5.0395839450e-4,4.3668483080e-1,2.9227131885e-1,6.249998339951964e-1,2.999972221053052e-2,5.2332270126e1,5.533e-1
89.867424,6.7901271168e-2,4.4780652488e-1,4.7813327963e-3,6.5773656854e-1,7.1773971818e-2,6.249998346031228e-1,2.999972162910480e-2,3.1202452934e1,5.439e-1
89.962121,7.1784615398e-2,4.2844927990e-1,1.5319051567e-2,6.1113380654e-1,1.2331291480e-1,6.249998341008284e-1,2.999972124443537e-2,3.6355678184e1,5.278e-1
90.056818,7.6601160209e-2,4.0153010082e-1,2.8899078254e-2,3.8701028565e-1,3.5595904191e-1,6.249998334188115e-1,2.999972095516104e-2,5.9019639912e1,5.076e-1
90.151515,8.2300116236e-2,3.6925386850e-1,4.8416044470e-2,3.3334135362e-1,4.1668828426e-1,6.249998335469219e-1,2.999972073595253e-2,6.5170009852e1,5.237e-1
90.246212,8.8823470799e-2,3.3312749857e-1,8.1430055269e-2,5.0014091841e-1,2.4647772421e-1,6.249998336306640e-1,2.999972076302707e-2,4.8915765263e1,6.925e-1
90.340909,9.6119293535e-2,2.9488443858e-1,1.4682237872e-1,6.4607737138e-1,6.6096184847e-2,6.249998335353900e-1,2.999972035468632e-2,3.0947195098e1,7.954e-1
90.435606,1.0415616822e-1,2.5714406640e-1,2.6524268722e-1,4.6486294108e-1,1.5859379993e-1,6.249998314184273e-1,2.999972043338459e-2,3.7863928220e1,6.764e-1
90.530303,1.1292834259e-1,2.2423046620e-1,4.1726575961e-1,2.0098506066e-1,2.9459003295e-1,6.249998309994189e-1,2.999971863476533e-2,4.7982097339e1,5.251e-1
90.625000,1.2246421610e-1,2.0090526098e-1,5.5001968348e-1,5.8879028840e-2,3.1773147340e-1,6.249998313990373e-1,2.999971758767987e-2,4.7416957616e1,5.971e-1
90.719697,1.3285165986e-1,1.9031650547e-1,6.1320267097e-1,2.0363079313e-3,3.1159251865e-1,6.249998314442590e-1,2.999971737170264e-2,4.5301684450e1,6.332e-1
90.814394,1.4426375842e-1,1.9293837727e-1,5.6179850639e-1,5.0257443224e-2,3.0074157724e-1,6.249998312703946e-1,2.999971795846484e-2,4.5055556755e1,6.103e-1
90.909091,1.5693126586e-1,2.0451473007e-1,3.9934340102e-1,3.0341892709e-1,1.8579133858e-1,6.249998313043263e-1,2.999972205181271e-2,3.7172939306e1,5.394e-1
91.003788,1.7101335713e-1,2.1563032317e-1,2.2790296864e-1,6.1018462996e-1,2.5268386892e-2,6.249998328988328e-1,2.999973049402142e-2,2.5100252755e1,7.807e-1
91.098485,1.8645474962e-1,2.1846056666e-1,1.4803117376e-1,4.9280360132e-1,2.0424957317e-1,6.249998322674641e-1,2.999972242520584e-2,4.3628058507e1,6.963e-1
91.193182,2.0302125348e-1,2.1336747427e-1,1.4199511054e-1,1.9604594372e-1,4.9556988067e-1,6.249998313382191e-1,2.999971444933805e-2,7.1370621384e1,4.516e-1
91.287879,2.2046833404e-1,2.0470201397e-1,1.4981018705e-1,7.1241653630e-2,6.0377747480e-1,6.249998317446281e-1,2.999971351871078e-2,8.1281369382e1,6.327e-1
91.382576,2.3861063150e-1,1.9474520939e-1,1.4984141802e-1,1.1020693286e-1,5.5659547242e-1,6.249998320910819e-1,2.999971393719719e-2,7.6478369400e1,7.324e-1
91.477273,2.5725290583e-1,1.8338615140e-1,1.6105093631e-1,2.8018308426e-1,3.6812658691e-1,6.249998323541428e-1,2.999971618519551e-2,5.7869868067e1,5.804e-1
91.571970,2.7610613396e-1,1.7132569611e-1,2.2211398224e-1,4.6628236258e-1,1.1417148974e-1,6.249998323157475e-1,2.999972127026312e-2,3.1792602607e1,5.781e-1
91.666667,2.9484475500e-1,1.6313834397e-1,3.5239118211e-1,3.9965471675e-1,3.9970663084e-2,6.249998304573670e-1,2.999971861270229e-2,2.1198024333e1,5.984e-1
91.761364,3.1338051246e-1,1.6598457328e-1,4.9754622562e-1,1.6217245714e-1,1.1091589029e-1,6.249998293916263e-1,2.999971291734804e-2,2.3855781793e1,4.249e-1
91.856061,3.3215424285e-1,1.8394311882e-1,5.6112273025e-1,3.3743498702e-2,1.3903606784e-1,6.249998292292483e-1,2.999971118468946e-2,2.3899353843e1,4.802e-1
91.950758,3.5214102308e-1,2.1465341376e-1,5.1039001278e-1,4.6719063719e-2,1.2609614510e-1,6.249998292166287e-1,2.999971116639604e-2,2.2323814053e1,4.964e-1
92.045455,3.7458503195e-1,2.5052734942e-1,3.9140423329e-1,1.3378608441e-1,9.9696959628e-2,6.249998293521268e-1,2.999971144343521e-2,2.0861946615e1,4.804e-1
92.140152,4.0067705247e-1,2.8196520769e-1,2.7130350568e-1,2.2505135754e-1,7.1002535835e-2,6.249998296083381e-1,2.999971150057875e-2,1.9224665015e1,4.500e-1
92.234848,4.3130504526e-1,3.0113425877e-1,1.9239267745e-1,2.5619652732e-1,6.8971150863e-2,6.249998298266729e-1,2.999971144597733e-2,1.9383658644e1,4.576e-1
92.329545,4.6692085468e-1,3.0454857025e-1,1.6151512170e-1,2.1525598845e-1,1.0175912466e-1,6.249998298688648e-1,2.999971148295093e-2,2.2048038129e1,4.280e-1
92.424242,5.0750540983e-1,2.9293322769e-1,1.6502452268e-1,1.5007253266e-1,1.3446396682e-1,6.249998298391903e-1,2.999971148844613e-2,2.4173524140e1,3.912e-1
92.518939,5.5258159381e-1,2.6944351559e-1,1.8630414690e-1,1.0214068598e-1,1.3952971736e-1,6.249998298187848e-1,2.999971143822764e-2,2.3433916777e1,3.862e-1
92.613636,6.0125147526e-1,2.3798229472e-1,2.1366806341e-1,7.8198669704e-2,1.1889915655e-1,6.249998298180937e-1,2.999971139063393e-2,2.0207384303e1,3.852e-1
92.708333,6.5225388402e-1,2.0212537902e-1,2.4109138764e-1,6.5916046127e-2,8.8612962841e-2,6.249998298278691e-1,2.999971136566133e-2,1.6110881521e1,3.882e-1
92.803030,7.0402094530e-1,1.6459083172e-1,2.6561020199e-1,5.1218939096e-2,6.4558741566e-2,6.249998298352540e-1,2.999971135111893e-2,1.2708598723e1,3.938e-1
92.897727,7.5470491639e-1,1.2719903394e-1,2.8371871469e-1,2.9936663037e-2,5.4440331625e-2,6.249998298398195e-1,2.999971134181995e-2,1.0827835909e1,3.978e-1
92.992424,8.0217263925e-1,9.1248180817e-2,2.8964099712e-1,1.1588873875e-2,5.5348968632e-2,6.249998298476588e-1,2.999971135263225e-2,1.0356222607e1,3.945e-1
93.087121,8.4400842643e-1,5.8128384138e-2,2.7757669908e-1,1.2878362306e-2,5.7407787766e-2,6.249998298624505e-1,2.999971139359369e-2,1.0519179002e1,3.803e-1
93.181818,8.7759529821e-1,2.9893048341e-2,2.4651724044e-1,4.6611101217e-2,4.9382971556e-2,6.249998298823618e-1,2.999971146495302e-2,1.0283297267e1,3.861e-1
93.276515,9.0033066632e-1,9.4590313976e-3,2.0345842775e-1,1.0897984642e-1,2.7771687927e-2,6.249998299022420e-1,2.999971157553374e-2,9.1388819578e0,3.916e-1
93.371212,9.0996528853e-1,2.4255626622e-4,1.6119988796e-1,1.6786146428e-1,1.0730462828e-2,6.249998299277250e-1,2.999971170160353e-2,8.4901329593e0,3.948e-1
93.465909,9.0496167865e-1,5.4488024215e-3,1.3054846351e-1,1.7960490291e-1,2.9435812368e-2,6.249998299325733e-1,2.999971167742300e-2,1.1022907029e1,3.949e-1
93.560606,8.8473748470e-1,2.7557910622e-2,1.1295237098e-1,1.4048760944e-1,8.4264284021e-2,6.249998298826133e-1,2.999971148057957e-2,1.6682535388e1,3.914e-1
93.655303,8.4975482425e-1,6.8133569284e-2,1.0091178069e-1,9.1622234683e-2,1.3957725074e-1,6.249998298240446e-1,2.999971132127816e-2,2.2166238401e1,3.842e-1
93.750000,8.0152409751e-1,1.2738278729e-1,8.5308291002e-2,7.0307553242e-2,1.6547693057e-1,6.249998298055399e-1,2.999971127505728e-2,2.4768882768e1,3.734e-1
93.844697,7.4255277167e-1,2.0316026696e-1,6.2618022841e-2,9.0414434868e-2,1.5125416331e-1,6.249998298259918e-1,2.999971132091376e-2,2.3532335922e1,3.592e-1
93.939394,6.7616343177e-1,2.9009594419e-1,3.6887531891e-2,1.4797810497e-1,9.8874646881e-2,6.249998298475962e-1,2.999971143217569e-2,1.8604628019e1,4.274e-1
94.034091,6.0610768330e-1,3.7993162932e-1,1.5621516274e-2,2.1639499992e-1,3.1943830849e-2,6.249998298321899e-1,2.999971156525601e-2,1.2201339577e1,4.882e-1
94.128788,5.3604085249e-1,4.6315481615e-1,3.7813542685e-3,2.4694492962e-1,7.7707014206e-5,6.249998297747692e-1,2.999971157198076e-2,9.1367651385e0,5.373e-1
94.223485,4.6906026015e-1,5.3048207380e-1,3.6126980293e-3,2.1428929857e-1,3.2555328898e-2,6.249998297196396e-1,2.999971138029216e-2,1.2348735515e1,5.729e-1
94.318182,4.0746614080e-1,5.7354291479e-1,1.9880374768e-2,1.4917385534e-1,9.9936373675e-2,6.249998296918179e-1,2.999971121496018e-2,1.9075281100e1,5.942e-1
94.412879,3.5271118002e-1,5.8650652181e-1,5.8953062863e-2,9.5634781337e-2,1.5619411318e-1,6.249998296050912e-1,2.999971115409095e-2,2.4874152626e1,6.009e-1
94.507576,3.0542950865e-1,5.6909655455e-1,1.1920414068e-1,8.1316022166e-2,1.7495343273e-1,6.249998293857646e-1,2.999971111429080e-2,2.7240693087e1,5.938e-1
94.602273,2.6552556133e-1,5.2806504923e-1,1.8542487797e-1,1.3012159544e-1,1.4086257430e-1,6.249998291338503e-1,2.999971117572500e-2,2.4866592468e1,5.764e-1
94.696970,2.3235484283e-1,4.7461735348e-1,2.4093158521e-1,2.4424173166e-1,5.7854145025e-2,6.249998291015550e-1,2.999971148590459e-2,1.8213930786e1,5.541e-1
94.791667,2.0498632835e-1,4.1925533574e-1,2.9077735667e-1,3.2823935951e-1,6.7412783311e-3,6.249998293012503e-1,2.999971164480871e-2,1.4633765820e1,5.501e-1
94.886364,1.8246664164e-1,3.6882746475e-1,3.5136162453e-1,2.7047381500e-1,7.6870112328e-2,6.249998291214132e-1,2.999971116151744e-2,2.2134317704e1,5.853e-1
94.981061,1.6397042626e-1,3.2812910015e-1,4.0108747284e-1,1.7949411380e-1,1.7731854393e-1,6.249998284928857e-1,2.999971138979565e-2,3.2387528460e1,6.163e-1
95.075758,1.4880640783e-1,3.0150444595e-1,3.8915759404e-1,2.4174157767e-1,1.6878963073e-1,6.249998281123046e-1,2.999971195418056e-2,3.3131476067e1,6.004e-1
95.170455,1.3637951757e-1,2.9132791151e-1,3.1096242279e-1,4.6968208208e-1,4.1647723206e-2,6.249998285788568e-1,2.999971152147927e-2,2.3499280161e1,5.281e-1
95.265152,1.2619547889e-1,2.9637299611e-1,2.2320152039e-1,5.5805463097e-1,4.6175032132e-2,6.249998292473030e-1,2.999971097294532e-2,2.6209608199e1,5.353e-1
95.359848,1.1790766705e-1,3.1197195028e-1,1.5912691757e-1,3.8726978156e-1,2.7372334048e-1,6.249998284718359e-1,2.999971080959073e-2,4.9385133666e1,5.552e-1
95.454545,1.1134035224e-1,3.3113186724e-1,1.0616521688e-1,2.9678614872e-1,4.0457607118e-1,6.249998281286220e-1,2.999971094434090e-2,6.2850149515e1,5.747e-1
95.549242,1.0643498370e-1,3.4592298297e-1,6.1077876357e-2,4.4756969474e-1,2.8899411809e-1,6.249998279282390e-1,2.999971115191546e-2,5.2547163816e1,5.881e-1
95.643939,1.0316418733e-1,3.4899717359e-1,4.1973021200e-2,6.8468546424e-1,7.1179810958e-2,6.249998286571069e-1,2.999970992975408e-2,3.2106311269e1,5.906e-1
95.738636,1.0148147272e-1,3.3542524112e-1,7.0676815353e-2,5.9440802724e-1,1.4800809887e-1,6.249998276495417e-1,2.999971000659778e-2,3.9253099269e1,5.784e-1
95.833333,1.0130941131e-1,3.0529363629e-1,1.5205982705e-1,3.3242827002e-1,3.5890850907e-1,6.249998268692254e-1,2.999970986928738e-2,5.8455714396e1,5.507e-1
95.928030,1.0253529931e-1,2.6474893193e-1,2.6927052673e-1,2.4510224518e-1,3.6834265150e-1,6.249998273317435e-1,2.999970880627105e-2,5.7726060965e1,5.107e-1
96.022727,1.0503907284e-1,2.2257790819e-1,4.1757454087e-1,3.0326076837e-1,2.0154736562e-1,6.249998279387027e-1,2.999970815080575e-2,3.9340679066e1,5.505e-1
96.117424,1.0875991358e-1,1.8654998004e-1,6.1729778204e-1,2.8984973988e-1,4.7542239196e-2,6.249998273657379e-1,2.999970776202441e-2,2.0726460466e1,5.344e-1
96.212121,1.1374444630e-1,1.6299607437e-1,8.2859682998e-1,1.2169874034e-1,2.2963561954e-2,6.249998264729596e-1,2.999970795486498e-2,1.3845334633e1,4.786e-1
96.306818,1.2014134227e-1,1.5644967350e-1,8.9586916759e-1,4.2964723166e-2,3.4574746303e-2,6.249998264184407e-1,2.999970885934640e-2,1.3340362027e1,5.122e-1
96.401515,1.2815421546e-1,1.6683881736e-1,7.4023980304e-1,2.0176375146e-1,1.3003065976e-2,6.249998266527227e-1,2.999970845774327e-2,1.4440505659e1,4.810e-1
96.496212,1.3797658592e-1,1.8861840966e-1,4.9812709634e-1,3.8956592245e-1,3.5711641341e-2,6.249998278509599e-1,2.999970824491433e-2,2.1468441493e1,4.266e-1
96.590909,1.4975944372e-1,2.1465703579e-1,3.1691378825e-1,3.4243709841e-1,2.2623229001e-1,6.249998280897819e-1,2.999970767587450e-2,4.2955224370e1,4.208e-1
96.685606,1.6363018824e-1,2.3941539606e-1,2.0061275594e-1,2.3976735529e-1,4.0657395897e-1,6.249998272503704e-1,2.999970750290556e-2,6.1879570052e1,4.699e-1
96.780303,1.7967791354e-1,2.5795527865e-1,1.1228025222e-1,3.2298593304e-1,3.7710027581e-1,6.249998266271024e-1,2.999970818459391e-2,6.0108376693e1,5.583e-1
96.875000,1.9787510031e-1,2.6565587563e-1,4.7942182090e-2,6.0473133904e-1,1.3379515690e-1,6.249998269872732e-1,2.999970869882179e-2,3.7490969691e1,7.773e-1
96.969697,2.1802255000e-1,2.6064292285e-1,1.5531969211e-2,6.9962437689e-1,5.6177835991e-2,6.249998274677724e-1,2.999970791238582e-2,3.0333295942e1,8.364e-1
97.064394,2.3978639629e-1,2.4496608412e-1,7.3135186279e-3,4.4188729271e-1,3.1604636047e-1,6.249998261080000e-1,2.999970667927861e-2,5.5262661022e1,6.631e-1
97.159091,2.6276798839e-1,2.2223800720e-1,1.0235730896e-2,2.8770545528e-1,4.6705247046e-1,6.249998261137124e-1,2.999970585056660e-2,6.9647036644e1,4.993e-1
97.253788,2.8653567221e-1,1.9581428871e-1,1.6589431028e-2,4.0822977163e-1,3.4283048790e-1,6.249998257381461e-1,2.999970621257465e-2,5.7613267005e1,4.867e-1
97.348485,3.1065198163e-1,1.6857318265e-1,2.3554468517e-2,6.7641653599e-1,7.0803483974e-2,6.249998263782514e-1,2.999970666397658e-2,3.1389083205e1,5.690e-1
97.443182,3.3470789248e-1,1.4257306382e-1,3.2615630879e-2,6.3948991160e-1,1.0061315272e-1,6.249998257505816e-1,2.999970574735757e-2,3.4055585841e1,5.406e-1
97.537879,3.5832355299e-1,1.1872697551e-1,4.2784709296e-2,3.6582836005e-1,3.6433605158e-1,6.249998247117811e-1,2.999970444514735e-2,5.9100415526e1,5.150e-1
97.632576,3.8112262239e-1,9.7268271922e-2,4.8764391631e-2,2.8664485983e-1,4.3619950379e-1,6.249998247765121e-1,2.999970393072571e-2,6.5781384987e1,5.033e-1
97.727273,4.0273689833e-1,7.8334416600e-2,5.0883023709e-2,4.7185468796e-1,2.4619062281e-1,6.249998247063933e-1,2.999970439874894e-2,4.7376851206e1,3.343e-1
97.821970,4.2284231328e-1,6.2062009413e-2,5.9135645276e-2,6.8056832033e-1,2.5391362354e-2,6.249998253242967e-1,2.999970464970839e-2,2.5836910969e1,1.551e-1
97.916667,4.4118148516e-1,4.8397024641e-2,8.2688519927e-2,5.2286774305e-1,1.5486487500e-1,6.249998238837833e-1,2.999970347227249e-2,3.7533364729e1,1.409e-1
98.011364,4.5753326951e-1,3.6925825089e-2,1.1415372885e-1,2.7750560994e-1,3.6388121355e-1,6.249998234705683e-1,2.999970214059908e-2,5.6672822968e1,2.637e-1
98.106061,4.7164949840e-1,2.7105183285e-2,1.4402082175e-1,2.4436319552e-1,3.6286094883e-1,6.249998238968986e-1,2.999970165176119e-2,5.5708025397e1,3.665e-1
98.200758,4.8322795253e-1,1.8647328573e-2,1.8499827280e-1,3.8667482039e-1,1.7645127440e-1,6.249998243430376e-1,2.999970204802175e-2,3.6718252191e1,4.999e-1
98.295455,4.9193015682e-1,1.1625070668e-2,2.7071947414e-1,4.6651274725e-1,9.2121990759e-3,6.249998239791836e-1,2.999970251411850e-2,1.8542540407e1,5.560e-1
98.390152,4.9738743346e-1,6.4168845292e-3,4.1314833023e-1,2.9243989270e-1,4.0607104387e-2,6.249998226492683e-1,2.999970152839625e-2,1.8122500055e1,4.381e-1
98.484848,4.9914875389e-1,3.8410279759e-3,5.5392087956e-1,8.9138948278e-2,1.0395003484e-1,6.249998222746647e-1,2.999970046306689e-2,2.0846674274e1,3.135e-1
98.579545,4.9663225278e-1,5.5049543870e-3,6.1762737385e-1,2.6007121832e-2,1.0422794163e-1,6.249998222384404e-1,2.999969961744691e-2,1.9373749453e1,2.605e-1
98.674242,4.8919780419e-1,1.3847695490e-2,5.9135271904e-1,5.2935287722e-2,1.0266613809e-1,6.249998222653905e-1,2.999969935557767e-2,1.9838310928e1,2.756e-1
98.768939,4.7633846564e-1,3.1580069452e-2,5.0711466027e-1,9.6088405235e-2,1.3887804386e-1,6.249998222311258e-1,2.999969947893687e-2,2.5209465236e1,2.809e-1
98.863636,4.5789522376e-1,6.0671564408e-2,3.9065805586e-1,1.6493880913e-1,1.7583599092e-1,6.249998220335191e-1,2.999969996723991e-2,3.1260603917e1,2.618e-1
98.958333,4.3422409514e-1,1.0104176784e-1,2.6002770457e-1,3.1201785138e-1,1.4268822497e-1,6.249998219551899e-1,2.999970040951745e-2,3.0748081261e1,3.865e-1
99.053030,4.0625893138e-1,1.4959868451e-1,1.4473359411e-1,4.8239801278e-1,6.7010422178e-2,6.249998224812123e-1,2.999969989565425e-2,2.5674266036e1,5.288e-1
99.147727,3.7537713629e-1,2.0122451768e-1,6.9318981105e-2,4.9186749830e-1,1.1221151212e-1,6.249998227490120e-1,2.999969970162310e-2,3.1247522949e1,5.628e-1
99.242424,3.4308012968e-1,2.5129462823e-1,3.1269115789e-2,3.7131253811e-1,2.5304323305e-1,6.249998224291169e-1,2.999970008015936e-2,4.5195817298e1,5.355e-1
99.337121,3.1070360548e-1,2.9674766033e-1,1.6289498484e-2,3.2513566835e-1,3.0112321192e-1,6.249998222825240e-1,2.999970013789666e-2,4.9827275624e1,5.544e-1
99.431818,2.7929547101e-1,3.3580111684e-1,1.4187258352e-2,4.2129016824e-1,1.9942563003e-1,6.249998222350807e-1,2.999969994327785e-2,3.9932514064e1,6.491e-1
99.526515,2.4959745951e-1,3.6792336398e-1,1.7951465846e-2,5.4725167208e-1,6.7275683653e-2,6.249998225351234e-1,2.999969934448523e-2,2.7127598199e1,7.355e-1
99.621212,2.2207177791e-1,3.9335205995e-1,2.1870894592e-2,5.0512513892e-1,1.0757977329e-1,6.249998223312665e-1,2.999969938629278e-2,3.1006922592e1,6.986e-1
99.715909,1.9697256276e-1,4.1154376610e-1,2.3729834366e-2,3.6870364066e-1,2.4904984013e-1,6.249998220074999e-1,2.999969972212972e-2,4.4788308527e1,5.707e-1
99.810606,1.7443072720e-1,4.2027703254e-1,2.7190618540e-2,3.3881992620e-1,2.8928133950e-1,6.249998219895574e-1,2.999969972832617e-2,4.9015543472e1,4.729e-1
99.905303,1.5450296640e-1,4.1612127197e-1,4.3637139980e-2,4.4859418526e-1,1.8714408054e-1,6.249998220768488e-1,2.999969934785658e-2,3.9568047384e1,4.494e-1
100.000000,1.3719047956e-1,3.9519546484e-1,9.6590216033e-2,5.3875783690e-1,8.2265646764e-2,6.249998220445505e-1,2.999969875943365e-2,2.9401961464e1,4.414e-1
100.094697,1.2244520568e-1,3.5528452520e-1,2.1703773160e-1,4.2227619752e-1,1.3295598198e-1,6.249998209929292e-1,2.999969928918263e-2,3.3039297520e1,3.600e-1
100.189394,1.1014798845e-1,3.0005184825e-1,4.0790035397e-1,2.1740854147e-1,2.1449090881e-1,6.249998204695508e-1,2.999969885589759e-2,3.8330290177e1,3.612e-1
100.284091,1.0007256749e-1,2.3950676746e-1,6.1972140982e-1,7.4918684450e-2,2.1578021173e-1,6.249998204724727e-1,2.999969772992871e-2,3.5504086101e1,2.740e-1
100.378788,9.1891685311e-2,1.8451800139e-1,7.6863748882e-1,4.8143460750e-3,2.0013811920e-1,6.249998203986870e-1,2.999969719403710e-2,3.2335820089e1,1.504e-1
100.473485,8.5221497631e-2,1.4229444956e-1,7.5872814455e-1,7.0657017621e-2,1.9309853141e-1,6.249998203869934e-1,2.999969857909850e-2,3.3374661389e1,1.483e-1
100.568182,7.9669685258e-2,1.1505559670e-1,5.6606209258e-1,4.0748132362e-1,8.1730943321e-2,6.249998207386511e-1,2.999970340317574e-2,2.8299405878e1,2.631e-1
100.662879,7.4891020515e-2,1.0010533855e-1,3.3218628233e-1,7.1566256967e-1,2.7154438231e-2,6.249998246493410e-1,2.999970621478245e-2,2.9272116769e1,3.976e-1
100.757576,7.0643977954e-2,9.2049346905e-2,1.9615903151e-1,4.9228622684e-1,3.9886106521e-1,6.249998242047599e-1,2.999969886203314e-2,6.8596068540e1,6.191e-1
100.852273,6.6797366449e-2,8.6891390593e-2,1.3619737836e-1,2.6866252682e-1,6.9145098317e-1,6.249998226977294e-1,2.999969584260115e-2,9.8399687196e1,8.299e-1
100.946970,6.3279244719e-2,8.3474071251e-2,9.5128068882e-2,4.3456875238e-1,5.7354950277e-1,6.249998200026705e-1,2.999969818778525e-2,8.8280148747e1,7.260e-1
101.041667,6.0030810288e-2,8.2003920424e-2,5.6237202700e-2,9.4911652510e-1,1.0261118494e-1,6.249998217250572e-1,2.999970376054414e-2,4.4149881343e1,3.475e-1
101.136364,5.6994743207e-2,8.2550094606e-2,3.2387769842e-2,8.6542853098e-1,2.1263850108e-1,6.249998198596313e-1,2.999969851402019e-2,5.5364140850e1,3.348e-1
101.231061,5.4126828639e-2,8.4557195804e-2,2.5131080249e-2,3.9357685505e-1,6.9260767609e-1,6.249998179203116e-1,2.999969094085014e-2,1.0164546835e2,3.294e-1
101.325758,5.1403548701e-2,8.7463353745e-2,2.7077173216e-2,3.7553942055e-1,7.0851613957e-1,6.249998178902545e-1,2.999969045394943e-2,1.0312457319e2,5.258e-1
101.420455,4.8815030891e-2,9.1265256108e-2,3.9772965205e-2,8.2294099847e-1,2.4720538466e-1,6.249998176665909e-1,2.999969550116924e-2,5.8501522936e1,8.570e-1
101.515152,4.6356021290e-2,9.6724830020e-2,7.4290008105e-2,9.5877084168e-1,7.3857933016e-2,6.249998170533192e-1,2.999969455522326e-2,4.0945430095e1,9.261e-1
101.609848,4.4022349020e-2,1.0504728480e-1,1.2944735218e-1,4.4796980907e-1,5.2351282990e-1,6.249998124891283e-1,2.999968542069387e-2,8.2612360679e1,6.751e-1
101.704545,4.1815184720e-2,1.1687413315e-1,1.8419221163e-1,2.3663162575e-1,6.7048647457e-1,6.249998149070006e-1,2.999968195594738e-2,9.5122674321e1,8.115e-1
101.799242,3.9750081854e-2,1.3237130364e-1,2.5185808089e-1,3.8075343613e-1,4.4526673029e-1,6.249998164059973e-1,2.999968327779491e-2,7.1477733729e1,6.584e-1
101.893939,3.7863085290e-2,1.5338846715e-1,3.9174861978e-1,5.7881623616e-1,8.8183223876e-2,6.249998161303828e-1,2.999968726128978e-2,3.3269269649e1,6.612e-1
101.988636,3.6208465321e-2,1.8671545558e-1,6.3021912088e-1,3.8578955727e-1,1.1067024683e-2,6.249998118688644e-1,2.999968364277891e-2,1.9195133103e1,5.695e-1
102.083333,3.4851795198e-2,2.4359727609e-1,8.2484556731e-1,7.5016469830e-2,7.1688512973e-2,6.249998106996790e-1,2.999967898771451e-2,1.8680041683e1,5.190e-1
102.178030,3.3876520401e-2,3.3178104455e-1,7.9902565705e-1,5.7548221586e-3,7.9561576399e-2,6.249998102803727e-1,2.999967751170767e-2,1.7440741694e1,5.216e-1
102.272727,3.3404474023e-2,4.4670062553e-1,5.8195392996e-1,1.0214914214e-1,8.5791448953e-2,6.249998102993999e-1,2.999967775494146e-2,1.9815812942e1,5.943e-1
102.367424,3.3596477750e-2,5.6985261907e-1,3.2609817879e-1,2.2007748072e-1,1.0037486510e-1,6.249998107126535e-1,2.999967802999593e-2,2.3655751023e1,6.789e-1
102.462121,3.4620273695e-2,6.7671813623e-1,1.3656395165e-1,2.8643740228e-1,1.1565985817e-1,6.249998110134083e-1,2.999967815577114e-2,2.6433716742e1,7.427e-1
102.556818,3.6611989755e-2,7.4778948471e-1,3.4332847506e-2,3.0554477214e-1,1.2572052803e-1,6.249998110702499e-1,2.999967827472412e-2,2.7658208041e1,7.800e-1
102.651515,3.9654920539e-2,7.7388048765e-1,7.0846278931e-4,3.1512656392e-1,1.2062918724e-1,6.249998110675793e-1,2.999967832613074e-2,2.7097842150e1,7.907e-1
102.746212,4.3774917056e-2,7.5505361491e-1,1.5639202594e-2,3.3142767384e-1,1.0410421378e-1,6.249998110869589e-1,2.999967830280571e-2,2.5588133235e1,7.780e-1
102.840909,4.8940636676e-2,6.9754074479e-1,7.1927615482e-2,3.3348166319e-1,9.8108961932e-2,6.249998110364071e-1,2.999967826963005e-2,2.5224333081e1,7.469e-1
102.935606,5.5061453414e-2,6.1171692148e-1,1.7454196428e-1,2.9169299714e-1,1.1698628532e-1,6.249998108147311e-1,2.999967824156272e-2,2.6955720714e1,7.031e-1
103.030303,6.1988131097e-2,5.1165454262e-1,3.2537895082e-1,2.0531805589e-1,1.4565994056e-1,6.249998104961997e-1,2.999967808654800e-2,2.8871984937e1,6.525e-1
103.125000,6.9535135636e-2,4.1414557598e-1,4.9770181473e-1,1.0244160416e-1,1.6617548990e-1,6.249998101986016e-1,2.999967774919498e-2,2.9393267278e1,7.002e-1
103.219697,7.7539218671e-2,3.3496580085e-1,6.2157090751e-1,3.1551228957e-2,1.8437246404e-1,6.249998100126060e-1,2.999967745004145e-2,3.0290583194e1,7.857e-1
103.314394,8.5933522443e-2,2.8326413485e-1,6.1453631963e-1,7.2200063182e-2,1.9406557983e-1,6.249998099643548e-1,2.999967812442941e-2,3.2676581828e1,7.824e-1
103.409091,9.4773555726e-2,2.5706534097e-1,4.7107980072e-1,2.7881735615e-1,1.4826356678e-1,6.249998101709648e-1,2.999968248575131e-2,3.2230047810e1,6.839e-1
103.503788,1.0415737384e-1,2.4401563913e-1,3.0965992521e-1,4.7091159310e-1,1.2125509126e-1,6.249998112715753e-1,2.999968885021371e-2,3.3607212028e1,5.426e-1
103.598485,1.1408491288e-1,2.3084148161e-1,2.4873208419e-1,3.6428687585e-1,2.9205426678e-1,6.249998106578412e-1,2.999968192233973e-2,5.1548708269e1,4.720e-1
103.693182,1.2441406706e-1,2.1395978580e-1,2.7826152242e-1,1.4089794875e-1,4.9246629495e-1,6.249998094899964e-1,2.999967541863555e-2,7.0260638898e1,5.787e-1
103.787879,1.3497058367e-1,1.9791771706e-1,3.1793304574e-1,2.8608797061e-2,5.7056947493e-1,6.249998092293387e-1,2.999967422703553e-2,7.6955159388e1,7.509e-1
103.882576,1.4566353679e-1,1.8673741655e-1,3.1960708463e-1,3.8391241944e-2,5.5960033913e-1,6.249998095238278e-1,2.999967455732341e-2,7.5860526429e1,6.998e-1
103.977273,1.5648329008e-1,1.7999961419e-1,2.9884181085e-1,1.3000431000e-1,4.8467059517e-1,6.249998101377026e-1,2.999967595463468e-2,6.9026949462e1,4.402e-1
104.071970,1.6741024659e-1,1.7524099484e-1,3.1051250509e-1,2.3804062445e-1,3.5879525035e-1,6.249998106639083e-1,2.999967838339936e-2,5.6461379182e1,3.137e-1
104.166667,1.7835190184e-1,1.7290581462e-1,3.9714293473e-1,2.5738329256e-1,2.4421567696e-1,6.249998103500335e-1,2.999967861096106e-2,4.3108003071e1,3.369e-1
104.261364,1.8922627866e-1,1.7887337324e-1,5.3633592992e-1,1.5922241575e-1,1.8634162151e-1,6.249998095439262e-1,2.999967569687541e-2,3.3689892182e1,4.317e-1
104.356061,2.0018653239e-1,2.0119951261e-1,6.3905537434e-1,5.3489730198e-2,1.5606846888e-1,6.249998092079483e-1,2.999967383137581e-2,2.7303370669e1,3.178e-1
104.450758,2.1180829537e-1,2.4387848214e-1,6.2871517150e-1,2.5264800941e-2,1.4033286843e-1,6.249998091888712e-1,2.999967342353616e-2,2.4394463273e1,2.662e-1
104.545455,2.2507131946e-1,3.0328702905e-1,5.1273235026e-1,5.6116883620e-2,1.5279203627e-1,6.249998093323407e-1,2.999967359107340e-2,2.6174089438e1,2.599e-1
104.640152,2.4115580642e-1,3.6933567374e-1,3.5744344609e-1,8.5264173421e-2,1.9680051934e-1,6.249998095016944e-1,2.999967383363352e-2,3.1637716844e1,2.521e-1
104.734848,2.6119681327e-1,4.2979061303e-1,2.1962867016e-1,8.1609004873e-2,2.5777451765e-1,6.249998094888070e-1,2.999967384051930e-2,3.8353835409e1,3.917e-1
104.829545,2.8610872278e-1,4.7435709103e-1,1.1967983575e-1,5.8372916184e-2,3.1148105294e-1,6.249998093394984e-1,2.999967369607920e-2,4.3786715324e1,5.425e-1
104.924242,3.1648524220e-1,4.9633091325e-1,5.5945047130e-2,4.0006026422e-2,3.4123238939e-1,6.249998091915957e-1,2.999967358595654e-2,4.6556403512e1,5.719e-1
105.018939,3.5251869073e-1,4.9274814774e-1,2.1662029922e-2,4.2142387520e-2,3.4092836222e-1,6.249998090654747e-1,2.999967353830515e-2,4.6322438645e1,4.677e-1
105.113636,3.9391347337e-1,4.6448288333e-1,1.0235227634e-2,7.7751477672e-2,3.0361655582e-1,6.249998089134838e-1,2.999967355216576e-2,4.2558770755e1,2.592e-1
105.208333,4.3983294289e-1,4.1621307318e-1,1.4026177133e-2,1.6415629518e-1,2.1577112906e-1,6.249998087228600e-1,2.999967383812709e-2,3.4036258000e1,2.047e-1
105.303030,4.8894232824e-1,3.5537221643e-1,2.3977902578e-2,2.9550810097e-1,8.6199068992e-2,6.249998086065388e-1,2.999967486264745e-2,2.1636778880e1,1.999e-1
105.397727,5.3955847214e-1,2.8980539701e-1,3.3693579770e-2,3.7720244635e-1,9.7397218437e-3,6.249998085566162e-1,2.999967571566358e-2,1.4436101348e1,1.961e-1
105.492424,5.8981472746e-1,2.2538672441e-1,4.3017964252e-2,3.1044447622e-1,8.1335724318e-2,6.249998083327796e-1,2.999967452481045e-2,2.1435020478e1,2.519e-1
105.587121,6.3773411838e-1,1.6560397706e-1,5.3544258918e-2,1.7519507455e-1,2.1792218745e-1,6.249998081819451e-1,2.999967314435933e-2,3.4578711464e1,4.379e-1
105.681818,6.8125697005e-1,1.1282973524e-1,6.3314624845e-2,8.3320127096e-2,3.0927815910e-1,6.249998081640737e-1,2.999967266237662e-2,4.3326653386e1,5.541e-1
105.776515,7.1834837151e-1,6.9141665360e-2,6.8308454912e-2,6.0626740988e-2,3.3357438347e-1,6.249998081223289e-1,2.999967256097978e-2,4.5681501952e1,5.080e-1
105.871212,7.4719215491e-1,3.6189249825e-2,6.6421154248e-2,1.1001244772e-1,2.9018460932e-1,6.249998080149651e-1,2.999967268290757e-2,4.1641372131e1,3.324e-1
105.965909,7.6637838277e-1,1.4885443969e-2,6.0669006708e-2,2.3631979387e-1,1.7174698853e-1,6.249998079192398e-1,2.999967343407329e-2,3.0444160068e1,1.830e-1
106.060606,7.7499603081e-1,5.4598901381e-3,6.0022515721e-2,3.7505957999e-1,3.4461599194e-2,6.249998079293062e-1,2.999967491171393e-2,1.7291589178e1,1.883e-1
106.155303,7.7260644157e-1,7.9885239366e-3,7.3528156871e-2,3.6854791404e-1,2.7328578899e-2,6.249998076614606e-1,2.999967451224674e-2,1.6282096872e1,2.365e-1
106.250000,7.5917760044e-1,2.3005510591e-2,9.9255555137e-2,2.2177064781e-1,1.4679030065e-1,6.249998073130760e-1,2.999967261067229e-2,2.7105463475e1,2.890e-1
106.344697,7.3510575711e-1,5.1460534865e-2,1.2387603875e-1,9.3002613472e-2,2.4655467034e-1,6.249998072731048e-1,2.999967173198529e-2,3.5996563693e1,4.120e-1
106.439394,7.0131898488e-1,9.4029456788e-2,1.3564218979e-1,3.8109929578e-2,2.8089905364e-1,6.249998073394976e-1,2.999967155729495e-2,3.8798452537e1,5.231e-1
106.534091,6.5932767082e-1,1.5048855783e-1,1.3218414945e-1,3.7274159080e-2,2.7072507763e-1,6.249998074063987e-1,2.999967159597502e-2,3.7533697174e1,4.998e-1
106.628788,6.1114119665e-1,2.1948635935e-1,1.1802593546e-1,6.8354331099e-2,2.3299179233e-1,6.249998074445607e-1,2.999967171023037e-2,3.3699038814e1,3.492e-1
106.723485,5.5907848220e-1,2.9859021540e-1,9.9079550259e-2,1.1814448595e-1,1.7510688107e-1,6.249998074379052e-1,2.999967188992100e-2,2.7863660401e1,3.494e-1
106.818182,5.0555137347e-1,3.8425561890e-1,7.8776515389e-2,1.7224458101e-1,1.0917152600e-1,6.249998073870502e-1,2.999967213408213e-2,2.1137280968e1,3.977e-1
106.912879,4.5289176649e-1,4.7128503301e-1,5.7542581942e-2,2.0750075190e-1,6.0779481278e-2,6.249998073100357e-1,2.999967229826159e-2,1.6049154269e1,4.427e-1
107.007576,4.0323741141e-1,5.5183932599e-1,3.6097214539e-2,2.0417607507e-1,5.4649587455e-2,6.249998072323559e-1,2.999967217597345e-2,1.5122856670e1,4.823e-1
107.102273,3.5842334909e-1,6.1528398180e-1,2.0091670133e-2,1.6745395784e-1,8.8746655490e-2,6.249998071752397e-1,2.999967185355969e-2,1.8288611553e1,5.132e-1
107.196970,3.1982279296e-1,6.5059518128e-1,2.0129043917e-2,1.2113308469e-1,1.3831951144e-1,6.249998071392009e-1,2.999967156140264e-2,2.3203290284e1,5.314e-1
107.291667,2.8817049110e-1,6.5096782944e-1,4.4801861511e-2,8.4586390361e-2,1.8147304179e-1,6.249998071012508e-1,2.999967136026670e-2,2.7739749637e1,5.336e-1
107.386364,2.6347707998e-1,6.1757475646e-1,9.2435231013e-2,6.7958972070e-2,2.0855357452e-1,6.249998070226535e-1,2.999967121078416e-2,3.0975914546e1,5.185e-1
107.481061,2.4510708539e-1,5.5966460406e-1,1.4794555452e-1,8.2772544156e-2,2.1450982559e-1,6.249998068547555e-1,2.999967114333103e-2,3.2531426275e1,4.882e-1
107.575758,2.3200304697e-1,4.9085355069e-1,1.8809442639e-1,1.4906320540e-1,1.8998538373e-1,6.249998065869889e-1,2.999967156142406e-2,3.1690615726e1,4.471e-1
107.670455,2.2298786182e-1,4.2348825536e-1,1.9839748860e-1,2.6899200123e-1,1.3613400572e-1,6.249998063714118e-1,2.999967346191280e-2,2.8578547123e1,4.390e-1
107.765152,2.1705841694e-1,3.6365170051e-1,1.9418400791e-1,3.5672899762e-1,1.1837648975e-1,6.249998063625549e-1,2.999967563982505e-2,2.8956823284e1,4.253e-1
107.859848,2.1354633656e-1,3.1015906099e-1,2.1358059567e-1,2.9835087049e-1,2.1436274832e-1,6.249998060196831e-1,2.999967369460929e-2,3.9421395697e1,4.203e-1
107.954545,2.1204354214e-1,2.5935827119e-1,2.7353867093e-1,1.5106534564e-1,3.5399378064e-1,6.249998052615434e-1,2.999967065582565e-2,5.2958342663e1,4.946e-1
108.049242,2.1218515647e-1,2.1076663719e-1,3.4383404324e-1,4.6785852424e-2,4.3642791956e-1,6.249998044449364e-1,2.999966931916302e-2,6.0638219179e1,6.586e-1
108.143939,2.1352446135e-1,1.6736452400e-1,3.7236731507e-1,6.3641354586e-2,4.3310195269e-1,6.249998038442748e-1,2.999966914662427e-2,6.0894003090e1,6.137e-1
108.238636,2.1559394163e-1,1.3218679738e-1,3.3922403166e-1,2.5971417303e-1,3.0328066389e-1,6.249998037974520e-1,2.999967156554748e-2,5.0216741334e1,4.379e-1
108.333333,2.1805661795e-1,1.0556014846e-1,3.0049269342e-1,5.2486637846e-1,1.0102377086e-1,6.249998045810281e-1,2.999967970520048e-2,3.2450856934e1,3.436e-1
108.428030,2.2079078137e-1,8.4905673245e-2,3.4333853019e-1,4.5368367055e-1,1.4728095105e-1,6.249998032030628e-1,2.999967495720657e-2,3.6396754171e1,3.571e-1
108.522727,2.2380074772e-1,6.7437473770e-2,4.5277893845e-1,1.6371431991e-1,3.4226812272e-1,6.249998012797744e-1,2.999966694739273e-2,5.2918184774e1,2.945e-1
108.617424,2.2704702924e-1,5.2479689734e-2,5.2114360167e-1,4.2318129491e-2,4.0701115148e-1,6.249998008078108e-1,2.999966547882414e-2,5.7839239240e1,3.041e-1
108.712121,2.3039545724e-1,4.0486259863e-2,4.9811467075e-1,1.3429106075e-1,3.4671215435e-1,6.249998014763825e-1,2.999966643801319e-2,5.2857557315e1,3.665e-1
108.806818,2.3369216675e-1,3.1537142049e-2,4.4837450810e-1,3.0815694696e-1,2.2823884122e-1,6.249998025385398e-1,2.999967030501387e-2,4.2842510411e1,5.547e-1
108.901515,2.3684739257e-1,2.5024089733e-2,4.7171081775e-1,3.1371802610e-1,2.0269927814e-1,6.249998021414954e-1,2.999966992610971e-2,3.9926642855e1,5.489e-1
108.996212,2.3984464682e-1,2.0034859730e-2,5.6846787746e-1,1.3444685948e-1,2.8720535753e-1,6.249998005125992e-1,2.999966517941828e-2,4.5772320329e1,3.531e-1
109.090909,2.4266983213e-1,1.5894669289e-2,6.2632253972e-1,2.8984953708e-2,3.3612760442e-1,6.249997996327838e-1,2.999966394961984e-2,4.9115556457e1,3.381e-1
109.185606,2.4524155039e-1,1.2363448453e-2,5.6550394371e-1,1.3823943841e-1,2.8865121909e-1,6.249998000318215e-1,2.999966505191939e-2,4.6042397295e1,4.048e-1
109.280303,2.4741447016e-1,9.4923797777e-3,4.4785296109e-1,3.8424104938e-1,1.6099874226e-1,6.249998013334601e-1,2.999967046576223e-2,3.6629068273e1,4.001e-1
109.375000,2.4904633536e-1,7.3608422238e-3,4.0596729647e-1,4.2140852288e-1,1.6621660580e-1,6.249998013666364e-1,2.999967057849205e-2,3.8147781499e1,3.651e-1
109.469697,2.5005415051e-1,5.8490433140e-3,4.6358911193e-1,1.9474395632e-1,3.3576333680e-1,6.249997994384402e-1,2.999966298995412e-2,5.3054951771e1,4.775e-1
109.564394,2.5039070805e-1,4.7778766451e-3,5.1528985132e-1,5.1701641697e-2,4.2783951911e-1,6.249997984123885e-1,2.999966098353452e-2,6.0674980898e1,5.929e-1
109.659091,2.4998687933e-1,4.2104103770e-3,4.8139655798e-1,1.3885573351e-1,3.7555001622e-1,6.249997987120642e-1,2.999966184231748e-2,5.6498372273e1,6.128e-1
109.753788,2.4875050916e-1,4.3983756870e-3,4.0620853372e-1,3.9366714404e-1,1.9697503730e-1,6.249997999579682e-1,2.999966750914584e-2,4.1192993660e1,5.552e-1
109.848485,2.4662434582e-1,5.4262582782e-3,4.0884131513e-1,4.6560012149e-1,1.2350755882e-1,6.249997997657363e-1,2.999966937597362e-2,3.4113066627e1,6.127e-1
109.943182,2.4362163096e-1,7.1350904462e-3,5.1633838689e-1,2.1949037329e-1,2.6341411335e-1,6.249997974683107e-1,2.999966061632553e-2,4.5007486545e1,7.126e-1
110.037879,2.3977825507e-1,9.6106459368e-3,6.0870146733e-1,4.0709252410e-2,3.5119997220e-1,6.249997964727849e-1,2.999965801775979e-2,5.1265014677e1,7.785e-1
110.132576,2.3509471809e-1,1.3353297687e-2,5.8848574619e-1,8.8893273310e-2,3.2417255858e-1,6.249997969275823e-1,2.999965836349416e-2,4.9190812168e1,7.670e-1
110.227273,2.2956447185e-1,1.8680863597e-2,5.0314789468e-1,2.6116323111e-1,2.3744313506e-1,6.249997981537473e-1,2.999966158019156e-2,4.2927271804e1,7.064e-1
110.321970,2.2325258301e-1,2.5287207636e-2,4.7304709632e-1,3.0671016651e-1,2.2170254320e-1,6.249997983382339e-1,2.999966246142038e-2,4.2139228335e1,6.628e-1
110.416667,2.1631371966e-1,3.2897542388e-2,5.2913033058e-1,1.5422064684e-1,3.1743735418e-1,6.249997968251945e-1,2.999965792738932e-2,4.9974036623e1,6.636e-1
110.511364,2.0891833268e-1,4.2159853277e-2,5.7442686901e-1,3.9888879863e-2,3.8460565656e-1,6.249997956931643e-1,2.999965632079293e-2,5.5290162020e1,6.655e-1
110.606061,2.0119453338e-1,5.3947377823e-2,5.2026316941e-1,1.3572785986e-1,3.3886665127e-1,6.249997958731370e-1,2.999965734485355e-2,5.2088820256e1,6.103e-1
110.700758,1.9327589633e-1,6.7566904695e-2,4.1175010915e-1,4.0796831609e-1,1.6943836808e-1,6.249997971735389e-1,2.999966333809203e-2,3.8268869860e1,4.885e-1
110.795455,1.8539833520e-1,8.0730486975e-2,3.8348857466e-1,4.8108616057e-1,1.1929603692e-1,6.249997971673050e-1,2.999966498392532e-2,3.3986718603e1,3.588e-1
110.890152,1.7790942469e-1,9.2658901730e-2,4.6717756804e-1,2.2470519506e-1,2.8754850037e-1,6.249997949411443e-1,2.999965561454075e-2,4.8008467349e1,2.814e-1
110.984848,1.7115237451e-1,1.0563010192e-1,5.4439948994e-1,4.4128706527e-2,3.8468891546e-1,6.249997941756074e-1,2.999965292250288e-2,5.5304332098e1,2.663e-1
111.079545,1.6537309531e-1,1.2170753659e-1,5.2762848075e-1,7.4281711750e-2,3.6100876516e-1,6.249997947810042e-1,2.999965326529105e-2,5.3133266184e1,2.995e-1
111.174242,1.6075659236e-1,1.3968882129e-1,4.6361338034e-1,2.0366182737e-1,2.8227897044e-1,6.249997958987745e-1,2.999965567678563e-2,4.6717549673e1,4.834e-1
111.268939,1.5751988934e-1,1.5677484095e-1,4.5321522497e-1,2.3635197076e-1,2.4613766605e-1,6.249997960375926e-1,2.999965632349198e-2,4.3086915745e1,4.793e-1
111.363636,1.5595827217e-1,1.7313624838e-1,5.1432970978e-1,1.1974027347e-1,2.8683508630e-1,6.249997950516273e-1,2.999965333677376e-2,4.5085469109e1,3.319e-1
111.458333,1.5641099589e-1,1.9262209461e-1,5.5876574501e-1,1.8519749854e-2,3.2368100350e-1,6.249997944331755e-1,2.999965196915930e-2,4.6957376091e1,2.156e-1
111.553030,1.5919085027e-1,2.1755670611e-1,5.1097482432e-1,4.9826682794e-2,3.1245052586e-1,6.249997946733958e-1,2.999965234067324e-2,4.6190628591e1,3.109e-1
111.647727,1.6453966378e-1,2.4436103174e-1,4.0540540622e-1,1.8254596023e-1,2.5314752898e-1,6.249997954791464e-1,2.999965435429086e-2,4.2058589583e1,4.680e-1
111.742424,1.7263537957e-1,2.6633742061e-1,3.4173228942e-1,2.6316208902e-1,2.0613241322e-1,6.249997959153419e-1,2.999965602059032e-2,3.8158986587e1,4.052e-1
111.837121,1.8365818672e-1,2.8144237215e-1,3.6419742843e-1,1.8777408161e-1,2.3292752183e-1,6.249997953712895e-1,2.999965362631003e-2,3.9391786671e1,4.743e-1
111.931818,1.9787827863e-1,2.9484347857e-1,4.1935975071e-1,6.2531519189e-2,2.7538656275e-1,6.249997949215795e-1,2.999965138761316e-2,4.1293992748e1,5.549e-1
112.026515,2.1568321626e-1,3.1253220105e-1,4.3137728236e-1,3.1569132000e-3,2.8724997696e-1,6.249997949149633e-1,2.999965085205408e-2,4.1052942542e1,5.822e-1
112.121212,2.3751703764e-1,3.3489091695e-1,3.8065074653e-1,8.1404185574e-3,2.8880047050e-1,6.249997950846169e-1,2.999965100180694e-2,4.1060699943e1,5.600e-1
112.215909,2.6377607292e-1,3.5686383959e-1,2.9913511352e-1,2.7192235728e-2,3.0303232858e-1,6.249997951648736e-1,2.999965117202723e-2,4.2896986225e1,5.197e-1
112.310606,2.9472091186e-1,3.7224517516e-1,2.2013363856e-1,3.4213194727e-2,3.2868666972e-1,6.249997950125651e-1,2.999965109038233e-2,4.5819635871e1,4.521e-1
112.405303,3.3042183282e-1,3.7664175165e-1,1.5343621190e-1,4.9528366119e-2,3.3997142694e-1,6.249997947135331e-1,2.999965097261990e-2,4.7247234479e1,3.870e-1
112.500000,3.7069187643e-1,3.6728831125e-1,9.7445599844e-2,1.1905316600e-1,2.9552063536e-1,6.249997944394492e-1,2.999965117859321e-2,4.3335829998e1,3.122e-1
112.594697,4.1495896002e-1,3.4230939714e-1,5.7003878157e-2,2.7224109494e-1,1.6348625846e-1,6.249997943587725e-1,2.999965228818208e-2,3.0986085420e1,2.309e-1
112.689394,4.6211843739e-1,3.0193572548e-1,4.4156161872e-2,4.2254503806e-1,1.9244226146e-2,6.249997944741745e-1,2.999965406049775e-2,1.7172882129e1,2.521e-1
112.784091,5.1051343656e-1,2.5049026467e-1,6.3885182381e-2,3.8236917464e-1,4.2741529819e-2,6.249997940386453e-1,2.999965303566664e-2,1.8974048112e1,3.176e-1
112.878788,5.5815290080e-1,1.9564085860e-1,1.0400833749e-1,2.0708346667e-1,1.8511402369e-1,6.249997936296626e-1,2.999965073867588e-2,3.1823690833e1,4.244e-1
112.973485,6.0305628811e-1,1.4466780205e-1,1.4391599585e-1,7.7763559411e-2,2.8059594196e-1,6.249997936937474e-1,2.999964989785621e-2,4.0146906187e1,5.099e-1
113.068182,6.4349913217e-1,1.0177243591e-1,1.7149967809e-1,2.4125399822e-2,3.0910294170e-1,6.249997938529347e-1,2.999964982352338e-2,4.2234481195e1,4.184e-1
113.162879,6.7809410460e-1,6.8303949990e-2,1.8644944228e-1,8.5642574344e-3,3.0858783361e-1,6.249997939595522e-1,2.999964989430881e-2,4.1740549431e1,2.092e-1
113.257576,7.0579813081e-1,4.4098753162e-2,1.9243076859e-1,3.4175912302e-3,3.0425434418e-1,6.249997939921408e-1,2.999964992060247e-2,4.1034461695e1,1.745e-1
113.352273,7.2591339061e-1,2.8346359552e-2,1.9087248359e-1,1.0115189591e-3,3.0385583522e-1,6.249997939643459e-1,2.999964988156294e-2,4.0872544797e1,3.038e-1
113.446970,7.3807108784e-1,1.9944944673e-2,1.8014896153e-1,9.6599803732e-3,3.0217461339e-1,6.249997938987689e-1,2.999964982593142e-2,4.0837587011e1,4.809e-1
113.541667,7.4217011273e-1,1.7824567363e-2,1.5819404559e-1,5.0911171802e-2,2.8089969013e-1,6.249997938062566e-1,2.999964986386576e-2,3.9256604390e1,5.298e-1
113.636364,7.3829006787e-1,2.1369930838e-2,1.2628990656e-1,1.5404896358e-1,2.1000071853e-1,6.249997936901396e-1,2.999965037668390e-2,3.3231862954e1,4.051e-1
113.731061,7.2664976817e-1,3.0608550523e-2,9.2196749113e-2,3.1269864158e-1,8.7845877924e-2,6.249997936566953e-1,2.999965213972916e-2,2.2412744883e1,4.970e-1
113.825758,7.0767825159e-1,4.5704521860e-2,6.8449725444e-2,4.0137754058e-1,2.6789547829e-2,6.249997936553859e-1,2.999965343932948e-2,1.7265989394e1,6.111e-1
113.920455,6.8216594936e-1,6.5901128754e-2,6.3386407871e-2,3.1022429440e-1,1.2832180622e-1,6.249997933024443e-1,2.999965119265459e-2,2.7332345112e1,5.558e-1
114.015152,6.5132526291e-1,8.9100463388e-2,7.5153014216e-2,1.5705081489e-1,2.7737003076e-1,6.249997930795834e-1,2.999964914587415e-2,4.1634077686e1,3.948e-1
114.109848,6.1663674529e-1,1.1272515558e-1,9.5789814842e-2,6.0500256707e-2,3.6434761368e-1,6.249997930472583e-1,2.999964858114940e-2,4.9872589968e1,3.068e-1
114.204545,5.7958958117e-1,1.3477981129e-1,1.1748450830e-1,3.1117747395e-2,3.8702793786e-1,6.249997930125217e-1,2.999964849005174e-2,5.2034574443e1,5.174e-1
114.299242,5.4149943524e-1,1.5407687793e-1,1.3691277796e-1,5.7317692864e-2,3.6019280196e-1,6.249997929790546e-1,2.999964859372917e-2,4.9613050520e1,5.949e-1
114.393939,5.0347418468e-1,1.6957081139e-1,1.6030354704e-1,1.3331280117e-1,2.8333824175e-1,6.249997930201188e-1,2.999964913301195e-2,4.2406611673e1,4.957e-1
114.488636,4.6648912443e-1,1.7937882452e-1,2.0844016432e-1,2.2310211275e-1,1.7258936019e-1,6.249997931027270e-1,2.999965025079425e-2,3.1490229238e1,3.820e-1
114.583333,4.3146379168e-1,1.8078130988e-1,3.0949876081e-1,2.3346463776e-1,9.4791085500e-2,6.249997928165634e-1,2.999965040022079e-2,2.2657411955e1,4.389e-1
114.678030,3.9920372027e-1,1.7247995590e-1,4.6377782284e-1,1.2916877396e-1,8.5369311495e-2,6.249997922375313e-1,2.999964909820812e-2,1.9315456993e1,4.702e-1
114.772727,3.7017942576e-1,1.5736934972e-1,6.0875456966e-1,1.9809857781e-2,9.3886380907e-2,6.249997919160595e-1,2.999964826573926e-2,1.8021237175e1,5.377e-1
114.867424,3.4434932605e-1,1.4157019118e-1,6.5837473020e-1,1.0704430095e-2,9.5000906088e-2,6.249997918029527e-1,2.999964796077587e-2,1.8224970629e1,5.492e-1
114.962121,3.2124995013e-1,1.3019650374e-1,5.9319666760e-1,9.4032794645e-2,1.1132366762e-1,6.249997918684038e-1,2.999964813091493e-2,2.2425070207e1,5.194e-1
115.056818,3.0029217375e-1,1.2463826175e-1,4.7683248039e-1,1.6816995279e-1,1.8006671555e-1,6.249997921164239e-1,2.999964851995409e-2,3.2644060534e1,4.808e-1
115.151515,2.8101953148e-1,1.2337203498e-1,3.7589687572e-1,1.6416760270e-1,3.0554353887e-1,6.249997918725515e-1,2.999964814326918e-2,4.7757365103e1,4.598e-1
115.246212,2.6317283458e-1,1.2456041618e-1,3.0072467669e-1,1.5215183488e-1,4.0938981939e-1,6.249997908612237e-1,2.999964780594117e-2,6.0057260262e1,6.247e-1
115.340909,2.4660077034e-1,1.2768233514e-1,2.2712457682e-1,2.7798263095e-1,3.7060926576e-1,6.249997895040200e-1,2.999964887173207e-2,5.8529091878e1,6.081e-1
115.435606,2.3115598681e-1,1.3314352181e-1,1.4649196942e-1,6.0986304520e-1,1.2934505605e-1,6.249997896468167e-1,2.999965105285804e-2,3.7625585414e1,7.152e-1
115.530303,2.1667146363e-1,1.4089134587e-1,8.2719244841e-2,7.4736174697e-1,6.2355780962e-2,6.249997911345171e-1,2.999965022780023e-2,3.2948988248e1,7.897e-1
115.625000,2.0301862951e-1,1.4979181161e-1,4.9959443461e-2,4.6432815912e-1,3.8290153543e-1,6.249997895590705e-1,2.999964774876296e-2,6.4670666112e1,5.985e-1
115.719697,1.9015427845e-1,1.5860638353e-1,3.6207039038e-2,3.0878395699e-1,5.5624792057e-1,6.249997892898287e-1,2.999964672682079e-2,8.1782766675e1,3.743e-1
115.814394,1.7808933579e-1,1.6700117637e-1,2.9267103908e-2,4.9243912604e-1,3.8320283462e-1,6.249997883643583e-1,2.999964779256224e-2,6.5465198716e1,3.591e-1
115.909091,1.6683581661e-1,1.7551145630e-1,2.4879214192e-2,8.2347502821e-1,5.9298064145e-2,6.249997897334603e-1,2.999964814108696e-2,3.4574827648e1,3.683e-1
116.003788,1.5639066920e-1,1.8471151241e-1,2.4052422839e-2,6.8314353309e-1,2.0170143840e-1,6.249997879741218e-1,2.999964645428357e-2,4.8318414917e1,4.234e-1
116.098485,1.4675998849e-1,1.9429549612e-1,2.6645435604e-2,3.6411927976e-1,5.1817937447e-1,6.249997872197799e-1,2.999964429748531e-2,7.8653911355e1,6.857e-1
116.193182,1.3798094632e-1,2.0339507570e-1,3.3282653784e-2,3.5804845752e-1,5.1729244134e-1,6.249997873318458e-1,2.999964399262128e-2,7.8413024987e1,7.113e-1
116.287879,1.3011827274e-1,2.1172482140e-1,4.9378539953e-2,6.5221059244e-1,2.0656734841e-1,6.249997874673190e-1,2.999964514830916e-2,4.8194896653e1,4.525e-1
116.382576,1.2325773243e-1,2.2034838887e-1,8.4145697323e-2,7.7659047492e-1,4.5657280935e-2,6.249997872412348e-1,2.999964495052771e-2,3.1870518380e1,4.484e-1
116.477273,1.1751051702e-1,2.3122960131e-1,1.3757828280e-1,4.4963273356e-1,3.1404843464e-1,6.249997846705817e-1,2.999964226158372e-2,5.6208287832e1,4.376e-1
116.571970,1.1301650924e-1,2.4560713751e-1,1.9385824380e-1,2.1890606712e-1,4.7861161370e-1,6.249997856807121e-1,2.999963997101517e-2,7.0365869181e1,4.601e-1
116.666667,1.0994647526e-1,2.6364986452e-1,2.5425414779e-1,2.0924678562e-1,4.1290230077e-1,6.249997869828164e-1,2.999963982343284e-2,6.2163697787e1,4.867e-1
116.761364,1.0852357960e-1,2.8670111849e-1,3.4393739448e-1,2.8368003161e-1,2.2715745096e-1,6.249997875663444e-1,2.999964057820320e-2,4.1533077916e1,5.180e-1
116.856061,1.0906235915e-1,3.2051879488e-1,4.7579824567e-1,2.7867402458e-1,6.5946149650e-2,6.249997869692614e-1,2.999964064280127e-2,2.1860630677e1,5.574e-1
116.950758,1.1201030362e-1,3.7574676350e-1,6.0191295958e-1,1.5231711339e-1,8.0124324974e-3,6.249997862894280e-1,2.999963955173118e-2,1.1522541343e1,6.105e-1
117.045455,1.1797367508e-1,4.6173496222e-1,6.2529107136e-1,4.4115807056e-2,8.8405659649e-4,6.249997861609878e-1,2.999963888734740e-2,7.5096504030e0,6.795e-1
117.140152,1.2770831025e-1,5.7606101874e-1,5.0545289541e-1,3.8585771537e-2,2.1915761787e-3,6.249997860557324e-1,2.999963897372489e-2,6.7748657959e0,7.581e-1
117.234848,1.4205360010e-1,6.9855819761e-1,3.0961495649e-1,9.3034528291e-2,6.7382896420e-3,6.249997860662551e-1,2.999963920309627e-2,7.7846688267e0,8.329e-1
117.329545,1.6180118772e-1,7.9764541182e-1,1.3781120058e-1,1.2767195911e-1,2.5069813084e-2,6.249997861569203e-1,2.999963914844922e-2,1.0073119789e1,8.884e-1
117.424242,1.8752867071e-1,8.4627436750e-1,4.2032349271e-2,1.1156671575e-1,6.2597469045e-2,6.249997861360178e-1,2.999963887738891e-2,1.3705182806e1,9.138e-1
117.518939,2.1943453987e-1,8.3384381176e-1,2.1872385087e-2,7.2982311802e-2,1.0186652365e-1,6.249997860831285e-1,2.999963864451582e-2,1.7326732979e1,9.059e-1
117.613636,2.5719498488e-1,7.6669691540e-1,5.6509148087e-2,4.2634711987e-2,1.2696381185e-1,6.249997861044577e-1,2.999963856140373e-2,1.9729743209e1,8.672e-1
117.708333,2.9988676837e-1,6.6204643865e-1,1.2277064360e-1,2.6404348114e-2,1.3889137362e-1,6.249997861715580e-1,2.999963857808106e-2,2.1079236373e1,8.036e-1
117.803030,3.4604423686e-1,5.4094384798e-1,1.9677814155e-1,2.0051917838e-2,1.4618142822e-1,6.249997862285777e-1,2.999963861049641e-2,2.2182019130e1,7.231e-1
117.897727,3.9387165400e-1,4.2204677562e-1,2.5505126349e-1,2.3101433047e-2,1.5592844635e-1,6.249997862512200e-1,2.999963863435695e-2,2.3779526477e1,6.341e-1
117.992424,4.4152795406e-1,3.1735299876e-1,2.8253895894e-1,3.5547631839e-2,1.7303202888e-1,6.249997862406451e-1,2.999963866818714e-2,2.6401405561e1,5.434e-1
118.087121,4.8734401128e-1,2.3142870686e-1,2.7939897742e-1,5.0770465387e-2,2.0105741145e-1,6.249997861996888e-1,2.999963869252365e-2,3.0301724796e1,4.559e-1
118.181818,5.2990414436e-1,1.6381006720e-1,2.5618751405e-1,6.2199361876e-2,2.3789848471e-1,6.249997861025218e-1,2.999963865613441e-2,3.5083457942e1,4.239e-1
118.276515,5.6804730098e-1,1.1211633799e-1,2.2243462505e-1,7.9432047365e-2,2.6796926045e-1,6.249997859185521e-1,2.999963860094355e-2,3.9129624180e1,5.120e-1
118.371212,6.0087020464e-1,7.3796335332e-2,1.8211889755e-1,1.3464782356e-1,2.5856631026e-1,6.249997856712034e-1,2.999963871063586e-2,3.9310197021e1,4.992e-1
118.465909,6.2773703469e-1,4.6458245241e-2,1.3936330348e-1,2.6272856258e-1,1.7371242501e-1,6.249997854992688e-1,2.999963916648062e-2,3.2164195840e1,4.544e-1
118.560606,6.4824586119e-1,2.7857234114e-2,1.0483588024e-1,4.1944937744e-1,4.9611218326e-2,6.249997856555689e-1,2.999963960898000e-2,2.0991140465e1,4.576e-1
118.655303,6.6214158229e-1,1.6163455740e-2,9.1089905376e-2,4.3559222649e-1,4.5012401393e-2,6.249997856473140e-1,2.999963941138358e-2,2.0792655572e1,4.579e-1
118.750000,6.6923184670e-1,1.0267996503e-2,1.0082625644e-1,2.9325955500e-1,1.7641391603e-1,6.249997853331326e-1,2.999963876275983e-2,3.3127048979e1,4.554e-1
118.844697,6.6935548453e-1,9.8225176176e-3,1.2733680263e-1,1.6436886260e-1,2.7911590336e-1,6.249997853710736e-1,2.999963824986598e-2,4.2359656432e1,4.505e-1
118.939394,6.6240243422e-1,1.5120061599e-2,1.6523110875e-1,1.1612917533e-1,2.9111679122e-1,6.249997855619084e-1,2.999963808751564e-2,4.2662373097e1,4.601e-1
119.034091,6.4836245637e-1,2.6938478271e-2,2.1603192778e-1,1.2156425340e-1,2.3710245567e-1,6.249997857445796e-1,2.999963811755706e-2,3.6345484042e1,4.776e-1
119.128788,6.2736090075e-1,4.6577122675e-2,2.8522010846e-1,1.3397572790e-1,1.5686571188e-1,6.249997858356663e-1,2.999963816962468e-2,2.7054629977e1,5.132e-1
119.223485,5.9964180578e-1,7.6417104231e-2,3.7124875780e-1,1.1257450745e-1,9.0117396308e-2,6.249997857802023e-1,2.999963807489910e-2,1.8560056139e1,5.874e-1
119.318182,5.6552555820e-1,1.2076656412e-1,4.5106101353e-1,5.7234164939e-2,5.5412270634e-2,6.249997857150227e-1,2.999963791718847e-2,1.3057047935e1,6.508e-1
119.412879,5.2546237444e-1,1.8557679611e-1,4.8202064775e-1,1.2110615529e-2,4.4829137615e-2,6.249997857239938e-1,2.999963788360386e-2,1.0615719273e1,6.769e-1
119.507576,4.8027890391e-1,2.7534944826e-1,4.3412706524e-1,1.4379872466e-2,4.5864281595e-2,6.249997857350101e-1,2.999963799092687e-2,1.0594638833e1,6.450e-1
119.602273,4.3149780115e-1,3.8785370370e-1,3.2239282096e-1,5.5154438342e-2,5.3100807339e-2,6.249997857482275e-1,2.999963817747131e-2,1.2132444242e1,5.550e-1
119.696970,3.8141134400e-1,5.1092078662e-1,1.9694948383e-1,8.9585361663e-2,7.1132595434e-2,6.249997857721327e-1,2.999963827731189e-2,1.4759846905e1,5.725e-1
119.791667,3.3271407950e-1,6.2555805363e-1,1.0223906060e-1,8.5551104326e-2,1.0393727342e-1,6.249997857313778e-1,2.999963813077421e-2,1.8276991968e1,6.231e-1
119.886364,2.8788647154e-1,7.1332230971e-1,5.4274988239e-2,5.5115104848e-2,1.3940069698e-1,6.249997856604688e-1,2.999963788198669e-2,2.1611760329e1,6.553e-1
119.981061,2.4871724067e-1,7.6180718469e-1,5.0123151917e-2,2.6604617951e-2,1.6274737608e-1,6.249997856516465e-1,2.999963773745843e-2,2.3731970117e1,6.659e-1
120.075758,2.1615252132e-1,7.6647187788e-1,8.3017116834e-2,1.1224136443e-2,1.7313391891e-1,6.249997856943403e-1,2.999963771859465e-2,2.4825470938e1,6.549e-1
120.170455,1.9039119658e-1,7.3094148846e-1,1.4402121082e-1,6.6461843173e-3,1.7799949130e-1,6.249997857362604e-1,2.999963774874363e-2,2.5705861046e1,6.244e-1
120.265152,1.7107781692e-1,6.6578938465e-1,2.1734074912e-1,1.2988473416e-2,1.8280314741e-1,6.249997857587209e-1,2.999963779351315e-2,2.6970277688e1,5.788e-1
120.359848,1.5750463520e-1,5.8443240227e-1,2.8531430419e-1,3.0490767639e-2,1.9225746220e-1,6.249997857497642e-1,2.999963785301760e-2,2.9114791282e1,5.241e-1
120.454545,1.4878812579e-1,4.9829459746e-1,3.3944790605e-1,4.7770182911e-2,2.1569875904e-1,6.249997856265334e-1,2.999963778466904e-2,3.2924653517e1,5.253e-1
120.549242,1.4400591987e-1,4.1538486760e-1,3.7422789646e-1,6.4052032788e-2,2.5232885370e-1,6.249997852103878e-1,2.999963752090881e-2,3.8244354190e1,5.742e-1
120.643939,1.4228986945e-1,3.4185275605e-1,3.6875110677e-1,1.4248750703e-1,2.5461832963e-1,6.249997844651708e-1,2.999963789695780e-2,4.0855605718e1,5.832e-1
120.738636,1.4287632786e-1,2.8211756906e-1,3.0343577324e-1,3.8582559946e-1,1.3574429854e-1,6.249997840818592e-1,2.999963974791703e-2,3.2784848883e1,5.365e-1
120.833333,1.4511734316e-1,2.3667825075e-1,2.0995760230e-1,6.4456277556e-1,1.3683599747e-2,6.249997857588633e-1,2.999964048804733e-2,2.4603085577e1,4.594e-1
120.928030,1.4847099622e-1,2.0170197444e-1,1.4665278394e-1,5.3115045611e-1,2.2202336073e-1,6.249997857180792e-1,2.999963854821945e-2,4.7066666487e1,4.670e-1
121.022727,1.5249833909e-1,1.7290976153e-1,1.1797973340e-1,3.2801422964e-1,4.7859750541e-1,6.249997845294359e-1,2.999963777190701e-2,7.3122842600e1,6.695e-1
121.117424,1.5686895486e-1,1.4875961011e-1,9.4771493700e-2,4.1260302061e-1,4.3699648722e-1,6.249997832527818e-1,2.999963866436819e-2,7.0272972671e1,6.120e-1
121.212121,1.6136090296e-1,1.2940918144e-1,6.4718513447e-2,7.7091942974e-1,1.2359154062e-1,6.249997840994784e-1,2.999963833075445e-2,4.1346385872e1,3.929e-1
121.306818,1.6584595485e-1,1.1458721259e-1,3.9731937107e-2,7.9890278332e-1,1.3093168076e-1,6.249997843181460e-1,2.999963673889535e-2,4.2954097103e1,4.008e-1
121.401515,1.7025423045e-1,1.0290360868e-1,2.7434565817e-2,4.6045208701e-1,4.8895507270e-1,6.249997823287756e-1,2.999963637977207e-2,7.7831126950e1,4.081e-1
121.496212,1.7453853252e-1,9.2875308438e-2,2.3730854285e-2,4.0492054584e-1,5.5393432316e-1,6.249997821211015e-1,2.999963609057218e-2,8.4323917548e1,4.998e-1
121.590909,1.7866210504e-1,8.3475760179e-2,2.8653523632e-2,7.1932081146e-1,2.3988736413e-1,6.249997822179716e-1,2.999963585609848e-2,5.4209359337e1,7.764e-1
121.685606,1.8259338193e-1,7.3809533355e-2,5.2037877894e-2,8.6783287163e-1,7.3725900634e-2,6.249997827231475e-1,2.999963375603397e-2,3.7862785954e1,8.755e-1
121.780303,1.8628415114e-1,6.3233411979e-2,1.0244626101e-1,5.0912485150e-1,3.8891088349e-1,6.249997795593971e-1,2.999963398534952e-2,6.7111767322e1,6.949e-1
121.875000,1.8963712220e-1,5.2010880041e-2,1.7258440553e-1,3.1114023965e-1,5.2462691359e-1,6.249997805074526e-1,2.999963205891695e-2,7.8688248174e1,7.177e-1
121.969697,1.9248899618e-1,4.1017303669e-2,2.7090555456e-1,4.1763118887e-1,3.2795652017e-1,6.249997817239008e-1,2.999963145729308e-2,5.7688156168e1,5.746e-1
122.064394,1.9460846982e-1,3.1213026653e-2,4.4844635903e-1,5.2360823034e-1,5.2123476338e-2,6.249997810966681e-1,2.999963161863972e-2,2.7174569503e1,6.149e-1
122.159091,1.9570962603e-1,2.3983644636e-2,7.2486982761e-1,2.9593694497e-1,9.4995127749e-3,6.249997780075300e-1,2.999963091860058e-2,1.6630700597e1,6.768e-1
122.253788,1.9550423573e-1,2.1386290185e-2,9.5033485341e-1,4.3769273177e-2,3.9004902215e-2,6.249997773580002e-1,2.999962965660361e-2,1.4136447751e1,7.844e-1
122.348485,1.9378544570e-1,2.5216105289e-2,9.4479654010e-1,4.7360199792e-2,3.8841263264e-2,6.249997770728688e-1,2.999962815262994e-2,1.4192905345e1,7.888e-1
122.443182,1.9049644596e-1,3.5969050139e-2,7.4312991094e-1,1.9953872867e-1,8.0865419096e-2,6.249997774011961e-1,2.999962767262733e-2,2.2848238572e1,7.103e-1
122.537879,1.8575389916e-1,5.2635343715e-2,5.0274160950e-1,3.1442908910e-1,1.9443961465e-1,6.249997780561523e-1,2.999962794933615e-2,3.9170082039e1,5.930e-1
122.632576,1.7980942338e-1,7.3221660027e-2,3.1069622909e-1,3.8720149961e-1,2.9907074343e-1,6.249997777735410e-1,2.999962900355299e-2,5.3393421012e1,5.632e-1
122.727273,1.7296913413e-1,9.5474050362e-2,1.7922259425e-1,5.2646453297e-1,2.7586924339e-1,6.249997775463014e-1,2.999962910526015e-2,5.3869341630e1,5.563e-1
122.821970,1.6551497001e-1,1.1765907373e-1,1.0950365556e-1,6.7383178505e-1,1.8349007227e-1,6.249997783141157e-1,2.999962701849133e-2,4.6243451249e1,5.237e-1
122.916667,1.5764342530e-1,1.3976940083e-1,9.9031058871e-2,6.2963476757e-1,2.2392090372e-1,6.249997781436640e-1,2.999962790457571e-2,4.9960797223e1,4.018e-1
123.011364,1.4943850168e-1,1.6418228887e-1,1.3185048930e-1,4.9121874181e-1,3.1330953386e-1,6.249997777595064e-1,2.999962943069596e-2,5.7280507815e1,4.874e-1
123.106061,1.4090067543e-1,1.9514064574e-1,1.9080946717e-1,4.5816928007e-1,2.6497948780e-1,6.249997781086244e-1,2.999962868963713e-2,5.0565998767e1,4.800e-1
123.200758,1.3200515561e-1,2.3847875418e-1,2.7100717132e-1,4.8397084254e-1,1.2453763299e-1,6.249997783194290e-1,2.999962752508565e-2,3.4138901441e1,3.504e-1
123.295455,1.2275540839e-1,3.0182278422e-1,3.6670662386e-1,4.0583845047e-1,5.2876288396e-2,6.249997776654910e-1,2.999962780852169e-2,2.3353671593e1,3.331e-1
123.390152,1.1324381425e-1,3.9332497546e-1,4.4136490659e-1,2.4331265955e-1,5.8753198543e-2,6.249997771998508e-1,2.999962822224552e-2,1.9680605630e1,3.155e-1
123.484848,1.0373290825e-1,5.1757843373e-1,4.4558969156e-1,1.2905903686e-1,5.4039483962e-2,6.249997771862393e-1,2.999962795353442e-2,1.5698683981e1,2.962e-1
123.579545,9.4713812094e-2,6.7042480444e-1,3.7046733710e-1,8.2726906751e-2,3.1666694039e-2,6.249997772093843e-1,2.999962782529577e-2,1.1052543065e1,2.755e-1
123.674242,8.6878316097e-2,8.3570309734e-1,2.4916416933e-1,6.1994206879e-2,1.6259764712e-2,6.249997771757073e-1,2.999962787127017e-2,7.7732232106e0,2.537e-1
123.768939,8.0997135648e-2,9.8590399748e-1,1.2500203403e-1,4.5162086775e-2,1.2934300308e-2,6.249997771191802e-1,2.999962788422220e-2,6.1131000513e0,2.318e-1
123.863636,7.7754388510e-2,1.0878510513e0,3.6013902107e-2,3.3291044801e-2,1.5089167454e-2,6.249997770942710e-1,2.999962788862878e-2,5.4994173815e0,2.105e-1
123.958333,7.7595202210e-2,1.1135938875e0,1.1681941180e-2,2.8567066802e-2,1.8561456548e-2,6.249997771055212e-1,2.999962794655681e-2,5.6494534813e0,1.907e-1
124.053030,8.0620823938e-2,1.0528104345e0,6.8119218910e-2,2.5445419745e-2,2.3003657146e-2,6.249997771035216e-1,2.999962802707754e-2,6.4496065787e0,1.730e-1
124.147727,8.6551571311e-2,9.1960072283e-1,1.9827676955e-1,1.7551877538e-2,2.8018612874e-2,6.249997770538033e-1,2.999962805825487e-2,7.6167339169e0,1.602e-1
124.242424,9.4779067985e-2,7.4808984850e-1,3.5849167615e-1,1.9700798000e-2,2.8938163394e-2,6.249997770130910e-1,2.999962805845743e-2,8.7460130907e0,1.686e-1
124.337121,1.0451454212e-1,5.7697283923e-1,4.7699909985e-1,7.1018694228e-2,2.0494378648e-2,6.249997770345241e-1,2.999962805933126e-2,9.9180744305e0,1.785e-1
124.431818,1.1498023678e-1,4.3236466415e-1,5.0920368254e-1,1.7358327024e-1,1.9867700540e-2,6.249997771253526e-1,2.999962799904160e-2,1.3093579224e1,2.338e-1
124.526515,1.2554397911e-1,3.2199228308e-1,4.7793507105e-1,2.4263185576e-1,8.1896365601e-2,6.249997773059964e-1,2.999962780394129e-2,2.2777191306e1,2.462e-1
124.621212,1.3575627117e-1,2.4215755483e-1,4.2170824029e-1,2.4478171907e-1,2.0559576848e-1,6.249997769248868e-1,2.999962797599640e-2,3.8075132544e1,4.414e-1
124.715909,1.4534692471e-1,1.8651926657e-1,3.4082319076e-1,3.1167174509e-1,2.6563842491e-1,6.249997760199304e-1,2.999962916092264e-2,4.7147511752e1,5.119e-1
124.810606,1.5422413153e-1,1.4919391961e-1,2.3454556814e-1,5.4797274057e-1,1.6406319218e-1,6.249997760204358e-1,2.999962878538131e-2,4.0787080748e1,3.913e-1
124.905303,1.6244335456e-1,1.2437266347e-1,1.3911917113e-1,7.1949218623e-1,1.0457217973e-1,6.249997775598926e-1,2.999962631181035e-2,3.7851909338e1,3.947e-1
125.000000,1.7011436147e-1,1.0645428572e-1,8.6175742497e-2,5.7239883245e-1,3.1485633150e-1,6.249997768120825e-1,2.999962853445061e-2,5.9605744762e1,4.483e-1
125.094697,1.7729474843e-1,9.1320333441e-2,7.4141418225e-2,4.5098582740e-1,4.5625722534e-1,6.249997764170849e-1,2.999962943254825e-2,7.3696890707e1,5.398e-1
125.189394,1.8394245012e-1,7.6816331595e-2,1.0140215353e-1,5.6991441892e-1,3.1792419906e-1,6.249997766162010e-1,2.999962811336616e-2,5.9988380002e1,7.117e-1
125.284091,1.8991002843e-1,6.2234667923e-2,1.8704584350e-1,7.0063390270e-1,1.1017511086e-1,6.249997767098989e-1,2.999962547366371e-2,3.8238490175e1,8.213e-1
125.378788,1.9494854006e-1,4.8283272673e-2,3.5120854294e-1,5.0367761545e-1,1.5188157735e-1,6.249997742322153e-1,2.999962755918811e-2,3.8562234754e1,7.074e-1
125.473485,1.9875701214e-1,3.7264620097e-2,5.5725152056e-1,2.3337140551e-1,2.2335498912e-1,6.249997737141061e-1,2.999962701417239e-2,4.0689243494e1,5.589e-1
125.568182,2.0108858209e-1,3.1941188764e-2,7.3110590989e-1,1.0695114570e-1,1.7891272173e-1,6.249997740863085e-1,2.999962524323343e-2,3.2336538992e1,6.231e-1
125.662879,2.0183632451e-1,3.4194560344e-2,8.2214304820e-1,5.0559772193e-2,1.4126584295e-1,6.249997740957326e-1,2.999962488167548e-2,2.6446392276e1,6.317e-1
125.757576,2.0106202958e-1,4.4669924293e-2,7.8230053797e-1,6.3419114237e-2,1.5854794188e-1,6.249997739825843e-1,2.999962615736973e-2,2.8771823383e1,5.912e-1
125.852273,1.9898992557e-1,6.2365178114e-2,5.9232125031e-1,2.7833545364e-1,1.1798774039e-1,6.249997740133126e-1,2.999962851919520e-2,2.8971960608e1,5.205e-1
125.946970,1.9597997300e-1,8.4037860790e-2,3.5151077394e-1,6.0566357470e-1,1.2807369693e-2,6.249997760583420e-1,2.999962844291140e-2,2.4098729611e1,7.754e-1
126.041667,1.9246982481e-1,1.0562493177e-1,1.8925598423e-1,5.7184837242e-1,1.9080044107e-1,6.249997771533515e-1,2.999962696379940e-2,4.4543137024e1,7.554e-1
126.136364,1.8888004546e-1,1.2492871821e-1,1.0915662348e-1,3.5026182953e-1,4.7677233513e-1,6.249997758989092e-1,2.999962621208206e-2,7.3452787888e1,5.827e-1
126.231061,1.8553683921e-1,1.4118741714e-1,6.2142351605e-2,3.8729773690e-1,4.7383520501e-1,6.249997749380566e-1,2.999962671165565e-2,7.3916715889e1,5.234e-1
126.325758,1.8265262325e-1,1.5350383133e-1,2.9271994036e-2,7.1853239796e-1,1.6603870419e-1,6.249997753876666e-1,2.999962684694960e-2,4.4878500798e1,5.915e-1
126.420455,1.8034664393e-1,1.6102155447e-1,1.2602203960e-2,8.1142786571e-1,8.4601283829e-2,6.249997759536465e-1,2.999962527624854e-2,3.7307690096e1,5.938e-1
126.515152,1.7868529022e-1,1.6369532383e-1,1.0170695935e-2,4.8058171431e-1,4.1686652309e-1,6.249997736931526e-1,2.999962459055180e-2,6.9235628673e1,5.738e-1
126.609848,1.7770663422e-1,1.6190532511e-1,1.6077840637e-2,3.5892198174e-1,5.3538776583e-1,6.249997737682951e-1,2.999962383761975e-2,8.0556424134e1,6.120e-1
126.704545,1.7740856840e-1,1.5565238143e-1,3.1593084581e-2,5.9698516216e-1,2.8836035080e-1,6.249997736860842e-1,2.999962410448317e-2,5.6666403816e1,4.301e-1
126.799242,1.7773311122e-1,1.4424924226e-1,7.1852070603e-2,8.1711251603e-1,3.9052608960e-2,6.249997745332747e-1,2.999962290864843e-2,3.2098516065e1,3.056e-1
126.893939,1.7856129366e-1,1.2721774856e-1,1.5446272368e-1,5.3548213070e-1,2.5427564616e-1,6.249997713794384e-1,2.999962257987762e-2,5.1262128824e1,3.930e-1
126.988636,1.7970116182e-1,1.0625644110e-1,2.6396957332e-1,2.6603808455e-1,4.3403428220e-1,6.249997714897879e-1,2.999962064086470e-2,6.6483726877e1,5.130e-1
127.083333,1.8086933969e-1,8.4721381695e-2,3.8266441641e-1,2.6551505511e-1,3.3622935273e-1,6.249997728160862e-1,2.999961945805744e-2,5.4855031678e1,6.130e-1
127.178030,1.8169120350e-1,6.5577666534e-2,5.4423617983e-1,3.3139583705e-1,1.2709865948e-1,6.249997731929524e-1,2.999961954543460e-2,3.1449185573e1,7.168e-1
127.272727,1.8173148037e-1,5.1420854235e-2,7.7279065799e-1,2.1023930358e-1,3.3817247209e-2,6.249997716911855e-1,2.999961886831875e-2,1.7432298070e1,8.346e-1
127.367424,1.8056777105e-1,4.5217706597e-2,9.4701750737e-1,3.5846924382e-2,4.1349632969e-2,6.249997711845576e-1,2.999961924679890e-2,1.4196713958e1,9.123e-1
127.462121,1.7789955591e-1,4.9351284816e-2,8.9268191319e-1,9.5166187947e-2,3.4900600658e-2,6.249997712633758e-1,2.999961944492393e-2,1.4841702552e1,8.787e-1
127.556818,1.7364761773e-1,6.3973520869e-2,6.5758038189e-1,3.2865316259e-1,2.6144861382e-2,6.249997722283585e-1,2.999961956009863e-2,1.9338857365e1,7.382e-1
127.651515,1.6798326717e-1,8.7061616479e-2,4.4144414039e-1,3.7911687954e-1,1.7439364341e-1,6.249997734902248e-1,2.999961907473796e-2,3.8243794491e1,5.732e-1
127.746212,1.6124754202e-1,1.1618837127e-1,3.0942019320e-1,2.5342357085e-1,4.0971986727e-1,6.249997723054268e-1,2.999961794148617e-2,6.3342059337e1,4.442e-1
127.840909,1.5383676931e-1,1.4887964764e-1,2.0798678397e-1,2.8157639492e-1,4.5771994598e-1,6.249997709046018e-1,2.999961883089441e-2,6.9637169674e1,4.379e-1
127.935606,1.4615625700e-1,1.8120814811e-1,1.1296226675e-1,6.0257937220e-1,2.0709349753e-1,6.249997707943550e-1,2.999962053661863e-2,4.7129700153e1,7.284e-1
128.030303,1.3860991773e-1,2.0847578973e-1,4.8560294842e-2,8.1872054811e-1,3.5632994569e-2,6.249997724899805e-1,2.999961980622952e-2,3.1634819741e1,8.600e-1
128.125000,1.3155760900e-1,2.2853018182e-1,2.2315494911e-2,5.1910463847e-1,3.4849161593e-1,6.249997700666184e-1,2.999961711155365e-2,6.1919638398e1,6.991e-1
128.219697,1.2526471635e-1,2.4175178069e-1,1.5006914519e-2,3.0811221266e-1,5.5986391605e-1,6.249997701379563e-1,2.999961545652546e-2,8.2188363295e1,7.228e-1
128.314394,1.1990237487e-1,2.4824658881e-1,1.7915832815e-2,4.5532623655e-1,4.0860850652e-1,6.249997697780120e-1,2.999961617516289e-2,6.7572099431e1,6.358e-1
128.409091,1.1558531252e-1,2.4733435095e-1,3.8276638962e-2,7.8055612834e-1,6.8247110803e-2,6.249997707901660e-1,2.999961748514452e-2,3.4572100760e1,7.524e-1
128.503788,1.1241650597e-1,2.3872359003e-1,9.0398978741e-2,6.6632303265e-1,1.4213742945e-1,6.249997684205201e-1,2.999961595033904e-2,4.0772775278e1,6.905e-1
128.598485,1.1050444468e-1,2.2380634212e-1,1.7273462164e-1,3.1101106539e-1,4.3194306092e-1,6.249997673726031e-1,2.999961246458265e-2,6.7125807770e1,4.271e-1
128.693182,1.0992809611e-1,2.0514317134e-1,2.7032365645e-1,1.8626125988e-1,4.7834335398e-1,6.249997688759504e-1,2.999961102573070e-2,6.9816149268e1,4.903e-1
128.787879,1.1071164217e-1,1.8471815862e-1,3.9704423825e-1,2.2138766093e-1,3.3613784018e-1,6.249997700775141e-1,2.999961137331253e-2,5.3711194738e1,6.079e-1
128.882576,1.1285676931e-1,1.6468534283e-1,5.8622532893e-1,2.2140325529e-1,1.6482884334e-1,6.249997698453342e-1,2.999961158804837e-2,3.3258597819e1,7.496e-1
128.977273,1.1640462147e-1,1.4980854218e-1,8.0706777332e-1,9.3813820283e-2,8.2904780498e-2,6.249997688756589e-1,2.999961059357496e-2,2.0428215735e1,8.831e-1
129.071970,1.2147796560e-1,1.4649812708e-1,9.1097186007e-1,1.0451075738e-3,7.0006477331e-2,6.249997688267573e-1,2.999961055610956e-2,1.6635782658e1,9.367e-1
129.166667,1.2825587011e-1,1.5702479084e-1,7.8535180346e-1,1.1195717815e-1,6.7409895551e-2,6.249997690574588e-1,2.999961173276301e-2,1.8872088276e1,8.685e-1
129.261364,1.3687801593e-1,1.7569683972e-1,5.3416090631e-1,3.2092843181e-1,8.2335346547e-2,6.249997701652442e-1,2.999961450261279e-2,2.5501754114e1,7.215e-1
129.356061,1.4736304769e-1,1.9335591832e-1,3.4254189538e-1,3.3250374732e-1,2.3423493327e-1,6.249997709935621e-1,2.999961332492922e-2,4.3822919896e1,5.850e-1
129.450758,1.5964164795e-1,2.0542585710e-1,2.5434433097e-1,1.7786854936e-1,4.5271915459e-1,6.249997699867487e-1,2.999960942794483e-2,6.6165272553e1,6.548e-1
129.545455,1.7364807611e-1,2.1248039846e-1,2.0884457684e-1,9.6431030136e-2,5.5859545667e-1,6.249997691065899e-1,2.999960822318176e-2,7.6768552868e1,5.945e-1
129.640152,1.8933230532e-1,2.1502385711e-1,1.6058277425e-1,2.0563486827e-1,4.7942573192e-1,6.249997684341482e-1,2.999960893951092e-2,6.9756185531e1,4.142e-1
129.734848,2.0657151698e-1,2.1098221330e-1,1.2024171598e-1,5.3008152249e-1,1.8212256851e-1,6.249997686266787e-1,2.999961496821767e-2,4.1761481401e1,4.334e-1
129.829545,2.2507265142e-1,1.9851739920e-1,1.3310217027e-1,6.8099494813e-1,1.2312367729e-2,6.249997683745749e-1,2.999961901353969e-2,2.4942209896e1,4.529e-1
129.924242,2.4441046475e-1,1.8053336620e-1,2.0722593928e-1,3.6513692270e-1,2.5269283839e-1,6.249997656664774e-1,2.999960781887021e-2,4.6170144319e1,4.720e-1
130.018939,2.6421452692e-1,1.6314936475e-1,2.8599265285e-1,1.0050065674e-1,4.3614233047e-1,6.249997658628419e-1,2.999960381799202e-2,6.1788586531e1,4.904e-1
130.113636,2.8428865732e-1,1.5012103554e-1,3.2706290532e-1,2.7066372614e-2,4.6146056252e-1,6.249997666539671e-1,2.999960378687559e-2,6.2991965568e1,6.298e-1
130.208333,3.0456662367e-1,1.4177312949e-1,3.3775089032e-1,2.6749189290e-2,4.3915970157e-1,6.249997671700234e-1,2.999960425750284e-2,6.0206252552e1,6.595e-1
130.303030,3.2503580422e-1,1.3737917204e-1,3.3744972740e-1,2.3698349782e-2,4.2643648111e-1,6.249997672738564e-1,2.999960432425160e-2,5.8479090840e1,5.392e-1
130.397727,3.4573137882e-1,1.3651293300e-1,3.2658541993e-1,9.3798433304e-3,4.3178995908e-1,6.249997670784928e-1,2.999960402449087e-2,5.8627844663e1,5.532e-1
130.492424,3.6676285499e-1,1.3834327412e-1,2.9038187374e-1,2.2663639300e-2,4.3184789148e-1,6.249997668123296e-1,2.999960382224783e-2,5.8784889533e1,5.662e-1
130.587121,3.8826577093e-1,1.4055933550e-1,2.2325072669e-1,1.2649014123e-1,3.7143355884e-1,6.249997666006882e-1,2.999960433139408e-2,5.3852437422e1,5.783e-1
130.681818,4.1023713688e-1,1.3990358831e-1,1.4688998230e-1,3.5981179579e-1,1.9315702994e-1,6.249997666125862e-1,2.999960790894271e-2,3.7898122901e1,5.894e-1
130.776515,4.3236722137e-1,1.3471638809e-1,9.9415632021e-2,5.4567041670e-1,3.7829875500e-2,6.249997668371029e-1,2.999961307156921e-2,2.3584618841e1,5.994e-1
130.871212,4.5408522414e-1,1.2689983420e-1,9.5228379544e-2,4.1180712617e-1,1.6197896736e-1,6.249997657031464e-1,2.999960673481880e-2,3.5153805176e1,6.080e-1
130.965909,4.7485248511e-1,1.1981201827e-1,1.1132866215e-1,1.7548382748e-1,3.6852253766e-1,6.249997653375514e-1,2.999960142811212e-2,5.4154046876e1,6.149e-1
131.060606,4.9438716953e-1,1.1492736623e-1,1.2219464878e-1,5.0291971637e-2,4.6819837519e-1,6.249997656870827e-1,2.999960073400293e-2,6.2993340624e1,6.197e-1
131.155303,5.1262561923e-1,1.1163501933e-1,1.2079213893e-1,1.1041102428e-2,4.9390565197e-1,6.249997659497739e-1,2.999960089886722e-2,6.5019158690e1,6.227e-1
131.250000,5.2956646182e-1,1.0868863805e-1,1.1149524986e-1,7.7079763517e-3,4.9254120606e-1,6.249997660713227e-1,2.999960104407959e-2,6.4666052125e1,6.237e-1
131.344697,5.4515506630e-1,1.0520150044e-1,1.0058847628e-1,1.9074906700e-2,4.7997958249e-1,6.249997661066465e-1,2.999960111621998e-2,6.3335471918e1,6.229e-1
131.439394,5.5924730885e-1,1.0092235918e-1,9.2929287013e-2,4.2824776910e-2,4.5407580022e-1,6.249997660836354e-1,2.999960115730546e-2,6.0716997958e1,6.204e-1
131.534091,5.7163628218e-1,9.6102612214e-2,9.2435847103e-2,8.7238280554e-2,4.0258650997e-1,6.249997660110526e-1,2.999960127816279e-2,5.5540208396e1,6.335e-1
131.628788,5.8211834827e-1,9.1176607954e-2,1.0406958074e-1,1.6262163356e-1,3.1001336132e-1,6.249997659201972e-1,2.999960179801794e-2,4.6191571559e1,6.102e-1
131.723485,5.9057547914e-1,8.6333032779e-2,1.3603744401e-1,2.5447270715e-1,1.8258086861e-1,6.249997658436394e-1,2.999960296697982e-2,3.3069731168e1,6.028e-1
131.818182,5.9703336271e-1,8.1094709592e-2,1.9906975259e-1,2.9207063202e-1,8.0731074267e-2,6.249997655900928e-1,2.999960343054000e-2,2.1733101852e1,5.939e-1
131.912879,6.0161838264e-1,7.4345698212e-2,2.9594051051e-1,2.1940157112e-1,5.8693367777e-2,6.249997651334130e-1,2.999960203990528e-2,1.7350626023e1,5.840e-1
132.007576,6.0435328034e-1,6.5284612866e-2,4.0506350008e-1,1.0029712606e-1,7.5001010370e-2,6.249997648606743e-1,2.999960069315698e-2,1.6482891228e1,5.733e-1
132.102273,6.0488430884e-1,5.4699408325e-2,4.8498294919e-1,2.7182841855e-2,7.8250021276e-2,6.249997647419057e-1,2.999960009894569e-2,1.5177558227e1,5.623e-1
132.196970,6.0236288091e-1,4.5305179023e-2,5.0440512531e-1,2.6451287081e-2,7.1475057038e-2,6.249997646814007e-1,2.999959988133979e-2,1.4422281288e1,5.508e-1
132.291667,5.9559823568e-1,4.1044829344e-2,4.6391111511e-1,7.5832923166e-2,7.3612426060e-2,6.249997646816045e-1,2.999959983376580e-2,1.5940221774e1,5.385e-1
132.386364,5.8340152086e-1,4.6031846167e-2,3.8990763719e-1,1.3319530757e-1,9.7463217726e-2,6.249997647543321e-1,2.999959987612377e-2,2.0240567261e1,5.249e-1
132.481061,5.6495145163e-1,6.3579639908e-2,3.1226034382e-1,1.6224296914e-1,1.4696512516e-1,6.249997648261987e-1,2.999959994523703e-2,2.6911028789e1,5.094e-1
132.575758,5.4003218126e-1,9.5639460529e-2,2.4774317674e-1,1.5900215783e-1,2.0758255324e-1,6.249997648022466e-1,2.999959997089927e-2,3.4101876291e1,4.916e-1
132.670455,5.0908759263e-1,1.4277384423e-1,1.9946508457e-1,1.4797070724e-1,2.5070230074e-1,6.249997647082700e-1,2.999959995596214e-2,3.8960769288e1,4.711e-1
132.765152,4.7313531371e-1,2.0439272129e-1,1.6460302569e-1,1.5568473261e-1,2.5218373592e-1,6.249997646051408e-1,2.999959994831101e-2,3.9223606946e1,4.478e-1
132.859848,4.3361393426e-1,2.7895757790e-1,1.4024376495e-1,1.9533425085e-1,2.0185000112e-1,6.249997645356586e-1,2.999959998584557e-2,3.3984168412e1,5.207e-1
132.954545,3.9221099510e-1,3.6413278507e-1,1.2442261422e-1,2.5591275812e-1,1.1332037658e-1,6.249997645423953e-1,2.999960005527651e-2,2.4613968443e1,5.960e-1
133.049242,3.5069580593e-1,4.5682952139e-1,1.1352380708e-1,2.9251616039e-1,3.6434234382e-2,6.249997645885315e-1,2.999960006503589e-2,1.6021296536e1,6.670e-1
133.143939,3.1077923365e-1,5.5261137035e-1,1.0006076602e-1,2.6540140051e-1,2.1146758660e-2,6.249997645917447e-1,2.999959999688769e-2,1.3260728411e1,7.316e-1
133.238636,2.7401350450e-1,6.4410132231e-1,7.7245094885e-2,1.9999001037e-1,5.4649597093e-2,6.249997645778717e-1,2.999959991431295e-2,1.5437998916e1,7.864e-1
133.333333,2.4170779663e-1,7.1979763622e-1,4.8187712170e-2,1.5075392254e-1,8.9552461613e-2,6.249997645886508e-1,2.999959985324553e-2,1.8232791476e1,8.269e-1
133.428030,2.1482445315e-1,7.6548676825e-1,2.8110266317e-2,1.4197019986e-1,9.9607841688e-2,6.249997646278914e-1,2.999959981806594e-2,1.9156118025e1,8.479e-1
133.522727,1.9387018386e-1,7.6830958690e-1,3.9026387131e-2,1.6597223422e-1,8.2821137230e-2,6.249997646708938e-1,2.999959977530112e-2,1.7857982423e1,8.450e-1
133.617424,1.7882915839e-1,7.2171597787e-1,1.0518600901e-1,1.8969493697e-1,5.4573447072e-2,6.249997646538202e-1,2.999959972040299e-2,1.5429973815e1,8.157e-1
133.712121,1.6916101616e-1,6.2989831461e-1,2.4547713734e-1,1.6650963130e-1,3.8953429530e-2,6.249997644693078e-1,2.999959971587194e-2,1.3622541417e1,7.606e-1
133.806818,1.6386695839e-1,5.0993634843e-1,4.4747229610e-1,8.7273644068e-2,4.1450281453e-2,6.249997642191687e-1,2.999959968345075e-2,1.2779977181e1,6.853e-1
133.901515,1.6164587316e-1,3.8754096740e-1,6.3487810387e-1,1.7306137280e-2,4.8628446715e-2,6.249997642143839e-1,2.999959954160176e-2,1.2713167275e1,6.012e-1
133.996212,1.6115028735e-1,2.8568236451e-1,6.9273376869e-1,6.4729936867e-2,4.5703171439e-2,6.249997644315597e-1,2.999960009388700e-2,1.4115173946e1,5.334e-1
134.090909,1.6126897768e-1,2.1484500622e-1,5.7877412674e-1,2.8404722385e-1,1.1064194855e-2,6.249997646714395e-1,2.999960252501899e-2,1.5646245620e1,5.160e-1
134.185606,1.6131197656e-1,1.7231344325e-1,3.9347477764e-1,4.6959084593e-1,5.3308488939e-2,6.249997661602148e-1,2.999960484647957e-2,2.5423474750e1,6.843e-1
134.280303,1.6100249869e-1,1.4849751181e-1,2.5730176473e-1,3.6806545218e-1,3.1513230548e-1,6.249997664466405e-1,2.999960115476243e-2,5.4550939962e1,6.050e-1
134.375000,1.6029581587e-1,1.3476537466e-1,1.8684276625e-1,1.9200178080e-1,5.7609379350e-1,6.249997655378950e-1,2.999959806229530e-2,8.1728483341e1,4.456e-1
134.469697,1.5920210206e-1,1.2696254229e-1,1.4565592260e-1,1.6652750623e-1,6.5165145528e-1,6.249997642352201e-1,2.999959743454006e-2,9.0239039991e1,6.708e-1
134.564394,1.5773651270e-1,1.2407298747e-1,1.0507098039e-1,4.1036284935e-1,4.5275619409e-1,6.249997620046286e-1,2.999960014652273e-2,7.2251986097e1,6.455e-1
134.659091,1.5595514665e-1,1.2576724957e-1,6.3584862721e-2,8.5410043881e-1,5.0591829243e-2,6.249997634998011e-1,2.999960875620189e-2,3.4645159159e1,7.211e-1
134.753788,1.5398289675e-1,1.3098399936e-1,3.7241574854e-2,7.3544518898e-1,1.9234586343e-1,6.249997616873952e-1,2.999960197313192e-2,4.8791408613e1,6.979e-1
134.848485,1.5197622862e-1,1.3819155785e-1,2.5793702824e-2,3.1986105358e-1,6.1417697831e-1,6.249997605923860e-1,2.999959305722072e-2,8.9408927791e1,4.934e-1
134.943182,1.5007271069e-1,1.4626843336e-1,2.0832215290e-2,2.2984801133e-1,7.0297815148e-1,6.249997610731355e-1,2.999959196454297e-2,9.7870570697e1,3.230e-1
135.037879,1.4838191044e-1,1.5489131758e-1,1.9800569196e-2,5.0502844361e-1,4.2189727816e-1,6.249997594979011e-1,2.999959535709951e-2,7.0706139944e1,3.051e-1
135.132576,1.4699902446e-1,1.6452495955e-1,2.3420057298e-2,8.9522851957e-1,1.9826961174e-2,6.249997610270196e-1,2.999960327962949e-2,3.1775073546e1,3.049e-1
135.227273,1.4602440051e-1,1.7590822745e-1,3.0414806172e-2,6.4812558242e-1,2.4952649814e-1,6.249997573436108e-1,2.999959377115865e-2,5.3347557504e1,3.475e-1
135.321970,1.4557738769e-1,1.8882829283e-1,3.3832372511e-2,2.6646078416e-1,6.1530067734e-1,6.249997572657322e-1,2.999958664754213e-2,8.8006336053e1,6.670e-1
135.416667,1.4578681899e-1,2.0204737741e-1,3.1598662170e-2,2.2372774752e-1,6.4683890945e-1,6.249997577698889e-1,2.999958611795089e-2,9.0684445791e1,7.779e-1
135.511364,1.4676469730e-1,2.1473765060e-1,2.9126500838e-2,5.0825935742e-1,3.5111130742e-1,6.249997567897595e-1,2.999958964647260e-2,6.1942416444e1,5.922e-1
135.606061,1.4859673024e-1,2.2740341456e-1,3.1906014500e-2,8.3458596436e-1,7.5073919795e-3,6.249997578183726e-1,2.999959667765568e-2,2.8452050343e1,4.836e-1
135.700758,1.5136985087e-1,2.4120594500e-1,3.7613542199e-2,5.8005709303e-1,2.3975307813e-1,6.249997546135592e-1,2.999958731018407e-2,5.0109226130e1,3.617e-1
135.795455,1.5520836265e-1,2.5570786224e-1,3.6772018834e-2,2.3615692781e-1,5.6615433787e-1,6.249997547057330e-1,2.999958125485175e-2,8.0907972994e1,3.210e-1
135.890152,1.6025797751e-1,2.6868851142e-1,2.8504479956e-2,1.7855002274e-1,6.1399851896e-1,6.249997552946639e-1,2.999958076925702e-2,8.5150953006e1,3.651e-1
135.984848,1.6663579909e-1,2.7827604605e-1,1.9497666453e-2,3.9246488679e-1,3.9312511047e-1,6.249997544255524e-1,2.999958282211281e-2,6.3674741841e1,5.999e-1
136.079545,1.7440862789e-1,2.8409471130e-1,1.3913071890e-2,7.3648982291e-1,4.1093276070e-2,6.249997550285551e-1,2.999958995547784e-2,2.9594311982e1,8.119e-1
136.174242,1.8361491044e-1,2.8653321478e-1,9.8960292790e-3,6.4338488147e-1,1.2657047072e-1,6.249997533427817e-1,2.999958517358257e-2,3.7533378578e1,7.312e-1
136.268939,1.9428586844e-1,2.8489867763e-1,4.6926651220e-3,2.9112255379e-1,4.7499973992e-1,6.249997524460259e-1,2.999957753383672e-2,7.0820370042e1,6.697e-1
136.363636,2.0641206183e-1,2.7761338646e-1,6.9034714048e-4,1.5054143319e-1,6.1474227764e-1,6.249997531299325e-1,2.999957636839423e-2,8.4168292981e1,7.802e-1
136.458333,2.1989563692e-1,2.6395873273e-1,8.5306189349e-4,2.5002019280e-1,5.1527188048e-1,6.249997524108906e-1,2.999957692154795e-2,7.4600136650e1,6.501e-1
136.553030,2.3454025973e-1,2.4420157522e-1,6.7138535928e-3,5.7784312755e-1,1.8670068782e-1,6.249997519594561e-1,2.999958197836051e-2,4.3048052232e1,7.242e-1
136.647727,2.5005214076e-1,2.1851913456e-1,2.4195448969e-2,7.4698823568e-1,1.0244544410e-2,6.249997521868247e-1,2.999958519981765e-2,2.5970553157e1,8.433e-1
136.742424,2.6600368196e-1,1.8717083669e-1,6.1956436759e-2,4.2873552409e-1,3.0613301998e-1,6.249997497421432e-1,2.999957613121840e-2,5.3907558337e1,6.463e-1
136.837121,2.8181047709e-1,1.5256070475e-1,1.1255392473e-1,1.6494928934e-1,5.3812510415e-1,6.249997500322186e-1,2.999957266072212e-2,7.5504848636e1,4.452e-1
136.931818,2.9682441146e-1,1.1862232933e-1,1.6232276752e-1,1.3545760584e-1,5.3677238693e-1,6.249997505443926e-1,2.999957248493781e-2,7.4725747919e1,4.631e-1
137.026515,3.1045923142e-1,8.8077465059e-2,2.2162350618e-1,2.7195092323e-1,3.5788837601e-1,6.249997509468470e-1,2.999957398740875e-2,5.6616514268e1,5.261e-1
137.121212,3.2221506032e-1,6.1751688181e-2,3.3398473685e-1,4.1983870060e-1,1.1220931588e-1,6.249997509148708e-1,2.999957696245991e-2,3.0754119653e1,4.926e-1
137.215909,3.3160815189e-1,4.0123231579e-2,5.3420920882e-1,3.1695398207e-1,2.7104923564e-2,6.249997489639703e-1,2.999957485969311e-2,1.8131681852e1,5.036e-1
137.310606,3.3815048710e-1,2.4811602334e-2,7.4823684319e-1,8.0520962455e-2,5.8279600932e-2,6.249997480037801e-1,2.999957206858096e-2,1.6241052912e1,5.118e-1
137.405303,3.4148493670e-1,1.7555713874e-2,8.2352404261e-1,1.5993851815e-3,6.5835417058e-2,6.249997477110376e-1,2.999957089416692e-2,1.5272159946e1,5.173e-1
137.500000,3.4152556501e-1,1.8595292117e-2,7.1861855012e-1,9.0569524877e-2,8.0690563216e-2,6.249997476722221e-1,2.999957052515044e-2,1.9183518656e1,5.201e-1
137.594697,3.3845193390e-1,2.6869736237e-2,5.3427868851e-1,1.9436680777e-1,1.5603232984e-1,6.249997481334683e-1,2.999957068693826e-2,3.0689071016e1,5.208e-1
137.689394,3.3261694755e-1,4.0937968000e-2,3.7039723739e-1,2.1781701045e-1,2.8823033297e-1,6.249997481828026e-1,2.999957074817267e-2,4.7074989264e1,5.196e-1
137.784091,3.2447790408e-1,5.9401215296e-2,2.5218357179e-1,2.3194510686e-1,3.8199169710e-1,6.249997475634990e-1,2.999957100604284e-2,5.8615690606e1,5.169e-1
137.878788,3.1459276130e-1,8.0577263527e-2,1.7243094553e-1,3.5219206564e-1,3.3020645789e-1,6.249997469450553e-1,2.999957162262017e-2,5.5234471182e1,5.130e-1
137.973485,3.0364239377e-1,1.0215769664e-1,1.3585150291e-1,5.6352153128e-1,1.4482636985e-1,6.249997472259147e-1,2.999957121865209e-2,3.8013412955e1,5.085e-1
138.068182,2.9241992984e-1,1.2186197538e-1,1.5841101919e-1,5.8779826656e-1,8.9508303050e-2,6.249997470096171e-1,2.999957068472844e-2,3.1923829390e1,5.038e-1
138.162879,2.8176726501e-1,1.3884380804e-1,2.3733002404e-1,3.6561259334e-1,2.2644580164e-1,6.249997460305363e-1,2.999957110520750e-2,4.3001877037e1,4.995e-1
138.257576,2.7247659652e-1,1.5442711989e-1,3.4132453200e-1,1.9327353079e-1,2.8849771324e-1,6.249997462177985e-1,2.999957024500169e-2,4.6288149074e1,5.739e-1
138.352273,2.6521657298e-1,1.7174715775e-1,4.4225943063e-1,1.3985682906e-1,2.3091950284e-1,6.249997466306976e-1,2.999956963596270e-2,3.8047292940e1,6.494e-1
138.446970,2.6055046979e-1,1.9486229706e-1,5.2990362295e-1,1.1516152080e-1,1.4952158296e-1,6.249997467827207e-1,2.999956948047475e-2,2.7583160097e1,7.115e-1
138.541667,2.5903243655e-1,2.2754520811e-1,5.8599520925e-1,6.1402960077e-2,1.1602367945e-1,6.249997467173576e-1,2.999956945451332e-2,2.2088494000e1,7.493e-1
138.636364,2.6129676343e-1,2.7126202959e-1,5.6870483739e-1,2.4306582433e-2,1.2442928059e-1,6.249997467192751e-1,2.999956982756702e-2,2.1927569694e1,7.363e-1
138.731061,2.6804537821e-1,3.2239040183e-1,4.5524183919e-1,8.7596175238e-2,1.1672569930e-1,6.249997468849204e-1,2.999957047646447e-2,2.2164705324e1,6.538e-1
138.825758,2.7989365612e-1,3.7113716470e-1,2.8908012727e-1,2.6200959525e-1,4.7878950897e-2,6.249997471166135e-1,2.999957099813091e-2,1.7707674938e1,5.281e-1
138.920455,2.9715860698e-1,4.0552859493e-1,1.4706811302e-1,3.9815067995e-1,2.0934998787e-3,6.249997473831430e-1,2.999957140159252e-2,1.5144971141e1,5.451e-1
139.015152,3.1976754234e-1,4.1797801515e-1,6.4954812138e-2,3.3575076071e-1,1.1154836403e-1,6.249997471850001e-1,2.999957048663616e-2,2.6537693237e1,5.651e-1
139.109848,3.4731604764e-1,4.0700171282e-1,3.1889002671e-2,1.8740335452e-1,2.7638937632e-1,6.249997469882284e-1,2.999956931085135e-2,4.2617520985e1,5.875e-1
139.204545,3.7909471559e-1,3.7504874150e-1,3.0913947604e-2,9.6450042902e-2,3.6849204646e-1,6.249997470261944e-1,2.999956891826476e-2,5.1440339741e1,6.115e-1
139.299242,4.1405042225e-1,3.2724422785e-1,5.1305313821e-2,8.2645468972e-2,3.7475406109e-1,6.249997469921956e-1,2.999956883430670e-2,5.1885131004e1,6.362e-1
139.393939,4.5080818580e-1,2.7028932707e-1,8.7147233060e-2,1.3750189281e-1,3.0425285507e-1,6.249997469055188e-1,2.999956898094049e-2,4.4807586630e1,6.608e-1
139.488636,4.8778508418e-1,2.1070621839e-1,1.4099550847e-1,2.4144936181e-1,1.6906332100e-1,6.249997469231168e-1,2.999956964654250e-2,3.1159753713e1,6.844e-1
139.583333,5.2331756666e-1,1.5354591690e-1,2.2663721981e-1,3.0349250413e-1,4.3006286114e-2,6.249997468039613e-1,2.999957020943643e-2,1.7598413130e1,7.062e-1
139.678030,5.5573779788e-1,1.0255443670e-1,3.5156143530e-1,2.2363951447e-1,1.6506308285e-2,6.249997463139576e-1,2.999956949378108e-2,1.2564741178e1,7.255e-1
139.772727,5.8345826816e-1,6.0871885101e-2,4.8241075035e-1,7.9135270244e-2,4.4123318237e-2,6.249997460436045e-1,2.999956872009241e-2,1.2452872289e1,7.417e-1
139.867424,6.0514587591e-1,3.0467563266e-2,5.5565985471e-1,3.9109535345e-3,5.4815244456e-2,6.249997459366721e-1,2.999956826261865e-2,1.1950288706e1,7.542e-1
139.962121,6.1988083276e-1,1.1399473300e-2,5.3904411352e-1,2.3299345518e-2,5.6375726646e-2,6.249997458716390e-1,2.999956800927111e-2,1.2606764338e1,7.627e-1
140.056818,6.2716705005e-1,2.5705039803e-3,4.5696457212e-1,8.6346533654e-2,7.6950831977e-2,6.249997458904102e-1,2.999956796353521e-2,1.6587236680e1,7.667e-1
140.151515,6.2684946711e-1,2.9458232402e-3,3.5570137278e-1,1.3663078466e-1,1.2787204407e-1,6.249997459295369e-1,2.999956800006609e-2,2.3904734112e1,7.661e-1
140.246212,6.1906222610e-1,1.1945905217e-2,2.6400081938e-1,1.6727004754e-1,1.8772049344e-1,6.249997458339251e-1,2.999956807974907e-2,3.1826294159e1,7.608e-1
140.340909,6.0425132433e-1,2.9022468770e-2,1.8897234039e-1,2.1845967661e-1,2.0929368122e-1,6.249997456567473e-1,2.999956824957442e-2,3.5652250170e1,7.510e-1
140.435606,5.8323378809e-1,5.2921167575e-2,1.3280933095e-1,3.1950326159e-1,1.6153194299e-1,6.249997455974324e-1,2.999956832664625e-2,3.2360126950e1,7.368e-1
140.530303,5.5722340079e-1,8.1146077391e-2,1.0304972350e-1,4.1945064271e-1,8.9129647084e-2,6.249997457400476e-1,2.999956806902818e-2,2.6096317037e1,7.188e-1
140.625000,5.2776864324e-1,1.1009408979e-1,1.0908336053e-1,4.0794248236e-1,9.5110915382e-2,6.249997456520120e-1,2.999956804112793e-2,2.6585095990e1,6.978e-1
140.719697,4.9659434762e-1,1.3599690133e-1,1.5384846425e-1,2.9652866285e-1,1.6703111479e-1,6.249997454183329e-1,2.999956821514730e-2,3.2619978594e1,6.746e-1
140.814394,4.6538535484e-1,1.5625021204e-1,2.3155955883e-1,1.9602417110e-1,2.0078019404e-1,6.249997454262588e-1,2.999956807428829e-2,3.4370307884e1,6.501e-1
140.909091,4.3559032858e-1,1.7034931419e-1,3.3265922136e-1,1.4363577954e-1,1.6776484741e-1,6.249997455379881e-1,2.999956782671238e-2,2.9290012977e1,6.254e-1
141.003788,4.0832520999e-1,1.7994338581e-1,4.4601595425e-1,1.0604516805e-1,1.0966977306e-1,6.249997455842825e-1,2.999956764929045e-2,2.1563353341e1,6.280e-1
141.098485,3.8438538239e-1,1.8816730684e-1,5.4854593403e-1,5.4179220850e-2,7.4721647003e-2,6.249997455570213e-1,2.999956760483673e-2,1.6255000661e1,6.925e-1
141.193182,3.6430482071e-1,1.9844181149e-1,5.9500532092e-1,1.8501240166e-2,7.3746297890e-2,6.249997455881380e-1,2.999956789310540e-2,1.5370644416e1,7.152e-1
141.287879,3.4839788614e-1,2.1270158751e-1,5.4284447707e-1,7.3666520834e-2,7.2389019838e-2,6.249997456962236e-1,2.999956851825212e-2,1.6565481141e1,6.733e-1
141.382576,3.3676226967e-1,2.2976262021e-1,4.0529026829e-1,2.5043861115e-1,2.7745722363e-2,6.249997458412677e-1,2.999956896622317e-2,1.5435716541e1,5.684e-1
141.477273,3.2927114899e-1,2.4557082902e-1,2.5548408242e-1,4.1034045195e-1,9.3329803044e-3,6.249997463361436e-1,2.999956919187833e-2,1.7025165833e1,5.977e-1
141.571970,3.2562416770e-1,2.5556570176e-1,1.5306401693e-1,3.6480964798e-1,1.5093595843e-1,6.249997464006283e-1,2.999956863476762e-2,3.2892167038e1,5.754e-1
141.666667,3.2545603165e-1,2.5654438028e-1,1.0304188627e-1,2.2249332038e-1,3.4246387375e-1,6.249997461679546e-1,2.999956769638165e-2,5.2455313959e1,4.678e-1
141.761364,3.2837495845e-1,2.4696020469e-1,9.1590029228e-2,1.5187999090e-1,4.3119430916e-1,6.249997462172475e-1,2.999956736102041e-2,6.1443859404e1,4.545e-1
141.856061,3.3390377335e-1,2.2680548012e-1,1.1366556269e-1,1.8800536676e-1,3.8761930956e-1,6.249997462381262e-1,2.999956744621643e-2,5.7161330709e1,4.426e-1
141.950758,3.4142105297e-1,1.9729119329e-1,1.7844304683e-1,3.0636307393e-1,2.2648112561e-1,6.249997463149882e-1,2.999956792862500e-2,4.0786039732e1,4.320e-1
142.045455,3.5014056818e-1,1.6061518833e-1,3.0901133593e-1,3.7761473209e-1,5.2617667346e-2,6.249997459357903e-1,2.999956819818156e-2,2.1787124195e1,4.228e-1
142.140152,3.5910515599e-1,1.2063291755e-1,5.1240284558e-1,2.5273356191e-1,5.1250084805e-3,6.249997447530022e-1,2.999956772654726e-2,1.3263516244e1,4.149e-1
142.234848,3.6721676657e-1,8.3374678302e-2,7.1542170393e-1,6.1874885557e-2,2.2111454383e-2,6.249997443711944e-1,2.999956696211877e-2,1.0883993870e1,4.080e-1
142.329545,3.7337514157e-1,5.4719635230e-2,7.9021746809e-1,5.9755175513e-3,2.5711726241e-2,6.249997443363456e-1,2.999956645246469e-2,1.0100184106e1,4.016e-1
142.424242,3.7668140226e-1,3.7527515536e-2,6.8809815715e-1,1.2474297792e-1,2.2949435825e-2,6.249997443440199e-1,2.999956671316633e-2,1.2697484068e1,4.044e-1
142.518939,3.7658501343e-1,3.1705027223e-2,4.9148227140e-1,3.1160921913e-1,3.8617958762e-2,6.249997449734662e-1,2.999956681933701e-2,1.9098154466e1,4.448e-1
142.613636,3.7293115584e-1,3.5645751365e-2,3.1711128993e-1,3.7280344211e-1,1.5150785260e-1,6.249997459168805e-1,2.999956665433284e-2,3.4117362680e1,4.997e-1
142.708333,3.6590345962e-1,4.7438868283e-2,2.0987830348e-1,2.9933986217e-1,3.2743899806e-1,6.249997458115727e-1,2.999956651378723e-2,5.3447923236e1,4.256e-1
142.803030,3.5591385024e-1,6.5586776937e-2,1.5701791051e-1,2.5859556829e-1,4.1288538492e-1,6.249997454499916e-1,2.999956648619001e-2,6.2689661219e1,3.559e-1
142.897727,3.4352920533e-1,8.9070068426e-2,1.4408434885e-1,3.4094893445e-1,3.3236693336e-1,6.249997452076936e-1,2.999956666661711e-2,5.4955912903e1,3.490e-1
142.992424,3.2944532883e-1,1.1737654995e-1,1.7383874923e-1,4.9050828707e-1,1.3883057555e-1,6.249997453199866e-1,2.999956651474235e-2,3.5256764615e1,4.117e-1
143.087121,3.1446907931e-1,1.5109524556e-1,2.5571434971e-1,4.7970443989e-1,4.9016374815e-2,6.249997446473557e-1,2.999956628646479e-2,2.4129777881e1,5.055e-1
143.181818,2.9949222708e-1,1.9256017187e-1,3.7177725929e-1,2.7432775186e-1,1.1184207750e-1,6.249997438036490e-1,2.999956624366815e-2,2.6603358511e1,6.039e-1
143.276515,2.8546366815e-1,2.4537669505e-1,4.6552202680e-1,1.0430916979e-1,1.4932792764e-1,6.249997437151023e-1,2.999956551696551e-2,2.6809529610e1,6.686e-1
143.371212,2.7337453129e-1,3.1266610243e-1,4.9076586394e-1,3.8548034598e-2,1.3464495519e-1,6.249997437234515e-1,2.999956508870421e-2,2.3156237753e1,6.809e-1
143.465909,2.6427471784e-1,3.9450463986e-1,4.4233865074e-1,2.5839946503e-2,1.2304153248e-1,6.249997437083081e-1,2.999956509742900e-2,2.1036050290e1,6.414e-1
143.560606,2.5930152201e-1,4.8519692823e-1,3.4172609199e-1,3.0355860105e-2,1.3341908504e-1,6.249997436865039e-1,2.999956524709009e-2,2.1882883761e1,5.565e-1
143.655303,2.5964992335e-1,5.7185221003e-1,2.2141477498e-1,5.0131532482e-2,1.4695104655e-1,6.249997436990151e-1,2.999956538642435e-2,2.3458790579e1,5.897e-1
143.750000,2.6642194011e-1,6.3654896857e-1,1.1797136521e-1,9.0577546046e-2,1.3847966755e-1,6.249997437493933e-1,2.999956543534621e-2,2.2973958749e1,6.093e-1
143.844697,2.8037839539e-1,6.6283456948e-1,6.1521839840e-2,1.4646543896e-1,9.8799243916e-2,6.249997437919960e-1,2.999956536355685e-2,1.9291230323e1,6.098e-1
143.939394,3.0170811109e-1,6.4313653281e-1,6.6147223758e-2,1.9439144487e-1,4.4616175133e-2,6.249997438360778e-1,2.999956523289840e-2,1.3897701564e1,5.884e-1
144.034091,3.2992489184e-1,5.8195068403e-1,1.3002887030e-1,1.9807725568e-1,1.0017785929e-2,6.249997438927468e-1,2.999956517067571e-2,9.9898435571e0,5.450e-1
144.128788,3.6391416290e-1,4.9343383726e-1,2.3786884702e-1,1.4626580815e-1,8.5168325028e-3,6.249997439181425e-1,2.999956525771420e-2,8.8424359532e0,4.828e-1
144.223485,4.0210215745e-1,3.9588324588e-1,3.5651969650e-1,7.8392052798e-2,1.7102335180e-2,6.249997439052459e-1,2.999956536540319e-2,8.5426197350e0,4.465e-1
144.318182,4.4273311945e-1,3.0537469642e-1,4.4015117037e-1,4.6475170000e-2,1.5265331531e-2,6.249997438902027e-1,2.999956532085123e-2,7.7944931915e0,5.115e-1
144.412879,4.8418010608e-1,2.3091985350e-1,4.5793969900e-1,6.8816355401e-2,8.1434738018e-3,6.249997438890965e-1,2.999956515931509e-2,7.6119353715e0,5.265e-1
144.507576,5.2512653321e-1,1.7376947498e-1,4.1593306053e-1,1.1989376345e-1,1.5276655636e-2,6.249997438992447e-1,2.999956503676646e-2,9.7295790524e0,4.978e-1
144.602273,5.6452774164e-1,1.3040326813e-1,3.4405414498e-1,1.5913771297e-1,5.1876620107e-2,6.249997439113538e-1,2.999956503571701e-2,1.5028117755e1,4.432e-1
144.696970,6.0143057649e-1,9.6206384914e-2,2.6706493929e-1,1.8086368315e-1,1.0443390387e-1,6.249997438595467e-1,2.999956514133389e-2,2.1784825129e1,3.805e-1
144.791667,6.3479949369e-1,6.7749810846e-2,1.9496477322e-1,2.1961638436e-1,1.3286902542e-1,6.249997437705301e-1,2.999956528109030e-2,2.6047577108e1,4.202e-1
144.886364,6.6344848068e-1,4.3528078675e-2,1.3202704855e-1,2.9968037113e-1,1.1131550849e-1,6.249997437638488e-1,2.999956528154293e-2,2.5313153749e1,5.269e-1
144.981061,6.8610245181e-1,2.3760191032e-2,8.3049175156e-2,3.8470671957e-1,7.2380950254e-2,6.249997439126609e-1,2.999956508070991e-2,2.2630341668e1,6.120e-1
145.075758,7.0155614093e-1,9.7009213125e-3,5.0474328829e-2,3.9898552592e-1,8.9282571000e-2,6.249997439996255e-1,2.999956502794778e-2,2.4969680461e1,6.298e-1
145.170455,7.0886251876e-1,2.8034476355e-3,3.1505378700e-2,3.4693302205e-1,1.5989512069e-1,6.249997439138483e-1,2.999956520009271e-2,3.2180513338e1,5.884e-1
145.265152,7.0748378370e-1,4.0958794845e-3,2.1247015568e-2,3.1479480199e-1,2.0237800695e-1,6.249997438455424e-1,2.999956529348723e-2,3.6509728328e1,5.451e-1
145.359848,6.9737941031e-1,1.3875433843e-2,1.6617009393e-2,3.5100425625e-1,1.7112337787e-1,6.249997438346558e-1,2.999956521361401e-2,3.3645305215e1,5.371e-1
145.454545,6.7903565897e-1,3.1559450759e-2,1.7342263949e-2,4.1961200694e-1,1.0245010722e-1,6.249997439125916e-1,2.999956496116322e-2,2.7082572788e1,5.457e-1
145.549242,6.5343707212e-1,5.5615020057e-2,2.5398260266e-2,4.2890384700e-1,8.6645288356e-2,6.249997438964614e-1,2.999956488773657e-2,2.5456654672e1,5.175e-1
145.643939,6.2197126146e-1,8.3689250376e-2,4.3698199697e-2,3.5893361163e-1,1.4170716431e-1,6.249997437382558e-1,2.999956510222206e-2,3.0452342333e1,4.287e-1
145.738636,5.8626521149e-1,1.1309878658e-1,7.4680591546e-2,2.9255218892e-1,1.8340270886e-1,6.249997436933630e-1,2.999956518188603e-2,3.3953991690e1,3.120e-1
145.833333,5.4798023933e-1,1.4160869589e-1,1.2092073109e-1,2.8307502191e-1,1.5641479928e-1,6.249997437526920e-1,2.999956505467270e-2,3.0604068369e1,3.164e-1
145.928030,5.0862219002e-1,1.6824204864e-1,1.8726088282e-1,3.0305441320e-1,8.2819952957e-2,6.249997438195493e-1,2.999956483820299e-2,2.2387577456e1,3.958e-1
146.022727,4.6941865430e-1,1.9398606759e-1,2.7774151024e-1,2.8151772074e-1,2.7335534606e-2,6.249997437398502e-1,2.999956476408784e-2,1.5352129038e1,4.874e-1
146.117424,4.3128269892e-1,2.2229814538e-1,3.8119731360e-1,1.9817162510e-1,1.7049704201e-2,6.249997435910577e-1,2.999956492439867e-2,1.2233670290e1,5.762e-1
146.212121,3.9485811256e-1,2.5882859155e-1,4.6149876836e-1,1.1654708176e-1,1.8266932794e-2,6.249997435155781e-1,2.999956502921634e-2,1.0474750400e1,6.371e-1
146.306818,3.6063754280e-1,3.0950843307e-1,4.7912714801e-1,9.1671766749e-2,9.0545963201e-3,6.249997434753735e-1,2.999956491657734e-2,8.7248376866e0,6.507e-1
146.401515,3.2912468825e-1,3.7726582568e-1,4.2488587595e-1,1.1759266006e-1,1.1304369484e-3,6.249997434467036e-1,2.999956475123813e-2,8.2258420545e0,6.129e-1
146.496212,3.0096782546e-1,4.5898558946e-1,3.2350211742e-1,1.5242611640e-1,1.4117838089e-2,6.249997434135872e-1,2.999956469889816e-2,1.0341191031e1,5.320e-1
146.590909,2.7699162928e-1,5.4432428307e-1,2.1026838248e-1,1.6570435751e-1,5.2710834378e-2,6.249997433625496e-1,2.999956476082723e-2,1.4958817681e1,4.186e-1
146.685606,2.5810572907e-1,6.1717762157e-1,1.1492447665e-1,1.6096622231e-1,9.8825437056e-2,6.249997433238849e-1,2.999956484402486e-2,2.0083378978e1,4.408e-1
146.780303,2.4511763133e-1,6.6006167806e-1,6.0922674849e-2,1.5547975680e-1,1.2841774561e-1,6.249997433212668e-1,2.999956488246937e-2,2.3342887226e1,4.749e-1
146.875000,2.3851759293e-1,6.6056307126e-1,6.5186312518e-2,1.5697926313e-1,1.2875324683e-1,6.249997433297467e-1,2.999956485252251e-2,2.3465627453e1,4.911e-1
146.969697,2.3832947632e-1,6.1684356597e-1,1.3455834530e-1,1.5884697834e-1,1.0142112076e-1,6.249997433475092e-1,2.999956476472695e-2,2.0494325397e1,4.904e-1
147.064394,2.4409554855e-1,5.3879856581e-1,2.6263065311e-1,1.4372267151e-1,6.0752047767e-2,6.249997433753293e-1,2.999956466892558e-2,1.5676077733e1,4.769e-1
147.159091,2.5499371008e-1,4.4417689245e-1,4.2422624918e-1,9.9455612088e-2,2.7147022991e-2,6.249997433927941e-1,2.999956464894969e-2,1.1067059163e1,4.664e-1
147.253788,2.7003004793e-1,3.5182658842e-1,5.6731810460e-1,4.7061562230e-2,1.3763183711e-2,6.249997434466018e-1,2.999956477921135e-2,8.6448705440e0,5.543e-1
147.348485,2.8823345031e-1,2.7508176139e-1,6.2420362697e-1,4.4478889048e-2,1.8001759403e-2,6.249997435580975e-1,2.999956506993182e-2,9.4154589168e0,5.906e-1
147.443182,3.0877938331e-1,2.1828151648e-1,5.6080906405e-1,1.4205770239e-1,2.0071821066e-2,6.249997436485676e-1,2.999956524674086e-2,1.2192464810e1,5.671e-1
147.537879,3.3099410828e-1,1.7808789139e-1,4.1832721633e-1,3.0243327947e-1,2.0156992375e-2,6.249997439229485e-1,2.999956492540522e-2,1.6126250535e1,4.957e-1
147.632576,3.5426624246e-1,1.4796363703e-1,2.7625838934e-1,3.8145674575e-1,9.0054474283e-2,6.249997444309546e-1,2.999956472094576e-2,2.6416716082e1,5.610e-1
147.727273,3.7794747238e-1,1.2225883121e-1,1.7696541571e-1,3.3936289313e-1,2.3346487627e-1,6.249997443489846e-1,2.999956500679070e-2,4.2592331467e1,5.549e-1
147.821970,4.0129042933e-1,9.7840653219e-2,1.1839044809e-1,3.1530762235e-1,3.1717033509e-1,6.249997440405821e-1,2.999956529688894e-2,5.2031096913e1,5.606e-1
147.916667,4.2343114349e-1,7.3855229427e-2,9.2024326199e-2,4.0417295809e-1,2.5651583058e-1,6.249997438968983e-1,2.999956525194321e-2,4.6863181614e1,6.281e-1
148.011364,4.4342302211e-1,5.0992543581e-2,1.0000643432e-1,5.3507871530e-1,1.2049877294e-1,6.249997441241240e-1,2.999956447407796e-2,3.3670109898e1,7.039e-1
148.106061,4.6032711734e-1,3.0827576747e-2,1.5016767443e-1,5.0335242592e-1,1.0532469293e-1,6.249997436818028e-1,2.999956455477074e-2,3.1081998432e1,6.684e-1
148.200758,4.7335170260e-1,1.5126171771e-2,2.3991795625e-1,3.2612321358e-1,1.9548044204e-1,6.249997431212022e-1,2.999956493576549e-2,3.7643711261e1,5.133e-1
148.295455,4.8199409757e-1,4.9997944471e-3,3.5148267629e-1,1.9062484222e-1,2.2089807605e-1,6.249997432878092e-1,2.999956440082639e-2,3.7437806734e1,5.189e-1
148.390152,4.8609600573e-1,4.5775153684e-4,4.6909277713e-1,1.2412938972e-1,1.7022356295e-1,6.249997435293262e-1,2.999956397670784e-2,2.9757462251e1,6.010e-1
148.484848,4.8578228639e-1,7.6569995917e-4,5.7896802848e-1,6.6341808736e-2,1.1814166349e-1,6.249997435294791e-1,2.999956382944177e-2,2.2121237577e1,6.750e-1
148.579545,4.8134623870e-1,5.1378580814e-3,6.4433391936e-1,1.3444297759e-2,1.0573717306e-1,6.249997434842272e-1,2.999956395965289e-2,1.9370195871e1,7.175e-1
148.674242,4.7314968293e-1,1.3223946684e-2,6.1128982875e-1,4.8056370707e-2,1.0427965803e-1,6.249997435482941e-1,2.999956469417444e-2,2.0038941456e1,7.002e-1
148.768939,4.6156475721e-1,2.5146320739e-2,4.7428236117e-1,2.3810637515e-1,5.0899673201e-2,6.249997437328498e-1,2.999956591394284e-2,1.8209896084e1,6.193e-1
148.863636,4.4695276296e-1,4.1171113144e-2,3.1215623082e-1,4.4231341397e-1,7.4059683824e-3,6.249997446372567e-1,2.999956727604083e-2,1.7905061654e1,6.394e-1
148.958333,4.2966508273e-1,6.1513950308e-2,2.0377608300e-1,3.9133403354e-1,1.6371034019e-1,6.249997448847395e-1,2.999956558419081e-2,3.5445681724e1,6.111e-1
149.053030,4.1008034949e-1,8.6233668664e-2,1.4773449215e-1,2.1939878539e-1,3.8655219287e-1,6.249997442786004e-1,2.999956354084236e-2,5.8058825269e1,4.689e-1
149.147727,3.8868007790e-1,1.1467315959e-1,1.0874757530e-1,1.7433078984e-1,4.6356788511e-1,6.249997438710806e-1,2.999956324369904e-2,6.6208941530e1,4.614e-1
149.242424,3.6609040660e-1,1.4492795971e-1,6.9949324002e-2,3.3980604746e-1,3.2922574878e-1,6.249997432753326e-1,2.999956437773407e-2,5.4047185078e1,4.536e-1
149.337121,3.4304032274e-1,1.7399454981e-1,3.6955797217e-2,6.3803456358e-1,5.7974254189e-2,6.249997437700131e-1,2.999956705399159e-2,2.8652966210e1,4.458e-1
149.431818,3.2027197415e-1,1.9861983740e-1,2.1718073521e-2,6.2724499368e-1,8.2144607796e-2,6.249997432719423e-1,2.999956575616792e-2,3.1317469846e1,4.584e-1
149.526515,2.9846886357e-1,2.1615615128e-1,2.7138958012e-2,3.3355588200e-1,3.7467962957e-1,6.249997422173942e-1,2.999956191381634e-2,5.9431439207e1,5.969e-1
149.621212,2.7820633421e-1,2.2507656371e-1,5.0209834051e-2,1.8528217209e-1,5.1122458109e-1,6.249997425702831e-1,2.999956074675414e-2,7.2356710853e1,6.288e-1
149.715909,2.5991079583e-1,2.2516151368e-1,9.1069274259e-2,2.5212741710e-1,4.2173048415e-1,6.249997425102947e-1,2.999956106397413e-2,6.3358411938e1,4.558e-1
149.810606,2.4387869040e-1,2.1686146088e-1,1.6488485404e-1,4.6238844470e-1,1.6198603534e-1,6.249997426788284e-1,2.999956295009333e-2,3.7405383854e1,4.289e-1
149.905303,2.3036219235e-1,2.0058111348e-1,3.0812407139e-1,5.1075488194e-1,1.7722419737e-4,6.249997416755123e-1,2.999956327661209e-2,1.9348176813e1,4.094e-1
150.000000,2.1961733370e-1,1.7810567805e-1,5.2185770221e-1,2.5044860192e-1,7.9970163896e-2,6.249997398860300e-1,2.999956103952471e-2,2.2891417881e1,4.072e-1
150.094697,2.1180219571e-1,1.5485318023e-1,6.9985163687e-1,4.8505121449e-2,1.3498734460e-1,6.249997394275728e-1,2.999955932666938e-2,2.4844964548e1,4.070e-1
150.189394,2.0685650727e-1,1.3712166535e-1,7.3817140844e-1,4.1912472677e-2,1.2593742495e-1,6.249997393363316e-1,2.999955811890246e-2,2.3744232371e1,4.089e-1
150.284091,2.0454621250e-1,1.2773753687e-1,6.5381429072e-1,1.1233756095e-1,1.5156387791e-1,6.249997394716988e-1,2.999955794620921e-2,2.8583240828e1,4.127e-1
150.378788,2.0459066488e-1,1.2562505371e-1,5.1953918856e-1,1.6144037367e-1,2.3880419790e-1,6.249997393572836e-1,2.999955825240674e-2,4.0242888237e1,4.460e-1
150.473485,2.0673268718e-1,1.2743147321e-1,3.7455354959e-1,2.4198563751e-1,2.9929613004e-1,6.249997387595470e-1,2.999955921129162e-2,4.9408102732e1,4.314e-1
150.568182,2.1071855020e-1,1.2887121152e-1,2.3953727794e-1,4.5071529116e-1,2.2015714620e-1,6.249997385128336e-1,2.999955975605960e-2,4.4882403953e1,4.346e-1
150.662879,2.1624051940e-1,1.2601750668e-1,1.5068783644e-1,6.5616025120e-1,1.0089336544e-1,6.249997395774692e-1,2.999955792832990e-2,3.5477136779e1,4.445e-1
150.757576,2.2292473397e-1,1.1690881688e-1,1.3560747469e-1,5.6043005585e-1,2.1412839679e-1,6.249997390961153e-1,2.999955877868431e-2,4.6772336375e1,4.549e-1
150.852273,2.3038093599e-1,1.0228523823e-1,1.8721961587e-1,3.5272857913e-1,3.7738510834e-1,6.249997387798862e-1,2.999955907284095e-2,6.1410126271e1,4.655e-1
150.946970,2.3825191281e-1,8.4632624863e-2,2.8914759114e-1,2.8226341204e-1,3.5570393801e-1,6.249997394269285e-1,2.999955817752196e-2,5.7164105185e1,5.135e-1
151.041667,2.4624504116e-1,6.6614879774e-2,4.4521006550e-1,2.9192182837e-1,2.0000766478e-1,6.249997397866716e-1,2.999955757040645e-2,3.8760512403e1,6.431e-1
151.136364,2.5415295632e-1,5.0258387165e-2,6.6148417157e-1,2.1755444435e-1,6.6549518585e-2,6.249997389991224e-1,2.999955730033629e-2,2.0999547223e1,7.835e-1
151.231061,2.6184599693e-1,3.6894141201e-2,8.6919705851e-1,5.7444536505e-2,2.4617743854e-2,6.249997384984579e-1,2.999955749483913e-2,1.2147584130e1,8.985e-1
151.325758,2.6923286603e-1,2.6965234142e-2,9.1527478450e-1,1.5839964440e-2,2.2686628312e-2,6.249997387103120e-1,2.999955829591894e-2,1.0921512463e1,9.244e-1
151.420455,2.7620491968e-1,1.9806036394e-2,7.4091734301e-1,2.0607576482e-1,6.9954139742e-3,6.249997389358817e-1,2.999955902878515e-2,1.3594890739e1,8.326e-1
151.515152,2.8259444329e-1,1.4265628845e-2,4.8861685605e-1,4.2378818178e-1,4.0734371125e-2,6.249997405456450e-1,2.999955965380249e-2,2.2853984649e1,6.711e-1
151.609848,2.8818684976e-1,9.6101056861e-3,3.1087110374e-1,3.7397744282e-1,2.6735398033e-1,6.249997411685462e-1,2.999955815713178e-2,4.8838870119e1,5.296e-1
151.704545,2.9276468217e-1,5.6749980958e-3,2.1327414303e-1,2.4603402344e-1,4.9225163313e-1,6.249997399393453e-1,2.999955708877017e-2,7.2745223273e1,5.338e-1
151.799242,2.9612453316e-1,2.5988279468e-3,1.4552696289e-1,3.2739639309e-1,4.7835275970e-1,6.249997383893844e-1,2.999955809989643e-2,7.3023313446e1,5.369e-1
151.893939,2.9808014943e-1,6.8075229067e-4,8.7805972127e-2,6.8734103114e-1,1.7609157182e-1,6.249997384046926e-1,2.999956004383471e-2,4.5387483546e1,7.177e-1
151.988636,2.9848614769e-1,2.5510463255e-4,5.2310755429e-2,8.2675572899e-1,7.2191742292e-2,6.249997395197401e-1,2.999955875842288e-2,3.6264965668e1,7.957e-1
152.083333,2.9726863386e-1,1.5279709462e-3,4.4558791815e-2,4.7938491472e-1,4.2725916295e-1,6.249997371464392e-1,2.999955615303225e-2,7.0537650722e1,6.532e-1
152.178030,2.9442815567e-1,4.5482785153e-3,5.5073554754e-2,3.0278881364e-1,5.9316067272e-1,6.249997376529990e-1,2.999955451297490e-2,8.6210707218e1,7.553e-1
152.272727,2.9001819433e-1,9.3194795782e-3,8.3773060208e-2,4.7065073015e-1,3.9623801079e-1,6.249997375280985e-1,2.999955525967733e-2,6.6613121284e1,6.631e-1
152.367424,2.8411940601e-1,1.5971436133e-2,1.5104392762e-1,7.4195394042e-1,5.6910765842e-2,6.249997380167590e-1,2.999955632198757e-2,3.2409458118e1,8.156e-1
152.462121,2.7681455739e-1,2.5019222431e-2,2.8099193587e-1,5.5798275370e-1,1.0919099983e-1,6.249997346122373e-1,2.999955476781352e-2,3.4268277308e1,7.069e-1
152.556818,2.6817012512e-1,3.7638552801e-2,4.3669505348e-1,2.0936087636e-1,2.9813485955e-1,6.249997336578224e-1,2.999955165687618e-2,4.8563732662e1,5.185e-1
152.651515,2.5823090874e-1,5.5781637764e-2,5.4667471574e-1,8.2267782013e-2,3.0704442454e-1,6.249997343993265e-1,2.999954984769329e-2,4.6548331821e1,5.879e-1
152.746212,2.4702680328e-1,8.2127075215e-2,5.9656526012e-1,7.0496951153e-2,2.5378338007e-1,6.249997349155336e-1,2.999954969426642e-2,3.9800464719e1,6.340e-1
152.840909,2.3460301457e-1,1.1979726416e-1,5.9897869429e-1,4.9485888327e-2,2.4713460836e-1,6.249997348526360e-1,2.999954965270391e-2,3.8365503887e1,6.559e-1
152.935606,2.2109833993e-1,1.7106696519e-1,5.3473512386e-1,5.0261398181e-2,2.7283764194e-1,6.249997345465347e-1,2.999955007327626e-2,4.1262147001e1,6.301e-1
153.030303,2.0686165187e-1,2.3421022417e-1,3.8800549173e-1,1.9727502579e-1,2.2364707539e-1,6.249997344725835e-1,2.999955165151883e-2,3.8615521684e1,5.384e-1
153.125000,1.9250369529e-1,3.0091591609e-1,2.1293948720e-1,4.9423043918e-1,4.9409932502e-2,6.249997351298793e-1,2.999955412291003e-2,2.4541444991e1,6.874e-1
153.219697,1.7876602595e-1,3.6019930077e-1,9.0455410971e-2,5.7697966360e-1,4.3599070027e-2,6.249997356605457e-1,2.999955386398167e-2,2.5577455101e1,7.532e-1
153.314394,1.6629182490e-1,4.0589645485e-1,3.1207342140e-2,3.3865349086e-1,3.0795035666e-1,6.249997347073828e-1,2.999954942294873e-2,5.1399154920e1,5.794e-1
153.409091,1.5553267425e-1,4.3603152146e-1,6.1799601368e-3,1.6222322195e-1,4.9003209202e-1,6.249997349089196e-1,2.999954788200310e-2,6.8914519942e1,5.158e-1
153.503788,1.4678082534e-1,4.4928920856e-1,1.2552242602e-3,1.6559654764e-1,4.8707766382e-1,6.249997348057903e-1,2.999954782843389e-2,6.8627041118e1,5.211e-1
153.598485,1.4018489865e-1,4.4597470697e-1,1.0693428297e-2,3.5602433946e-1,2.9712209487e-1,6.249997341277651e-1,2.999954920419615e-2,5.0471996296e1,5.171e-1
153.693182,1.3575870916e-1,4.2940752993e-1,2.6971350314e-2,6.2687030604e-1,3.0991573594e-2,6.249997345221452e-1,2.999955310502321e-2,2.5169236430e1,5.661e-1
153.787879,1.3343510734e-1,4.0400269563e-1,4.8174832942e-2,5.7173969352e-1,9.2647138380e-2,6.249997339045508e-1,2.999955064487279e-2,3.1414625514e1,5.813e-1
153.882576,1.3312889592e-1,3.7241293260e-1,7.7290568727e-2,2.9147900142e-1,3.7568806731e-1,6.249997329895796e-1,2.999954634325062e-2,5.8845115524e1,4.871e-1
153.977273,1.3472998703e-1,3.3682658163e-1,1.0499543796e-1,1.7870509006e-1,4.9474236867e-1,6.249997326768137e-1,2.999954543497826e-2,7.0626567732e1,4.597e-1
154.071970,1.3806966183e-1,3.0095291004e-1,1.1429227336e-1,3.2979826982e-1,3.6688634845e-1,6.249997317490459e-1,2.999954658073219e-2,5.9100276073e1,4.420e-1
154.166667,1.4294572551e-1,2.6904677292e-1,1.0240218363e-1,6.7334008842e-1,6.2264694216e-2,6.249997323470218e-1,2.999955078911361e-2,3.0945547567e1,4.255e-1
154.261364,1.4919595054e-1,2.4328801740e-1,9.1131319058e-2,6.7777226829e-1,8.8611908841e-2,6.249997320680276e-1,2.999954898619150e-2,3.4321261480e1,4.122e-1
154.356061,1.5673724051e-1,2.2248584232e-1,9.1358839848e-2,3.4692227447e-1,4.3249526381e-1,6.249997304769566e-1,2.999954342891881e-2,6.7715117574e1,4.097e-1
154.450758,1.6551345885e-1,2.0436834539e-1,8.8117210400e-2,2.2962597713e-1,5.6237446889e-1,6.249997303347320e-1,2.999954237284774e-2,8.0528394390e1,6.015e-1
154.545455,1.7542719515e-1,1.8774966838e-1,7.0683027754e-2,4.5117103354e-1,3.6496853394e-1,6.249997293814642e-1,2.999954436388499e-2,6.2182122574e1,5.545e-1
154.640152,1.8632994457e-1,1.7241415526e-1,4.6017370841e-2,8.1696727429e-1,2.8270716719e-2,6.249997308380412e-1,2.999954837920477e-2,3.0567736767e1,6.139e-1
154.734848,1.9805178404e-1,1.5804637180e-1,2.8614812663e-2,6.6059533666e-1,2.0469115257e-1,6.249997288635099e-1,2.999954370354474e-2,4.7983555439e1,5.401e-1
154.829545,2.1041727433e-1,1.4367363590e-1,1.9961619054e-2,3.1259680579e-1,5.6335012118e-1,6.249997281254136e-1,2.999953874563324e-2,8.2664162157e1,5.693e-1
154.924242,2.2322049888e-1,1.2838407158e-1,1.5830060807e-2,2.7951431347e-1,6.0305051149e-1,6.249997281116639e-1,2.999953835255020e-2,8.6629942381e1,5.118e-1
155.018939,2.3619666094e-1,1.1183391656e-1,1.6319292804e-2,5.9236543546e-1,2.9328414886e-1,6.249997273109209e-1,2.999954151439377e-2,5.6968385495e1,7.692e-1
155.113636,2.4900890774e-1,9.4058783726e-2,2.7265326006e-2,8.6323556476e-1,1.6430874752e-2,6.249997284936659e-1,2.999954405396711e-2,3.0257434670e1,9.285e-1
155.208333,2.6124697666e-1,7.5535457991e-2,5.5152488806e-2,5.4091017763e-1,3.1715434904e-1,6.249997250646874e-1,2.999953771259936e-2,5.8627796676e1,7.350e-1
155.303030,2.7246851612e-1,5.7566999940e-2,9.4287801199e-2,2.4236461066e-1,5.8331152319e-1,6.249997255570447e-1,2.999953391186402e-2,8.3425213178e1,5.449e-1
155.397727,2.8227942856e-1,4.1618719438e-2,1.4083225364e-1,2.5700162297e-1,5.2826742798e-1,6.249997262946498e-1,2.999953378133810e-2,7.7193317899e1,6.388e-1
155.492424,2.9036609714e-1,2.8461009828e-2,2.1877400937e-1,4.8181087817e-1,2.3058745908e-1,6.249997267926519e-1,2.999953631608830e-2,4.6885440007e1,4.963e-1
155.587121,2.9646008723e-1,1.8493781020e-2,3.7842337694e-1,5.5239413281e-1,4.2280721772e-3,6.249997250896699e-1,2.999953753392129e-2,2.1430410110e1,5.590e-1
155.681818,3.0031960552e-1,1.2548535922e-2,6.1485725901e-1,2.5736284495e-1,6.4911199289e-2,6.249997223437584e-1,2.999953360434846e-2,2.1638359494e1,6.786e-1
155.776515,3.0180920485e-1,1.1665857901e-2,7.9055373163e-1,2.7852424230e-2,1.1811822514e-1,6.249997218736896e-1,2.999953083402932e-2,2.2509076565e1,7.652e-1
155.871212,3.0098670783e-1,1.6169144294e-2,7.9055576791e-1,2.1278550536e-2,1.2100927278e-1,6.249997216767423e-1,2.999952980728214e-2,2.2677378319e1,7.603e-1
155.965909,2.9807801385e-1,2.5608164335e-2,6.4733606850e-1,1.2667280360e-1,1.5230439326e-1,6.249997217757729e-1,2.999952994734109e-2,2.8927435936e1,6.826e-1
156.060606,2.9341140235e-1,3.8991799565e-2,4.5825988825e-1,2.5960371438e-1,1.9973263937e-1,6.249997219553268e-1,2.999953040373032e-2,3.7763865106e1,5.602e-1
156.155303,2.8739406486e-1,5.4707005015e-2,2.9654402893e-1,3.9903429789e-1,2.1232004769e-1,6.249997221927505e-1,2.999953054802738e-2,4.2571526910e1,4.898e-1
156.250000,2.8051451747e-1,7.0606655002e-2,2.0029815314e-1,5.0022414776e-1,1.9835597185e-1,6.249997226111631e-1,2.999953009778349e-2,4.3280592919e1,4.867e-1
156.344697,2.7333131389e-1,8.4651045684e-2,1.8318763342e-1,4.9292852247e-1,2.1590092983e-1,6.249997226449345e-1,2.999953024887822e-2,4.5180500553e1,4.161e-1
156.439394,2.6644084818e-1,9.5763756067e-2,2.4197932014e-1,4.0270372634e-1,2.4311179411e-1,6.249997224251003e-1,2.999953068290756e-2,4.6265411387e1,3.076e-1
156.534091,2.6043774825e-1,1.0438499280e-1,3.6446885478e-1,3.0576481990e-1,2.1494302907e-1,6.249997223981124e-1,2.999953047924214e-2,4.0551921655e1,2.943e-1
156.628788,2.5588681158e-1,1.1257803921e-1,5.3061093616e-1,2.1015995162e-1,1.4076370602e-1,6.249997223008471e-1,2.999953012120091e-2,2.9340859796e1,2.792e-1
156.723485,2.5331936855e-1,1.2360766863e-1,6.9669116018e-1,9.7416441258e-2,7.8964805576e-2,6.249997220959361e-1,2.999953002486877e-2,1.9172225537e1,2.650e-1
156.818182,2.5323888462e-1,1.4070390606e-1,7.8014732539e-1,1.4700474108e-2,6.1208854064e-2,6.249997221217694e-1,2.999953042536568e-2,1.4954354349e1,2.509e-1
156.912879,2.5609821842e-1,1.6479245326e-1,7.0585865734e-1,6.2484289595e-2,6.0765825976e-2,6.249997222937032e-1,2.999953141743806e-2,1.5882026266e1,2.370e-1
157.007576,2.6221960432e-1,1.9234011509e-1,5.0126655072e-1,2.7323138273e-1,2.0941792264e-2,6.249997225568567e-1,2.999953203292129e-2,1.5949876095e1,3.106e-1
157.102273,2.7168872479e-1,2.1645367057e-1,2.9044309256e-1,4.4937167253e-1,2.2042286712e-2,6.249997235788814e-1,2.999953203567733e-2,2.0093602664e1,4.190e-1
157.196970,2.8434395354e-1,2.3158713347e-1,1.5558732002e-1,3.7381921745e-1,2.0466182295e-1,6.249997237171615e-1,2.999953115146309e-2,4.0008973100e1,4.376e-1
157.291667,2.9989314333e-1,2.3577506544e-1,8.7757285786e-2,2.2636506538e-1,4.0020888685e-1,6.249997233946383e-1,2.999953023861240e-2,5.9793974598e1,5.523e-1
157.386364,3.1798694264e-1,2.2895895258e-1,5.9910721555e-2,2.0034255079e-1,4.4280027890e-1,6.249997232320714e-1,2.999953007905112e-2,6.4185594473e1,4.740e-1
157.481061,3.3818475044e-1,2.1195240202e-1,6.2192560859e-2,3.3469904506e-1,3.0297068752e-1,6.249997229492850e-1,2.999953063910944e-2,5.0581155111e1,2.881e-1
157.575758,3.5991934923e-1,1.8651851181e-1,9.9848844186e-2,5.3347549579e-1,7.0237245241e-2,6.249997231260390e-1,2.999953155863019e-2,2.7413370708e1,3.137e-1
157.670455,3.8251751243e-1,1.5541560461e-1,1.8454382442e-1,4.9348958561e-1,3.4032917401e-2,6.249997222371499e-1,2.999953102479973e-2,2.2126320728e1,4.294e-1
157.765152,4.0524378833e-1,1.2241235200e-1,3.0472702607e-1,2.4582928096e-1,1.7178699537e-1,6.249997213629359e-1,2.999952968159798e-2,3.2740535205e1,5.496e-1
157.859848,4.2735192251e-1,9.1632602915e-2,4.1404482227e-1,8.7358756537e-2,2.2961133858e-1,6.249997214090495e-1,2.999952851453259e-2,3.5895031293e1,6.392e-1
157.954545,4.4816676658e-1,6.5808917390e-2,4.8015100155e-1,5.0047147219e-2,2.0582561051e-1,6.249997216284862e-1,2.999952805223657e-2,3.2144096087e1,6.891e-1
158.049242,4.6713769887e-1,4.5480052521e-2,5.0612042577e-1,4.6975525569e-2,1.8428574071e-1,6.249997217159854e-1,2.999952799594774e-2,2.9465283989e1,7.096e-1
158.143939,4.8380008439e-1,2.9767918617e-2,4.9756721691e-1,3.8976993224e-2,1.9988723000e-1,6.249997215695601e-1,2.999952798755326e-2,3.1114802838e1,7.050e-1
158.238636,4.9767950983e-1,1.7541005598e-2,4.4097242924e-1,8.1954748886e-2,2.1185174908e-1,6.249997213192828e-1,2.999952846468224e-2,3.3551277047e1,6.640e-1
158.333333,5.0822528050e-1,8.2293672967e-3,3.3228546169e-1,2.6563916473e-1,1.3562016824e-1,6.249997212252694e-1,2.999952971284839e-2,2.8788689875e1,5.764e-1
158.428030,5.1484102087e-1,2.1127729645e-3,2.1161244155e-1,5.1381862660e-1,7.6145820842e-3,6.249997220346027e-1,2.999953114021575e-2,1.9371408147e1,4.594e-1
158.522727,5.1700379393e-1,1.0910373328e-5,1.3048166773e-1,4.9871318086e-1,1.0378989187e-1,6.249997223795980e-1,2.999952992085638e-2,3.0546305006e1,3.568e-1
158.617424,5.1436953441e-1,2.7487149081e-3,9.1960541928e-2,2.9061312888e-1,3.5030752326e-1,6.249997216921284e-1,2.999952776245811e-2,5.5137349634e1,5.441e-1
158.712121,5.0680165535e-1,1.0943115359e-2,7.0045144034e-2,2.1289104038e-1,4.4931848762e-1,6.249997213709092e-1,2.999952729127564e-2,6.5160927918e1,6.624e-1
158.806818,4.9438730851e-1,2.4871156493e-2,4.8802066869e-2,3.6441362885e-1,3.1752528094e-1,6.249997208348013e-1,2.999952816959399e-2,5.2991824586e1,5.622e-1
158.901515,4.7747133897e-1,4.4212552224e-2,2.8714288945e-2,6.4425396296e-1,5.5347299739e-2,6.249997214146777e-1,2.999952997255679e-2,2.8257456267e1,3.641e-1
158.996212,4.5664671551e-1,6.8092599900e-2,1.6153527432e-2,6.1915068523e-1,8.9955913799e-2,6.249997209364025e-1,2.999952872890174e-2,3.1820915671e1,3.435e-1
159.090909,4.3266370113e-1,9.5513410636e-2,1.0208050294e-2,3.4277942489e-1,3.6883485302e-1,6.249997199832268e-1,2.999952596531262e-2,5.8668825857e1,2.976e-1
159.185606,4.0633628349e-1,1.2536264532e-1,6.3582041673e-3,2.3179379447e-1,4.8014851288e-1,6.249997201626869e-1,2.999952516718124e-2,6.9381170138e1,3.665e-1
159.280303,3.7850462147e-1,1.5612737831e-1,3.7070810315e-3,3.7082181701e-1,3.4083854170e-1,6.249997197611181e-1,2.999952590573553e-2,5.6024795198e1,5.603e-1
159.375000,3.4999931716e-1,1.8610803286e-1,3.7699167046e-3,6.4519072717e-1,6.4931446541e-2,6.249997202174018e-1,2.999952781168803e-2,2.9534703485e1,7.558e-1
159.469697,3.2157306975e-1,2.1404770322e-1,7.0048955537e-3,6.2553539722e-1,8.1838373469e-2,6.249997196092086e-1,2.999952673382929e-2,3.1137365621e1,7.376e-1
159.564394,2.9384084746e-1,2.3919122154e-1,1.2397718698e-2,3.4704536448e-1,3.5752428514e-1,6.249997186568679e-1,2.999952378891178e-2,5.7593044778e1,5.805e-1
159.659091,2.6728079190e-1,2.6062949458e-1,2.0381632144e-2,2.2076707350e-1,4.8094044593e-1,6.249997190248535e-1,2.999952286397425e-2,6.9442875873e1,6.934e-1
159.753788,2.4226173900e-1,2.7733985429e-1,3.4503495051e-2,3.2624886914e-1,3.6964548021e-1,6.249997188508909e-1,2.999952339558654e-2,5.8706423819e1,5.933e-1
159.848485,2.1904423675e-1,2.8916100726e-1,6.1232997441e-2,5.7758538774e-1,1.0297580882e-1,6.249997190094436e-1,2.999952535134177e-2,3.2841344050e1,7.103e-1
159.943182,1.9776367180e-1,2.9779279784e-1,1.0878807466e-1,6.0593837869e-1,3.9716513238e-2,6.249997181177517e-1,2.999952537553757e-2,2.6038513842e1,7.397e-1
160.037879,1.7843627221e-1,3.0665820625e-1,1.7412939615e-1,3.3578934879e-1,2.5498621008e-1,6.249997167423740e-1,2.999952204551540e-2,4.5479063769e1,5.556e-1
160.132576,1.6101101457e-1,3.1925784364e-1,2.3714021537e-1,1.3561941196e-1,3.9697094904e-1,6.249997172949548e-1,2.999952034649525e-2,5.7768245578e1,4.639e-1
160.227273,1.4544045517e-1,3.3780550686e-1,2.8582269441e-1,6.3469693029e-2,4.1746108658e-1,6.249997180253745e-1,2.999952036848150e-2,5.8500962056e1,5.144e-1
160.321970,1.3172308348e-1,3.6384313249e-1,3.1923738087e-1,3.9877203146e-2,3.9531863681e-1,6.249997184025698e-1,2.999952057927480e-2,5.5224302866e1,5.597e-1
160.416667,1.1990610284e-1,3.9917787004e-1,3.3148799295e-1,2.6248498881e-2,3.7317897234e-1,6.249997185229266e-1,2.999952060045283e-2,5.2117073159e1,6.108e-1
160.511364,1.1007630775e-1,4.4484375286e-1,3.1281172856e-1,2.0329195738e-2,3.6193845215e-1,6.249997185266299e-1,2.999952057322665e-2,5.0425875627e1,5.548e-1
160.606061,1.0235857881e-1,4.9876904483e-1,2.6376946132e-1,2.4970261036e-2,3.6013209087e-1,6.249997184347625e-1,2.999952053999654e-2,5.0054829054e1,5.124e-1
160.700758,9.6912153683e-2,5.5488468139e-1,1.9838904304e-1,4.0764386353e-2,3.5904917187e-1,6.249997181719928e-1,2.999952038565713e-2,5.0008092147e1,4.453e-1
160.795455,9.3907026114e-2,6.0463456980e-1,1.3219802191e-1,8.5069846723e-2,3.3418997084e-1,6.249997176969311e-1,2.999952020521776e-2,4.7812358191e1,3.593e-1
160.890152,9.3478502534e-2,6.3865082809e-1,7.5526495422e-2,2.0176821799e-1,2.4057539040e-1,6.249997172135532e-1,2.999952069712358e-2,3.9178485817e1,4.004e-1
160.984848,9.5672599304e-2,6.4680125810e-1,4.3631012430e-2,3.8979375152e-1,7.4100813193e-2,6.249997172728450e-1,2.999952266706864e-2,2.3648791053e1,5.405e-1
161.079545,1.0039920258e-1,6.1940216594e-1,6.6690905722e-2,4.5902732813e-1,4.4798322334e-3,6.249997173030619e-1,2.999952354967459e-2,1.7084824205e1,5.510e-1
161.174242,1.0740668761e-1,5.5413771062e-1,1.6987719875e-1,2.8958629033e-1,1.2899154561e-1,6.249997164586646e-1,2.999952139853907e-2,2.8298675484e1,4.126e-1
161.268939,1.1628659984e-1,4.6320347351e-1,3.2903427030e-1,9.9658301619e-2,2.4181678702e-1,6.249997161482597e-1,2.999951960922680e-2,3.7758438800e1,4.547e-1
161.363636,1.2652589617e-1,3.6727169952e-1,4.7808359271e-1,1.5312522784e-2,2.6280572123e-1,6.249997162051398e-1,2.999951875357161e-2,3.8751608135e1,3.505e-1
161.458333,1.3760405460e-1,2.8258611858e-1,5.6200203244e-1,6.3418523055e-3,2.6146537438e-1,6.249997161517700e-1,2.999951841079769e-2,3.8800497718e1,3.529e-1
161.553030,1.4909484963e-1,2.1654580600e-1,5.4654075337e-1,7.9851843138e-2,2.5796617947e-1,6.249997158001728e-1,2.999951890469516e-2,4.0454895016e1,3.632e-1
161.647727,1.6073545188e-1,1.6990172631e-1,4.2423632285e-1,3.3879051292e-1,1.5633541705e-1,6.249997154990621e-1,2.999952182307069e-2,3.4666291557e1,5.133e-1
161.742424,1.7242134441e-1,1.3876227818e-1,2.6094454845e-1,6.6671720170e-1,1.1154062567e-2,6.249997176513982e-1,2.999952416497089e-2,2.5213962079e1,7.104e-1
161.837121,1.8411344056e-1,1.1689461032e-1,1.4841204743e-1,5.7468292060e-1,2.2589641754e-1,6.249997182292684e-1,2.999952098379036e-2,4.8817737225e1,6.537e-1
161.931818,1.9574400913e-1,9.9462184923e-2,9.4856130344e-2,3.1672446481e-1,5.4321264517e-1,6.249997171894400e-1,2.999951826325664e-2,8.0722046873e1,7.313e-1
162.026515,2.0721239930e-1,8.4570369398e-2,6.7083383898e-2,3.2658707284e-1,5.6454620686e-1,6.249997161443704e-1,2.999951849685881e-2,8.3522114818e1,7.099e-1
162.121212,2.1843035251e-1,7.1919979605e-2,4.8428502146e-2,6.6857279622e-1,2.4264780070e-1,6.249997155908188e-1,2.999952097470639e-2,5.3093731121e1,7.889e-1
162.215909,2.2935015134e-1,6.1464063861e-2,4.2039679548e-2,8.7089194585e-1,4.6253592894e-2,6.249997167488036e-1,2.999952050390966e-2,3.4362922798e1,8.954e-1
162.310606,2.3995841516e-1,5.2875299751e-2,5.1941371048e-2,5.1515524811e-1,3.9006909325e-1,6.249997136568797e-1,2.999951685060907e-2,6.7055072651e1,6.750e-1
162.405303,2.5024310560e-1,4.5591376838e-2,7.2263395337e-2,2.8418496608e-1,5.9771658492e-1,6.249997143891259e-1,2.999951444286023e-2,8.6396053254e1,4.404e-1
162.500000,2.6016780213e-1,3.9192457312e-2,1.0577478108e-1,3.9948141983e-1,4.4538296890e-1,6.249997146319363e-1,2.999951491357963e-2,7.0847092518e1,4.493e-1
162.594697,2.6968559072e-1,3.3697168939e-2,1.7783807621e-1,6.7465288394e-1,9.4125710329e-2,6.249997150706952e-1,2.999951702345082e-2,3.5261924951e1,4.574e-1
162.689394,2.7879034786e-1,2.9528331424e-2,3.2195391973e-1,5.7207569546e-1,4.7651129324e-2,6.249997119007517e-1,2.999951571028986e-2,2.7179850003e1,4.649e-1
162.784091,2.8755921480e-1,2.6969119492e-2,5.0387655890e-1,2.1202352754e-1,2.1957099975e-1,6.249997102387330e-1,2.999951205034785e-2,3.9118571167e1,4.718e-1
162.878788,2.9611423241e-1,2.5655304270e-2,6.2723986765e-1,4.4449478930e-2,2.5654053782e-1,6.249997105388567e-1,2.999950981918553e-2,3.9476858832e1,4.787e-1
162.973485,3.0453458215e-1,2.4864680189e-2,6.5394219892e-1,2.5046183944e-2,2.4161177636e-1,6.249997107836537e-1,2.999950944258693e-2,3.7161319503e1,4.839e-1
163.068182,3.1281028968e-1,2.3950356093e-2,5.9978014600e-1,5.1078653654e-2,2.6237997583e-1,6.249997106291643e-1,2.999950968909471e-2,4.0221700848e1,4.892e-1
163.162879,3.2083647438e-1,2.2363494812e-2,4.7615613524e-1,1.7072864363e-1,2.5991467218e-1,6.249997101202918e-1,2.999951105604595e-2,4.2746788943e1,4.941e-1
163.257576,3.2839939256e-1,1.9639949032e-2,3.1043522158e-1,4.7115632794e-1,1.2036852941e-1,6.249997102630449e-1,2.999951297013695e-2,3.3171135626e1,4.983e-1
163.352273,3.3516847165e-1,1.5784534610e-2,1.7078461880e-1,6.8612741876e-1,4.2134380815e-2,6.249997123166229e-1,2.999951240439292e-2,2.8914708400e1,5.018e-1
163.446970,3.4075944091e-1,1.1516588540e-2,9.6710374255e-2,4.9336852522e-1,3.0764449437e-1,6.249997116501380e-1,2.999951087170019e-2,5.6133383978e1,5.529e-1
163.541667,3.4483305008e-1,7.7646611752e-3,6.9609262282e-2,3.0054848920e-1,5.2724395999e-1,6.249997113632257e-1,2.999950973809071e-2,7.7849598478e1,7.247e-1
163.636364,3.4712707991e-1,5.2298912240e-3,7.0009808971e-2,3.7161850604e-1,4.5601413584e-1,6.249997109941925e-1,2.999951001626565e-2,7.1005703375e1,6.564e-1
163.731061,3.4743332262e-1,4.4497046662e-3,1.0047986062e-1,6.4379885456e-1,1.5383768009e-1,6.249997112794302e-1,2.999951071754413e-2,4.1279241353e1,5.050e-1
163.825758,3.4556253104e-1,6.0300736210e-3,1.7963666903e-1,6.6619370989e-1,5.2576436416e-2,6.249997099976539e-1,2.999951026798024e-2,2.9669917343e1,5.024e-1
163.920455,3.4130446146e-1,1.0962902729e-2,3.0435062871e-1,3.4144811736e-1,2.5193330576e-1,6.249997080075453e-1,2.999950857955179e-2,4.5801185958e1,5.376e-1
164.015152,3.3441525748e-1,2.0813999297e-2,4.2792554903e-1,1.3082997016e-1,3.3601464111e-1,6.249997085375645e-1,2.999950649751511e-2,5.0828673127e1,6.398e-1
164.109848,3.2465726083e-1,3.7683196220e-2,5.1942352811e-1,7.5467399259e-2,2.9276803399e-1,6.249997092079620e-1,2.999950596578112e-2,4.4282348375e1,7.012e-1
164.204545,3.1184762484e-1,6.4323884523e-2,5.7740277061e-1,4.7527151301e-2,2.4889798745e-1,6.249997093594164e-1,2.999950590163781e-2,3.8283604981e1,7.317e-1
164.299242,2.9590548295e-1,1.0409877317e-1,5.8196967641e-1,1.7380341681e-2,2.5064514413e-1,6.249997091628469e-1,2.999950587645364e-2,3.7650657081e1,7.278e-1
164.393939,2.7696125956e-1,1.5927185222e-1,4.9429839551e-1,7.6494847631e-2,2.4297306322e-1,6.249997090715727e-1,2.999950675901320e-2,3.7959798715e1,6.671e-1
164.488636,2.5553258535e-1,2.2714648592e-1,3.2846287360e-1,3.0952442127e-1,1.2933305256e-1,6.249997093528817e-1,2.999950916595108e-2,2.9669174462e1,5.381e-1
164.583333,2.3258302992e-1,2.9865999569e-1,1.7390567754e-1,5.3777467185e-1,7.0760455262e-3,6.249997102626718e-1,2.999951230779645e-2,2.0219380253e1,4.393e-1
164.678030,2.0926327192e-1,3.6489533847e-1,9.1078242999e-2,4.2661992368e-1,1.5814264221e-1,6.249997096418169e-1,2.999950812629490e-2,3.5457144018e1,4.920e-1
164.772727,1.8653184070e-1,4.2260430331e-1,5.6282231391e-2,1.9305976911e-1,3.9152127403e-1,6.249997092715909e-1,2.999950420054605e-2,5.7681368066e1,5.382e-1
164.867424,1.6504524580e-1,4.7007650195e-1,3.7137069960e-2,8.6885983156e-2,4.9085461868e-1,6.249997097761456e-1,2.999950367687559e-2,6.6929514839e1,5.777e-1
164.962121,1.4524565644e-1,5.0386181898e-1,2.9360725944e-2,1.0346691559e-1,4.6806430312e-1,6.249997100404983e-1,2.999950382000351e-2,6.4538404373e1,6.086e-1
165.056818,1.2740489838e-1,5.2138134184e-1,3.8645329205e-2,2.3140384690e-1,3.3116400338e-1,6.249997098506376e-1,2.999950446846492e-2,5.1209543299e1,6.303e-1
165.151515,1.1160530939e-1,5.2494123149e-1,6.1753157259e-2,4.4892334016e-1,1.0277638104e-1,6.249997096728990e-1,2.999950750780861e-2,2.9120634035e1,6.451e-1
165.246212,9.7737799984e-2,5.2202297471e-1,8.4894876599e-2,5.3929418455e-1,6.0495827366e-3,6.249997092887579e-1,2.999950903491689e-2,1.9803834358e1,6.574e-1
165.340909,8.5573983212e-2,5.1947777821e-1,9.6432062525e-2,3.6485173741e-1,1.8366385547e-1,6.249997084137400e-1,2.999950436287747e-2,3.7037428146e1,6.701e-1
165.435606,7.4884517887e-2,5.1775737764e-1,9.6291267884e-2,1.7060757257e-1,3.9045868095e-1,6.249997084674533e-1,2.999950188054749e-2,5.7281440641e1,6.819e-1
165.530303,6.5505776321e-2,5.1262791370e-1,9.4661518867e-2,7.6027710739e-2,5.0117649772e-1,6.249997086750076e-1,2.999950171231722e-2,6.8398779318e1,6.893e-1
165.625000,5.7325421157e-2,5.0046865530e-1,9.9500398062e-2,5.4485498298e-2,5.3821944397e-1,6.249997083955732e-1,2.999950153770181e-2,7.2461227980e1,6.896e-1
165.719697,5.0242110655e-2,4.8125145934e-1,1.0636419742e-1,1.1241877285e-1,4.9972287460e-1,6.249997074310725e-1,2.999950112046773e-2,6.9400466233e1,6.829e-1
165.814394,4.4142387599e-2,4.5792694597e-1,1.0125019355e-1,3.3121058225e-1,3.1546930288e-1,6.249997061273270e-1,2.999950299744461e-2,5.2726736035e1,6.709e-1
165.909091,3.8904785275e-2,4.3236987252e-1,8.4397489915e-2,6.6138704843e-1,3.2940217528e-2,6.249997068367023e-1,2.999951078537010e-2,2.6940105450e1,6.547e-1
166.003788,3.4424151221e-2,4.0108273284e-1,9.0943610991e-2,6.0666891223e-1,1.1688000537e-1,6.249997063212663e-1,2.999950675368040e-2,3.5920972307e1,6.319e-1
166.098485,3.0627274526e-2,3.5924949535e-1,1.4530908597e-1,2.7278576141e-1,4.4202779211e-1,6.249997046862747e-1,2.999949930091639e-2,6.7204987071e1,5.985e-1
166.193182,2.7452036421e-2,3.0931478331e-1,2.1770319611e-1,1.4387630389e-1,5.5165308860e-1,6.249997041650206e-1,2.999949786899633e-2,7.7589618219e1,5.555e-1
166.287879,2.4821431725e-2,2.5861587763e-1,2.7644331448e-1,2.9293540021e-1,3.9718338403e-1,6.249997040418603e-1,2.999949923884380e-2,6.2954594950e1,5.345e-1
166.382576,2.2647289097e-2,2.1200685124e-1,3.6102631629e-1,5.5808484433e-1,9.6234108639e-2,6.249997047985123e-1,2.999950498754699e-2,3.3500228802e1,7.400e-1
166.477273,2.0850078610e-2,1.7063501917e-1,5.5495751725e-1,4.4278165690e-1,6.0775131752e-2,6.249997018369837e-1,2.999950110205648e-2,2.6739585101e1,6.521e-1
166.571970,1.9366986894e-2,1.3722456847e-1,7.8497378822e-1,1.1803735211e-1,1.9039670339e-1,6.249996995430850e-1,2.999949683273932e-2,3.4711896238e1,3.586e-1
166.666667,1.8139490468e-2,1.1717126758e-1,8.4547807283e-1,7.7994626527e-2,1.9121594136e-1,6.249996993800565e-1,2.999949502418874e-2,3.3978705405e1,3.753e-1
166.761364,1.7106174330e-2,1.1330465158e-1,7.2686274700e-1,2.4928852047e-1,1.4343730790e-1,6.249997006387656e-1,2.999949563012801e-2,3.2387272433e1,4.037e-1
166.856061,1.6211494487e-2,1.2495112936e-1,5.9749428584e-1,2.8558313344e-1,2.2575935937e-1,6.249997012506467e-1,2.999949558685217e-2,4.3073820562e1,4.485e-1
166.950758,1.5416302745e-2,1.5033204286e-1,5.1210825548e-1,1.6697403572e-1,4.0516876249e-1,6.249996996467007e-1,2.999949373060232e-2,6.1610009023e1,4.790e-1
167.045455,1.4703291241e-2,1.8648670855e-1,3.9651619471e-1,2.0948248378e-1,4.4281071816e-1,6.249996982194275e-1,2.999949517498879e-2,6.6935666026e1,4.511e-1
167.140152,1.4075689731e-2,2.2715240752e-1,2.3663143007e-1,5.8867075403e-1,1.8346911575e-1,6.249996985536294e-1,2.999949910080884e-2,4.4675905046e1,7.060e-1
167.234848,1.3546976865e-2,2.6444458378e-1,1.1387604467e-1,8.3478728830e-1,2.3344507909e-2,6.249997007649396e-1,2.999950065129180e-2,3.1147961251e1,8.361e-1
167.329545,1.3128166360e-2,2.9505099442e-1,5.9457425951e-2,4.7798711330e-1,4.0437569548e-1,6.249996977578162e-1,2.999949186258552e-2,6.8128002126e1,6.390e-1
167.424242,1.2826298298e-2,3.1926033672e-1,3.3248751531e-2,2.3678710659e-1,6.4787690350e-1,6.249996983211175e-1,2.999948873298894e-2,9.1416354894e1,8.032e-1
167.518939,1.2648746483e-2,3.3608174351e-1,1.7025314533e-2,3.6230644748e-1,5.2193714363e-1,6.249996978143009e-1,2.999948979208189e-2,7.9216451080e1,7.086e-1
167.613636,1.2600637030e-2,3.4438221776e-1,1.4377617098e-2,7.6122533104e-1,1.1741359380e-1,6.249996983636342e-1,2.999949572327115e-2,4.0198236290e1,7.946e-1
167.708333,1.2679498811e-2,3.4578016910e-1,2.5099581067e-2,7.7915465740e-1,8.7285487847e-2,6.249996971160054e-1,2.999949400900975e-2,3.7004188218e1,8.206e-1
167.803030,1.2875752256e-2,3.4353298518e-1,4.0724438239e-2,3.7205572458e-1,4.8081048987e-1,6.249996950657928e-1,2.999948503227992e-2,7.4468825242e1,5.591e-1
167.897727,1.3178614876e-2,3.3908534378e-1,5.7454023505e-2,1.9427425803e-1,6.4600715275e-1,6.249996964718956e-1,2.999948314785153e-2,9.0050083992e1,3.663e-1
167.992424,1.3577917535e-2,3.3267918797e-1,8.3290381683e-2,3.0327735366e-1,5.1717455217e-1,6.249996965066620e-1,2.999948404730451e-2,7.7241688383e1,3.820e-1
168.087121,1.4060318053e-2,3.2644565326e-1,1.3362693795e-1,6.1088437706e-1,1.6498210678e-1,6.249996965551130e-1,2.999948893984655e-2,4.2394946703e1,4.015e-1
168.181818,1.4607567017e-2,3.2662287390e-1,2.2370407754e-1,6.6725824848e-1,1.7806622099e-2,6.249996945177836e-1,2.999948989953415e-2,2.6081693732e1,4.327e-1
168.276515,1.5204651564e-2,3.4221618515e-1,3.3068865353e-1,3.2427508858e-1,2.3761480496e-1,6.249996918885270e-1,2.999948187051805e-2,4.4129041794e1,4.844e-1
168.371212,1.5857837769e-2,3.7936997657e-1,3.8714090201e-1,8.3815065578e-2,3.8381560265e-1,6.249996922837866e-1,2.999947873660701e-2,5.5674275325e1,5.414e-1
168.465909,1.6607037282e-2,4.3740862209e-1,3.6103834062e-1,1.5109500808e-2,4.1983588455e-1,6.249996926733206e-1,2.999947894715271e-2,5.7993924736e1,5.972e-1
168.560606,1.7523464889e-2,5.0852472059e-1,2.6809037435e-1,4.4804342245e-2,4.1105648316e-1,6.249996926216570e-1,2.999947941078027e-2,5.7219502965e1,6.636e-1
168.655303,1.8697242736e-2,5.7741539373e-1,1.5086397151e-1,1.7645207853e-1,3.2657069850e-1,6.249996925066752e-1,2.999948079272563e-2,4.9818607102e1,7.205e-1
168.750000,2.0212846338e-2,6.2442335253e-1,7.0180808805e-2,3.8748322892e-1,1.4769914872e-1,6.249996926568642e-1,2.999948506221242e-2,3.3125353960e1,7.587e-1
168.844697,2.2114920204e-2,6.3749986803e-1,6.6340188954e-2,4.7661630408e-1,4.7428103163e-2,6.249996922195102e-1,2.999948707841138e-2,2.3139297643e1,7.748e-1
168.939394,2.4391882388e-2,6.2263959627e-1,1.2050191146e-1,3.2843595743e-1,1.5403003440e-1,6.249996909756349e-1,2.999948087444809e-2,3.2447285466e1,7.743e-1
169.034091,2.7002409087e-2,5.9703711158e-1,1.7661706125e-1,1.6496782281e-1,2.8437497666e-1,6.249996906918318e-1,2.999947693290615e-2,4.4299479260e1,7.664e-1
169.128788,2.9921496684e-2,5.7399461748e-1,1.9221391741e-1,1.2396673069e-1,3.2990261904e-1,6.249996906550361e-1,2.999947651403323e-2,4.8895131942e1,7.566e-1
169.223485,3.3164391786e-2,5.5574841744e-1,1.6316002085e-1,2.1170204547e-1,2.8622450527e-1,6.249996904073060e-1,2.999947824572181e-2,4.5844561327e1,7.453e-1
169.318182,3.6772770070e-2,5.3366225907e-1,1.2931068823e-1,3.7384760326e-1,1.7640606020e-1,6.249996904198062e-1,2.999948350948766e-2,3.6663295420e1,7.278e-1
169.412879,4.0759577338e-2,4.9445685285e-1,1.6137686271e-1,4.1512049977e-1,1.3828558745e-1,6.249996900591219e-1,2.999948515660310e-2,3.3284719582e1,6.960e-1
169.507576,4.5038580678e-2,4.3423671741e-1,2.9456196291e-1,2.4906906753e-1,2.2709304907e-1,6.249996887952175e-1,2.999947885940707e-2,4.0285608870e1,6.452e-1
169.602273,4.9421330642e-2,3.6686449271e-1,4.6638961393e-1,7.9919095325e-2,2.8740484389e-1,6.249996882481412e-1,2.999947502959713e-2,4.3834787630e1,5.808e-1
169.696970,5.3716121675e-2,3.1297124764e-1,5.6972169103e-1,3.7024682229e-2,2.7656563383e-1,6.249996882048056e-1,2.999947402360462e-2,4.1795765046e1,5.150e-1
169.791667,5.7840132773e-2,2.8523383409e-1,5.5656836589e-1,1.1127794351e-1,2.3907910034e-1,6.249996882998401e-1,2.999947412797081e-2,3.9214953698e1,4.872e-1
169.886364,6.1866212048e-2,2.8579475424e-1,4.6014497854e-1,2.6009359345e-1,1.8209983892e-1,6.249996885998665e-1,2.999947471242983e-2,3.5915456815e1,4.182e-1
169.981061,6.6014017981e-2,3.1078375894e-1,3.4856788848e-1,3.9576435114e-1,1.2886936209e-1,6.249996893120796e-1,2.999947479672055e-2,3.2602855218e1,3.953e-1
170.075758,7.0619198911e-2,3.5464252877e-1,2.6960617730e-1,4.0071276977e-1,1.5441870477e-1,6.249996897606139e-1,2.999947467797483e-2,3.5489846918e1,3.893e-1
170.170455,7.6098805180e-2,4.1251019410e-1,2.2522383067e-1,3.0299794710e-1,2.3316860234e-1,6.249996896980441e-1,2.999947468685922e-2,4.2206375843e1,4.613e-1
170.265152,8.2925666073e-2,4.8040459518e-1,1.9508949061e-1,2.2631884147e-1,2.6526078598e-1,6.249996896541365e-1,2.999947454022631e-2,4.3758571481e1,5.050e-1
170.359848,9.1618655099e-2,5.5434857278e-1,1.6536585085e-1,2.1911497745e-1,2.1955132308e-1,6.249996896328209e-1,2.999947445665273e-2,3.7591681913e1,4.684e-1
170.454545,1.0274544884e-1,6.2961831817e-1,1.3183309999e-1,2.6356547608e-1,1.2223703613e-1,6.249996896041358e-1,2.999947448610534e-2,2.6445710020e1,4.721e-1
170.549242,1.1692370421e-1,6.9972795207e-1,9.3167246139e-2,3.0713490095e-1,3.3045575782e-2,6.249996895748473e-1,2.999947455730819e-2,1.6261406256e1,5.010e-1
170.643939,1.3479075720e-1,7.5482793529e-1,5.0320647429e-2,2.9462233131e-1,1.5437707814e-2,6.249996895212830e-1,2.999947453025219e-2,1.3383557631e1,5.255e-1
170.738636,1.5690072258e-1,7.8143979157e-1,1.3272449688e-2,2.3114323770e-1,6.7243177437e-2,6.249996894840629e-1,2.999947443217256e-2,1.7751219860e1,5.408e-1
170.833333,1.8353544643e-1,7.6667146590e-1,2.2478860557e-3,1.6718706537e-1,1.3035751522e-1,6.249996894873756e-1,2.999947435693575e-2,2.3678841783e1,5.415e-1
170.928030,2.1448477703e-1,7.0548467717e-1,3.6133630709e-2,1.3358029053e-1,1.6031600355e-1,6.249996894984784e-1,2.999947427519304e-2,2.6602298540e1,5.243e-1
171.022727,2.4889485145e-1,6.0466683629e-1,1.2288225282e-1,1.2852587582e-1,1.4502956269e-1,6.249996895331916e-1,2.999947416290869e-2,2.4993451171e1,4.890e-1
171.117424,2.8526245902e-1,4.8040967131e-1,2.6050426314e-1,1.2457303146e-1,9.9249954198e-2,6.249996895671093e-1,2.999947404285492e-2,1.9877815821e1,4.924e-1
171.212121,3.2161177435e-1,3.5254779665e-1,4.3359128950e-1,8.5657900096e-2,5.6590618416e-2,6.249996895012335e-1,2.999947395542524e-2,1.4319283757e1,6.357e-1
171.306818,3.5586205851e-1,2.3896579822e-1,5.9333790687e-1,2.1843189470e-2,3.9990425897e-2,6.249996894788510e-1,2.999947403099745e-2,1.1220322458e1,7.445e-1
171.401515,3.8631536955e-1,1.5075331777e-1,6.5771461594e-1,1.5552112405e-2,3.9663963577e-2,6.249996896241024e-1,2.999947446162052e-2,1.1331036183e1,7.856e-1
171.496212,4.1202439785e-1,8.9697532757e-2,5.8065535085e-1,1.4559705774e-1,2.2025040318e-2,6.249996897538576e-1,2.999947511412753e-2,1.2508961080e1,7.389e-1
171.590909,4.3278611981e-1,5.0585445268e-2,4.2134485373e-1,3.3895878618e-1,6.3241755966e-3,6.249996902964502e-1,2.999947581905943e-2,1.5344498415e1,6.259e-1
171.685606,4.4880137800e-1,2.6310188665e-2,2.8396416279e-1,3.6740505000e-1,1.2351860242e-1,6.249996909348210e-1,2.999947538217417e-2,3.0116077078e1,6.117e-1
171.780303,4.6031813303e-1,1.1531130520e-2,2.0291543587e-1,2.4667980144e-1,3.2855487993e-1,6.249996903952610e-1,2.999947413631798e-2,5.1825323092e1,6.193e-1
171.875000,4.6750569797e-1,3.3073955877e-3,1.5101118179e-1,2.0403907135e-1,4.2413603256e-1,6.249996896307044e-1,2.999947397518704e-2,6.2267119545e1,6.237e-1
171.969697,4.7050360343e-1,1.3370457702e-4,1.0340308592e-1,3.6802275763e-1,3.0793622621e-1,6.249996888804297e-1,2.999947501780929e-2,5.2255309097e1,6.253e-1
172.064394,4.6947656775e-1,1.1441505570e-3,6.0051581337e-2,6.6176384719e-1,5.7563232435e-2,6.249996896340538e-1,2.999947631002405e-2,2.9261976097e1,6.614e-1
172.159091,4.6462473304e-1,5.8182349759e-3,3.2242890974e-2,6.3766848619e-1,1.0964503365e-1,6.249996894102776e-1,2.999947505986167e-2,3.4941847829e1,6.477e-1
172.253788,4.5619331984e-1,1.3796929365e-2,1.9765465940e-2,3.6069239405e-1,3.9955126768e-1,6.249996884395527e-1,2.999947285038282e-2,6.3098533119e1,6.146e-1
172.348485,4.4450399223e-1,2.4649763409e-2,1.5759217377e-2,2.6865699920e-1,4.9642940478e-1,6.249996884949922e-1,2.999947221222307e-2,7.2537613048e1,6.206e-1
172.443182,4.2997504009e-1,3.7726473868e-2,1.7725025583e-2,4.4780244646e-1,3.1677039008e-1,6.249996880363141e-1,2.999947310949665e-2,5.5308528889e1,6.652e-1
172.537879,4.1312233489e-1,5.2038150107e-2,2.9132052283e-2,7.1124507713e-1,4.4461763071e-2,6.249996887357689e-1,2.999947413042210e-2,2.8994642027e1,8.324e-1
172.632576,3.9455615678e-1,6.6159797087e-2,5.7163429934e-2,5.9065212486e-1,1.4146786583e-1,6.249996872441498e-1,2.999947267918742e-2,3.7795659934e1,7.583e-1
172.727273,3.7495258271e-1,7.8560265231e-2,1.0210672544e-1,2.9951273355e-1,3.9486706627e-1,6.249996865981107e-1,2.999947047390403e-2,6.1288842581e1,5.562e-1
172.821970,3.5497535649e-1,8.8141695323e-2,1.5902303892e-1,2.0928824409e-1,4.3857103979e-1,6.249996873020960e-1,2.999946962224401e-2,6.4460272284e1,5.408e-1
172.916667,3.3522191870e-1,9.3976497030e-2,2.4075821355e-1,2.9763051718e-1,2.8241222941e-1,6.249996879373729e-1,2.999946994826452e-2,4.7954571576e1,5.250e-1
173.011364,3.1624550772e-1,9.4846675229e-2,3.8642085988e-1,3.7779191118e-1,7.4694421371e-2,6.249996876912577e-1,2.999947062441927e-2,2.5089410077e1,5.526e-1
173.106061,2.9857200174e-1,9.0166180710e-2,6.1499273464e-1,2.4395527797e-1,2.3131771358e-3,6.249996860970516e-1,2.999946982743566e-2,1.3352215808e1,7.094e-1
173.200758,2.8259717212e-1,8.1982651038e-2,8.3128500068e-1,4.2768751487e-2,1.1365795948e-2,6.249996856340555e-1,2.999946901032388e-2,9.7789658225e0,8.256e-1
173.295455,2.6842088376e-1,7.4465025474e-2,8.7677430029e-1,1.7242194936e-2,1.3096966575e-2,6.249996855155057e-1,2.999946840882713e-2,9.5254968547e0,8.443e-1
173.390152,2.5583472489e-1,7.0641859258e-2,7.2769605273e-1,1.6470538977e-1,3.1121344543e-2,6.249996855983952e-1,2.999946816617483e-2,1.5344874077e1,7.687e-1
173.484848,2.4449136428e-1,7.0802907374e-2,5.1383388393e-1,2.9886803097e-1,1.2200318646e-1,6.249996865069136e-1,2.999946809019552e-2,2.9554707426e1,6.502e-1
173.579545,2.3408096944e-1,7.3679961518e-2,3.4403348761e-1,3.0994449116e-1,2.8826046346e-1,6.249996865943795e-1,2.999946819469113e-2,4.9832231349e1,5.363e-1
173.674242,2.2439358950e-1,7.8257178550e-2,2.3001194457e-1,3.3308752106e-1,3.8424913753e-1,6.249996856029845e-1,2.999946895420506e-2,6.1951496986e1,4.349e-1
173.768939,2.1528514156e-1,8.4475784786e-2,1.5243316030e-1,5.1577409585e-1,2.8203118751e-1,6.249996850024007e-1,2.999946927734394e-2,5.4100822491e1,4.001e-1
173.863636,2.0663210949e-1,9.2991996549e-2,1.1058308798e-1,7.2313117162e-1,1.1666100648e-1,6.249996860615953e-1,2.999946694279415e-2,3.9246771073e1,3.870e-1
173.958333,1.9833307605e-1,1.0473776099e-1,1.1123832962e-1,6.1417906366e-1,2.2151114023e-1,6.249996852752226e-1,2.999946809348053e-2,4.9205704684e1,4.600e-1
174.053030,1.9035251434e-1,1.2054318580e-1,1.4618290000e-1,4.0094602281e-1,3.9197474696e-1,6.249996849549200e-1,2.999946866029146e-2,6.4508766169e1,5.890e-1
174.147727,1.8275886282e-1,1.4117971493e-1,2.0793823469e-1,3.6591604160e-1,3.5220651739e-1,6.249996857129253e-1,2.999946776114483e-2,5.8828992296e1,5.679e-1
174.242424,1.7573868802e-1,1.6827016311e-1,3.0999641584e-1,4.3334285281e-1,1.6265125235e-1,6.249996860608714e-1,2.999946711298030e-2,3.7590712587e1,3.882e-1
174.337121,1.6960450492e-1,2.0588443120e-1,4.6684066011e-1,3.7324713700e-1,3.4422636411e-2,6.249996848222371e-1,2.999946720918144e-2,2.0581302240e1,3.384e-1
174.431818,1.6480454995e-1,2.6119805138e-1,6.3185068816e-1,1.6688940966e-1,2.5256668523e-2,6.249996838314580e-1,2.999946691983445e-2,1.4232918563e1,2.975e-1
174.526515,1.6193810320e-1,3.4140289789e-1,6.9525093098e-1,2.0473406106e-2,3.0934029094e-2,6.249996836371066e-1,2.999946623889707e-2,1.0940487015e1,2.800e-1
174.621212,1.6177332127e-1,4.4683547019e-1,5.9872227623e-1,1.1826937489e-2,3.0841361824e-2,6.249996835006754e-1,2.999946629373679e-2,1.0090492124e1,2.617e-1
174.715909,1.6521854917e-1,5.6458884163e-1,3.9770180356e-1,9.9231949170e-2,2.3258223471e-2,6.249996834987724e-1,2.999946669401533e-2,1.0545876364e1,2.428e-1
174.810606,1.7319566495e-1,6.6954561983e-1,2.0051119719e-1,1.9934798742e-1,7.3988979723e-3,6.249996836795033e-1,2.999946683160490e-2,1.0355973187e1,2.589e-1
174.905303,1.8645647143e-1,7.3614479791e-1,7.8562852000e-2,2.2919806185e-1,1.9637184390e-2,6.249996837934992e-1,2.999946672208547e-2,1.2041918229e1,2.722e-1
175.000000,2.0543528769e-1,7.5129735538e-1,3.9509059150e-2,1.8557063034e-1,6.8187034889e-2,6.249996837236285e-1,2.999946651899415e-2,1.6587585465e1,2.513e-1
175.094697,2.3016568972e-1,7.1689479816e-1,6.1370195570e-2,1.2882238271e-1,1.1274630127e-1,6.249996837167695e-1,2.999946635912986e-2,2.0593676816e1,2.292e-1
175.189394,2.6024031980e-1,6.4468001372e-1,1.2275151043e-1,9.2866653044e-2,1.2946087066e-1,6.249996838243139e-1,2.999946631836548e-2,2.1944216612e1,2.615e-1
175.284091,2.9483332738e-1,5.5095319403e-1,2.0617420341e-1,7.2408374258e-2,1.2563026880e-1,6.249996839411363e-1,2.999946634363845e-2,2.1296459062e1,3.042e-1
175.378788,3.3282694764e-1,4.5256338217e-1,2.9091187033e-1,5.6097780600e-2,1.1759938727e-1,6.249996840059915e-1,2.999946634610034e-2,2.0246685751e1,3.471e-1
175.473485,3.7302992878e-1,3.6309162663e-1,3.5177820115e-1,4.5036203394e-2,1.1706340809e-1,6.249996840239026e-1,2.999946632892795e-2,2.0152198571e1,3.819e-1
175.568182,4.1439274149e-1,2.8983235674e-1,3.6951458194e-1,4.6771545843e-2,1.2948814201e-1,6.249996840118698e-1,2.999946636199283e-2,2.1814149384e1,3.984e-1
175.662879,4.5609687637e-1,2.3331481962e-1,3.4345504167e-1,6.0154225975e-2,1.5697840434e-1,6.249996839870243e-1,2.999946646594471e-2,2.5460489398e1,3.910e-1
175.757576,4.9747572562e-1,1.8968895339e-1,2.9118572859e-1,7.2277011432e-2,1.9937194886e-1,6.249996839509653e-1,2.999946656541247e-2,3.0790075419e1,3.626e-1
175.852273,5.3785209779e-1,1.5420049855e-1,2.3437170894e-1,7.1959854913e-2,2.5161520754e-1,6.249996838673848e-1,2.999946656093064e-2,3.6961762640e1,3.231e-1
175.946970,5.7642573926e-1,1.2355351803e-1,1.8561076966e-1,6.3055520162e-2,3.0135382032e-1,6.249996837140092e-1,2.999946645834664e-2,4.2611271709e1,2.843e-1
176.041667,6.1227162361e-1,9.6328368693e-2,1.4654621114e-1,6.4628003237e-2,3.3022516034e-1,6.249996835076778e-1,2.999946635379340e-2,4.6008078865e1,2.755e-1
176.136364,6.4440576504e-1,7.2224341582e-2,1.1395030408e-1,1.0686881087e-1,3.1255014495e-1,6.249996832618330e-1,2.999946638166802e-2,4.4804474499e1,4.324e-1
176.231061,6.7184269653e-1,5.1325562240e-2,8.6503721563e-2,2.2379165310e-1,2.1653573264e-1,6.249996830353789e-1,2.999946684496871e-2,3.6008508922e1,4.382e-1
176.325758,6.9361438650e-1,3.3939347638e-2,6.8149528137e-2,3.9208509837e-1,6.2211005480e-2,6.249996830619793e-1,2.999946788800304e-2,2.1469613963e1,4.967e-1
176.420455,7.0877843933e-1,2.0780306110e-2,6.5393009168e-2,4.4434641383e-1,1.0701197586e-2,6.249996830121600e-1,2.999946803392827e-2,1.6507932439e1,5.680e-1
176.515152,7.1644878490e-1,1.3057185315e-2,7.9444278378e-2,3.0623080779e-1,1.3481830882e-1,6.249996825992801e-1,2.999946668268996e-2,2.8076022368e1,4.954e-1
176.609848,7.1584795460e-1,1.2425580346e-2,1.0349818787e-1,1.5161262463e-1,2.6661501767e-1,6.249996825600874e-1,2.999946570811526e-2,4.0189086891e1,3.495e-1
176.704545,7.0638804242e-1,2.0892234522e-2,1.2983827098e-1,7.6093233871e-2,3.1678758365e-1,6.249996827205204e-1,2.999946545263903e-2,4.4417478849e1,3.416e-1
176.799242,6.8778205740e-1,4.0624942013e-2,1.5585110377e-1,6.0983144944e-2,3.0475811762e-1,6.249996828710616e-1,2.999946547286085e-2,4.2632449436e1,3.703e-1
176.893939,6.6013322757e-1,7.3894509893e-2,1.8310363084e-1,7.3440336817e-2,2.5942766086e-1,6.249996829868149e-1,2.999946555985539e-2,3.7499516048e1,4.217e-1
176.988636,6.2395693683e-1,1.2334975534e-1,2.1264021764e-1,8.9761135632e-2,2.0029132067e-1,6.249996830609236e-1,2.999946561702100e-2,3.0769445106e1,4.445e-1
177.083333,5.8015553189e-1,1.9235569108e-1,2.3989152659e-1,9.5033342111e-2,1.4256327452e-1,6.249996830949703e-1,2.999946557558230e-2,2.3883087447e1,4.576e-1
177.178030,5.3001378050e-1,2.8457835845e-1,2.5293422483e-1,8.6294389539e-2,9.6178612906e-2,6.249996831152463e-1,2.999946545462543e-2,1.7929920323e1,4.647e-1
177.272727,4.7525549295e-1,4.0190860195e-1,2.3784463837e-1,7.1755946793e-2,6.3234686210e-2,6.249996831411591e-1,2.999946534094064e-2,1.3334432190e1,4.414e-1
177.367424,4.1809985888e-1,5.4075604831e-1,1.8931812924e-1,6.1126861703e-2,4.0698468205e-2,6.249996831658776e-1,2.999946528118732e-2,9.9705705647e0,3.810e-1
177.462121,3.6117560343e-1,6.8846791904e-1,1.1779363667e-1,5.7822367085e-2,2.4739840140e-2,6.249996831827609e-1,2.999946526580555e-2,7.5168880178e0,3.915e-1
177.556818,3.0720485189e-1,8.2281871359e-1,4.6957835650e-2,6.0203843871e-2,1.2814121396e-2,6.249996831945431e-1,2.999946527611397e-2,5.7416330808e0,4.251e-1
177.651515,2.5853484444e-1,9.1678956260e-1,4.9223248339e-3,6.5426272235e-2,4.3263622965e-3,6.249996832031808e-1,2.999946530183116e-2,4.6496402316e0,4.421e-1
177.746212,2.1672053115e-1,9.4805144404e-1,1.5164274930e-2,6.9685683051e-2,3.7743322809e-4,6.249996832008597e-1,2.999946533094552e-2,4.4040306639e0,4.420e-1
177.840909,1.8233361589e-1,9.0912284558e-1,8.8254921334e-2,6.8222012330e-2,2.0659712017e-3,6.249996831678826e-1,2.999946534398401e-2,5.0630005782e0,4.278e-1
177.935606,1.5503848253e-1,8.1232876062e-1,2.1224910131e-1,6.1824736417e-2,8.5582853087e-3,6.249996830948769e-1,2.999946531798768e-2,6.4740216579e0,4.054e-1
178.030303,1.3385539506e-1,6.8543039954e-1,3.4559093358e-1,6.7611985452e-2,1.7510652362e-2,6.249996830013015e-1,2.999946528980157e-2,8.6074630020e0,4.070e-1
178.125000,1.1749365988e-1,5.5937412560e-1,4.2878805386e-1,1.1646781837e-1,2.7875708055e-2,6.249996828812735e-1,2.999946555493919e-2,1.1902860331e1,4.216e-1
178.219697,1.0466176983e-1,4.5540934380e-1,4.2621765145e-1,2.1224725785e-1,5.1463342649e-2,6.249996827872643e-1,2.999946662891843e-2,1.7752110894e1,4.606e-1
178.314394,9.4295773695e-2,3.7918764703e-1,3.6343407232e-1,2.7982344592e-1,1.3325842692e-1,6.249996829376420e-1,2.999946778181743e-2,2.9724424675e1,5.079e-1
178.409091,8.5663542098e-2,3.2425078476e-1,3.0129823334e-1,2.4113346131e-1,2.9765334414e-1,6.249996828245762e-1,2.999946685332625e-2,4.8917618019e1,4.300e-1
178.503788,7.8329237954e-2,2.8113052187e-1,2.7372923930e-1,1.4350154580e-1,4.7330881909e-1,6.249996820091849e-1,2.999946503734230e-2,6.7966837887e1,6.385e-1
178.598485,7.2031907948e-2,2.4453352410e-1,2.6557009884e-1,9.4824991379e-2,5.7303883889e-1,6.249996805764084e-1,2.999946387891608e-2,7.9033014895e1,7.560e-1
178.693182,6.6576072241e-2,2.1418859443e-1,2.3615937453e-1,2.2639616143e-1,5.0667915419e-1,6.249996784078694e-1,2.999946464084666e-2,7.4450549123e1,6.499e-1
178.787879,6.1789708607e-2,1.9127691770e-1,1.6938341262e-1,6.6215037155e-1,1.6539894559e-1,6.249996780359187e-1,2.999947341921088e-2,4.4128392916e1,7.686e-1
178.882576,5.7540424595e-2,1.7434512825e-1,1.1250380550e-1,8.5893544819e-1,4.6674553609e-2,6.249996800691413e-1,2.999947625984581e-2,3.4737768117e1,8.950e-1
178.977273,5.3759344729e-2,1.5921515627e-1,1.0517718562e-1,4.3428041027e-1,4.9756725612e-1,6.249996765018075e-1,2.999946110791585e-2,7.8772309382e1,6.343e-1
179.071970,5.0418685613e-2,1.4369192198e-1,1.1892876314e-1,2.1537704972e-1,7.2158293210e-1,6.249996762789259e-1,2.999945784137162e-2,1.0051870419e2,3.600e-1
179.166667,4.7489309823e-2,1.2866320966e-1,1.2249616311e-1,4.3572861463e-1,5.1562205195e-1,6.249996745857780e-1,2.999946071528783e-2,8.1203978697e1,3.208e-1
179.261364,4.4934335743e-2,1.1527656701e-1,1.3304093020e-1,9.1107986757e-1,4.5667652765e-2,6.249996766391420e-1,2.999947214332629e-2,3.6317363060e1,3.825e-1
179.356061,4.2731099979e-2,1.0322539706e-1,2.0225664327e-1,7.0053359560e-1,2.0125260758e-1,6.249996717473139e-1,2.999946130110691e-2,5.0023278320e1,4.004e-1
179.450758,4.0880682900e-2,9.2356687101e-2,3.0521084293e-1,2.4421216347e-1,5.6733896336e-1,6.249996698824299e-1,2.999945156094244e-2,8.3081017001e1,7.396e-1
179.545455,3.9383375256e-2,8.4493492420e-2,3.7003664651e-1,2.0623585083e-1,5.4984997744e-1,6.249996712290474e-1,2.999945030480114e-2,8.0129316184e1,7.354e-1
179.640152,3.8222460312e-2,8.2183222113e-2,4.2046539891e-1,4.5204741012e-1,2.5708085454e-1,6.249996729993205e-1,2.999945458944868e-2,5.0919067371e1,4.198e-1
179.734848,3.7378098677e-2,8.8174654667e-2,5.6172926339e-1,5.1018315113e-1,5.2534174814e-2,6.249996713380873e-1,2.999945611193794e-2,2.7739107678e1,3.741e-1
179.829545,3.6851954312e-2,1.0602163342e-1,7.8161825549e-1,1.9388765116e-1,1.3161984181e-1,6.249996680973614e-1,2.999944904896403e-2,2.9535159877e1,3.607e-1
179.924242,3.6680229470e-2,1.3929965398e-1,8.6873852383e-1,3.0228242600e-2,1.7505268500e-1,6.249996674384861e-1,2.999944702216336e-2,3.0620895057e1,3.489e-1
180.018939,3.6925284951e-2,1.8871356112e-1,7.3501809051e-1,1.4275331072e-1,1.4658908903e-1,6.249996681652897e-1,2.999944671477886e-2,2.9607543828e1,2.550e-1
180.113636,3.7657021834e-2,2.5083720115e-1,5.3222669989e-1,2.6124711000e-1,1.6803130582e-1,6.249996693438079e-1,2.999944807838251e-2,3.4646231177e1,3.445e-1
180.208333,3.8945251113e-2,3.2160642148e-1,3.8758896937e-1,1.9850823699e-1,3.0335045931e-1,6.249996691336595e-1,2.999944649748212e-2,4.8944519599e1,5.123e-1
180.303030,4.0878551406e-2,3.9806170451e-1,2.8292266195e-1,9.9093999661e-2,4.2904241952e-1,6.249996685265089e-1,2.999944527413193e-2,6.1168381669e1,6.516e-1
180.397727,4.3583150531e-2,4.7378094505e-1,1.7714258994e-1,1.1976523594e-1,4.3572741558e-1,6.249996685210510e-1,2.999944547776173e-2,6.1992090929e1,5.827e-1
180.492424,4.7202026165e-2,5.3667106908e-1,8.2663308696e-2,3.0758265247e-1,2.7588028093e-1,6.249996686727535e-1,2.999944700304209e-2,4.6913570459e1,3.381e-1
180.587121,5.1843272250e-2,5.7562443709e-1,3.1816775359e-2,5.5298190678e-1,3.7732946465e-2,6.249996689685861e-1,2.999945077185443e-2,2.3956942878e1,2.167e-1
180.681818,5.7551547474e-2,5.8937541706e-1,2.3152219420e-2,5.1920605743e-1,6.0714094694e-2,6.249996680347146e-1,2.999944870953284e-2,2.5778742322e1,2.316e-1
180.776515,6.4332947015e-2,5.8382866605e-1,3.0055476235e-2,2.7293794437e-1,2.9884430109e-1,6.249996673850463e-1,2.999944357177320e-2,4.8426352376e1,2.476e-1
180.871212,7.2181510015e-2,5.6303545935e-1,4.1484229221e-2,1.1376866721e-1,4.5952946996e-1,6.249996678778744e-1,2.999944253783264e-2,6.3954405013e1,4.557e-1
180.965909,8.1063073919e-2,5.2884813227e-1,6.0042666981e-2,7.0134236737e-2,5.0991122621e-1,6.249996680582233e-1,2.999944252491046e-2,6.9091501667e1,6.522e-1
181.060606,9.0892943050e-2,4.8495328700e-1,8.2605715339e-2,1.2309428363e-1,4.6845310603e-1,6.249996675279034e-1,2.999944235803143e-2,6.5577213417e1,6.844e-1
181.155303,1.0155149460e-1,4.3800881842e-1,9.5006063940e-2,3.2414335615e-1,2.9128960005e-1,6.249996665753494e-1,2.999944388197666e-2,4.9344498099e1,5.025e-1
181.250000,1.1294132689e-1,3.9498040383e-1,8.6136969378e-2,6.2315052255e-1,3.2790111267e-2,6.249996669579241e-1,2.999944964740951e-2,2.5673478190e1,3.357e-1
181.344697,1.2503491581e-1,3.5841095673e-1,6.7302999033e-2,6.0173739028e-1,9.7513071654e-2,6.249996667530433e-1,2.999944726036350e-2,3.3055033024e1,3.535e-1
181.439394,1.3783661997e-1,3.2530201639e-1,5.6739046947e-2,3.0945349055e-1,4.2066815777e-1,6.249996658138387e-1,2.999944075353306e-2,6.4921470611e1,3.713e-1
181.534091,1.5129415324e-1,2.9231187975e-1,5.6819716566e-2,1.5831314797e-1,5.9126043404e-1,6.249996657843824e-1,2.999943930576307e-2,8.1862184860e1,3.888e-1
181.628788,1.6527698596e-1,2.5933502514e-1,5.7525750265e-2,2.3823421433e-1,5.2962735357e-1,6.249996646295694e-1,2.999943967572619e-2,7.6477310661e1,4.230e-1
181.723485,1.7963167183e-1,2.2824871028e-1,4.8995988351e-2,5.8130010132e-1,2.1182285589e-1,6.249996638381257e-1,2.999944462836422e-2,4.6653209960e1,6.325e-1
181.818182,1.9423938829e-1,2.0007077925e-1,3.6319710400e-2,8.0827962580e-1,1.1089826285e-2,6.249996650149127e-1,2.999944848282381e-2,2.8072264726e1,7.132e-1
181.912879,2.0899380143e-1,1.7364024327e-1,3.3262905224e-2,4.8563595211e-1,3.4846642279e-1,6.249996624118832e-1,2.999943884525184e-2,6.0861933214e1,5.825e-1
182.007576,2.2372198413e-1,1.4778200233e-1,3.8948602138e-2,2.2023631580e-1,6.1931042065e-1,6.249996625189346e-1,2.999943520302339e-2,8.7038309763e1,7.098e-1
182.102273,2.3818037309e-1,1.2297414207e-1,4.3332557720e-2,2.7819727128e-1,5.6731497934e-1,6.249996617505975e-1,2.999943561751459e-2,8.2230328969e1,5.576e-1
182.196970,2.5212241148e-1,1.0022495357e-1,4.4056988455e-2,6.4867285088e-1,2.0492211834e-1,6.249996613615616e-1,2.999944103414774e-2,4.7666529396e1,7.969e-1
182.291667,2.6533849781e-1,7.9758077077e-2,5.4859508781e-2,8.2763377354e-1,2.2409466542e-2,6.249996618761223e-1,2.999944336879399e-2,3.0083753944e1,9.051e-1
182.386364,2.7762092923e-1,6.1143519931e-2,8.5882822141e-2,4.4279668821e-1,3.8255535767e-1,6.249996585922298e-1,2.999943341542130e-2,6.4084739886e1,6.616e-1
182.481061,2.8872619339e-1,4.4545418238e-2,1.2036706939e-1,1.9843170215e-1,5.9792893506e-1,6.249996591166334e-1,2.999943022775275e-2,8.4081108645e1,5.299e-1
182.575758,2.9842108607e-1,3.0611797557e-2,1.4731635820e-1,2.8397168882e-1,4.8967838799e-1,6.249996593208266e-1,2.999943082831533e-2,7.3154892709e1,5.382e-1
182.670455,3.0654097522e-1,1.9602154833e-2,1.9312936539e-1,5.8142818537e-1,1.4929863895e-1,6.249996598823271e-1,2.999943565334573e-2,3.9453437438e1,5.451e-1
182.765152,3.1298548403e-1,1.1269875492e-2,3.1152376110e-1,6.0139614848e-1,1.2824046474e-2,6.249996577866465e-1,2.999943560219700e-2,2.3557377282e1,5.504e-1
182.859848,3.1766593439e-1,5.3408231582e-3,4.9160549357e-1,2.4639889318e-1,1.8898816615e-1,6.249996552311162e-1,2.999942892597387e-2,3.6177608412e1,5.543e-1
182.954545,3.2047693646e-1,1.7920059538e-3,6.2173041149e-1,4.3851464521e-2,2.6214849186e-1,6.249996551418499e-1,2.999942619604613e-2,4.0095919595e1,5.566e-1
183.049242,3.2131261958e-1,6.8746782820e-4,6.4196895963e-1,3.8849448338e-2,2.4718081563e-1,6.249996555074611e-1,2.999942565851808e-2,3.8180109670e1,5.573e-1
183.143939,3.2007631148e-1,2.2004505583e-3,5.9056778973e-1,7.2539410912e-2,2.6461534863e-1,6.249996556574238e-1,2.999942580452335e-2,4.1081007148e1,5.561e-1
183.238636,3.1667943649e-1,6.7482804633e-3,5.0675719718e-1,9.4201098029e-2,3.2561329808e-1,6.249996551185990e-1,2.999942589770398e-2,4.8918831148e1,5.531e-1
183.333333,3.1106721637e-1,1.4844348834e-2,3.8752236866e-1,2.1650842103e-1,3.2005695343e-1,6.249996541547780e-1,2.999942732088234e-2,5.1180960767e1,5.480e-1
183.428030,3.0328871904e-1,2.6534445292e-2,2.4296574071e-1,5.4476847628e-1,1.3244192726e-1,6.249996542905807e-1,2.999942939875234e-2,3.6533597106e1,5.408e-1
183.522727,2.9356401061e-1,4.0942620905e-2,1.2729889616e-1,7.3790391145e-1,5.0289873514e-2,6.249996563167955e-1,2.999942858489185e-2,3.1297087393e1,5.628e-1
183.617424,2.8226169609e-1,5.6830238693e-2,6.8911388435e-2,4.8572553880e-1,3.5627044798e-1,6.249996549960870e-1,2.999942650258501e-2,6.1951917016e1,5.399e-1
183.712121,2.6980436825e-1,7.3319228374e-2,4.8259555509e-2,2.9807607730e-1,5.6054008031e-1,6.249996548702053e-1,2.999942522165305e-2,8.1955181838e1,6.196e-1
183.806818,2.5661376682e-1,8.9741462367e-2,5.0067098809e-2,4.1613027679e-1,4.3744670392e-1,6.249996543510465e-1,2.999942580731552e-2,7.0017673557e1,4.950e-1
183.901515,2.4310581935e-1,1.0555393932e-1,7.8219471371e-2,7.1931980397e-1,1.0380027594e-1,6.249996549774874e-1,2.999942660680584e-2,3.7263085606e1,4.807e-1
183.996212,2.2969254884e-1,1.2078270343e-1,1.4643560178e-1,6.6512515861e-1,8.7963293929e-2,6.249996532910432e-1,2.999942553311390e-2,3.4071203194e1,4.659e-1
184.090909,2.1676837269e-1,1.3666619429e-1,2.4329556570e-1,3.2129272225e-1,3.3197644861e-1,6.249996517665121e-1,2.999942353347319e-2,5.5102433634e1,4.932e-1
184.185606,2.0466710428e-1,1.5593000265e-1,3.2873652233e-1,1.8023565737e-1,3.8043001834e-1,6.249996524876483e-1,2.999942185080041e-2,5.7506669119e1,5.733e-1
184.280303,1.9362557437e-1,1.8264195582e-1,3.9403850310e-1,2.3111631748e-1,2.4857695592e-1,6.249996533460250e-1,2.999942168722688e-2,4.2827977241e1,6.274e-1
184.375000,1.8380767632e-1,2.2232760429e-1,4.6844804051e-1,2.8030411593e-1,9.5111869960e-2,6.249996535070480e-1,2.999942211105109e-2,2.5428194435e1,6.803e-1
184.469697,1.7539983341e-1,2.8191869553e-1,5.5406746331e-1,1.8607615042e-1,5.2537163258e-2,6.249996529651066e-1,2.999942138173787e-2,1.7763270725e1,7.341e-1
184.564394,1.6875405568e-1,3.6719786598e-1,5.8174023439e-1,5.5985375587e-2,7.6321773860e-2,6.249996527519854e-1,2.999942107693910e-2,1.7033413708e1,7.504e-1
184.659091,1.6449284397e-1,4.7677840348e-1,4.9169600387e-1,3.3551929346e-2,8.3480125025e-2,6.249996528436323e-1,2.999942110201662e-2,1.6728489002e1,6.915e-1
184.753788,1.6346986886e-1,5.9704161750e-1,3.2142384353e-1,1.0997264852e-1,5.8091327756e-2,6.249996530886779e-1,2.999942111469601e-2,1.4802023623e1,5.610e-1
184.848485,1.6658109503e-1,7.0505245991e-1,1.5820414927e-1,1.9189328023e-1,2.8268321907e-2,6.249996531793177e-1,2.999942115461384e-2,1.2517958833e1,4.355e-1
184.943182,1.7455455047e-1,7.7860323363e-1,5.2058102853e-2,2.0470187819e-1,4.0081540950e-2,6.249996530472874e-1,2.999942098308853e-2,1.3741845909e1,4.662e-1
185.037879,1.8782869817e-1,8.0327667227e-1,7.4567951194e-3,1.5681249391e-1,9.4624646355e-2,6.249996529149170e-1,2.999942069867943e-2,1.8890076593e1,4.780e-1
185.132576,2.0646564119e-1,7.7380678168e-1,1.9340777771e-2,9.5646054026e-2,1.5474005104e-1,6.249996528535865e-1,2.999942060639279e-2,2.4672972868e1,4.721e-1
185.227273,2.3002409291e-1,6.9531772805e-1,8.2934181001e-2,4.5723205284e-2,1.9600009825e-1,6.249996527465391e-1,2.999942057806114e-2,2.8720276096e1,4.506e-1
185.321970,2.5747503849e-1,5.8363904556e-1,1.8146725827e-1,1.2807330010e-2,2.1461063281e-1,6.249996525724196e-1,2.999942046374723e-2,3.0627749237e1,4.156e-1
185.416667,2.8730340806e-1,4.6049541880e-1,2.8203633032e-1,3.2145138745e-3,2.1694963378e-1,6.249996524173393e-1,2.999942030902254e-2,3.1193350752e1,4.449e-1
185.511364,3.1780960795e-1,3.4515003643e-1,3.5093885377e-1,2.1150483249e-2,2.1495032329e-1,6.249996523436838e-1,2.999942024808417e-2,3.1847172552e1,5.038e-1
185.606061,3.4745037148e-1,2.4846168562e-1,3.7599250685e-1,5.2961877230e-2,2.2513286346e-1,6.249996523244975e-1,2.999942033196621e-2,3.4190375206e1,5.208e-1
185.700758,3.7502589218e-1,1.7281682967e-1,3.6921030146e-1,7.0818234965e-2,2.6212804620e-1,6.249996522386601e-1,2.999942033373483e-2,3.9305402450e1,5.085e-1
185.795455,3.9967084969e-1,1.1595121124e-1,3.4431673766e-1,7.1655306752e-2,3.1840519850e-1,6.249996519246651e-1,2.999942011951627e-2,4.6235106973e1,4.824e-1
185.890152,4.2076884540e-1,7.4578983935e-2,2.9918916644e-1,1.0924049307e-1,3.4622181388e-1,6.249996513583701e-1,2.999942018023520e-2,5.0565143676e1,4.477e-1
185.984848,4.3791015826e-1,4.5853123149e-2,2.2755997549e-1,2.7933743915e-1,2.5933860545e-1,6.249996507524981e-1,2.999942138328707e-2,4.4265280680e1,5.080e-1
186.079545,4.5089496041e-1,2.7308466577e-2,1.4524205326e-1,5.6950050329e-1,5.7053319027e-2,6.249996512861787e-1,2.999942338307963e-2,2.6968841780e1,7.289e-1
186.174242,4.5970860074e-1,1.6636461122e-2,8.5312137889e-2,6.1255273382e-1,7.5789369985e-2,6.249996517800605e-1,2.999942261305141e-2,3.0248351166e1,7.466e-1
186.268939,4.6444684067e-1,1.1944628410e-2,5.7564558962e-2,3.6264628698e-1,3.5339698680e-1,6.249996509097604e-1,2.999941982089596e-2,5.7556124643e1,5.802e-1
186.363636,4.6527159649e-1,1.1973659792e-2,5.0638079643e-2,2.1808465812e-1,5.0403130807e-1,6.249996510607643e-1,2.999941873976594e-2,7.2156404248e1,7.042e-1
186.458333,4.6243206512e-1,1.5814964444e-2,5.8479357743e-2,2.9062650753e-1,4.2264640682e-1,6.249996508323102e-1,2.999941908245027e-2,6.4129469138e1,6.451e-1
186.553030,4.5630342125e-1,2.2532928350e-2,8.7449505315e-2,5.2743078305e-1,1.5628266377e-1,6.249996508718025e-1,2.999942075600087e-2,3.7854779631e1,6.682e-1
186.647727,4.4742437528e-1,3.0866596106e-2,1.5480213104e-1,6.0266999484e-1,1.4236203154e-2,6.249996502068121e-1,2.999942104459093e-2,2.2631536267e1,7.249e-1
186.742424,4.3651179642e-1,3.9171879927e-2,2.6459204508e-1,3.4319357327e-1,1.6653000230e-1,6.249996484971386e-1,2.999941863850095e-2,3.4711370658e1,5.513e-1
186.837121,4.2437180509e-1,4.6063056616e-2,3.8062029946e-1,1.1777665943e-1,2.8116747637e-1,6.249996484856151e-1,2.999941673934393e-2,4.3107564489e1,4.995e-1
186.931818,4.1172071775e-1,5.1131312744e-2,4.6518542558e-1,4.3563412591e-2,2.7839842900e-1,6.249996488302193e-1,2.999941610765947e-2,4.1058634504e1,5.508e-1
187.026515,3.9907945571e-1,5.4728876525e-2,5.1142495005e-1,3.0101201789e-2,2.5466481391e-1,6.249996489905560e-1,2.999941602910906e-2,3.7960731718e1,5.848e-1
187.121212,3.8678508021e-1,5.7362919935e-2,5.1805216631e-1,2.5288997118e-2,2.6251013408e-1,6.249996488297423e-1,2.999941594912575e-2,3.8863080781e1,5.961e-1
187.215909,3.7502126472e-1,5.9454255337e-2,4.6663119501e-1,8.2096033267e-2,2.6679654862e-1,6.249996484738380e-1,2.999941648067701e-2,4.0816499991e1,5.662e-1
187.310606,3.6380451581e-1,6.1462720572e-2,3.4997949841e-1,3.1098738031e-1,1.6376518140e-1,6.249996482463296e-1,2.999941857933486e-2,3.4018203075e1,5.417e-1
187.405303,3.5296951104e-1,6.3994344543e-2,2.1517330281e-1,6.1247599161e-1,5.3861490819e-3,6.249996495416257e-1,2.999942133936958e-2,2.2314518681e1,7.669e-1
187.500000,3.4224763587e-1,6.7486964531e-2,1.2457849549e-1,5.4957520745e-1,1.6611099622e-1,6.249996497828876e-1,2.999941866740825e-2,4.0151339866e1,7.339e-1
187.594697,3.3142639615e-1,7.1737900440e-2,8.2183189610e-2,2.8843271023e-1,4.7621910167e-1,6.249996490520463e-1,2.999941494310779e-2,7.1152546257e1,5.242e-1
187.689394,3.2042045063e-1,7.6164710435e-2,6.3705993619e-2,2.1252814147e-1,5.7718000158e-1,6.249996488642753e-1,2.999941428220179e-2,8.1502128324e1,3.946e-1
187.784091,3.0921047581e-1,8.0377620334e-2,5.6751017292e-2,4.0275323495e-1,4.0090694737e-1,6.249996478781159e-1,2.999941584985238e-2,6.4973561398e1,4.525e-1
187.878788,2.9775937545e-1,8.4403488023e-2,6.5068851708e-2,7.3876401296e-1,6.4003568925e-2,6.249996485325982e-1,2.999941949412469e-2,3.2671142714e1,5.422e-1
187.973485,2.8596521735e-1,8.8729733961e-2,1.0178143840e-1,6.5361924694e-1,1.1990365669e-1,6.249996466718170e-1,2.999941712272010e-2,3.7398177543e1,5.378e-1
188.068182,2.7366088917e-1,9.4548022825e-2,1.6305990061e-1,2.9536968529e-1,4.2336079323e-1,6.249996455643685e-1,2.999941197963026e-2,6.5272417158e1,5.680e-1
188.162879,2.6065936677e-1,1.0362851281e-1,2.2897804664e-1,1.3600372435e-1,5.2072964300e-1,6.249996467823771e-1,2.999941053269264e-2,7.3174924565e1,4.952e-1
188.257576,2.4681390703e-1,1.1765672270e-1,2.9992197119e-1,1.3863483565e-1,4.4697185898e-1,6.249996477745150e-1,2.999941083592966e-2,6.4406808859e1,2.483e-1
188.352273,2.3202799392e-1,1.3879178839e-1,3.9652917866e-1,1.8013602358e-1,3.0251431198e-1,6.249996482629954e-1,2.999941143999123e-2,4.8052015691e1,2.305e-1
188.446970,2.1620064181e-1,1.7168622224e-1,5.2583206354e-1,1.6265220037e-1,1.7362816814e-1,6.249996480493345e-1,2.999941120486755e-2,3.2087405208e1,2.361e-1
188.541667,1.9918561205e-1,2.2473816752e-1,6.4169410527e-1,7.7206586290e-2,1.0717482433e-1,6.249996477309432e-1,2.999941041774658e-2,2.1871610259e1,2.994e-1
188.636364,1.8087934903e-1,3.0718157932e-1,6.5764931037e-1,1.5282088871e-2,8.9006967854e-2,6.249996477184129e-1,2.999941024942841e-2,1.7847916045e1,2.978e-1
188.731061,1.6144146705e-1,4.2129294905e-1,5.3683437248e-1,3.5167608836e-2,9.5262898167e-2,6.249996477918026e-1,2.999941061256203e-2,1.8536996060e1,2.647e-1
188.825758,1.4146114645e-1,5.5520813821e-1,3.4249211668e-1,9.5809852607e-2,1.1502804198e-1,6.249996479626958e-1,2.999941108011032e-2,2.1710588440e1,1.760e-1
188.920455,1.2186569205e-1,6.8508154914e-1,1.6994832770e-1,1.2181354940e-1,1.5129017784e-1,6.249996480634624e-1,2.999941103210765e-2,2.6053858910e1,1.906e-1
189.015152,1.0360750614e-1,7.8669148464e-1,6.5379643721e-2,9.6545195226e-2,1.9777546623e-1,6.249996479771882e-1,2.999941042421569e-2,3.0552929797e1,3.460e-1
189.109848,8.7378500561e-2,8.4482034075e-1,2.4862718596e-2,5.9116605286e-2,2.3382113063e-1,6.249996479086607e-1,2.999940992680064e-2,3.3753067770e1,4.811e-1
189.204545,7.3515113411e-2,8.5436563182e-1,3.1101317390e-2,4.0672706709e-2,2.5034452648e-1,6.249996479050839e-1,2.999940976864215e-2,3.5339925364e1,4.508e-1
189.299242,6.2052195935e-2,8.1795825284e-1,7.2041221182e-2,4.8351591823e-2,2.4959603403e-1,6.249996479010553e-1,2.999940985633262e-2,3.5738815667e1,2.712e-1
189.393939,5.2824389393e-2,7.4340493032e-1,1.4415267352e-1,7.5157135499e-2,2.3446016708e-1,6.249996479053040e-1,2.999941018471742e-2,3.5082373166e1,2.263e-1
189.488636,4.5560421021e-2,6.4112589018e-1,2.5495590695e-1,9.1936478381e-2,2.1642059916e-1,6.249996478439411e-1,2.999941048362730e-2,3.3988483247e1,2.688e-1
189.583333,3.9951957128e-2,5.2370397614e-1,4.0787866635e-1,6.1731217528e-2,2.1673347769e-1,6.249996474138948e-1,2.999941009451730e-2,3.4047697367e1,4.391e-1
189.678030,3.5690769540e-2,4.0718209489e-1,5.5693529812e-1,1.7461596666e-2,2.3272953415e-1,6.249996466795691e-1,2.999940954637209e-2,3.5635843423e1,4.741e-1
189.772727,3.2481656170e-2,3.0778572505e-1,6.0360328358e-1,9.2933558765e-2,2.1319506898e-1,6.249996462721283e-1,2.999941027293890e-2,3.5723481256e1,3.686e-1
189.867424,3.0049942186e-2,2.3386542724e-1,5.1554609318e-1,3.6942051756e-1,1.0111731346e-1,6.249996468117478e-1,2.999941441269628e-2,2.9371597256e1,5.314e-1
189.962121,2.8155646449e-2,1.8267129933e-1,4.1571437267e-1,5.2913158106e-1,9.4326397069e-2,6.249996482854719e-1,2.999941762099032e-2,3.2711124822e1,6.712e-1
190.056818,2.6610611663e-2,1.4636738310e-1,4.0817349942e-1,3.0965398228e-1,3.5919381626e-1,6.249996463596318e-1,2.999940934834877e-2,5.9457163982e1,5.167e-1
190.151515,2.5282889574e-2,1.2019301091e-1,4.2435698764e-1,1.4640106344e-1,5.3376533655e-1,6.249996440595966e-1,2.999940713038701e-2,7.6654680477e1,2.879e-1
190.246212,2.4082891393e-2,1.0343712451e-1,3.6956674871e-1,3.5308123750e-1,3.9983128391e-1,6.249996430091262e-1,2.999940995119119e-2,6.5652453625e1,2.254e-1
190.340909,2.2946456765e-2,9.6346414808e-2,2.8024926915e-1,8.1497288866e-1,3.5484262048e-2,6.249996457138726e-1,2.999942061835076e-2,3.3067278190e1,2.834e-1
190.435606,2.1823674104e-2,9.8749777431e-2,2.6841457006e-1,6.5998078908e-1,2.0103047535e-1,6.249996430152297e-1,2.999941032343813e-2,4.9207014048e1,3.837e-1
190.530303,2.0675157584e-2,1.1010761251e-1,3.0687147128e-1,2.4266236782e-1,5.6968267215e-1,6.249996406736853e-1,2.999940060256526e-2,8.3370102380e1,4.666e-1
190.625000,1.9477567295e-2,1.2954907369e-1,3.0312600429e-1,2.3275133080e-1,5.6509530639e-1,6.249996412350978e-1,2.999940011532090e-2,8.2474086769e1,6.147e-1
190.719697,1.8228204587e-2,1.5622974472e-1,2.7083264012e-1,5.8583442150e-1,2.1887427438e-1,6.249996426542990e-1,2.999940639866759e-2,4.9250843322e1,6.096e-1
190.814394,1.6938626828e-2,1.9149348527e-1,3.0202791045e-1,7.1982799996e-1,1.9711260667e-2,6.249996415906141e-1,2.999940990838093e-2,2.8365216932e1,6.386e-1
190.909091,1.5620480823e-2,2.4082157785e-1,3.9851552256e-1,3.2310464070e-1,2.7193705356e-1,6.249996377497198e-1,2.999939638251969e-2,4.8824868935e1,6.264e-1
191.003788,1.4283082584e-2,3.0913707395e-1,4.4098341933e-1,7.6894067871e-2,4.0870163277e-1,6.249996382556264e-1,2.999939268976998e-2,5.8927702211e1,6.519e-1
191.098485,1.2948486902e-2,3.9506357800e-1,3.9135046356e-1,6.9491821434e-2,3.8114492930e-1,6.249996395945332e-1,2.999939298653213e-2,5.4937694344e1,6.041e-1
191.193182,1.1659906714e-2,4.9229742562e-1,3.1163033798e-1,1.2909037347e-1,3.0532123723e-1,6.249996405088776e-1,2.999939397618956e-2,4.6695477825e1,5.174e-1
191.287879,1.0473836256e-2,5.9532258028e-1,2.5175962747e-1,1.5693817114e-1,2.3550506632e-1,6.249996407323660e-1,2.999939404856715e-2,3.8376629064e1,5.067e-1
191.382576,9.4467432720e-3,7.0193677896e-1,2.0665804703e-1,1.4791551954e-1,1.8404219251e-1,6.249996406578588e-1,2.999939330517322e-2,3.1352558572e1,5.303e-1
191.477273,8.6273735362e-3,8.0835206109e-1,1.5122848434e-1,1.4282207376e-1,1.3896928846e-1,6.249996405963989e-1,2.999939276894364e-2,2.5189220967e1,5.473e-1
191.571970,8.0551481870e-3,9.0220863647e-1,8.1549467345e-2,1.6641992172e-1,9.1766107472e-2,6.249996405960917e-1,2.999939287104245e-2,1.9532339837e1,5.584e-1
191.666667,7.7589539099e-3,9.6131268940e-1,2.3665435923e-2,2.0482392005e-1,5.2438282024e-2,6.249996406528031e-1,2.999939346329830e-2,1.5382293884e1,5.615e-1
191.761364,7.7533047179e-3,9.6144149189e-1,2.0767280150e-2,2.1188882297e-1,4.8148381577e-2,6.249996406536249e-1,2.999939388914728e-2,1.5036333054e1,5.509e-1
191.856061,8.0334278616e-3,8.9174701450e-1,1.0743247155e-1,1.5813831578e-1,8.4648051267e-2,6.249996404782668e-1,2.999939360256202e-2,1.8542347183e1,5.199e-1
191.950758,8.5733236108e-3,7.6738473281e-1,2.7232221441e-1,7.9761953041e-2,1.2195705674e-1,6.249996403001805e-1,2.999939280924695e-2,2.1880519602e1,5.211e-1
192.045455,9.3315379553e-3,6.2433880799e-1,4.4138630303e-1,4.8706989422e-2,1.2623564215e-1,6.249996402717604e-1,2.999939204116660e-2,2.2501219666e1,6.639e-1
192.140152,1.0265672941e-2,4.9873693833e-1,5.1905263487e-1,1.3206097166e-1,8.9883062873e-2,6.249996403373312e-1,2.999939234286741e-2,2.0886010933e1,7.204e-1
192.234848,1.1348745847e-2,4.1041073064e-1,4.6773040832e-1,3.4082088308e-1,1.9688513393e-2,6.249996406406975e-1,2.999939461587324e-2,1.7994737074e1,6.825e-1
192.329545,1.2576745506e-2,3.6029988582e-1,3.4869157880e-1,4.7817348771e-1,5.0257585922e-2,6.249996418770553e-1,2.999939569161388e-2,2.5250943380e1,5.850e-1
192.424242,1.3962995416e-2,3.3746817382e-1,2.4527507001e-1,3.6601616036e-1,2.8727688456e-1,6.249996420836932e-1,2.999939312764632e-2,5.1128076761e1,4.868e-1
192.518939,1.5527020748e-2,3.2945643876e-1,1.8040747522e-1,2.0702125841e-1,5.1758708998e-1,6.249996415536981e-1,2.999939116655387e-2,7.4985763976e1,4.175e-1
192.613636,1.7289100798e-2,3.2867767358e-1,1.4090677512e-1,1.7630404113e-1,5.8682169070e-1,6.249996406622145e-1,2.999939067214585e-2,8.2548159824e1,4.571e-1
192.708333,1.9272894166e-2,3.3273234402e-1,1.1052513207e-1,3.5117142868e-1,4.3629747917e-1,6.249996390536547e-1,2.999939195900958e-2,6.8642865243e1,5.271e-1
192.803030,2.1512050704e-2,3.4194620809e-1,8.2301283441e-2,7.0666942650e-1,9.7570310206e-2,6.249996394661405e-1,2.999939655545868e-2,3.6455480063e1,6.083e-1
192.897727,2.4055141296e-2,3.5630713349e-1,6.0278630947e-2,7.2001507234e-1,8.9343300408e-2,6.249996392384829e-1,2.999939479657842e-2,3.5683295652e1,5.862e-1
192.992424,2.6962035023e-2,3.7318330568e-1,4.3495511572e-2,3.7437046073e-1,4.3198796256e-1,6.249996377846928e-1,2.999938916001545e-2,6.8382125673e1,5.320e-1
193.087121,3.0291770787e-2,3.8818991152e-1,2.9261995164e-2,2.2348037621e-1,5.7877522276e-1,6.249996382163374e-1,2.999938769236435e-2,8.2260222221e1,4.876e-1
193.181818,3.4094263646e-2,3.9820845077e-1,1.9251786112e-2,3.6559896217e-1,4.3284581203e-1,6.249996373666816e-1,2.999938868237170e-2,6.8070909052e1,6.012e-1
193.276515,3.8411679774e-2,4.0234525059e-1,1.2336443431e-2,7.0739654497e-1,8.9509356811e-2,6.249996377867969e-1,2.999939263727741e-2,3.5016474999e1,8.399e-1
193.371212,4.3280185935e-2,3.9994476103e-1,7.2869533089e-3,7.1321792050e-1,8.6269453786e-2,6.249996372783923e-1,2.999939108958121e-2,3.4745288782e1,8.410e-1
193.465909,4.8717722898e-2,3.8867147195e-1,9.4986653828e-3,3.7233796381e-1,4.3077344740e-1,6.249996357179763e-1,2.999938590437883e-2,6.7931507237e1,6.100e-1
193.560606,5.4703693710e-2,3.6690264119e-1,2.3690683627e-2,2.3440810943e-1,5.7029414356e-1,6.249996357584011e-1,2.999938466166233e-2,8.1449392475e1,6.218e-1
193.655303,6.1176389696e-2,3.3615375780e-1,4.6996716126e-2,4.1219328188e-1,3.9347912409e-1,6.249996347950134e-1,2.999938602150866e-2,6.4634382344e1,5.857e-1
193.750000,6.8043959281e-2,2.9916268131e-1,8.5727816639e-2,7.4786084979e-1,4.9203964552e-2,6.249996357883386e-1,2.999938939420985e-2,3.1547824531e1,6.437e-1
193.844697,7.5180939683e-2,2.5754103673e-1,1.6796843505e-1,6.3079158043e-1,1.1851727563e-1,6.249996337632372e-1,2.999938642489848e-2,3.7251961878e1,5.950e-1
193.939394,8.2417556272e-2,2.1427622573e-1,2.8611977454e-1,2.7408712349e-1,3.9309858407e-1,6.249996320524520e-1,2.999938298182567e-2,6.1846126139e1,4.933e-1
194.034091,8.9585022201e-2,1.7603613744e-1,3.8078890294e-1,2.0356335843e-1,4.0002584396e-1,6.249996324881216e-1,2.999938148300224e-2,6.1160511506e1,4.906e-1
194.128788,9.6602619375e-2,1.4922405962e-1,4.4734624508e-1,3.6611929651e-1,1.9070704670e-1,6.249996336418349e-1,2.999938220080685e-2,4.0051838855e1,5.762e-1
194.223485,1.0352770671e-1,1.3764135991e-1,5.5710921659e-1,4.1049322424e-1,4.1227758654e-2,6.249996330528422e-1,2.999938260801625e-2,2.3196856589e1,6.928e-1
194.318182,1.1056228140e-1,1.4372227704e-1,7.0854696203e-1,1.8729187255e-1,9.9875869574e-2,6.249996312971665e-1,2.999938045313702e-2,2.4788552618e1,8.090e-1
194.412879,1.1804961516e-1,1.6876232854e-1,7.5453801357e-1,6.5274579379e-2,1.4337472507e-1,6.249996308600203e-1,2.999938013981080e-2,2.6873604922e1,8.457e-1
194.507576,1.2646040424e-1,2.1055332826e-1,6.2917644797e-1,1.9198817255e-1,9.1820909939e-2,6.249996314821096e-1,2.999937980388770e-2,2.3414446436e1,7.814e-1
194.602273,1.3635621813e-1,2.6280915180e-1,4.5564423414e-1,3.3827815373e-1,5.6911506988e-2,6.249996323930773e-1,2.999938074108002e-2,2.2348524100e1,6.741e-1
194.696970,1.4836306203e-1,3.1947002585e-1,3.4409448506e-1,2.6584906835e-1,1.7222262302e-1,6.249996321544227e-1,2.999937930549705e-2,3.4017543397e1,5.824e-1
194.791667,1.6316015916e-1,3.7693072447e-1,2.7216369570e-1,1.2887277196e-1,3.0887191208e-1,6.249996316802719e-1,2.999937801916051e-2,4.6672284543e1,5.027e-1
194.886364,1.8142203706e-1,4.2983049572e-1,1.9548515290e-1,1.1134739563e-1,3.3191418251e-1,6.249996319081869e-1,2.999937798050728e-2,4.8562385255e1,4.469e-1
194.981061,2.0370655294e-1,4.6929261894e-1,1.2359446836e-1,2.2786186721e-1,2.2554375723e-1,6.249996323434114e-1,2.999937863881144e-2,3.8190374938e1,4.612e-1
195.075758,2.3036647382e-1,4.8827967092e-1,8.8177667099e-2,3.8502964923e-1,5.8145803955e-2,6.249996325085662e-1,2.999938012055954e-2,2.1560775597e1,4.705e-1
195.170455,2.6157032425e-1,4.8779634483e-1,9.4354668035e-2,3.9517042096e-1,1.1107505838e-2,6.249996319577770e-1,2.999937990652430e-2,1.5928429414e1,4.992e-1
195.265152,2.9741739120e-1,4.7496345430e-1,1.1504562263e-1,2.4668580414e-1,1.1588699056e-1,6.249996314135543e-1,2.999937756780880e-2,2.4746481109e1,5.304e-1
195.359848,3.3798739025e-1,4.5525315997e-1,1.2377427058e-1,1.1088351528e-1,2.2210092684e-1,6.249996314611046e-1,2.999937648441820e-2,3.4046885305e1,5.638e-1
195.454545,3.8323995416e-1,4.2944283077e-1,1.1524818957e-1,4.4915691589e-2,2.7715259716e-1,6.249996316260932e-1,2.999937644356876e-2,3.8885325723e1,5.994e-1
195.549242,4.3285418107e-1,3.9606187012e-1,9.7184510214e-2,2.2305607185e-2,3.0159309479e-1,6.249996316921621e-1,2.999937656907471e-2,4.1103722476e1,6.365e-1
195.643939,4.8609446016e-1,3.5410216492e-1,7.8522943692e-2,1.8674404773e-2,3.1260528982e-1,6.249996316883473e-1,2.999937665050199e-2,4.2190493160e1,6.746e-1
195.738636,5.4172685329e-1,3.0425326195e-1,6.5718326184e-2,2.2389279551e-2,3.1591154237e-1,6.249996316727936e-1,2.999937669567451e-2,4.2558250929e1,7.126e-1
195.833333,5.9801032475e-1,2.4919142033e-1,6.2053375076e-2,2.8192583238e-2,3.1255155994e-1,6.249996316671969e-1,2.999937671313489e-2,4.2202577340e1,7.495e-1
195.928030,6.5279986873e-1,1.9316156196e-1,6.7280900843e-2,3.4893540392e-2,3.0186339142e-1,6.249996316692301e-1,2.999937670390067e-2,4.1006077659e1,7.842e-1
196.022727,7.0376768487e-1,1.4090904352e-1,7.8579778977e-2,4.4911193758e-2,2.8183156222e-1,6.249996316723341e-1,2.999937668114765e-2,3.8773938326e1,8.156e-1
196.117424,7.4868995788e-1,9.6425287492e-2,9.2783531888e-2,6.3135067603e-2,2.4896541849e-1,6.249996316722464e-1,2.999937667471257e-2,3.5197359539e1,8.428e-1
196.212121,7.8571313576e-1,6.2101800369e-2,1.0851940871e-1,9.4508143459e-2,1.9915677505e-1,6.249996316696926e-1,2.999937672997750e-2,2.9901543235e1,8.652e-1
196.306818,8.1352568463e-1,3.8532563513e-2,1.2732743199e-1,1.3817401217e-1,1.3243957103e-1,6.249996316666093e-1,2.999937687299456e-2,2.2876280907e1,8.822e-1
196.401515,8.3139777790e-1,2.4850940872e-2,1.5340897283e-1,1.7797322457e-1,6.2368347118e-2,6.249996316439137e-1,2.999937700121729e-2,1.5370964171e1,8.938e-1
196.496212,8.3908748099e-1,1.9419715979e-2,1.9120421387e-1,1.8477715859e-1,1.5510693712e-2,6.249996315683072e-1,2.999937691759629e-2,9.8862547533e0,8.999e-1
196.590909,8.3664360238e-1,2.0784261926e-2,2.4030137246e-1,1.4716617247e-1,5.1038536970e-3,6.249996314686285e-1,2.999937665037406e-2,7.7449120971e0,9.004e-1
196.685606,8.2417542661e-1,2.8770224034e-2,2.9084104831e-1,9.1370277917e-2,1.4842285927e-2,6.249996314010280e-1,2.999937638966595e-2,7.6200180399e0,8.954e-1
196.780303,8.0170790716e-1,4.5301733767e-2,3.2525681623e-1,5.4437567853e-2,2.3295237729e-2,6.249996313664747e-1,2.999937622827867e-2,7.8173045516e0,8.844e-1
196.875000,7.6924237551e-1,7.4286383560e-2,3.2691929504e-1,5.7149212589e-2,2.2401996006e-2,6.249996313521934e-1,2.999937621191318e-2,7.8447786067e0,8.674e-1
196.969697,7.2704703332e-1,1.2017090826e-1,2.8991926156e-1,1.0032079227e-1,1.2541267296e-2,6.249996313538658e-1,2.999937636889693e-2,7.7387669922e0,8.440e-1
197.064394,6.7605553895e-1,1.8536202491e-1,2.2380943528e-1,1.6053135665e-1,4.2409069915e-3,6.249996313892088e-1,2.999937663275420e-2,8.1790668092e0,8.142e-1
197.159091,6.1814282313e-1,2.6760586982e-1,1.4883287254e-1,1.9241349995e-1,2.3004197461e-2,6.249996314505700e-1,2.999937675457852e-2,1.1136715405e1,7.787e-1
197.253788,5.5605849187e-1,3.5915645241e-1,8.4180284765e-2,1.6909423573e-1,8.1509798093e-2,6.249996314336179e-1,2.999937652809415e-2,1.7514054128e1,7.384e-1
197.348485,4.9298956388e-1,4.4857095453e-1,4.0585960109e-2,1.1354924634e-1,1.5430353781e-1,6.249996313305662e-1,2.999937616440187e-2,2.4852753094e1,6.950e-1
197.443182,4.3197112871e-1,5.2381070893e-1,2.1755821687e-2,6.4164687263e-2,2.0829691591e-1,6.249996312485628e-1,2.999937591919519e-2,3.0152928785e1,6.502e-1
197.537879,3.7542297124e-1,5.7482199059e-1,2.9103005958e-2,3.9308984353e-2,2.3134231036e-1,6.249996312512019e-1,2.999937582818027e-2,3.2439882740e1,6.055e-1
197.632576,3.2494380859e-1,5.9511306846e-1,6.5672759369e-2,3.7486227762e-2,2.2678339850e-1,6.249996313398622e-1,2.999937586346630e-2,3.2105914412e1,5.625e-1
197.727273,2.8132682550e-1,5.8306505516e-1,1.3601365379e-1,4.5959930777e-2,2.0363379771e-1,6.249996314668965e-1,2.999937597019035e-2,2.9930746645e1,5.222e-1
197.821970,2.4469194868e-1,5.4338164686e-1,2.3877100194e-1,4.9761862697e-2,1.7339280294e-1,6.249996315613136e-1,2.999937602960323e-2,2.6905935667e1,4.856e-1
197.916667,2.1465506415e-1,4.8734259530e-1,3.5537869787e-1,4.5340142326e-2,1.4728276355e-1,6.249996315977866e-1,2.999937594889006e-2,2.4228120594e1,4.600e-1
198.011364,1.9050663823e-1,4.2984757774e-1,4.4869920179e-1,4.6630235355e-2,1.3431561009e-1,6.249996316022117e-1,2.999937580046878e-2,2.3229107712e1,5.238e-1
198.106061,1.7139562589e-1,3.8378177124e-1,4.8332481933e-1,6.8558929044e-2,1.4293811767e-1,6.249996315910279e-1,2.999937575587242e-2,2.5209824701e1,5.543e-1
198.200758,1.5649989516e-1,3.5540945896e-1,4.5308708403e-1,1.0403279436e-1,1.8097003066e-1,6.249996315859605e-1,2.999937586495466e-2,3.0906978881e1,5.440e-1
198.295455,1.4514644975e-1,3.4388334838e-1,3.8345486566e-1,1.2963175229e-1,2.4788284696e-1,6.249996315226020e-1,2.999937592027119e-2,3.9705199331e1,5.008e-1
198.390152,1.3685587313e-1,3.4442111145e-1,3.0545878705e-1,1.4296257827e-1,3.2030091249e-1,6.249996311949466e-1,2.999937577769683e-2,4.8774259759e1,4.415e-1
198.484848,1.3131818454e-1,3.5218120062e-1,2.3345932795e-1,1.8706662994e-1,3.4597391800e-1,6.249996305248221e-1,2.999937575328765e-2,5.2908489779e1,4.795e-1
198.579545,1.2833293091e-1,3.6408874247e-1,1.6739487651e-1,3.3025852088e-1,2.5992418896e-1,6.249996298623823e-1,2.999937639194240e-2,4.5970071817e1,4.938e-1
198.674242,1.2775113002e-1,3.7811478267e-1,1.0877892503e-1,5.4599449348e-1,8.9359929356e-2,6.249996302755620e-1,2.999937688309175e-2,3.0600231279e1,6.108e-1
198.768939,1.2944843040e-1,3.9161563070e-1,6.4957452184e-2,5.7858715679e-1,8.5390591432e-2,6.249996307554549e-1,2.999937632235896e-2,3.0812399815e1,6.197e-1
198.863636,1.3333243961e-1,4.0075978425e-1,3.7442604660e-2,4.0085237689e-1,2.7761205502e-1,6.249996302150669e-1,2.999937598641209e-2,4.9529345728e1,4.762e-1
198.958333,1.3934107411e-1,4.0187813937e-1,2.2468880039e-2,3.1001650392e-1,3.7629466246e-1,6.249996299484297e-1,2.999937582439605e-2,5.9139422777e1,3.130e-1
199.053030,1.4740285224e-1,3.9314351404e-1,1.6222736576e-2,4.2568451471e-1,2.6754564162e-1,6.249996295910956e-1,2.999937594301005e-2,4.8857516945e1,3.091e-1
199.147727,1.5738272656e-1,3.7436544575e-1,1.6709080934e-2,6.3003292280e-1,7.1509084264e-2,6.249996301567586e-1,2.999937535024629e-2,3.0275311218e1,2.983e-1
199.242424,1.6903065411e-1,3.4562701116e-1,2.8690879716e-2,5.8997899588e-1,1.1667171895e-1,6.249996299081834e-1,2.999937507423444e-2,3.4818604281e1,3.093e-1
199.337121,1.8194598064e-1,3.0782579318e-1,5.7566313930e-2,3.8449747252e-1,3.1816369790e-1,6.249996290870308e-1,2.999937549634922e-2,5.4196027540e1,4.663e-1
199.431818,1.9559491067e-1,2.6468913678e-1,9.6615410929e-2,3.4714023353e-1,3.4595956571e-1,6.249996288025874e-1,2.999937540088216e-2,5.6791410900e1,5.046e-1
199.526515,2.0938015866e-1,2.2192708541e-1,1.4033257698e-1,5.1954964896e-1,1.5880978818e-1,6.249996290923416e-1,2.999937454524146e-2,3.8624446520e1,4.580e-1
199.621212,2.2270665621e-1,1.8478996573e-1,2.0548649947e-1,6.0991184108e-1,2.7104296033e-2,6.249996292639640e-1,2.999937349400984e-2,2.5111354062e1,5.565e-1
199.715909,2.3503887856e-1,1.5753311580e-1,3.0143605556e-1,4.0824699565e-1,1.4774421018e-1,6.249996278793606e-1,2.999937449424062e-2,3.4819236880e1,5.489e-1
199.810606,2.4602369867e-1,1.4398072477e-1,3.8587596264e-1,2.4774846751e-1,2.2637040169e-1,6.249996276391770e-1,2.999937433988187e-2,4.0401343377e1,6.171e-1
199.905303,2.5566483891e-1,1.4665175272e-1,4.2596816126e-1,2.8633969806e-1,1.3537480558e-1,6.249996282627567e-1,2.999937311462008e-2,3.0319726667e1,6.364e-1
200.000000,2.6442070307e-1,1.6616876565e-1,4.5368020433e-1,3.4950399805e-1,1.6225585865e-2,6.249996284844518e-1,2.999937272862322e-2,1.7354992446e1,6.279e-1
